blk2000gj,blk2000ge,blk2010gj,blk2010ge,parea,weight
G11000100001001000,110010001001000,G11000100001001000,110010001001000,1,1
G11000100001001001,110010001001001,G11000100001001001,110010001001001,1,1
G11000100001001002,110010001001002,G11000100001001005,110010001001005,1,1
G11000100001001003,110010001001003,G11000100001001004,110010001001004,1,1
G11000100001001004,110010001001004,G11000100001001002,110010001001002,1,1
G11000100001001005,110010001001005,G11000100001001003,110010001001003,1,1
G11000100001001006,110010001001006,G11000100001001009,110010001001009,1,1
G11000100001001007,110010001001007,G11000100001001008,110010001001008,1,1
G11000100001001008,110010001001008,G11000100001001010,110010001001010,1,1
G11000100001001009,110010001001009,G11000100001001011,110010001001011,1,1
G11000100001001010,110010001001010,G11000100001001006,110010001001006,1,1
G11000100001001011,110010001001011,G11000100001001007,110010001001007,1,1
G11000100001002000,110010001002000,G11000100001002004,110010001002004,0.8529871194,1
G11000100001002000,110010001002000,G11000100001002005,110010001002005,0.1470128806,0
G11000100001002001,110010001002001,G11000100001002005,110010001002005,1,1
G11000100001002002,110010001002002,G11000100001002003,110010001002003,1,1
G11000100001002003,110010001002003,G11000100001002009,110010001002009,1,1
G11000100001002004,110010001002004,G11000100001002000,110010001002000,1,1
G11000100001002005,110010001002005,G11000100001002001,110010001002001,1,1
G11000100001002006,110010001002006,G11000100001002002,110010001002002,1,1
G11000100001002007,110010001002007,G11000100001002008,110010001002008,1,1
G11000100001002008,110010001002008,G11000100001002007,110010001002007,1,1
G11000100001002009,110010001002009,G11000100001002006,110010001002006,1,1
G11000100001004000,110010001004000,G11000100001004000,110010001004000,1,1
G11000100001004001,110010001004001,G11000100001004001,110010001004001,1,1
G11000100001004002,110010001004002,G11000100001004002,110010001004002,1,1
G11000100001004003,110010001004003,G11000100001004003,110010001004003,1,1
G11000100001004004,110010001004004,G11000100001004004,110010001004004,1,1
G11000100001004005,110010001004005,G11000100001004015,110010001004015,1,1
G11000100001004006,110010001004006,G11000100001004005,110010001004005,1,1
G11000100001004007,110010001004007,G11000100001004006,110010001004006,1,1
G11000100001004008,110010001004008,G11000100001004007,110010001004007,1,1
G11000100001004009,110010001004009,G11000100001004008,110010001004008,1,1
G11000100001004010,110010001004010,G11000100001004009,110010001004009,1,1
G11000100001004011,110010001004011,G11000100001004010,110010001004010,1,1
G11000100001004011,110010001004011,G11000100001004026,110010001004026,0,0
G11000100001004012,110010001004012,G11000100001004011,110010001004011,1,1
G11000100001004012,110010001004012,G11000100001004025,110010001004025,0,0
G11000100001004013,110010001004013,G11000100001004012,110010001004012,1,1
G11000100001004014,110010001004014,G11000100001004013,110010001004013,1,1
G11000100001004015,110010001004015,G11000100001004014,110010001004014,1,1
G11000100001004016,110010001004016,G11000100001004016,110010001004016,0.798060966,0.798060966
G11000100001004016,110010001004016,G11000100001004020,110010001004020,0,0
G11000100001004016,110010001004016,G11000100001004021,110010001004021,0.201939034,0.201939034
G11000100001004017,110010001004017,G11000100001004017,110010001004017,1,1
G11000100001004018,110010001004018,G11000100001004018,110010001004018,0.0905423577,0
G11000100001004018,110010001004018,G11000100001004019,110010001004019,0,0
G11000100001004018,110010001004018,G11000100001004023,110010001004023,0.9094576423,1
G11000100001004019,110010001004019,G11000100001004024,110010001004024,1,1
G11000100001004020,110010001004020,G11000100001004037,110010001004037,0.966011217,1
G11000100001004020,110010001004020,G11000100001004038,110010001004038,0.033988783,0
G11000100001004021,110010001004021,G11000100001004027,110010001004027,0,0
G11000100001004021,110010001004021,G11000100001004028,110010001004028,0,0
G11000100001004021,110010001004021,G11000100001004036,110010001004036,0.8679739831,0.8679739831
G11000100001004021,110010001004021,G11000100001004039,110010001004039,0.027181827,0.027181827
G11000100001004021,110010001004021,G11000100001004050,110010001004050,0.1048441899,0.1048441899
G11000100001004022,110010001004022,G11000100001004027,110010001004027,0,0
G11000100001004022,110010001004022,G11000100001004028,110010001004028,0,0
G11000100001004022,110010001004022,G11000100001004029,110010001004029,0.9593883706,0.9593883706
G11000100001004022,110010001004022,G11000100001004030,110010001004030,0.0136073508,0.0136073508
G11000100001004022,110010001004022,G11000100001004050,110010001004050,0.0270042786,0.0270042786
G11000100001004023,110010001004023,G11000100001004030,110010001004030,0.2204559088,0.2204559088
G11000100001004023,110010001004023,G11000100001004031,110010001004031,0.7795440912,0.7795440912
G11000100001004024,110010001004024,G11000100001004032,110010001004032,1,1
G11000100001004025,110010001004025,G11000100001004033,110010001004033,1,1
G11000100001004025,110010001004025,G11000100001004034,110010001004034,0,0
G11000100001004025,110010001004025,G11000100001004035,110010001004035,0,0
G11000100001004026,110010001004026,G11000100001004029,110010001004029,1,1
G11000100001004027,110010001004027,G11000100001004040,110010001004040,0.5435185185,0.9018077178
G11000100001004027,110010001004027,G11000100001004041,110010001004041,0.4564814815,0.0981922822
G11000100001004028,110010001004028,G11000100001004023,110010001004023,1,1
G11000100001004029,110010001004029,G11000100001004022,110010001004022,0.4095987696,0.1265822785
G11000100001004029,110010001004029,G11000100001004044,110010001004044,0.5904012304,0.8734177215
G11000100001004030,110010001004030,G11000100001004041,110010001004041,0.3233000164,1
G11000100001004030,110010001004030,G11000100001004042,110010001004042,0.6625102409,0
G11000100001004030,110010001004030,G11000100001004043,110010001004043,0.006652466,0
G11000100001004030,110010001004030,G11000100001004045,110010001004045,0.0075372767,0
G11000100001004031,110010001004031,G11000100001004048,110010001004048,1,1
G11000100001004999,110010001004999,G11000100001004046,110010001004046,0.0979763652,0.0979763652
G11000100001004999,110010001004999,G11000100001004047,110010001004047,0.7114775624,0.7114775624
G11000100001004999,110010001004999,G11000100001004049,110010001004049,0.1905460724,0.1905460724
G11000100001005000,110010001005000,G11000100001003000,110010001003000,1,1
G11000100001005001,110010001005001,G11000100001003001,110010001003001,1,1
G11000100001005002,110010001005002,G11000100001003002,110010001003002,1,1
G11000100001005003,110010001005003,G11000100001003002,110010001003002,1,1
G11000100001005004,110010001005004,G11000100001003006,110010001003006,1,1
G11000100001005005,110010001005005,G11000100001003005,110010001003005,1,1
G11000100001005006,110010001005006,G11000100001003004,110010001003004,1,1
G11000100001005007,110010001005007,G11000100001003003,110010001003003,1,1
G11000100001005008,110010001005008,G11000100001003012,110010001003012,1,1
G11000100001005009,110010001005009,G11000100001003011,110010001003011,1,1
G11000100001005010,110010001005010,G11000100001003010,110010001003010,1,1
G11000100001005011,110010001005011,G11000100001003007,110010001003007,1,1
G11000100001005012,110010001005012,G11000100001003008,110010001003008,1,1
G11000100001005013,110010001005013,G11000100001003009,110010001003009,1,1
G11000100002011000,110010002011000,G11000100002011000,110010002011000,0.1997460114,0.0516662751
G11000100002011000,110010002011000,G11000100002011001,110010002011001,0.6764244006,0.9476097566
G11000100002011000,110010002011000,G11000100002011002,110010002011002,0.123829588,0.0007239683
G11000100002021000,110010002021000,G11000100002021000,110010002021000,1,1
G11000100002021001,110010002021001,G11000100002021001,110010002021001,1,1
G11000100002021002,110010002021002,G11000100002021002,110010002021002,1,1
G11000100002021003,110010002021003,G11000100002021003,110010002021003,1,1
G11000100002021004,110010002021004,G11000100002021004,110010002021004,1,1
G11000100002021005,110010002021005,G11000100002021005,110010002021005,1,1
G11000100002021006,110010002021006,G11000100002021006,110010002021006,1,1
G11000100002021007,110010002021007,G11000100002021007,110010002021007,1,1
G11000100002021008,110010002021008,G11000100002021008,110010002021008,1,1
G11000100002021009,110010002021009,G11000100002021009,110010002021009,1,1
G11000100002021010,110010002021010,G11000100002021011,110010002021011,1,1
G11000100002021011,110010002021011,G11000100002021010,110010002021010,1,1
G11000100002022000,110010002022000,G11000100002022000,110010002022000,1,1
G11000100002022001,110010002022001,G11000100002022001,110010002022001,1,1
G11000100002022002,110010002022002,G11000100002022002,110010002022002,1,1
G11000100002022003,110010002022003,G11000100002022003,110010002022003,1,1
G11000100002022004,110010002022004,G11000100002022004,110010002022004,1,1
G11000100002022005,110010002022005,G11000100002022005,110010002022005,1,1
G11000100002022006,110010002022006,G11000100002022006,110010002022006,1,1
G11000100002022007,110010002022007,G11000100002022007,110010002022007,1,1
G11000100002022008,110010002022008,G11000100002022008,110010002022008,1,1
G11000100002023000,110010002023000,G11000100002023000,110010002023000,1,1
G11000100002023001,110010002023001,G11000100002023001,110010002023001,1,1
G11000100002023002,110010002023002,G11000100002023002,110010002023002,1,1
G11000100002023003,110010002023003,G11000100002023003,110010002023003,1,1
G11000100002023004,110010002023004,G11000100002023004,110010002023004,1,1
G11000100002023005,110010002023005,G11000100002023005,110010002023005,1,1
G11000100002023006,110010002023006,G11000100002023006,110010002023006,1,1
G11000100002023007,110010002023007,G11000100002023007,110010002023007,1,1
G11000100002023008,110010002023008,G11000100002023008,110010002023008,1,1
G11000100002023009,110010002023009,G11000100002023009,110010002023009,0.3834385965,0.2831858407
G11000100002023009,110010002023009,G11000100002023010,110010002023010,0.6165614035,0.7168141593
G11000100002023010,110010002023010,G11000100002023011,110010002023011,1,1
G11000100002023011,110010002023011,G11000100002023012,110010002023012,1,1
G11000100002023012,110010002023012,G11000100002023013,110010002023013,1,1
G11000100002024000,110010002024000,G11000100002024024,110010002024024,0,0
G11000100002024000,110010002024000,G11000100002024026,110010002024026,1,1
G11000100002024001,110010002024001,G11000100002024024,110010002024024,0,0
G11000100002024001,110010002024001,G11000100002024026,110010002024026,0.4160227438,0.3123041043
G11000100002024001,110010002024001,G11000100002024031,110010002024031,0.5839772562,0.6876958957
G11000100002024002,110010002024002,G11000100002024024,110010002024024,0,0
G11000100002024002,110010002024002,G11000100002024025,110010002024025,1,1
G11000100002024003,110010002024003,G11000100002024024,110010002024024,0,0
G11000100002024003,110010002024003,G11000100002024025,110010002024025,1,1
G11000100002024004,110010002024004,G11000100002024013,110010002024013,0.100463392,0.100463392
G11000100002024004,110010002024004,G11000100002024017,110010002024017,0.899536608,0.899536608
G11000100002024004,110010002024004,G11000100002024034,110010002024034,0,0
G11000100002024005,110010002024005,G11000100002024006,110010002024006,1,1
G11000100002024006,110010002024006,G11000100002024005,110010002024005,1,1
G11000100002024007,110010002024007,G11000100002024002,110010002024002,1,1
G11000100002024008,110010002024008,G11000100002024001,110010002024001,1,1
G11000100002024009,110010002024009,G11000100002024000,110010002024000,1,1
G11000100002024010,110010002024010,G11000100002024003,110010002024003,1,1
G11000100002024011,110010002024011,G11000100002024004,110010002024004,1,1
G11000100002024012,110010002024012,G11000100002024014,110010002024014,0.8566189952,0.8566189952
G11000100002024012,110010002024012,G11000100002024015,110010002024015,0,0
G11000100002024012,110010002024012,G11000100002024016,110010002024016,0.1433810048,0.1433810048
G11000100002024013,110010002024013,G11000100002024008,110010002024008,0.1114403818,0
G11000100002024013,110010002024013,G11000100002024009,110010002024009,0,0
G11000100002024013,110010002024013,G11000100002024010,110010002024010,0,0
G11000100002024013,110010002024013,G11000100002024011,110010002024011,0.1421993252,0
G11000100002024013,110010002024013,G11000100002024012,110010002024012,0.746360293,1
G11000100002024014,110010002024014,G11000100002024007,110010002024007,1,1
G11000100002024015,110010002024015,G11000100002024006,110010002024006,1,1
G11000100002024016,110010002024016,G11000100002024023,110010002024023,1,1
G11000100002024017,110010002024017,G11000100002024021,110010002024021,0.9629152875,0.9629152875
G11000100002024017,110010002024017,G11000100002024022,110010002024022,0.0370234155,0.0370234155
G11000100002024017,110010002024017,G11000100002024033,110010002024033,0.000061297,0.000061297
G11000100002024018,110010002024018,G11000100002024030,110010002024030,0.5711848139,0.4561403509
G11000100002024018,110010002024018,G11000100002024032,110010002024032,0.4288151861,0.5438596491
G11000100002024019,110010002024019,G11000100002024029,110010002024029,1,1
G11000100002024020,110010002024020,G11000100002024028,110010002024028,1,1
G11000100002024021,110010002024021,G11000100002024027,110010002024027,1,1
G11000100002024998,110010002024998,G11000100002024018,110010002024018,0.1148664143,0.1148664143
G11000100002024998,110010002024998,G11000100002024019,110010002024019,0.8851335857,0.8851335857
G11000100002024999,110010002024999,G11000100002024020,110010002024020,0.9999834242,0.9999834242
G11000100002024999,110010002024999,G11000100002024033,110010002024033,0.0000165758,0.0000165758
G11000100003001000,110010003001000,G11000100003001000,110010003001000,1,1
G11000100003001001,110010003001001,G11000100003001002,110010003001002,1,1
G11000100003001002,110010003001002,G11000100003001001,110010003001001,0.9408388996,0.8435114504
G11000100003001002,110010003001002,G11000100003001012,110010003001012,0.0591611004,0.1564885496
G11000100003001003,110010003001003,G11000100003001005,110010003001005,1,1
G11000100003001004,110010003001004,G11000100003001003,110010003001003,0.6041505043,0.6051873199
G11000100003001004,110010003001004,G11000100003001004,110010003001004,0.3958494957,0.3948126801
G11000100003001005,110010003001005,G11000100003001007,110010003001007,1,1
G11000100003001006,110010003001006,G11000100003001006,110010003001006,1,1
G11000100003001007,110010003001007,G11000100003001009,110010003001009,1,1
G11000100003001008,110010003001008,G11000100003001008,110010003001008,1,1
G11000100003001009,110010003001009,G11000100003001011,110010003001011,1,1
G11000100003001010,110010003001010,G11000100003001010,110010003001010,1,1
G11000100003003000,110010003003000,G11000100003003000,110010003003000,0.4967799763,0.5856697819
G11000100003003000,110010003003000,G11000100003003001,110010003003001,0.5032200237,0.4143302181
G11000100003003001,110010003003001,G11000100003003002,110010003003002,0.1028054881,0.048676345
G11000100003003001,110010003003001,G11000100003003003,110010003003003,0.3239152289,0.5072587532
G11000100003003001,110010003003001,G11000100003003005,110010003003005,0.1013443388,0.098206661
G11000100003003001,110010003003001,G11000100003003006,110010003003006,0.4028946222,0.3134073442
G11000100003003001,110010003003001,G11000100003003007,110010003003007,0.0524141524,0.0324508967
G11000100003003001,110010003003001,G11000100003003008,110010003003008,0.0166261696,0
G11000100003003002,110010003003002,G11000100003003004,110010003003004,1,1
G11000100003003003,110010003003003,G11000100003003010,110010003003010,1,1
G11000100003003004,110010003003004,G11000100003003011,110010003003011,1,1
G11000100003003005,110010003003005,G11000100003003012,110010003003012,1,1
G11000100003003006,110010003003006,G11000100003003009,110010003003009,1,1
G11000100003003007,110010003003007,G11000100003003013,110010003003013,1,1
G11000100003004000,110010003004000,G11000100003004000,110010003004000,1,1
G11000100003004001,110010003004001,G11000100003004001,110010003004001,1,1
G11000100003004002,110010003004002,G11000100003004002,110010003004002,1,1
G11000100003004003,110010003004003,G11000100003004008,110010003004008,1,1
G11000100003004004,110010003004004,G11000100003004003,110010003004003,1,1
G11000100003004005,110010003004005,G11000100003004004,110010003004004,1,1
G11000100003004006,110010003004006,G11000100003004005,110010003004005,1,1
G11000100003004007,110010003004007,G11000100003004006,110010003004006,1,1
G11000100003004008,110010003004008,G11000100003004011,110010003004011,1,1
G11000100003004009,110010003004009,G11000100003004007,110010003004007,1,1
G11000100003004010,110010003004010,G11000100003004009,110010003004009,1,1
G11000100003004011,110010003004011,G11000100003004010,110010003004010,1,1
G11000100003005000,110010003005000,G11000100003002000,110010003002000,1,1
G11000100003005001,110010003005001,G11000100003002001,110010003002001,1,1
G11000100003005002,110010003005002,G11000100003002002,110010003002002,1,1
G11000100003005003,110010003005003,G11000100003002003,110010003002003,1,1
G11000100003005004,110010003005004,G11000100003002004,110010003002004,1,1
G11000100003005005,110010003005005,G11000100003002005,110010003002005,1,1
G11000100003005006,110010003005006,G11000100003002006,110010003002006,1,1
G11000100004001000,110010004001000,G11000100004001000,110010004001000,1,1
G11000100004001001,110010004001001,G11000100004001005,110010004001005,1,1
G11000100004001002,110010004001002,G11000100004001004,110010004001004,1,1
G11000100004001003,110010004001003,G11000100004001001,110010004001001,0.0316973415,0.0033560662
G11000100004001003,110010004001003,G11000100004001003,110010004001003,0.9683026585,0.9966439338
G11000100004001004,110010004001004,G11000100004001002,110010004001002,1,1
G11000100004001005,110010004001005,G11000100004001008,110010004001008,1,1
G11000100004001006,110010004001006,G11000100004001007,110010004001007,1,1
G11000100004001007,110010004001007,G11000100004001006,110010004001006,1,1
G11000100004001008,110010004001008,G11000100004001019,110010004001019,1,1
G11000100004001009,110010004001009,G11000100004001018,110010004001018,1,1
G11000100004001010,110010004001010,G11000100004001010,110010004001010,1,1
G11000100004001011,110010004001011,G11000100004001012,110010004001012,1,1
G11000100004001012,110010004001012,G11000100004001009,110010004001009,1,1
G11000100004001013,110010004001013,G11000100004001013,110010004001013,1,1
G11000100004001014,110010004001014,G11000100004001014,110010004001014,1,1
G11000100004001015,110010004001015,G11000100004001015,110010004001015,1,1
G11000100004001016,110010004001016,G11000100004001016,110010004001016,1,1
G11000100004001017,110010004001017,G11000100004001017,110010004001017,1,1
G11000100004001018,110010004001018,G11000100004001011,110010004001011,1,1
G11000100004001019,110010004001019,G11000100004001021,110010004001021,1,1
G11000100004001020,110010004001020,G11000100004001020,110010004001020,1,1
G11000100004001021,110010004001021,G11000100004001022,110010004001022,1,1
G11000100004002000,110010004002000,G11000100004002025,110010004002025,1,1
G11000100004002001,110010004002001,G11000100004002026,110010004002026,1,1
G11000100004002002,110010004002002,G11000100004002023,110010004002023,1,1
G11000100004002003,110010004002003,G11000100004002008,110010004002008,0.9798978415,0.9902704858
G11000100004002003,110010004002003,G11000100004002023,110010004002023,0.0201021585,0.0097295142
G11000100004002004,110010004002004,G11000100004002004,110010004002004,0.7305097794,0.6097560976
G11000100004002004,110010004002004,G11000100004002005,110010004002005,0.2694902206,0.3902439024
G11000100004002005,110010004002005,G11000100004002003,110010004002003,1,1
G11000100004002006,110010004002006,G11000100004002002,110010004002002,1,1
G11000100004002007,110010004002007,G11000100004002000,110010004002000,1,1
G11000100004002008,110010004002008,G11000100004002001,110010004002001,1,1
G11000100004002009,110010004002009,G11000100004002009,110010004002009,0.9910311233,1
G11000100004002009,110010004002009,G11000100004002015,110010004002015,0.0089688767,0
G11000100004002010,110010004002010,G11000100004002010,110010004002010,1,1
G11000100004002011,110010004002011,G11000100004002020,110010004002020,1,1
G11000100004002012,110010004002012,G11000100004002019,110010004002019,0.7854854265,0.8513734885
G11000100004002012,110010004002012,G11000100004002027,110010004002027,0.1659169024,0.0189470325
G11000100004002012,110010004002012,G11000100004002028,110010004002028,0.0485976711,0.129679479
G11000100004002013,110010004002013,G11000100004002017,110010004002017,1,1
G11000100004002014,110010004002014,G11000100004002018,110010004002018,1,1
G11000100004002015,110010004002015,G11000100004002029,110010004002029,0.4787788087,0.9699764127
G11000100004002015,110010004002015,G11000100004002030,110010004002030,0.5212211913,0.0300235873
G11000100004002016,110010004002016,G11000100004002016,110010004002016,1,1
G11000100004002017,110010004002017,G11000100004002011,110010004002011,1,1
G11000100004002018,110010004002018,G11000100004002012,110010004002012,0.778381012,0.7297297297
G11000100004002018,110010004002018,G11000100004002013,110010004002013,0.1832324076,0.0810810811
G11000100004002018,110010004002018,G11000100004002021,110010004002021,0.0383865804,0.1891891892
G11000100004002019,110010004002019,G11000100004002014,110010004002014,0.3886565604,1
G11000100004002019,110010004002019,G11000100004002022,110010004002022,0.6113434396,0
G11000100004002020,110010004002020,G11000100004002024,110010004002024,1,1
G11000100004002021,110010004002021,G11000100004002007,110010004002007,1,1
G11000100004002022,110010004002022,G11000100004002006,110010004002006,1,1
G11000100005011000,110010005011000,G11000100005011002,110010005011002,0.1796973877,0
G11000100005011000,110010005011000,G11000100005011003,110010005011003,0.0059701178,0
G11000100005011000,110010005011000,G11000100005011004,110010005011004,0.8107967528,1
G11000100005011000,110010005011000,G11000100005011008,110010005011008,0.0035357417,0
G11000100005011001,110010005011001,G11000100005011000,110010005011000,0.4094229364,0.4094229364
G11000100005011001,110010005011001,G11000100005011001,110010005011001,0.5905770636,0.5905770636
G11000100005011002,110010005011002,G11000100005011006,110010005011006,1,1
G11000100005011003,110010005011003,G11000100005011012,110010005011012,1,1
G11000100005011004,110010005011004,G11000100005011007,110010005011007,1,1
G11000100005011005,110010005011005,G11000100005011005,110010005011005,1,1
G11000100005011006,110010005011006,G11000100005011011,110010005011011,1,1
G11000100005011007,110010005011007,G11000100005011010,110010005011010,1,1
G11000100005011008,110010005011008,G11000100005011009,110010005011009,1,1
G11000100005011009,110010005011009,G11000100005011013,110010005011013,1,1
G11000100005011010,110010005011010,G11000100005011014,110010005011014,1,1
G11000100005012000,110010005012000,G11000100005012000,110010005012000,1,1
G11000100005012001,110010005012001,G11000100005012003,110010005012003,1,1
G11000100005012002,110010005012002,G11000100005012002,110010005012002,1,1
G11000100005012003,110010005012003,G11000100005012001,110010005012001,1,1
G11000100005012004,110010005012004,G11000100005012004,110010005012004,1,1
G11000100005012005,110010005012005,G11000100005012005,110010005012005,1,1
G11000100005023000,110010005023000,G11000100005021000,110010005021000,1,1
G11000100005023001,110010005023001,G11000100005021001,110010005021001,1,1
G11000100005023002,110010005023002,G11000100005021011,110010005021011,1,1
G11000100005023003,110010005023003,G11000100005021002,110010005021002,1,1
G11000100005023004,110010005023004,G11000100005021003,110010005021003,1,1
G11000100005023005,110010005023005,G11000100005021004,110010005021004,1,1
G11000100005023006,110010005023006,G11000100005021010,110010005021010,1,1
G11000100005023007,110010005023007,G11000100005021008,110010005021008,1,1
G11000100005023008,110010005023008,G11000100005021009,110010005021009,1,1
G11000100005023009,110010005023009,G11000100005021014,110010005021014,1,1
G11000100005023010,110010005023010,G11000100005021005,110010005021005,1,1
G11000100005023011,110010005023011,G11000100005021006,110010005021006,1,1
G11000100005023012,110010005023012,G11000100005021007,110010005021007,1,1
G11000100005023013,110010005023013,G11000100005021012,110010005021012,1,1
G11000100005023014,110010005023014,G11000100005021013,110010005021013,1,1
G11000100005024000,110010005024000,G11000100005022000,110010005022000,1,1
G11000100005024001,110010005024001,G11000100005022001,110010005022001,1,1
G11000100005024002,110010005024002,G11000100005022006,110010005022006,1,1
G11000100005024003,110010005024003,G11000100005022005,110010005022005,1,1
G11000100005024004,110010005024004,G11000100005022002,110010005022002,1,1
G11000100005024005,110010005024005,G11000100005022003,110010005022003,1,1
G11000100005024006,110010005024006,G11000100005022004,110010005022004,1,1
G11000100006001000,110010006001000,G11000100006001000,110010006001000,1,1
G11000100006001001,110010006001001,G11000100006001001,110010006001001,1,1
G11000100006001002,110010006001002,G11000100006001002,110010006001002,1,1
G11000100006001003,110010006001003,G11000100006001004,110010006001004,1,1
G11000100006001004,110010006001004,G11000100006001005,110010006001005,1,1
G11000100006001005,110010006001005,G11000100006001003,110010006001003,1,1
G11000100006002000,110010006002000,G11000100006002000,110010006002000,1,1
G11000100006002001,110010006002001,G11000100006002001,110010006002001,0.4758155457,0.7194172439
G11000100006002001,110010006002001,G11000100006002002,110010006002002,0.5241844543,0.2805827561
G11000100006002002,110010006002002,G11000100006002002,110010006002002,1,1
G11000100006002003,110010006002003,G11000100006002004,110010006002004,1,1
G11000100006002004,110010006002004,G11000100006002003,110010006002003,1,1
G11000100006002005,110010006002005,G11000100006002005,110010006002005,0.7006108091,0.6578249337
G11000100006002005,110010006002005,G11000100006002006,110010006002006,0.2993891909,0.3421750663
G11000100006002006,110010006002006,G11000100006002008,110010006002008,1,1
G11000100006002007,110010006002007,G11000100006002007,110010006002007,1,1
G11000100006002008,110010006002008,G11000100006002009,110010006002009,1,1
G11000100006003000,110010006003000,G11000100006003000,110010006003000,1,1
G11000100006003001,110010006003001,G11000100006003001,110010006003001,1,1
G11000100006003002,110010006003002,G11000100006003002,110010006003002,1,1
G11000100006003003,110010006003003,G11000100006003003,110010006003003,1,1
G11000100006003004,110010006003004,G11000100006003004,110010006003004,1,1
G11000100006003005,110010006003005,G11000100006003005,110010006003005,1,1
G11000100006003006,110010006003006,G11000100006003006,110010006003006,1,1
G11000100006003007,110010006003007,G11000100006003007,110010006003007,1,1
G11000100006003008,110010006003008,G11000100006003008,110010006003008,1,1
G11000100006004000,110010006004000,G11000100006004012,110010006004012,0.9696639964,1
G11000100006004000,110010006004000,G11000100006004013,110010006004013,0.0303360036,0
G11000100006004001,110010006004001,G11000100006004011,110010006004011,1,1
G11000100006004002,110010006004002,G11000100006004006,110010006004006,1,1
G11000100006004003,110010006004003,G11000100006004007,110010006004007,0.4850036576,0.3831852574
G11000100006004003,110010006004003,G11000100006004008,110010006004008,0.5149963424,0.6168147426
G11000100006004004,110010006004004,G11000100006004000,110010006004000,0.4430437221,0.653968254
G11000100006004004,110010006004004,G11000100006004001,110010006004001,0.5569562779,0.346031746
G11000100006004005,110010006004005,G11000100006004002,110010006004002,1,1
G11000100006004006,110010006004006,G11000100006004003,110010006004003,1,1
G11000100006004007,110010006004007,G11000100006004004,110010006004004,1,1
G11000100006004008,110010006004008,G11000100006004005,110010006004005,1,1
G11000100006004009,110010006004009,G11000100006004009,110010006004009,1,1
G11000100006004010,110010006004010,G11000100006004010,110010006004010,1,1
G11000100006004011,110010006004011,G11000100006004017,110010006004017,1,1
G11000100006004012,110010006004012,G11000100006004018,110010006004018,1,1
G11000100006004013,110010006004013,G11000100006004019,110010006004019,0.9716795866,1
G11000100006004013,110010006004013,G11000100006004020,110010006004020,0.0283204134,0
G11000100006004014,110010006004014,G11000100006004016,110010006004016,1,1
G11000100006004015,110010006004015,G11000100006004015,110010006004015,1,1
G11000100006004016,110010006004016,G11000100006004014,110010006004014,1,1
G11000100006004017,110010006004017,G11000100006004021,110010006004021,1,1
G11000100007011000,110010007011000,G11000100007011000,110010007011000,1,1
G11000100007011001,110010007011001,G11000100007011001,110010007011001,1,1
G11000100007011002,110010007011002,G11000100007011002,110010007011002,1,1
G11000100007011003,110010007011003,G11000100007011003,110010007011003,1,1
G11000100007011004,110010007011004,G11000100007011006,110010007011006,1,1
G11000100007011005,110010007011005,G11000100007011004,110010007011004,0.3110777873,0.7006472492
G11000100007011005,110010007011005,G11000100007011005,110010007011005,0.6889222127,0.2993527508
G11000100007011006,110010007011006,G11000100007011007,110010007011007,1,1
G11000100007012000,110010007012000,G11000100007014003,110010007014003,1,1
G11000100007012001,110010007012001,G11000100007014001,110010007014001,1,1
G11000100007012002,110010007012002,G11000100007014000,110010007014000,1,1
G11000100007012003,110010007012003,G11000100007012001,110010007012001,1,1
G11000100007012004,110010007012004,G11000100007012000,110010007012000,1,1
G11000100007012005,110010007012005,G11000100007013000,110010007013000,0.4066283044,0.5949368286
G11000100007012005,110010007012005,G11000100007013001,110010007013001,0.3362263661,0.1303013784
G11000100007012005,110010007012005,G11000100007013002,110010007013002,0.2571453295,0.274761793
G11000100007012006,110010007012006,G11000100007013003,110010007013003,1,1
G11000100007012007,110010007012007,G11000100007014006,110010007014006,1,1
G11000100007012008,110010007012008,G11000100007014007,110010007014007,1,1
G11000100007012009,110010007012009,G11000100007014002,110010007014002,1,1
G11000100007012010,110010007012010,G11000100007014005,110010007014005,1,1
G11000100007012011,110010007012011,G11000100007014004,110010007014004,1,1
G11000100007012012,110010007012012,G11000100007014009,110010007014009,1,1
G11000100007012013,110010007012013,G11000100007014008,110010007014008,1,1
G11000100007023000,110010007023000,G11000100007022000,110010007022000,1,1
G11000100007023001,110010007023001,G11000100007023001,110010007023001,1,1
G11000100007023002,110010007023002,G11000100007023000,110010007023000,1,1
G11000100007023003,110010007023003,G11000100007023002,110010007023002,1,1
G11000100007025000,110010007025000,G11000100007021000,110010007021000,1,1
G11000100007025001,110010007025001,G11000100007021001,110010007021001,1,1
G11000100007025002,110010007025002,G11000100007021002,110010007021002,1,1
G11000100007025003,110010007025003,G11000100007021003,110010007021003,1,1
G11000100007025004,110010007025004,G11000100007021004,110010007021004,1,1
G11000100007025005,110010007025005,G11000100007021006,110010007021006,1,1
G11000100007025006,110010007025006,G11000100007021005,110010007021005,1,1
G11000100007025007,110010007025007,G11000100007021007,110010007021007,1,1
G11000100008011000,110010008011000,G11000100008011000,110010008011000,0.9302708739,0.8870332276
G11000100008011000,110010008011000,G11000100008011001,110010008011001,0.0697291261,0.1129667724
G11000100008011001,110010008011001,G11000100008011000,110010008011000,1,1
G11000100008011002,110010008011002,G11000100008013012,110010008013012,1,1
G11000100008011003,110010008011003,G11000100008013007,110010008013007,1,1
G11000100008011004,110010008011004,G11000100008013013,110010008013013,1,1
G11000100008011005,110010008011005,G11000100008013019,110010008013019,0.4844533911,0.3333333333
G11000100008011005,110010008011005,G11000100008013020,110010008013020,0.5155466089,0.6666666667
G11000100008011006,110010008011006,G11000100008013022,110010008013022,0.8999341141,1
G11000100008011006,110010008011006,G11000100008013024,110010008013024,0.1000658859,0
G11000100008011007,110010008011007,G11000100008013021,110010008013021,1,1
G11000100008011008,110010008011008,G11000100008013023,110010008013023,1,1
G11000100008011009,110010008011009,G11000100008013035,110010008013035,1,1
G11000100008011010,110010008011010,G11000100008013027,110010008013027,1,1
G11000100008011011,110010008011011,G11000100008013001,110010008013001,1,1
G11000100008011012,110010008011012,G11000100008013000,110010008013000,1,1
G11000100008012000,110010008012000,G11000100008013002,110010008013002,1,1
G11000100008012001,110010008012001,G11000100008013003,110010008013003,1,1
G11000100008012002,110010008012002,G11000100008013004,110010008013004,1,1
G11000100008012003,110010008012003,G11000100008013005,110010008013005,1,1
G11000100008012004,110010008012004,G11000100008013006,110010008013006,1,1
G11000100008012005,110010008012005,G11000100008013008,110010008013008,1,1
G11000100008012006,110010008012006,G11000100008013009,110010008013009,1,1
G11000100008012007,110010008012007,G11000100008013010,110010008013010,1,1
G11000100008012008,110010008012008,G11000100008013011,110010008013011,1,1
G11000100008012009,110010008012009,G11000100008013014,110010008013014,1,1
G11000100008012010,110010008012010,G11000100008013015,110010008013015,1,1
G11000100008012011,110010008012011,G11000100008013016,110010008013016,1,1
G11000100008012012,110010008012012,G11000100008013017,110010008013017,1,1
G11000100008012013,110010008012013,G11000100008013018,110010008013018,1,1
G11000100008012014,110010008012014,G11000100008013028,110010008013028,1,1
G11000100008012015,110010008012015,G11000100008013029,110010008013029,1,1
G11000100008012016,110010008012016,G11000100008013030,110010008013030,1,1
G11000100008012017,110010008012017,G11000100008013031,110010008013031,1,1
G11000100008012018,110010008012018,G11000100008013025,110010008013025,0.0234220907,0
G11000100008012018,110010008012018,G11000100008013026,110010008013026,0.9765779093,1
G11000100008012019,110010008012019,G11000100008013025,110010008013025,0.0361908239,0
G11000100008012019,110010008012019,G11000100008013026,110010008013026,0.0103927436,0.019349835
G11000100008012019,110010008012019,G11000100008013033,110010008013033,0.9511987547,0.9537092264
G11000100008012019,110010008012019,G11000100008013034,110010008013034,0.0022176778,0.0269409386
G11000100008012020,110010008012020,G11000100008013032,110010008013032,1,1
G11000100008014000,110010008014000,G11000100008014000,110010008014000,1,1
G11000100008014001,110010008014001,G11000100008014001,110010008014001,1,1
G11000100008014002,110010008014002,G11000100008014002,110010008014002,1,1
G11000100008014003,110010008014003,G11000100008014003,110010008014003,1,1
G11000100008014004,110010008014004,G11000100008014004,110010008014004,1,1
G11000100008014005,110010008014005,G11000100008014005,110010008014005,1,1
G11000100008014006,110010008014006,G11000100008014006,110010008014006,1,1
G11000100008014007,110010008014007,G11000100008014014,110010008014014,1,1
G11000100008014008,110010008014008,G11000100008014004,110010008014004,1,1
G11000100008014009,110010008014009,G11000100008014011,110010008014011,1,1
G11000100008014009,110010008014009,G11000100008014012,110010008014012,0,0
G11000100008014010,110010008014010,G11000100008014008,110010008014008,1,1
G11000100008014010,110010008014010,G11000100008014009,110010008014009,0,0
G11000100008014010,110010008014010,G11000100008014010,110010008014010,0,0
G11000100008014011,110010008014011,G11000100008014007,110010008014007,1,1
G11000100008014999,110010008014999,G11000100008014013,110010008014013,1,1
G11000100008015000,110010008015000,G11000100008012000,110010008012000,0.7790749576,0.6794211582
G11000100008015000,110010008015000,G11000100008012001,110010008012001,0.0291865459,0.0677405774
G11000100008015000,110010008015000,G11000100008012002,110010008012002,0.1917384965,0.2528382643
G11000100008015001,110010008015001,G11000100008012000,110010008012000,0.2013180663,0.0865172797
G11000100008015001,110010008015001,G11000100008012001,110010008012001,0.7986819337,0.9134827203
G11000100008015002,110010008015002,G11000100008012000,110010008012000,0.0186006826,0.0123794004
G11000100008015002,110010008015002,G11000100008012002,110010008012002,0.9813993174,0.9876205996
G11000100008015003,110010008015003,G11000100008012003,110010008012003,1,1
G11000100008015004,110010008015004,G11000100008012004,110010008012004,1,1
G11000100008015005,110010008015005,G11000100008012005,110010008012005,1,1
G11000100008015006,110010008015006,G11000100008012013,110010008012013,1,1
G11000100008015007,110010008015007,G11000100008012008,110010008012008,1,1
G11000100008015008,110010008015008,G11000100008012008,110010008012008,1,1
G11000100008015009,110010008015009,G11000100008012008,110010008012008,0.7943103591,0.425402392
G11000100008015009,110010008015009,G11000100008012009,110010008012009,0.2056896409,0.574597608
G11000100008015010,110010008015010,G11000100008012007,110010008012007,1,1
G11000100008015011,110010008015011,G11000100008012006,110010008012006,1,1
G11000100008015012,110010008015012,G11000100008012014,110010008012014,1,1
G11000100008015013,110010008015013,G11000100008012015,110010008012015,1,1
G11000100008015014,110010008015014,G11000100008012011,110010008012011,1,1
G11000100008015015,110010008015015,G11000100008012008,110010008012008,0.932041432,0.6359468348
G11000100008015015,110010008015015,G11000100008012012,110010008012012,0.067958568,0.3640531652
G11000100008015016,110010008015016,G11000100008012008,110010008012008,1,1
G11000100008015017,110010008015017,G11000100008012010,110010008012010,1,1
G11000100008022000,110010008022000,G11000100008022000,110010008022000,0.0160894821,0
G11000100008022000,110010008022000,G11000100008022001,110010008022001,0.8498702262,0.6721311475
G11000100008022000,110010008022000,G11000100008022003,110010008022003,0.0194067482,0.0327868852
G11000100008022000,110010008022000,G11000100008022005,110010008022005,0.0305994315,0.1639344262
G11000100008022000,110010008022000,G11000100008022006,110010008022006,0.0364207144,0.131147541
G11000100008022000,110010008022000,G11000100008022007,110010008022007,0.0117587443,0
G11000100008022000,110010008022000,G11000100008022012,110010008022012,0.0358546533,0
G11000100008022001,110010008022001,G11000100008022004,110010008022004,1,1
G11000100008022002,110010008022002,G11000100008022002,110010008022002,1,1
G11000100008022003,110010008022003,G11000100008022009,110010008022009,1,1
G11000100008022004,110010008022004,G11000100008022008,110010008022008,1,1
G11000100008022005,110010008022005,G11000100008022010,110010008022010,1,1
G11000100008022006,110010008022006,G11000100008022011,110010008022011,1,1
G11000100008022007,110010008022007,G11000100008022016,110010008022016,1,1
G11000100008022008,110010008022008,G11000100008022015,110010008022015,1,1
G11000100008022009,110010008022009,G11000100008022014,110010008022014,1,1
G11000100008022010,110010008022010,G11000100008022013,110010008022013,0.6147243141,0.6220095694
G11000100008022010,110010008022010,G11000100008022019,110010008022019,0.3852756859,0.3779904306
G11000100008022011,110010008022011,G11000100008022018,110010008022018,1,1
G11000100008022012,110010008022012,G11000100008022017,110010008022017,1,1
G11000100008022013,110010008022013,G11000100008022021,110010008022021,1,1
G11000100008022014,110010008022014,G11000100008022020,110010008022020,0.9840080417,1
G11000100008022014,110010008022014,G11000100008022022,110010008022022,0.0159919583,0
G11000100008023000,110010008023000,G11000100008021014,110010008021014,0.9336745138,0.9336745138
G11000100008023000,110010008023000,G11000100008021017,110010008021017,0.0663254862,0.0663254862
G11000100008023000,110010008023000,G11000100008021018,110010008021018,0,0
G11000100008023001,110010008023001,G11000100008021014,110010008021014,0.0953132133,0.0953132133
G11000100008023001,110010008023001,G11000100008021015,110010008021015,0,0
G11000100008023001,110010008023001,G11000100008021016,110010008021016,0.9046867867,0.9046867867
G11000100008023002,110010008023002,G11000100008021002,110010008021002,1,1
G11000100008023003,110010008023003,G11000100008021001,110010008021001,1,1
G11000100008023004,110010008023004,G11000100008021000,110010008021000,1,1
G11000100008023005,110010008023005,G11000100008021006,110010008021006,1,1
G11000100008023006,110010008023006,G11000100008021010,110010008021010,1,1
G11000100008023007,110010008023007,G11000100008021007,110010008021007,1,1
G11000100008023008,110010008023008,G11000100008021011,110010008021011,1,1
G11000100008023009,110010008023009,G11000100008021008,110010008021008,1,1
G11000100008023010,110010008023010,G11000100008021009,110010008021009,1,1
G11000100008023011,110010008023011,G11000100008021003,110010008021003,1,1
G11000100008023012,110010008023012,G11000100008021004,110010008021004,1,1
G11000100008023013,110010008023013,G11000100008021013,110010008021013,1,1
G11000100008023014,110010008023014,G11000100008021012,110010008021012,1,1
G11000100008023998,110010008023998,G11000100008021005,110010008021005,1,1
G11000100008023999,110010008023999,G11000100008021019,110010008021019,1,1
G11000100009011000,110010009011000,G11000100009013010,110010009013010,1,1
G11000100009011001,110010009011001,G11000100009013008,110010009013008,1,1
G11000100009011002,110010009011002,G11000100009013009,110010009013009,1,1
G11000100009011003,110010009011003,G11000100009013004,110010009013004,1,1
G11000100009011004,110010009011004,G11000100009013001,110010009013001,1,1
G11000100009011005,110010009011005,G11000100009013000,110010009013000,1,1
G11000100009011006,110010009011006,G11000100009013002,110010009013002,1,1
G11000100009011007,110010009011007,G11000100009013003,110010009013003,1,1
G11000100009011008,110010009011008,G11000100009013005,110010009013005,1,1
G11000100009011009,110010009011009,G11000100009013006,110010009013006,1,1
G11000100009011010,110010009011010,G11000100009013007,110010009013007,1,1
G11000100009011011,110010009011011,G11000100009013015,110010009013015,1,1
G11000100009011012,110010009011012,G11000100009013016,110010009013016,1,1
G11000100009011013,110010009011013,G11000100009013017,110010009013017,1,1
G11000100009011014,110010009011014,G11000100009013018,110010009013018,1,1
G11000100009011015,110010009011015,G11000100009013013,110010009013013,1,1
G11000100009011016,110010009011016,G11000100009013014,110010009013014,1,1
G11000100009012000,110010009012000,G11000100009013024,110010009013024,1,1
G11000100009012001,110010009012001,G11000100009013022,110010009013022,0.1944834035,0.1944834035
G11000100009012001,110010009012001,G11000100009013023,110010009013023,0.4567554932,0.4567554932
G11000100009012001,110010009012001,G11000100009013025,110010009013025,0.3487611033,0.3487611033
G11000100009012002,110010009012002,G11000100009013020,110010009013020,0.5579458709,0.5579458709
G11000100009012002,110010009012002,G11000100009013021,110010009013021,0.4420541291,0.4420541291
G11000100009012003,110010009012003,G11000100009013011,110010009013011,1,1
G11000100009012004,110010009012004,G11000100009013012,110010009013012,1,1
G11000100009012005,110010009012005,G11000100009013019,110010009013019,1,1
G11000100009012006,110010009012006,G11000100009013026,110010009013026,1,1
G11000100009012007,110010009012007,G11000100009013027,110010009013027,1,1
G11000100009012008,110010009012008,G11000100009013028,110010009013028,1,1
G11000100009012009,110010009012009,G11000100009013029,110010009013029,1,1
G11000100009012010,110010009012010,G11000100009013030,110010009013030,1,1
G11000100009016000,110010009016000,G11000100009011015,110010009011015,1,1
G11000100009016001,110010009016001,G11000100009011008,110010009011008,1,1
G11000100009016002,110010009016002,G11000100009011000,110010009011000,1,1
G11000100009016003,110010009016003,G11000100009011007,110010009011007,1,1
G11000100009016004,110010009016004,G11000100009011001,110010009011001,0.4551853005,0.4491525424
G11000100009016004,110010009016004,G11000100009011006,110010009011006,0.5448146995,0.5508474576
G11000100009016005,110010009016005,G11000100009011002,110010009011002,1,1
G11000100009016006,110010009016006,G11000100009011003,110010009011003,1,1
G11000100009016007,110010009016007,G11000100009011004,110010009011004,1,1
G11000100009016008,110010009016008,G11000100009011005,110010009011005,1,1
G11000100009016009,110010009016009,G11000100009011010,110010009011010,1,1
G11000100009016010,110010009016010,G11000100009011010,110010009011010,1,1
G11000100009016011,110010009016011,G11000100009011011,110010009011011,1,1
G11000100009016012,110010009016012,G11000100009011009,110010009011009,1,1
G11000100009016013,110010009016013,G11000100009011013,110010009011013,1,1
G11000100009016014,110010009016014,G11000100009011014,110010009011014,1,1
G11000100009016015,110010009016015,G11000100009011016,110010009011016,0.6408482581,0.6341463415
G11000100009016015,110010009016015,G11000100009011017,110010009011017,0.3591517419,0.3658536585
G11000100009016016,110010009016016,G11000100009011012,110010009011012,1,1
G11000100009017000,110010009017000,G11000100009012008,110010009012008,1,1
G11000100009017001,110010009017001,G11000100009012006,110010009012006,1,1
G11000100009017002,110010009017002,G11000100009012002,110010009012002,0.0782171238,0.0661353167
G11000100009017002,110010009017002,G11000100009012006,110010009012006,0.9217828762,0.9338646833
G11000100009017003,110010009017003,G11000100009012000,110010009012000,0.4686619718,0.4686619718
G11000100009017003,110010009017003,G11000100009012001,110010009012001,0.5313380282,0.5313380282
G11000100009017004,110010009017004,G11000100009012007,110010009012007,1,1
G11000100009017005,110010009017005,G11000100009012018,110010009012018,1,1
G11000100009017006,110010009017006,G11000100009012011,110010009012011,0.4485251253,0.5894308943
G11000100009017006,110010009017006,G11000100009012017,110010009012017,0.5514748747,0.4105691057
G11000100009017007,110010009017007,G11000100009012002,110010009012002,0.0050851842,0.2163887586
G11000100009017007,110010009017007,G11000100009012003,110010009012003,0.004140913,0
G11000100009017007,110010009017007,G11000100009012004,110010009012004,0.9754047853,0
G11000100009017007,110010009017007,G11000100009012006,110010009012006,0.0153691175,0.7836112414
G11000100009017008,110010009017008,G11000100009012023,110010009012023,1,1
G11000100009017009,110010009017009,G11000100009012024,110010009012024,1,1
G11000100009017010,110010009017010,G11000100009012019,110010009012019,1,1
G11000100009017011,110010009017011,G11000100009012020,110010009012020,1,1
G11000100009017012,110010009017012,G11000100009012021,110010009012021,1,1
G11000100009017013,110010009017013,G11000100009012014,110010009012014,1,1
G11000100009017014,110010009017014,G11000100009012013,110010009012013,1,1
G11000100009017015,110010009017015,G11000100009012012,110010009012012,1,1
G11000100009017016,110010009017016,G11000100009012009,110010009012009,1,1
G11000100009017017,110010009017017,G11000100009012010,110010009012010,1,1
G11000100009017018,110010009017018,G11000100009012015,110010009012015,1,1
G11000100009017019,110010009017019,G11000100009012016,110010009012016,1,1
G11000100009017020,110010009017020,G11000100009012022,110010009012022,1,1
G11000100009017021,110010009017021,G11000100009012026,110010009012026,1,1
G11000100009017022,110010009017022,G11000100009012025,110010009012025,1,1
G11000100009017999,110010009017999,G11000100009012005,110010009012005,1,1
G11000100009023000,110010009023000,G11000100009021000,110010009021000,0.5474701461,0.3956043956
G11000100009023000,110010009023000,G11000100009021002,110010009021002,0.354667317,0.4505494505
G11000100009023000,110010009023000,G11000100009021003,110010009021003,0.0978625369,0.1538461538
G11000100009023001,110010009023001,G11000100009021001,110010009021001,1,1
G11000100009023002,110010009023002,G11000100009021007,110010009021007,1,1
G11000100009023003,110010009023003,G11000100009021007,110010009021007,0.7413869873,0.8363151383
G11000100009023003,110010009023003,G11000100009021008,110010009021008,0.2586130127,0.1636848617
G11000100009023004,110010009023004,G11000100009021006,110010009021006,1,1
G11000100009023005,110010009023005,G11000100009021005,110010009021005,1,1
G11000100009023006,110010009023006,G11000100009021004,110010009021004,1,1
G11000100009024000,110010009024000,G11000100009022000,110010009022000,0.1708683473,0.1708683473
G11000100009024000,110010009024000,G11000100009022001,110010009022001,0.0943323996,0.0943323996
G11000100009024000,110010009024000,G11000100009022002,110010009022002,0.734799253,0.734799253
G11000100009024001,110010009024001,G11000100009022003,110010009022003,0.5340262547,0.5340262547
G11000100009024001,110010009024001,G11000100009022004,110010009022004,0.4659737453,0.4659737453
G11000100009024002,110010009024002,G11000100009022007,110010009022007,1,1
G11000100009024002,110010009024002,G11000100009022008,110010009022008,0,0
G11000100009024003,110010009024003,G11000100009022009,110010009022009,1,1
G11000100009024004,110010009024004,G11000100009022013,110010009022013,0.9001966778,0.9001966778
G11000100009024004,110010009024004,G11000100009022014,110010009022014,0,0
G11000100009024004,110010009024004,G11000100009022015,110010009022015,0.0386720694,0.0386720694
G11000100009024004,110010009024004,G11000100009022037,110010009022037,0,0
G11000100009024004,110010009024004,G11000100009022038,110010009022038,0.0611312528,0.0611312528
G11000100009024005,110010009024005,G11000100009022016,110010009022016,0.646738872,0.646738872
G11000100009024005,110010009024005,G11000100009022017,110010009022017,0.353261128,0.353261128
G11000100009024006,110010009024006,G11000100009022006,110010009022006,1,1
G11000100009024007,110010009024007,G11000100009022005,110010009022005,1,1
G11000100009024008,110010009024008,G11000100009022030,110010009022030,1,1
G11000100009024009,110010009024009,G11000100009022018,110010009022018,1,1
G11000100009024010,110010009024010,G11000100009022019,110010009022019,1,1
G11000100009024011,110010009024011,G11000100009022029,110010009022029,1,1
G11000100009024012,110010009024012,G11000100009022028,110010009022028,1,1
G11000100009024013,110010009024013,G11000100009022027,110010009022027,1,1
G11000100009024014,110010009024014,G11000100009022022,110010009022022,1,1
G11000100009024015,110010009024015,G11000100009022021,110010009022021,1,1
G11000100009024016,110010009024016,G11000100009022026,110010009022026,1,1
G11000100009024017,110010009024017,G11000100009022031,110010009022031,1,1
G11000100009024018,110010009024018,G11000100009022032,110010009022032,1,1
G11000100009024019,110010009024019,G11000100009022025,110010009022025,1,1
G11000100009024020,110010009024020,G11000100009022039,110010009022039,1,1
G11000100009024021,110010009024021,G11000100009022020,110010009022020,1,1
G11000100009024022,110010009024022,G11000100009022033,110010009022033,1,1
G11000100009024023,110010009024023,G11000100009022024,110010009022024,1,1
G11000100009024024,110010009024024,G11000100009022023,110010009022023,1,1
G11000100009024025,110010009024025,G11000100009022036,110010009022036,1,1
G11000100009024026,110010009024026,G11000100009022035,110010009022035,1,1
G11000100009024027,110010009024027,G11000100009022034,110010009022034,1,1
G11000100009024998,110010009024998,G11000100009022010,110010009022010,0.410153451,0.410153451
G11000100009024998,110010009024998,G11000100009022011,110010009022011,0.589846549,0.589846549
G11000100009024999,110010009024999,G11000100009022012,110010009022012,1,1
G11000100010011000,110010010011000,G11000100010011000,110010010011000,1,1
G11000100010011001,110010010011001,G11000100010011001,110010010011001,1,1
G11000100010011002,110010010011002,G11000100010011002,110010010011002,1,1
G11000100010011003,110010010011003,G11000100010011003,110010010011003,1,1
G11000100010011004,110010010011004,G11000100010011004,110010010011004,1,1
G11000100010011005,110010010011005,G11000100010011005,110010010011005,0.3512526506,0.3514896342
G11000100010011005,110010010011005,G11000100010011006,110010010011006,0.6487473494,0.6485103658
G11000100010011006,110010010011006,G11000100010011007,110010010011007,0.6155796167,0.7004491114
G11000100010011006,110010010011006,G11000100010011009,110010010011009,0.3844203833,0.2995508886
G11000100010011007,110010010011007,G11000100010011008,110010010011008,1,1
G11000100010011008,110010010011008,G11000100010011012,110010010011012,1,1
G11000100010011009,110010010011009,G11000100010011011,110010010011011,1,1
G11000100010011010,110010010011010,G11000100010011010,110010010011010,1,1
G11000100010011011,110010010011011,G11000100010011013,110010010011013,1,1
G11000100010012000,110010010012000,G11000100010012000,110010010012000,1,1
G11000100010012001,110010010012001,G11000100010012001,110010010012001,1,1
G11000100010012002,110010010012002,G11000100010012002,110010010012002,1,1
G11000100010012003,110010010012003,G11000100010012003,110010010012003,1,1
G11000100010012004,110010010012004,G11000100010012004,110010010012004,1,1
G11000100010012005,110010010012005,G11000100010012005,110010010012005,1,1
G11000100010012006,110010010012006,G11000100010012006,110010010012006,1,1
G11000100010012007,110010010012007,G11000100010012007,110010010012007,1,1
G11000100010012008,110010010012008,G11000100010012016,110010010012016,1,1
G11000100010012009,110010010012009,G11000100010012015,110010010012015,1,1
G11000100010012010,110010010012010,G11000100010012008,110010010012008,1,1
G11000100010012011,110010010012011,G11000100010012010,110010010012010,1,1
G11000100010012012,110010010012012,G11000100010012011,110010010012011,1,1
G11000100010012013,110010010012013,G11000100010012012,110010010012012,1,1
G11000100010012014,110010010012014,G11000100010012013,110010010012013,1,1
G11000100010012015,110010010012015,G11000100010012009,110010010012009,1,1
G11000100010012016,110010010012016,G11000100010012014,110010010012014,1,1
G11000100010012017,110010010012017,G11000100010012017,110010010012017,1,1
G11000100010012018,110010010012018,G11000100010012018,110010010012018,1,1
G11000100010012019,110010010012019,G11000100010012019,110010010012019,1,1
G11000100010012020,110010010012020,G11000100010012026,110010010012026,1,1
G11000100010012021,110010010012021,G11000100010012025,110010010012025,1,1
G11000100010012022,110010010012022,G11000100010012024,110010010012024,1,1
G11000100010012023,110010010012023,G11000100010012029,110010010012029,1,1
G11000100010012024,110010010012024,G11000100010012030,110010010012030,1,1
G11000100010012025,110010010012025,G11000100010012021,110010010012021,0.7664069877,0
G11000100010012025,110010010012025,G11000100010012023,110010010012023,0.2335930123,1
G11000100010012026,110010010012026,G11000100010012020,110010010012020,1,1
G11000100010012027,110010010012027,G11000100010012022,110010010012022,1,1
G11000100010012028,110010010012028,G11000100010012031,110010010012031,1,1
G11000100010012029,110010010012029,G11000100010012032,110010010012032,1,1
G11000100010012030,110010010012030,G11000100010012027,110010010012027,1,1
G11000100010012031,110010010012031,G11000100010012028,110010010012028,1,1
G11000100010012032,110010010012032,G11000100010012021,110010010012021,0.1279976315,0
G11000100010012032,110010010012032,G11000100010012023,110010010012023,0.8720023685,1
G11000100010014000,110010010014000,G11000100010014000,110010010014000,1,1
G11000100010014001,110010010014001,G11000100010014001,110010010014001,1,1
G11000100010014002,110010010014002,G11000100010014002,110010010014002,1,1
G11000100010014003,110010010014003,G11000100010014004,110010010014004,1,1
G11000100010014004,110010010014004,G11000100010014005,110010010014005,1,1
G11000100010014005,110010010014005,G11000100010014006,110010010014006,1,1
G11000100010014006,110010010014006,G11000100010014003,110010010014003,1,1
G11000100010014007,110010010014007,G11000100010014008,110010010014008,1,1
G11000100010014008,110010010014008,G11000100010014007,110010010014007,1,1
G11000100010014009,110010010014009,G11000100010014018,110010010014018,1,1
G11000100010014010,110010010014010,G11000100010014017,110010010014017,1,1
G11000100010014011,110010010014011,G11000100010014009,110010010014009,1,1
G11000100010014012,110010010014012,G11000100010014010,110010010014010,1,1
G11000100010014013,110010010014013,G11000100010014011,110010010014011,1,1
G11000100010014014,110010010014014,G11000100010014012,110010010014012,1,1
G11000100010014015,110010010014015,G11000100010014013,110010010014013,1,1
G11000100010014016,110010010014016,G11000100010014014,110010010014014,1,1
G11000100010014017,110010010014017,G11000100010014015,110010010014015,1,1
G11000100010014018,110010010014018,G11000100010014016,110010010014016,1,1
G11000100010014019,110010010014019,G11000100010014019,110010010014019,1,1
G11000100010014020,110010010014020,G11000100010014024,110010010014024,1,1
G11000100010014021,110010010014021,G11000100010014021,110010010014021,1,1
G11000100010014022,110010010014022,G11000100010014020,110010010014020,1,1
G11000100010014023,110010010014023,G11000100010014022,110010010014022,1,1
G11000100010014024,110010010014024,G11000100010014025,110010010014025,1,1
G11000100010014025,110010010014025,G11000100010014023,110010010014023,1,1
G11000100010014026,110010010014026,G11000100010014028,110010010014028,1,1
G11000100010014027,110010010014027,G11000100010014026,110010010014026,1,1
G11000100010014028,110010010014028,G11000100010014027,110010010014027,1,1
G11000100010016000,110010010016000,G11000100010016000,110010010016000,1,1
G11000100010016001,110010010016001,G11000100010016001,110010010016001,1,1
G11000100010016002,110010010016002,G11000100010016002,110010010016002,1,1
G11000100010016003,110010010016003,G11000100010016003,110010010016003,1,1
G11000100010016004,110010010016004,G11000100010016004,110010010016004,1,1
G11000100010016005,110010010016005,G11000100010016009,110010010016009,1,1
G11000100010016006,110010010016006,G11000100010016008,110010010016008,1,1
G11000100010016007,110010010016007,G11000100010016010,110010010016010,1,1
G11000100010016008,110010010016008,G11000100010016011,110010010016011,1,1
G11000100010016009,110010010016009,G11000100010016012,110010010016012,1,1
G11000100010016010,110010010016010,G11000100010016013,110010010016013,1,1
G11000100010016011,110010010016011,G11000100010016007,110010010016007,1,1
G11000100010016012,110010010016012,G11000100010016006,110010010016006,1,1
G11000100010016013,110010010016013,G11000100010016005,110010010016005,1,1
G11000100010016014,110010010016014,G11000100010016019,110010010016019,1,1
G11000100010016015,110010010016015,G11000100010016014,110010010016014,1,1
G11000100010016016,110010010016016,G11000100010016015,110010010016015,1,1
G11000100010016017,110010010016017,G11000100010016016,110010010016016,1,1
G11000100010016018,110010010016018,G11000100010016017,110010010016017,1,1
G11000100010016019,110010010016019,G11000100010016018,110010010016018,1,1
G11000100010016020,110010010016020,G11000100010016021,110010010016021,1,1
G11000100010016021,110010010016021,G11000100010016020,110010010016020,1,1
G11000100010017000,110010010017000,G11000100010013000,110010010013000,1,1
G11000100010017001,110010010017001,G11000100010013001,110010010013001,1,1
G11000100010017002,110010010017002,G11000100010013002,110010010013002,1,1
G11000100010017003,110010010017003,G11000100010013003,110010010013003,1,1
G11000100010017004,110010010017004,G11000100010013004,110010010013004,1,1
G11000100010017005,110010010017005,G11000100010013005,110010010013005,1,1
G11000100010017006,110010010017006,G11000100010013006,110010010013006,1,1
G11000100010017007,110010010017007,G11000100010013007,110010010013007,1,1
G11000100010017008,110010010017008,G11000100010013008,110010010013008,1,1
G11000100010017009,110010010017009,G11000100010013009,110010010013009,1,1
G11000100010017010,110010010017010,G11000100010013010,110010010013010,1,1
G11000100010017011,110010010017011,G11000100010013011,110010010013011,1,1
G11000100010017012,110010010017012,G11000100010013016,110010010013016,1,1
G11000100010017013,110010010017013,G11000100010013015,110010010013015,1,1
G11000100010017014,110010010017014,G11000100010013014,110010010013014,1,1
G11000100010017015,110010010017015,G11000100010013012,110010010013012,1,1
G11000100010017016,110010010017016,G11000100010013013,110010010013013,1,1
G11000100010018000,110010010018000,G11000100010015001,110010010015001,1,1
G11000100010018001,110010010018001,G11000100010015000,110010010015000,1,1
G11000100010018002,110010010018002,G11000100010015005,110010010015005,1,1
G11000100010018003,110010010018003,G11000100010015004,110010010015004,1,1
G11000100010018004,110010010018004,G11000100010015003,110010010015003,1,1
G11000100010018005,110010010018005,G11000100010015002,110010010015002,1,1
G11000100010018006,110010010018006,G11000100010015010,110010010015010,1,1
G11000100010018007,110010010018007,G11000100010015009,110010010015009,1,1
G11000100010018008,110010010018008,G11000100010015008,110010010015008,1,1
G11000100010018009,110010010018009,G11000100010015007,110010010015007,1,1
G11000100010018010,110010010018010,G11000100010015006,110010010015006,1,1
G11000100010018011,110010010018011,G11000100010015014,110010010015014,1,1
G11000100010018012,110010010018012,G11000100010015015,110010010015015,1,1
G11000100010018013,110010010018013,G11000100010015016,110010010015016,1,1
G11000100010018014,110010010018014,G11000100010015013,110010010015013,1,1
G11000100010018015,110010010018015,G11000100010015012,110010010015012,1,1
G11000100010018016,110010010018016,G11000100010015011,110010010015011,1,1
G11000100010021000,110010010021000,G11000100010023000,110010010023000,1,1
G11000100010021001,110010010021001,G11000100010023001,110010010023001,1,1
G11000100010021002,110010010021002,G11000100010023002,110010010023002,1,1
G11000100010021003,110010010021003,G11000100010023003,110010010023003,1,1
G11000100010021004,110010010021004,G11000100010023004,110010010023004,1,1
G11000100010021005,110010010021005,G11000100010021000,110010010021000,0.5369078141,0.6770253261
G11000100010021005,110010010021005,G11000100010021002,110010010021002,0.013196593,0.0000608038
G11000100010021005,110010010021005,G11000100010023006,110010010023006,0.4401667797,0.3228867727
G11000100010021005,110010010021005,G11000100010023007,110010010023007,0.0097288132,0.0000270974
G11000100010021006,110010010021006,G11000100010023005,110010010023005,1,1
G11000100010021007,110010010021007,G11000100010021001,110010010021001,1,1
G11000100010022000,110010010022000,G11000100010022000,110010010022000,1,1
G11000100010022001,110010010022001,G11000100010022000,110010010022000,1,1
G11000100010022002,110010010022002,G11000100010022003,110010010022003,1,1
G11000100010022003,110010010022003,G11000100010022001,110010010022001,0.981954568,1
G11000100010022003,110010010022003,G11000100010022004,110010010022004,0.018045432,0
G11000100010022004,110010010022004,G11000100010022002,110010010022002,1,1
G11000100010022005,110010010022005,G11000100010022007,110010010022007,1,1
G11000100010022006,110010010022006,G11000100010022006,110010010022006,1,1
G11000100010022007,110010010022007,G11000100010022005,110010010022005,1,1
G11000100011001000,110010011001000,G11000100011001000,110010011001000,1,1
G11000100011001001,110010011001001,G11000100011001002,110010011001002,1,1
G11000100011001002,110010011001002,G11000100011001001,110010011001001,1,1
G11000100011001003,110010011001003,G11000100011001003,110010011001003,1,1
G11000100011001004,110010011001004,G11000100011001004,110010011001004,1,1
G11000100011001005,110010011001005,G11000100011001005,110010011001005,1,1
G11000100011001006,110010011001006,G11000100011001006,110010011001006,1,1
G11000100011001007,110010011001007,G11000100011001007,110010011001007,1,1
G11000100011001008,110010011001008,G11000100011001008,110010011001008,1,1
G11000100011001009,110010011001009,G11000100011001009,110010011001009,1,1
G11000100011001010,110010011001010,G11000100011001010,110010011001010,1,1
G11000100011001011,110010011001011,G11000100011001011,110010011001011,1,1
G11000100011001012,110010011001012,G11000100011001012,110010011001012,0.978956229,0.9225806452
G11000100011001012,110010011001012,G11000100011001015,110010011001015,0.021043771,0.0774193548
G11000100011001013,110010011001013,G11000100011001014,110010011001014,1,1
G11000100011001014,110010011001014,G11000100011001018,110010011001018,1,1
G11000100011001015,110010011001015,G11000100011001017,110010011001017,1,1
G11000100011001016,110010011001016,G11000100011001013,110010011001013,1,1
G11000100011001017,110010011001017,G11000100011001016,110010011001016,1,1
G11000100011001018,110010011001018,G11000100011001019,110010011001019,1,1
G11000100011001019,110010011001019,G11000100011001020,110010011001020,1,1
G11000100011001020,110010011001020,G11000100011001021,110010011001021,1,1
G11000100011001021,110010011001021,G11000100011001023,110010011001023,1,1
G11000100011001022,110010011001022,G11000100011001022,110010011001022,1,1
G11000100011003000,110010011003000,G11000100011003000,110010011003000,1,1
G11000100011003001,110010011003001,G11000100011003001,110010011003001,1,1
G11000100011003002,110010011003002,G11000100011003001,110010011003001,1,1
G11000100011003003,110010011003003,G11000100011003002,110010011003002,1,1
G11000100011003004,110010011003004,G11000100011003003,110010011003003,1,1
G11000100011003005,110010011003005,G11000100011003004,110010011003004,1,1
G11000100011003006,110010011003006,G11000100011003005,110010011003005,1,1
G11000100011003007,110010011003007,G11000100011003006,110010011003006,0.4209656312,0.4487379597
G11000100011003007,110010011003007,G11000100011003008,110010011003008,0.5790343688,0.5512620403
G11000100011003008,110010011003008,G11000100011003007,110010011003007,1,1
G11000100011003009,110010011003009,G11000100011003009,110010011003009,1,1
G11000100011004000,110010011004000,G11000100011004010,110010011004010,1,1
G11000100011004001,110010011004001,G11000100011004011,110010011004011,1,1
G11000100011004002,110010011004002,G11000100011004006,110010011004006,0.7639250148,1
G11000100011004002,110010011004002,G11000100011004013,110010011004013,0.2360749852,0
G11000100011004003,110010011004003,G11000100011004015,110010011004015,1,1
G11000100011004004,110010011004004,G11000100011004016,110010011004016,1,1
G11000100011004005,110010011004005,G11000100011004017,110010011004017,1,1
G11000100011004006,110010011004006,G11000100011004021,110010011004021,1,1
G11000100011004007,110010011004007,G11000100011004020,110010011004020,1,1
G11000100011004008,110010011004008,G11000100011004014,110010011004014,1,1
G11000100011004009,110010011004009,G11000100011004029,110010011004029,1,1
G11000100011004010,110010011004010,G11000100011004019,110010011004019,1,1
G11000100011004011,110010011004011,G11000100011004018,110010011004018,1,1
G11000100011004012,110010011004012,G11000100011004023,110010011004023,0.637312253,0
G11000100011004012,110010011004012,G11000100011004024,110010011004024,0.362687747,1
G11000100011004013,110010011004013,G11000100011004024,110010011004024,1,1
G11000100011004014,110010011004014,G11000100011004012,110010011004012,1,1
G11000100011004015,110010011004015,G11000100011004008,110010011004008,1,1
G11000100011004016,110010011004016,G11000100011004009,110010011004009,1,1
G11000100011004017,110010011004017,G11000100011004009,110010011004009,1,1
G11000100011004018,110010011004018,G11000100011004010,110010011004010,1,1
G11000100011004019,110010011004019,G11000100011004030,110010011004030,1,1
G11000100011004020,110010011004020,G11000100011004007,110010011004007,1,1
G11000100011004021,110010011004021,G11000100011004003,110010011004003,1,1
G11000100011004022,110010011004022,G11000100011004002,110010011004002,1,1
G11000100011004023,110010011004023,G11000100011004001,110010011004001,1,1
G11000100011004024,110010011004024,G11000100011004000,110010011004000,1,1
G11000100011004025,110010011004025,G11000100011004004,110010011004004,1,1
G11000100011004026,110010011004026,G11000100011004005,110010011004005,1,1
G11000100011004027,110010011004027,G11000100011004022,110010011004022,1,1
G11000100011004028,110010011004028,G11000100011004026,110010011004026,1,1
G11000100011004029,110010011004029,G11000100011004025,110010011004025,1,1
G11000100011004030,110010011004030,G11000100011004028,110010011004028,1,1
G11000100011004031,110010011004031,G11000100011004027,110010011004027,1,1
G11000100011005000,110010011005000,G11000100011002000,110010011002000,1,1
G11000100011005001,110010011005001,G11000100011002001,110010011002001,1,1
G11000100011005002,110010011005002,G11000100011002001,110010011002001,1,1
G11000100011005003,110010011005003,G11000100011002019,110010011002019,1,1
G11000100011005004,110010011005004,G11000100011002005,110010011002005,1,1
G11000100011005005,110010011005005,G11000100011002004,110010011002004,1,1
G11000100011005006,110010011005006,G11000100011002003,110010011002003,1,1
G11000100011005007,110010011005007,G11000100011002002,110010011002002,1,1
G11000100011005008,110010011005008,G11000100011002012,110010011002012,1,1
G11000100011005009,110010011005009,G11000100011002011,110010011002011,1,1
G11000100011005010,110010011005010,G11000100011002010,110010011002010,1,1
G11000100011005011,110010011005011,G11000100011002009,110010011002009,1,1
G11000100011005012,110010011005012,G11000100011002013,110010011002013,1,1
G11000100011005013,110010011005013,G11000100011002007,110010011002007,1,1
G11000100011005014,110010011005014,G11000100011002006,110010011002006,1,1
G11000100011005015,110010011005015,G11000100011002017,110010011002017,1,1
G11000100011005016,110010011005016,G11000100011002016,110010011002016,1,1
G11000100011005017,110010011005017,G11000100011002015,110010011002015,1,1
G11000100011005018,110010011005018,G11000100011002014,110010011002014,1,1
G11000100011005019,110010011005019,G11000100011002020,110010011002020,1,1
G11000100011005020,110010011005020,G11000100011002021,110010011002021,1,1
G11000100011005021,110010011005021,G11000100011002022,110010011002022,1,1
G11000100011005022,110010011005022,G11000100011002018,110010011002018,1,1
G11000100011005023,110010011005023,G11000100011002023,110010011002023,0.3512936783,0.4625196486
G11000100011005023,110010011005023,G11000100011002024,110010011002024,0.6487063217,0.5374803514
G11000100011005024,110010011005024,G11000100011002025,110010011002025,1,1
G11000100011005025,110010011005025,G11000100011002026,110010011002026,1,1
G11000100011005026,110010011005026,G11000100011002027,110010011002027,1,1
G11000100011005027,110010011005027,G11000100011002028,110010011002028,1,1
G11000100011005028,110010011005028,G11000100011002008,110010011002008,1,1
G11000100012001000,110010012001000,G11000100012001000,110010012001000,1,1
G11000100012001001,110010012001001,G11000100012001001,110010012001001,1,1
G11000100012001002,110010012001002,G11000100012001002,110010012001002,0.4428303068,0.2276490066
G11000100012001002,110010012001002,G11000100012001003,110010012001003,0.5571696932,0.7723509934
G11000100012001003,110010012001003,G11000100012001004,110010012001004,1,1
G11000100012001004,110010012001004,G11000100012001005,110010012001005,1,1
G11000100012001005,110010012001005,G11000100012001006,110010012001006,1,1
G11000100012001006,110010012001006,G11000100012001007,110010012001007,1,1
G11000100012001007,110010012001007,G11000100012001008,110010012001008,1,1
G11000100012001008,110010012001008,G11000100012001009,110010012001009,1,1
G11000100012001009,110010012001009,G11000100012001010,110010012001010,1,1
G11000100012001010,110010012001010,G11000100012001011,110010012001011,1,1
G11000100012001011,110010012001011,G11000100012001012,110010012001012,1,1
G11000100012001012,110010012001012,G11000100012001013,110010012001013,1,1
G11000100012001013,110010012001013,G11000100012001014,110010012001014,1,1
G11000100012001014,110010012001014,G11000100012001015,110010012001015,1,1
G11000100012002000,110010012002000,G11000100012002000,110010012002000,1,1
G11000100012002001,110010012002001,G11000100012002001,110010012002001,1,1
G11000100012002002,110010012002002,G11000100012002002,110010012002002,1,1
G11000100012002003,110010012002003,G11000100012002003,110010012002003,1,1
G11000100012002004,110010012002004,G11000100012002004,110010012002004,1,1
G11000100012002005,110010012002005,G11000100012002005,110010012002005,1,1
G11000100012002006,110010012002006,G11000100012002006,110010012002006,1,1
G11000100012002007,110010012002007,G11000100012002007,110010012002007,1,1
G11000100012002008,110010012002008,G11000100012002008,110010012002008,1,1
G11000100012003000,110010012003000,G11000100012003000,110010012003000,1,1
G11000100012003001,110010012003001,G11000100012003001,110010012003001,1,1
G11000100012003002,110010012003002,G11000100012003002,110010012003002,1,1
G11000100012003003,110010012003003,G11000100012003003,110010012003003,1,1
G11000100012003004,110010012003004,G11000100012003004,110010012003004,1,1
G11000100012003005,110010012003005,G11000100012003005,110010012003005,1,1
G11000100012003006,110010012003006,G11000100012003006,110010012003006,1,1
G11000100012003007,110010012003007,G11000100012003007,110010012003007,1,1
G11000100012003008,110010012003008,G11000100012003008,110010012003008,1,1
G11000100012003009,110010012003009,G11000100012003009,110010012003009,1,1
G11000100012003010,110010012003010,G11000100012003010,110010012003010,1,1
G11000100012003011,110010012003011,G11000100012003010,110010012003010,1,1
G11000100012004000,110010012004000,G11000100012004000,110010012004000,1,1
G11000100012004001,110010012004001,G11000100012004001,110010012004001,1,1
G11000100012004002,110010012004002,G11000100012004002,110010012004002,1,1
G11000100012004003,110010012004003,G11000100012004003,110010012004003,1,1
G11000100012004004,110010012004004,G11000100012004004,110010012004004,1,1
G11000100012004005,110010012004005,G11000100012004005,110010012004005,1,1
G11000100012004006,110010012004006,G11000100012004006,110010012004006,1,1
G11000100012004007,110010012004007,G11000100012004007,110010012004007,0.6500566251,0.6500566251
G11000100012004007,110010012004007,G11000100012004008,110010012004008,0.3499433749,0.3499433749
G11000100012004008,110010012004008,G11000100012004018,110010012004018,1,1
G11000100012004009,110010012004009,G11000100012004017,110010012004017,1,1
G11000100012004010,110010012004010,G11000100012004016,110010012004016,1,1
G11000100012004011,110010012004011,G11000100012004015,110010012004015,1,1
G11000100012004012,110010012004012,G11000100012004014,110010012004014,1,1
G11000100012004013,110010012004013,G11000100012004027,110010012004027,1,1
G11000100012004014,110010012004014,G11000100012004013,110010012004013,1,1
G11000100012004015,110010012004015,G11000100012004022,110010012004022,1,1
G11000100012004016,110010012004016,G11000100012004021,110010012004021,1,1
G11000100012004017,110010012004017,G11000100012004020,110010012004020,1,1
G11000100012004018,110010012004018,G11000100012004019,110010012004019,1,1
G11000100012004019,110010012004019,G11000100012004024,110010012004024,1,1
G11000100012004020,110010012004020,G11000100012004023,110010012004023,1,1
G11000100012004021,110010012004021,G11000100012004026,110010012004026,1,1
G11000100012004022,110010012004022,G11000100012004025,110010012004025,1,1
G11000100012004023,110010012004023,G11000100012004012,110010012004012,1,1
G11000100012004024,110010012004024,G11000100012004010,110010012004010,1,1
G11000100012004025,110010012004025,G11000100012004009,110010012004009,1,1
G11000100012004026,110010012004026,G11000100012004011,110010012004011,1,1
G11000100013011000,110010013011000,G11000100013011010,110010013011010,0.9636870242,0.9636870242
G11000100013011000,110010013011000,G11000100013011011,110010013011011,0,0
G11000100013011000,110010013011000,G11000100013011012,110010013011012,0.0355544408,0.0355544408
G11000100013011000,110010013011000,G11000100013011013,110010013011013,0.000758535,0.000758535
G11000100013011001,110010013011001,G11000100013011000,110010013011000,1,1
G11000100013011002,110010013011002,G11000100013011001,110010013011001,1,1
G11000100013011003,110010013011003,G11000100013011002,110010013011002,1,1
G11000100013011004,110010013011004,G11000100013011003,110010013011003,1,1
G11000100013011005,110010013011005,G11000100013011004,110010013011004,1,1
G11000100013011006,110010013011006,G11000100013011007,110010013011007,1,1
G11000100013011007,110010013011007,G11000100013011008,110010013011008,1,1
G11000100013011008,110010013011008,G11000100013011009,110010013011009,1,1
G11000100013011009,110010013011009,G11000100013011016,110010013011016,1,1
G11000100013011010,110010013011010,G11000100013011017,110010013011017,1,1
G11000100013011011,110010013011011,G11000100013011018,110010013011018,1,1
G11000100013011012,110010013011012,G11000100013011019,110010013011019,1,1
G11000100013011013,110010013011013,G11000100013011015,110010013011015,1,1
G11000100013011014,110010013011014,G11000100013011014,110010013011014,1,1
G11000100013011015,110010013011015,G11000100013011006,110010013011006,1,1
G11000100013011016,110010013011016,G11000100013011005,110010013011005,1,1
G11000100013015000,110010013015000,G11000100013012000,110010013012000,0.9939694046,0.9898285826
G11000100013015000,110010013015000,G11000100013012009,110010013012009,0.0060305954,0.0101714174
G11000100013015001,110010013015001,G11000100013012000,110010013012000,1,1
G11000100013015002,110010013015002,G11000100013012002,110010013012002,1,1
G11000100013015003,110010013015003,G11000100013012001,110010013012001,1,1
G11000100013015004,110010013015004,G11000100013012008,110010013012008,1,1
G11000100013015005,110010013015005,G11000100013012005,110010013012005,1,1
G11000100013015006,110010013015006,G11000100013012007,110010013012007,1,1
G11000100013015007,110010013015007,G11000100013012006,110010013012006,1,1
G11000100013015008,110010013015008,G11000100013012013,110010013012013,1,1
G11000100013015009,110010013015009,G11000100013012012,110010013012012,1,1
G11000100013015010,110010013015010,G11000100013012011,110010013012011,1,1
G11000100013015011,110010013015011,G11000100013012010,110010013012010,1,1
G11000100013015012,110010013015012,G11000100013012003,110010013012003,1,1
G11000100013015013,110010013015013,G11000100013012004,110010013012004,1,1
G11000100013017000,110010013017000,G11000100013013004,110010013013004,1,1
G11000100013017001,110010013017001,G11000100013013003,110010013013003,1,1
G11000100013017002,110010013017002,G11000100013013002,110010013013002,1,1
G11000100013017003,110010013017003,G11000100013013001,110010013013001,1,1
G11000100013017004,110010013017004,G11000100013013000,110010013013000,1,1
G11000100013017005,110010013017005,G11000100013013005,110010013013005,1,1
G11000100013017006,110010013017006,G11000100013013007,110010013013007,1,1
G11000100013017007,110010013017007,G11000100013013006,110010013013006,1,1
G11000100013021000,110010013021000,G11000100013023000,110010013023000,1,1
G11000100013021001,110010013021001,G11000100013021000,110010013021000,1,1
G11000100013021002,110010013021002,G11000100013021000,110010013021000,0.9909808741,0.8811809757
G11000100013021002,110010013021002,G11000100013021001,110010013021001,0.0090191259,0.1188190243
G11000100013021003,110010013021003,G11000100013021000,110010013021000,0.0056568424,0.0008105159
G11000100013021003,110010013021003,G11000100013021001,110010013021001,0.6429677969,0.9621284342
G11000100013021003,110010013021003,G11000100013023001,110010013023001,0.3513753607,0.03706105
G11000100013021004,110010013021004,G11000100013023003,110010013023003,1,1
G11000100013021005,110010013021005,G11000100013023005,110010013023005,0.8630513928,0.8547008547
G11000100013021005,110010013021005,G11000100013023007,110010013023007,0.1369486072,0.1452991453
G11000100013021006,110010013021006,G11000100013023006,110010013023006,1,1
G11000100013021007,110010013021007,G11000100013023011,110010013023011,1,1
G11000100013021008,110010013021008,G11000100013023002,110010013023002,1,1
G11000100013021009,110010013021009,G11000100013023008,110010013023008,1,1
G11000100013021010,110010013021010,G11000100013023009,110010013023009,1,1
G11000100013021011,110010013021011,G11000100013023010,110010013023010,1,1
G11000100013021012,110010013021012,G11000100013023004,110010013023004,1,1
G11000100013022000,110010013022000,G11000100013022001,110010013022001,1,1
G11000100013022001,110010013022001,G11000100013022002,110010013022002,1,1
G11000100013022002,110010013022002,G11000100013022000,110010013022000,1,1
G11000100013022003,110010013022003,G11000100013022003,110010013022003,1,1
G11000100013022004,110010013022004,G11000100013022005,110010013022005,1,1
G11000100013022005,110010013022005,G11000100013022004,110010013022004,0.9705526666,1
G11000100013022005,110010013022005,G11000100013022011,110010013022011,0.0294473334,0
G11000100013022006,110010013022006,G11000100013022006,110010013022006,1,1
G11000100013022007,110010013022007,G11000100013022007,110010013022007,0.7793255021,0.5873320537
G11000100013022007,110010013022007,G11000100013022009,110010013022009,0.2206744979,0.4126679463
G11000100013022008,110010013022008,G11000100013022008,110010013022008,1,1
G11000100013022009,110010013022009,G11000100013022011,110010013022011,1,1
G11000100013022010,110010013022010,G11000100013022010,110010013022010,1,1
G11000100014013000,110010014013000,G11000100014011000,110010014011000,1,1
G11000100014013001,110010014013001,G11000100014011001,110010014011001,1,1
G11000100014013002,110010014013002,G11000100014011002,110010014011002,1,1
G11000100014013003,110010014013003,G11000100014011003,110010014011003,1,1
G11000100014013004,110010014013004,G11000100014011004,110010014011004,1,1
G11000100014013005,110010014013005,G11000100014011005,110010014011005,1,1
G11000100014013006,110010014013006,G11000100014011006,110010014011006,1,1
G11000100014013007,110010014013007,G11000100014011006,110010014011006,1,1
G11000100014013008,110010014013008,G11000100014011007,110010014011007,1,1
G11000100014013009,110010014013009,G11000100014011008,110010014011008,1,1
G11000100014013010,110010014013010,G11000100014011009,110010014011009,1,1
G11000100014013011,110010014013011,G11000100014011010,110010014011010,1,1
G11000100014013012,110010014013012,G11000100014011011,110010014011011,1,1
G11000100014013013,110010014013013,G11000100014011012,110010014011012,1,1
G11000100014013014,110010014013014,G11000100014011013,110010014011013,1,1
G11000100014013015,110010014013015,G11000100014011014,110010014011014,1,1
G11000100014013016,110010014013016,G11000100014011015,110010014011015,1,1
G11000100014013017,110010014013017,G11000100014011016,110010014011016,1,1
G11000100014013018,110010014013018,G11000100014011019,110010014011019,1,1
G11000100014013019,110010014013019,G11000100014011017,110010014011017,1,1
G11000100014013020,110010014013020,G11000100014011018,110010014011018,1,1
G11000100014016000,110010014016000,G11000100014012000,110010014012000,0.977012396,0.8870967742
G11000100014016000,110010014016000,G11000100014012003,110010014012003,0.022987604,0.1129032258
G11000100014016001,110010014016001,G11000100014012002,110010014012002,1,1
G11000100014016002,110010014016002,G11000100014012001,110010014012001,1,1
G11000100014016003,110010014016003,G11000100014012005,110010014012005,1,1
G11000100014016004,110010014016004,G11000100014012004,110010014012004,1,1
G11000100014016005,110010014016005,G11000100014012007,110010014012007,1,1
G11000100014016006,110010014016006,G11000100014012006,110010014012006,1,1
G11000100014016007,110010014016007,G11000100014012014,110010014012014,1,1
G11000100014016008,110010014016008,G11000100014012013,110010014012013,1,1
G11000100014016009,110010014016009,G11000100014012008,110010014012008,1,1
G11000100014016010,110010014016010,G11000100014012009,110010014012009,0.6445623342,1
G11000100014016010,110010014016010,G11000100014012010,110010014012010,0.3554376658,0
G11000100014016011,110010014016011,G11000100014012011,110010014012011,1,1
G11000100014016012,110010014016012,G11000100014012012,110010014012012,1,1
G11000100014016013,110010014016013,G11000100014012020,110010014012020,1,1
G11000100014016014,110010014016014,G11000100014012019,110010014012019,1,1
G11000100014016015,110010014016015,G11000100014012018,110010014012018,1,1
G11000100014016016,110010014016016,G11000100014012017,110010014012017,1,1
G11000100014016017,110010014016017,G11000100014012016,110010014012016,1,1
G11000100014016018,110010014016018,G11000100014012015,110010014012015,1,1
G11000100014021000,110010014021000,G11000100014021014,110010014021014,1,1
G11000100014021001,110010014021001,G11000100014021005,110010014021005,1,1
G11000100014021002,110010014021002,G11000100014021006,110010014021006,1,1
G11000100014021003,110010014021003,G11000100014021000,110010014021000,1,1
G11000100014021004,110010014021004,G11000100014021001,110010014021001,1,1
G11000100014021005,110010014021005,G11000100014021002,110010014021002,1,1
G11000100014021006,110010014021006,G11000100014021003,110010014021003,1,1
G11000100014021007,110010014021007,G11000100014021004,110010014021004,1,1
G11000100014021008,110010014021008,G11000100014021013,110010014021013,1,1
G11000100014021009,110010014021009,G11000100014021015,110010014021015,1,1
G11000100014021010,110010014021010,G11000100014021007,110010014021007,1,1
G11000100014021011,110010014021011,G11000100014021008,110010014021008,1,1
G11000100014021012,110010014021012,G11000100014021009,110010014021009,1,1
G11000100014021013,110010014021013,G11000100014021010,110010014021010,1,1
G11000100014021014,110010014021014,G11000100014021011,110010014021011,1,1
G11000100014021015,110010014021015,G11000100014021012,110010014021012,1,1
G11000100014022000,110010014022000,G11000100014022000,110010014022000,1,1
G11000100014022001,110010014022001,G11000100014022001,110010014022001,1,1
G11000100014022002,110010014022002,G11000100014022006,110010014022006,1,1
G11000100014022003,110010014022003,G11000100014022002,110010014022002,1,1
G11000100014022004,110010014022004,G11000100014022003,110010014022003,1,1
G11000100014022005,110010014022005,G11000100014022007,110010014022007,1,1
G11000100014022006,110010014022006,G11000100014023007,110010014023007,0.5393608854,0.6724698579
G11000100014022006,110010014022006,G11000100014023009,110010014023009,0.4606391146,0.3275301421
G11000100014022007,110010014022007,G11000100014023010,110010014023010,1,1
G11000100014022008,110010014022008,G11000100014023008,110010014023008,1,1
G11000100014022009,110010014022009,G11000100014023006,110010014023006,1,1
G11000100014022010,110010014022010,G11000100014023003,110010014023003,1,1
G11000100014022011,110010014022011,G11000100014022004,110010014022004,1,1
G11000100014022012,110010014022012,G11000100014022005,110010014022005,1,1
G11000100014022013,110010014022013,G11000100014023002,110010014023002,1,1
G11000100014022014,110010014022014,G11000100014023001,110010014023001,1,1
G11000100014022015,110010014022015,G11000100014023000,110010014023000,1,1
G11000100014022016,110010014022016,G11000100014023004,110010014023004,1,1
G11000100014022017,110010014022017,G11000100014023005,110010014023005,1,1
G11000100015001000,110010015001000,G11000100015001000,110010015001000,1,1
G11000100015001001,110010015001001,G11000100015001002,110010015001002,0.6866831073,0.6866831073
G11000100015001001,110010015001001,G11000100015001003,110010015001003,0.3133168927,0.3133168927
G11000100015001002,110010015001002,G11000100015001002,110010015001002,0.0205790621,0.0205790621
G11000100015001002,110010015001002,G11000100015001004,110010015001004,0.0027766277,0.0027766277
G11000100015001002,110010015001002,G11000100015001005,110010015001005,0.9766443101,0.9766443101
G11000100015001003,110010015001003,G11000100015001002,110010015001002,0.6256103754,0.6256103754
G11000100015001003,110010015001003,G11000100015001004,110010015001004,0.3743896246,0.3743896246
G11000100015001004,110010015001004,G11000100015001007,110010015001007,1,1
G11000100015001005,110010015001005,G11000100015001006,110010015001006,1,1
G11000100015001006,110010015001006,G11000100015001015,110010015001015,1,1
G11000100015001007,110010015001007,G11000100015001014,110010015001014,1,1
G11000100015001008,110010015001008,G11000100015001009,110010015001009,1,1
G11000100015001009,110010015001009,G11000100015001008,110010015001008,1,1
G11000100015001010,110010015001010,G11000100015001010,110010015001010,1,1
G11000100015001011,110010015001011,G11000100015001011,110010015001011,1,1
G11000100015001012,110010015001012,G11000100015001012,110010015001012,1,1
G11000100015001013,110010015001013,G11000100015001013,110010015001013,1,1
G11000100015001014,110010015001014,G11000100015001018,110010015001018,1,1
G11000100015001015,110010015001015,G11000100015001001,110010015001001,0.0003759696,0.0003759696
G11000100015001015,110010015001015,G11000100015001017,110010015001017,0.6682159518,0.6682159518
G11000100015001015,110010015001015,G11000100015001019,110010015001019,0,0
G11000100015001015,110010015001015,G11000100015001020,110010015001020,0.0004122951,0.0004122951
G11000100015001015,110010015001015,G11000100015001021,110010015001021,0.3309957835,0.3309957835
G11000100015001016,110010015001016,G11000100015001016,110010015001016,0.3699737489,0.3699737489
G11000100015001016,110010015001016,G11000100015001019,110010015001019,0,0
G11000100015001016,110010015001016,G11000100015001030,110010015001030,0.429872078,0.429872078
G11000100015001016,110010015001016,G11000100015001035,110010015001035,0.2001541731,0.2001541731
G11000100015001017,110010015001017,G11000100015001030,110010015001030,0.6821705426,0.6821705426
G11000100015001017,110010015001017,G11000100015001035,110010015001035,0.3178294574,0.3178294574
G11000100015001018,110010015001018,G11000100015001029,110010015001029,1,1
G11000100015001019,110010015001019,G11000100015001022,110010015001022,1,1
G11000100015001020,110010015001020,G11000100015001023,110010015001023,1,1
G11000100015001021,110010015001021,G11000100015001024,110010015001024,1,1
G11000100015001022,110010015001022,G11000100015001025,110010015001025,1,1
G11000100015001023,110010015001023,G11000100015001026,110010015001026,1,1
G11000100015001024,110010015001024,G11000100015001027,110010015001027,1,1
G11000100015001025,110010015001025,G11000100015001028,110010015001028,1,1
G11000100015001026,110010015001026,G11000100015001033,110010015001033,1,1
G11000100015001027,110010015001027,G11000100015001031,110010015001031,0.8731830864,0.7442622951
G11000100015001027,110010015001027,G11000100015001032,110010015001032,0.1268169136,0.2557377049
G11000100015001028,110010015001028,G11000100015001034,110010015001034,1,1
G11000100015003000,110010015003000,G11000100015003000,110010015003000,0.4584990842,0.346901199
G11000100015003000,110010015003000,G11000100015003009,110010015003009,0.5415009158,0.653098801
G11000100015003001,110010015003001,G11000100015003001,110010015003001,1,1
G11000100015003002,110010015003002,G11000100015003002,110010015003002,1,1
G11000100015003003,110010015003003,G11000100015003003,110010015003003,1,1
G11000100015003004,110010015003004,G11000100015003004,110010015003004,1,1
G11000100015003005,110010015003005,G11000100015003005,110010015003005,1,1
G11000100015003006,110010015003006,G11000100015003006,110010015003006,1,1
G11000100015003007,110010015003007,G11000100015003007,110010015003007,1,1
G11000100015003008,110010015003008,G11000100015003008,110010015003008,1,1
G11000100015003009,110010015003009,G11000100015003011,110010015003011,1,1
G11000100015003010,110010015003010,G11000100015003010,110010015003010,1,1
G11000100015004000,110010015004000,G11000100015004000,110010015004000,0.4701620025,0.2173038229
G11000100015004000,110010015004000,G11000100015004010,110010015004010,0.5298379975,0.7826961771
G11000100015004001,110010015004001,G11000100015004002,110010015004002,1,1
G11000100015004002,110010015004002,G11000100015004011,110010015004011,1,1
G11000100015004003,110010015004003,G11000100015004007,110010015004007,1,1
G11000100015004004,110010015004004,G11000100015004001,110010015004001,1,1
G11000100015004005,110010015004005,G11000100015004003,110010015004003,1,1
G11000100015004006,110010015004006,G11000100015004004,110010015004004,1,1
G11000100015004007,110010015004007,G11000100015004005,110010015004005,1,1
G11000100015004008,110010015004008,G11000100015004006,110010015004006,1,1
G11000100015004009,110010015004009,G11000100015004014,110010015004014,1,1
G11000100015004010,110010015004010,G11000100015004013,110010015004013,1,1
G11000100015004011,110010015004011,G11000100015004012,110010015004012,1,1
G11000100015004012,110010015004012,G11000100015004016,110010015004016,1,1
G11000100015004013,110010015004013,G11000100015004015,110010015004015,1,1
G11000100015004014,110010015004014,G11000100015004008,110010015004008,1,1
G11000100015004015,110010015004015,G11000100015004009,110010015004009,1,1
G11000100015005000,110010015005000,G11000100015005000,110010015005000,1,1
G11000100015005001,110010015005001,G11000100015005001,110010015005001,1,1
G11000100015005002,110010015005002,G11000100015005002,110010015005002,1,1
G11000100015005003,110010015005003,G11000100015005003,110010015005003,1,1
G11000100015005004,110010015005004,G11000100015005004,110010015005004,1,1
G11000100015005005,110010015005005,G11000100015005005,110010015005005,1,1
G11000100015005006,110010015005006,G11000100015005006,110010015005006,1,1
G11000100015005007,110010015005007,G11000100015005007,110010015005007,1,1
G11000100015005008,110010015005008,G11000100015005008,110010015005008,1,1
G11000100015005009,110010015005009,G11000100015005009,110010015005009,1,1
G11000100015005010,110010015005010,G11000100015005010,110010015005010,1,1
G11000100015006000,110010015006000,G11000100015002000,110010015002000,1,1
G11000100015006001,110010015006001,G11000100015002001,110010015002001,1,1
G11000100015006002,110010015006002,G11000100015002002,110010015002002,1,1
G11000100015006003,110010015006003,G11000100015002003,110010015002003,0.6944415449,0.602484472
G11000100015006003,110010015006003,G11000100015002004,110010015002004,0.3055584551,0.397515528
G11000100015006004,110010015006004,G11000100015002005,110010015002005,1,1
G11000100015006005,110010015006005,G11000100015002006,110010015002006,1,1
G11000100015006006,110010015006006,G11000100015002007,110010015002007,1,1
G11000100015006007,110010015006007,G11000100015002008,110010015002008,1,1
G11000100015006008,110010015006008,G11000100015002009,110010015002009,1,1
G11000100015006009,110010015006009,G11000100015002010,110010015002010,1,1
G11000100015006010,110010015006010,G11000100015002011,110010015002011,1,1
G11000100015006011,110010015006011,G11000100015002012,110010015002012,1,1
G11000100015006012,110010015006012,G11000100015002013,110010015002013,1,1
G11000100015006013,110010015006013,G11000100015002014,110010015002014,1,1
G11000100016001000,110010016001000,G11000100016001013,110010016001013,1,1
G11000100016001001,110010016001001,G11000100016001008,110010016001008,1,1
G11000100016001002,110010016001002,G11000100016001006,110010016001006,1,1
G11000100016001003,110010016001003,G11000100016001003,110010016001003,1,1
G11000100016001004,110010016001004,G11000100016001001,110010016001001,1,1
G11000100016001005,110010016001005,G11000100016001000,110010016001000,1,1
G11000100016001006,110010016001006,G11000100016001002,110010016001002,1,1
G11000100016001007,110010016001007,G11000100016001004,110010016001004,1,1
G11000100016001008,110010016001008,G11000100016001005,110010016001005,1,1
G11000100016001009,110010016001009,G11000100016001011,110010016001011,1,1
G11000100016001010,110010016001010,G11000100016001010,110010016001010,1,1
G11000100016001011,110010016001011,G11000100016001007,110010016001007,1,1
G11000100016001012,110010016001012,G11000100016001009,110010016001009,1,1
G11000100016001013,110010016001013,G11000100016001017,110010016001017,1,1
G11000100016001014,110010016001014,G11000100016001012,110010016001012,1,1
G11000100016001015,110010016001015,G11000100016001019,110010016001019,1,1
G11000100016001016,110010016001016,G11000100016001018,110010016001018,1,1
G11000100016001017,110010016001017,G11000100016001016,110010016001016,1,1
G11000100016001018,110010016001018,G11000100016001015,110010016001015,1,1
G11000100016001019,110010016001019,G11000100016001014,110010016001014,1,1
G11000100016001020,110010016001020,G11000100016001022,110010016001022,1,1
G11000100016001021,110010016001021,G11000100016001021,110010016001021,1,1
G11000100016001022,110010016001022,G11000100016001020,110010016001020,1,1
G11000100016002000,110010016002000,G11000100016002000,110010016002000,0.0400656669,0
G11000100016002000,110010016002000,G11000100016002001,110010016002001,0.9599343331,1
G11000100016002001,110010016002001,G11000100016002002,110010016002002,1,1
G11000100016002002,110010016002002,G11000100016002007,110010016002007,1,1
G11000100016002003,110010016002003,G11000100016002003,110010016002003,1,1
G11000100016002004,110010016002004,G11000100016002004,110010016002004,1,1
G11000100016002005,110010016002005,G11000100016002005,110010016002005,1,1
G11000100016002006,110010016002006,G11000100016002006,110010016002006,1,1
G11000100016002007,110010016002007,G11000100016002009,110010016002009,1,1
G11000100016002008,110010016002008,G11000100016002010,110010016002010,1,1
G11000100016002009,110010016002009,G11000100016002011,110010016002011,1,1
G11000100016002010,110010016002010,G11000100016002012,110010016002012,1,1
G11000100016002011,110010016002011,G11000100016002008,110010016002008,1,1
G11000100016003000,110010016003000,G11000100016003000,110010016003000,1,1
G11000100016003001,110010016003001,G11000100016003001,110010016003001,1,1
G11000100016003002,110010016003002,G11000100016003002,110010016003002,1,1
G11000100016003003,110010016003003,G11000100016003003,110010016003003,1,1
G11000100016003004,110010016003004,G11000100016003004,110010016003004,1,1
G11000100016003005,110010016003005,G11000100016003005,110010016003005,1,1
G11000100016003006,110010016003006,G11000100016003006,110010016003006,1,1
G11000100016003007,110010016003007,G11000100016003007,110010016003007,1,1
G11000100016003008,110010016003008,G11000100016003008,110010016003008,1,1
G11000100016003009,110010016003009,G11000100016003009,110010016003009,1,1
G11000100016003010,110010016003010,G11000100016003010,110010016003010,1,1
G11000100016003011,110010016003011,G11000100016003011,110010016003011,1,1
G11000100016003012,110010016003012,G11000100016003012,110010016003012,1,1
G11000100016003013,110010016003013,G11000100016003013,110010016003013,1,1
G11000100016003014,110010016003014,G11000100016003014,110010016003014,1,1
G11000100016003015,110010016003015,G11000100016003015,110010016003015,1,1
G11000100016004000,110010016004000,G11000100016004018,110010016004018,1,1
G11000100016004001,110010016004001,G11000100016004017,110010016004017,1,1
G11000100016004002,110010016004002,G11000100016004016,110010016004016,1,1
G11000100016004003,110010016004003,G11000100016004022,110010016004022,1,1
G11000100016004004,110010016004004,G11000100016004023,110010016004023,1,1
G11000100016004005,110010016004005,G11000100016004021,110010016004021,1,1
G11000100016004006,110010016004006,G11000100016004015,110010016004015,1,1
G11000100016004007,110010016004007,G11000100016004000,110010016004000,1,1
G11000100016004008,110010016004008,G11000100016004011,110010016004011,0.999572434,1
G11000100016004008,110010016004008,G11000100016004013,110010016004013,0,0
G11000100016004008,110010016004008,G11000100016004014,110010016004014,0,0
G11000100016004008,110010016004008,G11000100016004031,110010016004031,0.000427566,0
G11000100016004009,110010016004009,G11000100016004029,110010016004029,1,1
G11000100016004010,110010016004010,G11000100016004020,110010016004020,1,1
G11000100016004011,110010016004011,G11000100016004012,110010016004012,1,1
G11000100016005000,110010016005000,G11000100016004000,110010016004000,0.8809763381,0.6794809646
G11000100016005000,110010016005000,G11000100016004010,110010016004010,0.1190236619,0.3205190354
G11000100016005001,110010016005001,G11000100016004005,110010016004005,1,1
G11000100016005002,110010016005002,G11000100016004006,110010016004006,1,1
G11000100016005003,110010016005003,G11000100016004036,110010016004036,1,1
G11000100016005004,110010016005004,G11000100016004037,110010016004037,1,1
G11000100016005005,110010016005005,G11000100016004003,110010016004003,1,1
G11000100016005006,110010016005006,G11000100016004008,110010016004008,1,1
G11000100016005007,110010016005007,G11000100016004019,110010016004019,1,1
G11000100016005008,110010016005008,G11000100016004004,110010016004004,1,1
G11000100016005009,110010016005009,G11000100016004000,110010016004000,0.006722653,0.0873837666
G11000100016005009,110010016005009,G11000100016004002,110010016004002,0.9826241973,0.9126162334
G11000100016005009,110010016005009,G11000100016004007,110010016004007,0.0106531498,0
G11000100016005010,110010016005010,G11000100016004009,110010016004009,1,1
G11000100016005011,110010016005011,G11000100016004001,110010016004001,1,1
G11000100016005012,110010016005012,G11000100016004024,110010016004024,1,1
G11000100016005013,110010016005013,G11000100016004025,110010016004025,0.9981131813,1
G11000100016005013,110010016005013,G11000100016004030,110010016004030,0.0018868187,0
G11000100016005014,110010016005014,G11000100016004027,110010016004027,0.9637366969,1
G11000100016005014,110010016005014,G11000100016004038,110010016004038,0.0362633031,0
G11000100016005015,110010016005015,G11000100016004028,110010016004028,1,1
G11000100016005016,110010016005016,G11000100016004026,110010016004026,1,1
G11000100016005017,110010016005017,G11000100016004035,110010016004035,1,1
G11000100016005018,110010016005018,G11000100016004033,110010016004033,1,1
G11000100016005019,110010016005019,G11000100016004034,110010016004034,1,1
G11000100016005020,110010016005020,G11000100016004000,110010016004000,1,1
G11000100016005021,110010016005021,G11000100016004032,110010016004032,1,1
G11000100017011000,110010017011000,G11000100103002011,110010103002011,1,1
G11000100017011001,110010017011001,G11000100103002009,110010103002009,1,1
G11000100017011002,110010017011002,G11000100103002010,110010103002010,1,1
G11000100017011003,110010017011003,G11000100103002004,110010103002004,1,1
G11000100017011004,110010017011004,G11000100103002003,110010103002003,1,1
G11000100017011005,110010017011005,G11000100103002001,110010103002001,1,1
G11000100017011006,110010017011006,G11000100103002000,110010103002000,1,1
G11000100017011007,110010017011007,G11000100103002008,110010103002008,1,1
G11000100017011008,110010017011008,G11000100103002002,110010103002002,1,1
G11000100017011009,110010017011009,G11000100103002006,110010103002006,1,1
G11000100017011010,110010017011010,G11000100103002006,110010103002006,1,1
G11000100017011011,110010017011011,G11000100103002007,110010103002007,1,1
G11000100017011012,110010017011012,G11000100103002007,110010103002007,1,1
G11000100017011013,110010017011013,G11000100103002013,110010103002013,1,1
G11000100017011014,110010017011014,G11000100103002012,110010103002012,1,1
G11000100017011015,110010017011015,G11000100103002005,110010103002005,1,1
G11000100017015000,110010017015000,G11000100103003000,110010103003000,1,1
G11000100017015001,110010017015001,G11000100103003001,110010103003001,1,1
G11000100017015002,110010017015002,G11000100103003002,110010103003002,1,1
G11000100017015003,110010017015003,G11000100103003003,110010103003003,1,1
G11000100017015004,110010017015004,G11000100103003007,110010103003007,1,1
G11000100017015005,110010017015005,G11000100103003006,110010103003006,1,1
G11000100017015006,110010017015006,G11000100103003005,110010103003005,1,1
G11000100017015007,110010017015007,G11000100103003008,110010103003008,1,1
G11000100017015008,110010017015008,G11000100103003009,110010103003009,1,1
G11000100017015009,110010017015009,G11000100103003004,110010103003004,1,1
G11000100017015010,110010017015010,G11000100103003012,110010103003012,1,1
G11000100017015011,110010017015011,G11000100103003010,110010103003010,1,1
G11000100017015012,110010017015012,G11000100103003011,110010103003011,1,1
G11000100017016000,110010017016000,G11000100103001014,110010103001014,1,1
G11000100017016001,110010017016001,G11000100103001013,110010103001013,1,1
G11000100017016002,110010017016002,G11000100103001012,110010103001012,1,1
G11000100017016003,110010017016003,G11000100103001015,110010103001015,1,1
G11000100017016004,110010017016004,G11000100103001016,110010103001016,0.5474298733,0.6832061069
G11000100017016004,110010017016004,G11000100103001017,110010103001017,0.4525701267,0.3167938931
G11000100017021000,110010017021000,G11000100017021000,110010017021000,1,1
G11000100017021001,110010017021001,G11000100017021001,110010017021001,1,1
G11000100017021002,110010017021002,G11000100017021001,110010017021001,1,1
G11000100017021003,110010017021003,G11000100017021003,110010017021003,1,1
G11000100017021004,110010017021004,G11000100017021004,110010017021004,1,1
G11000100017021005,110010017021005,G11000100017021002,110010017021002,1,1
G11000100017021006,110010017021006,G11000100017021008,110010017021008,1,1
G11000100017021007,110010017021007,G11000100017021009,110010017021009,1,1
G11000100017021008,110010017021008,G11000100017021010,110010017021010,1,1
G11000100017021009,110010017021009,G11000100017021011,110010017021011,1,1
G11000100017021010,110010017021010,G11000100017021012,110010017021012,1,1
G11000100017021011,110010017021011,G11000100017021013,110010017021013,1,1
G11000100017021012,110010017021012,G11000100017021014,110010017021014,1,1
G11000100017021013,110010017021013,G11000100017021005,110010017021005,1,1
G11000100017021014,110010017021014,G11000100017021006,110010017021006,1,1
G11000100017021015,110010017021015,G11000100017021007,110010017021007,1,1
G11000100017021016,110010017021016,G11000100017021015,110010017021015,1,1
G11000100017021017,110010017021017,G11000100017021016,110010017021016,1,1
G11000100017021018,110010017021018,G11000100017021017,110010017021017,1,1
G11000100017021019,110010017021019,G11000100017021018,110010017021018,1,1
G11000100017021020,110010017021020,G11000100017021019,110010017021019,1,1
G11000100017021021,110010017021021,G11000100017021020,110010017021020,1,1
G11000100017021022,110010017021022,G11000100017021022,110010017021022,1,1
G11000100017021023,110010017021023,G11000100017021021,110010017021021,1,1
G11000100017021024,110010017021024,G11000100017021029,110010017021029,1,1
G11000100017021025,110010017021025,G11000100017021028,110010017021028,1,1
G11000100017021026,110010017021026,G11000100017021027,110010017021027,1,1
G11000100017021027,110010017021027,G11000100017021026,110010017021026,1,1
G11000100017021028,110010017021028,G11000100017021025,110010017021025,1,1
G11000100017021029,110010017021029,G11000100017021024,110010017021024,1,1
G11000100017021030,110010017021030,G11000100017021023,110010017021023,1,1
G11000100017022000,110010017022000,G11000100017022021,110010017022021,1,1
G11000100017022001,110010017022001,G11000100017022014,110010017022014,1,1
G11000100017022002,110010017022002,G11000100017022006,110010017022006,1,1
G11000100017022003,110010017022003,G11000100017022005,110010017022005,1,1
G11000100017022004,110010017022004,G11000100017022004,110010017022004,1,1
G11000100017022005,110010017022005,G11000100017022003,110010017022003,1,1
G11000100017022006,110010017022006,G11000100017022002,110010017022002,1,1
G11000100017022007,110010017022007,G11000100017022000,110010017022000,1,1
G11000100017022008,110010017022008,G11000100017022000,110010017022000,1,1
G11000100017022009,110010017022009,G11000100017022001,110010017022001,1,1
G11000100017022010,110010017022010,G11000100017022010,110010017022010,1,1
G11000100017022011,110010017022011,G11000100017022004,110010017022004,0.018493088,1
G11000100017022011,110010017022011,G11000100017022009,110010017022009,0.981506912,0
G11000100017022012,110010017022012,G11000100017022008,110010017022008,1,1
G11000100017022013,110010017022013,G11000100017022007,110010017022007,1,1
G11000100017022014,110010017022014,G11000100017022019,110010017022019,1,1
G11000100017022015,110010017022015,G11000100017022013,110010017022013,1,1
G11000100017022016,110010017022016,G11000100017022022,110010017022022,1,1
G11000100017022017,110010017022017,G11000100017022020,110010017022020,1,1
G11000100017022018,110010017022018,G11000100017022012,110010017022012,0.4174984336,0.583702414
G11000100017022018,110010017022018,G11000100017022015,110010017022015,0.5825015664,0.416297586
G11000100017022019,110010017022019,G11000100017022018,110010017022018,1,1
G11000100017022020,110010017022020,G11000100017022011,110010017022011,1,1
G11000100017022021,110010017022021,G11000100017022016,110010017022016,1,1
G11000100017022022,110010017022022,G11000100017022017,110010017022017,1,1
G11000100018011000,110010018011000,G11000100103001000,110010103001000,0.0631773163,0.0631773163
G11000100018011000,110010018011000,G11000100103001001,110010103001001,0.1621786606,0.1621786606
G11000100018011000,110010018011000,G11000100103001002,110010103001002,0.2213640978,0.2213640978
G11000100018011000,110010018011000,G11000100103001005,110010103001005,0.5532799254,0.5532799254
G11000100018011001,110010018011001,G11000100103001003,110010103001003,1,1
G11000100018011002,110010018011002,G11000100103001004,110010103001004,0.184239079,0.0464804068
G11000100018011002,110010018011002,G11000100103001005,110010103001005,0.2855290964,0.0907210052
G11000100018011002,110010018011002,G11000100103001006,110010103001006,0.0393502602,0.0129578382
G11000100018011002,110010018011002,G11000100103001007,110010103001007,0.0596246649,0.019634161
G11000100018011002,110010018011002,G11000100103001008,110010103001008,0.1665730957,0.048246944
G11000100018011002,110010018011002,G11000100103001009,110010103001009,0.1710928876,0.7433417137
G11000100018011002,110010018011002,G11000100103001010,110010103001010,0.0284245387,0.0093602682
G11000100018011002,110010018011002,G11000100103001011,110010103001011,0.0651663775,0.029257663
G11000100018035000,110010018035000,G11000100018031000,110010018031000,1,1
G11000100018035001,110010018035001,G11000100018031001,110010018031001,1,1
G11000100018035002,110010018035002,G11000100018031007,110010018031007,0.9998588259,1
G11000100018035002,110010018035002,G11000100018031010,110010018031010,0.0001411741,0
G11000100018035002,110010018035002,G11000100018031012,110010018031012,0,0
G11000100018035003,110010018035003,G11000100018031013,110010018031013,0,0
G11000100018035003,110010018035003,G11000100018031014,110010018031014,1,1
G11000100018035004,110010018035004,G11000100018031009,110010018031009,1,1
G11000100018035005,110010018035005,G11000100018031008,110010018031008,0.2367270222,0.022576905
G11000100018035005,110010018035005,G11000100018031011,110010018031011,0.7254646478,0.9645983514
G11000100018035005,110010018035005,G11000100018031015,110010018031015,0.03780833,0.0128247436
G11000100018035006,110010018035006,G11000100018031006,110010018031006,1,1
G11000100018035007,110010018035007,G11000100018031003,110010018031003,1,1
G11000100018035008,110010018035008,G11000100018031002,110010018031002,1,1
G11000100018035009,110010018035009,G11000100018031004,110010018031004,1,1
G11000100018035010,110010018035010,G11000100018031005,110010018031005,1,1
G11000100018036000,110010018036000,G11000100018032000,110010018032000,1,1
G11000100018036001,110010018036001,G11000100018032001,110010018032001,1,1
G11000100018036002,110010018036002,G11000100018032002,110010018032002,1,1
G11000100018036003,110010018036003,G11000100018032003,110010018032003,1,1
G11000100018036004,110010018036004,G11000100018032004,110010018032004,1,1
G11000100018036005,110010018036005,G11000100018032005,110010018032005,0.8538698781,1
G11000100018036005,110010018036005,G11000100018032006,110010018032006,0.1461301219,0
G11000100018042000,110010018042000,G11000100018042000,110010018042000,1,1
G11000100018042001,110010018042001,G11000100018042001,110010018042001,1,1
G11000100018042002,110010018042002,G11000100018042002,110010018042002,1,1
G11000100018042003,110010018042003,G11000100018042003,110010018042003,1,1
G11000100018042004,110010018042004,G11000100018042003,110010018042003,1,1
G11000100018042005,110010018042005,G11000100018042005,110010018042005,0.0429441299,0.0429441299
G11000100018042005,110010018042005,G11000100018042006,110010018042006,0.9570558701,0.9570558701
G11000100018042006,110010018042006,G11000100018042004,110010018042004,1,1
G11000100018042007,110010018042007,G11000100018042009,110010018042009,0.1397161703,0
G11000100018042007,110010018042007,G11000100018042010,110010018042010,0.8602838297,1
G11000100018042008,110010018042008,G11000100018042008,110010018042008,1,1
G11000100018042009,110010018042009,G11000100018042007,110010018042007,1,1
G11000100018042010,110010018042010,G11000100018042011,110010018042011,1,1
G11000100018042011,110010018042011,G11000100018042012,110010018042012,1,1
G11000100018042012,110010018042012,G11000100018042014,110010018042014,1,1
G11000100018042013,110010018042013,G11000100018042013,110010018042013,1,1
G11000100018042014,110010018042014,G11000100018042015,110010018042015,0.8090166326,1
G11000100018042014,110010018042014,G11000100018042016,110010018042016,0.1909833674,0
G11000100018043000,110010018043000,G11000100018043000,110010018043000,1,1
G11000100018043001,110010018043001,G11000100018043001,110010018043001,1,1
G11000100018043002,110010018043002,G11000100018043002,110010018043002,1,1
G11000100018043003,110010018043003,G11000100018043004,110010018043004,0.8245207621,0.8373722776
G11000100018043003,110010018043003,G11000100018043005,110010018043005,0.1754792379,0.1626277224
G11000100018043004,110010018043004,G11000100018043003,110010018043003,1,1
G11000100018043005,110010018043005,G11000100018043007,110010018043007,1,1
G11000100018043006,110010018043006,G11000100018043005,110010018043005,1,1
G11000100018043007,110010018043007,G11000100018043006,110010018043006,1,1
G11000100018044000,110010018044000,G11000100018041000,110010018041000,1,1
G11000100018044001,110010018044001,G11000100018041001,110010018041001,1,1
G11000100018044002,110010018044002,G11000100018041002,110010018041002,1,1
G11000100018044003,110010018044003,G11000100018041003,110010018041003,1,1
G11000100018044004,110010018044004,G11000100018041004,110010018041004,1,1
G11000100018044005,110010018044005,G11000100018041005,110010018041005,1,1
G11000100018044006,110010018044006,G11000100018041006,110010018041006,1,1
G11000100018044007,110010018044007,G11000100018041007,110010018041007,1,1
G11000100019015000,110010019015000,G11000100019011000,110010019011000,1,1
G11000100019015001,110010019015001,G11000100019011001,110010019011001,1,1
G11000100019015002,110010019015002,G11000100019011002,110010019011002,1,1
G11000100019015003,110010019015003,G11000100019011003,110010019011003,1,1
G11000100019015004,110010019015004,G11000100019011004,110010019011004,1,1
G11000100019015005,110010019015005,G11000100019011010,110010019011010,1,1
G11000100019015006,110010019015006,G11000100019011009,110010019011009,1,1
G11000100019015007,110010019015007,G11000100019011008,110010019011008,1,1
G11000100019015008,110010019015008,G11000100019011007,110010019011007,1,1
G11000100019015009,110010019015009,G11000100019011005,110010019011005,1,1
G11000100019015010,110010019015010,G11000100019011006,110010019011006,1,1
G11000100019015011,110010019015011,G11000100019011012,110010019011012,1,1
G11000100019015012,110010019015012,G11000100019011011,110010019011011,1,1
G11000100019015013,110010019015013,G11000100019011013,110010019011013,1,1
G11000100019016000,110010019016000,G11000100019012000,110010019012000,1,1
G11000100019016001,110010019016001,G11000100019012001,110010019012001,1,1
G11000100019016002,110010019016002,G11000100019012002,110010019012002,1,1
G11000100019016003,110010019016003,G11000100019012003,110010019012003,1,1
G11000100019016004,110010019016004,G11000100019012004,110010019012004,1,1
G11000100019016005,110010019016005,G11000100019012009,110010019012009,1,1
G11000100019016006,110010019016006,G11000100019012010,110010019012010,1,1
G11000100019016007,110010019016007,G11000100019012011,110010019012011,1,1
G11000100019016008,110010019016008,G11000100019012005,110010019012005,1,1
G11000100019016009,110010019016009,G11000100019012006,110010019012006,1,1
G11000100019016010,110010019016010,G11000100019012007,110010019012007,1,1
G11000100019016011,110010019016011,G11000100019012008,110010019012008,1,1
G11000100019017000,110010019017000,G11000100019013000,110010019013000,1,1
G11000100019017001,110010019017001,G11000100019013001,110010019013001,1,1
G11000100019017002,110010019017002,G11000100019013002,110010019013002,1,1
G11000100019017003,110010019017003,G11000100019013003,110010019013003,1,1
G11000100019017004,110010019017004,G11000100019013010,110010019013010,1,1
G11000100019017005,110010019017005,G11000100019013009,110010019013009,1,1
G11000100019017006,110010019017006,G11000100019013008,110010019013008,1,1
G11000100019017007,110010019017007,G11000100019013007,110010019013007,1,1
G11000100019017008,110010019017008,G11000100019013006,110010019013006,1,1
G11000100019017009,110010019017009,G11000100019013005,110010019013005,1,1
G11000100019017010,110010019017010,G11000100019013004,110010019013004,1,1
G11000100019017011,110010019017011,G11000100019013011,110010019013011,1,1
G11000100019017012,110010019017012,G11000100019013012,110010019013012,1,1
G11000100019018000,110010019018000,G11000100019014000,110010019014000,1,1
G11000100019018001,110010019018001,G11000100019014001,110010019014001,1,1
G11000100019018002,110010019018002,G11000100019014002,110010019014002,1,1
G11000100019018003,110010019018003,G11000100019014003,110010019014003,1,1
G11000100019018004,110010019018004,G11000100019014004,110010019014004,1,1
G11000100019018005,110010019018005,G11000100019014005,110010019014005,1,1
G11000100019018006,110010019018006,G11000100019014006,110010019014006,1,1
G11000100019018007,110010019018007,G11000100019014007,110010019014007,0.0727459016,0
G11000100019018007,110010019018007,G11000100019014015,110010019014015,0.9272540984,1
G11000100019018008,110010019018008,G11000100019014008,110010019014008,1,1
G11000100019018009,110010019018009,G11000100019014009,110010019014009,1,1
G11000100019018010,110010019018010,G11000100019014010,110010019014010,1,1
G11000100019018011,110010019018011,G11000100019014011,110010019014011,1,1
G11000100019018012,110010019018012,G11000100019014012,110010019014012,1,1
G11000100019018013,110010019018013,G11000100019014013,110010019014013,1,1
G11000100019018014,110010019018014,G11000100019014014,110010019014014,1,1
G11000100019022000,110010019022000,G11000100019022000,110010019022000,1,1
G11000100019022001,110010019022001,G11000100019022003,110010019022003,1,1
G11000100019022002,110010019022002,G11000100019022004,110010019022004,1,1
G11000100019022003,110010019022003,G11000100019022005,110010019022005,1,1
G11000100019022004,110010019022004,G11000100019022006,110010019022006,1,1
G11000100019022005,110010019022005,G11000100019022007,110010019022007,1,1
G11000100019022006,110010019022006,G11000100019022002,110010019022002,1,1
G11000100019022007,110010019022007,G11000100019022001,110010019022001,1,1
G11000100019022008,110010019022008,G11000100019022008,110010019022008,1,1
G11000100019022009,110010019022009,G11000100019022009,110010019022009,1,1
G11000100019022010,110010019022010,G11000100019022015,110010019022015,1,1
G11000100019022011,110010019022011,G11000100019022016,110010019022016,1,1
G11000100019022012,110010019022012,G11000100019022017,110010019022017,1,1
G11000100019022013,110010019022013,G11000100019022014,110010019022014,1,1
G11000100019022014,110010019022014,G11000100019022013,110010019022013,1,1
G11000100019022015,110010019022015,G11000100019022010,110010019022010,1,1
G11000100019022016,110010019022016,G11000100019022011,110010019022011,1,1
G11000100019022017,110010019022017,G11000100019022012,110010019022012,1,1
G11000100019022018,110010019022018,G11000100019022018,110010019022018,1,1
G11000100019022019,110010019022019,G11000100019022019,110010019022019,1,1
G11000100019023000,110010019023000,G11000100019021000,110010019021000,1,1
G11000100019023001,110010019023001,G11000100019021001,110010019021001,1,1
G11000100019023002,110010019023002,G11000100019021002,110010019021002,1,1
G11000100019023003,110010019023003,G11000100019021003,110010019021003,1,1
G11000100019023004,110010019023004,G11000100019021004,110010019021004,1,1
G11000100019023005,110010019023005,G11000100019021005,110010019021005,1,1
G11000100019023006,110010019023006,G11000100019021006,110010019021006,1,1
G11000100019023007,110010019023007,G11000100019021013,110010019021013,1,1
G11000100019023008,110010019023008,G11000100019021007,110010019021007,1,1
G11000100019023009,110010019023009,G11000100019021009,110010019021009,1,1
G11000100019023010,110010019023010,G11000100019021008,110010019021008,1,1
G11000100019023011,110010019023011,G11000100019021010,110010019021010,1,1
G11000100019023012,110010019023012,G11000100019021014,110010019021014,1,1
G11000100019024000,110010019024000,G11000100019021019,110010019021019,1,1
G11000100019024001,110010019024001,G11000100019021011,110010019021011,1,1
G11000100019024002,110010019024002,G11000100019021012,110010019021012,1,1
G11000100019024003,110010019024003,G11000100019021016,110010019021016,1,1
G11000100019024004,110010019024004,G11000100019021015,110010019021015,1,1
G11000100019024005,110010019024005,G11000100019021018,110010019021018,1,1
G11000100019024006,110010019024006,G11000100019021017,110010019021017,1,1
G11000100020011000,110010020011000,G11000100020011000,110010020011000,1,1
G11000100020011001,110010020011001,G11000100020011001,110010020011001,1,1
G11000100020011002,110010020011002,G11000100020011002,110010020011002,1,1
G11000100020011003,110010020011003,G11000100020011003,110010020011003,0.0241950356,0
G11000100020011003,110010020011003,G11000100020011004,110010020011004,0.9758049644,1
G11000100020011004,110010020011004,G11000100020011005,110010020011005,1,1
G11000100020011005,110010020011005,G11000100020011006,110010020011006,1,1
G11000100020011006,110010020011006,G11000100020011007,110010020011007,1,1
G11000100020011007,110010020011007,G11000100020011008,110010020011008,1,1
G11000100020017000,110010020017000,G11000100020012000,110010020012000,1,1
G11000100020017001,110010020017001,G11000100020012001,110010020012001,0.4572979924,1
G11000100020017001,110010020017001,G11000100020012002,110010020012002,0.5427020076,0
G11000100020017002,110010020017002,G11000100020012006,110010020012006,1,1
G11000100020017003,110010020017003,G11000100020012003,110010020012003,1,1
G11000100020017004,110010020017004,G11000100020012010,110010020012010,1,1
G11000100020017005,110010020017005,G11000100020012009,110010020012009,1,1
G11000100020017006,110010020017006,G11000100020012005,110010020012005,1,1
G11000100020017007,110010020017007,G11000100020012004,110010020012004,1,1
G11000100020017008,110010020017008,G11000100020012007,110010020012007,1,1
G11000100020017009,110010020017009,G11000100020012008,110010020012008,1,1
G11000100020017010,110010020017010,G11000100020012013,110010020012013,1,1
G11000100020017011,110010020017011,G11000100020012012,110010020012012,1,1
G11000100020017012,110010020017012,G11000100020012011,110010020012011,1,1
G11000100020017013,110010020017013,G11000100020012014,110010020012014,0.9864102935,1
G11000100020017013,110010020017013,G11000100020012015,110010020012015,0.0135897065,0
G11000100020022000,110010020022000,G11000100020022000,110010020022000,1,1
G11000100020022001,110010020022001,G11000100020022001,110010020022001,1,1
G11000100020022002,110010020022002,G11000100020022002,110010020022002,1,1
G11000100020022003,110010020022003,G11000100020022003,110010020022003,1,1
G11000100020022004,110010020022004,G11000100020022004,110010020022004,1,1
G11000100020022005,110010020022005,G11000100020022005,110010020022005,1,1
G11000100020023000,110010020023000,G11000100020023000,110010020023000,1,1
G11000100020023001,110010020023001,G11000100020023001,110010020023001,1,1
G11000100020023002,110010020023002,G11000100020023002,110010020023002,1,1
G11000100020023003,110010020023003,G11000100020023003,110010020023003,1,1
G11000100020023004,110010020023004,G11000100020023004,110010020023004,1,1
G11000100020023005,110010020023005,G11000100020023005,110010020023005,1,1
G11000100020024000,110010020024000,G11000100020023007,110010020023007,1,1
G11000100020024001,110010020024001,G11000100020023006,110010020023006,1,1
G11000100020024002,110010020024002,G11000100020023009,110010020023009,1,1
G11000100020024003,110010020024003,G11000100020023008,110010020023008,1,1
G11000100020024004,110010020024004,G11000100020023013,110010020023013,1,1
G11000100020024005,110010020024005,G11000100020023012,110010020023012,1,1
G11000100020024006,110010020024006,G11000100020023011,110010020023011,1,1
G11000100020024007,110010020024007,G11000100020023010,110010020023010,1,1
G11000100020025000,110010020025000,G11000100020021000,110010020021000,1,1
G11000100020025001,110010020025001,G11000100020021001,110010020021001,0.7188913562,0.7205882353
G11000100020025001,110010020025001,G11000100020021002,110010020021002,0.2811086438,0.2794117647
G11000100020025002,110010020025002,G11000100020021003,110010020021003,0.5923356912,0.5151515152
G11000100020025002,110010020025002,G11000100020021004,110010020021004,0.4076643088,0.4848484848
G11000100020025003,110010020025003,G11000100020021006,110010020021006,0.2250065257,0.1340946583
G11000100020025003,110010020025003,G11000100020021007,110010020021007,0.7749934743,0.8659053417
G11000100020025004,110010020025004,G11000100020021007,110010020021007,1,1
G11000100020025005,110010020025005,G11000100020021008,110010020021008,1,1
G11000100020025006,110010020025006,G11000100020021005,110010020021005,1,1
G11000100020025007,110010020025007,G11000100020021011,110010020021011,1,1
G11000100020025008,110010020025008,G11000100020021012,110010020021012,0.9780986868,1
G11000100020025008,110010020025008,G11000100020021013,110010020021013,0.0219013132,0
G11000100020025009,110010020025009,G11000100020021014,110010020021014,1,1
G11000100020025010,110010020025010,G11000100020021015,110010020021015,1,1
G11000100020025011,110010020025011,G11000100020021016,110010020021016,1,1
G11000100020025012,110010020025012,G11000100020021017,110010020021017,1,1
G11000100020025013,110010020025013,G11000100020021019,110010020021019,1,1
G11000100020025014,110010020025014,G11000100020021020,110010020021020,1,1
G11000100020025015,110010020025015,G11000100020021021,110010020021021,1,1
G11000100020025016,110010020025016,G11000100020021022,110010020021022,1,1
G11000100020025017,110010020025017,G11000100020021010,110010020021010,1,1
G11000100020025018,110010020025018,G11000100020021009,110010020021009,1,1
G11000100020025019,110010020025019,G11000100020021023,110010020021023,1,1
G11000100020025020,110010020025020,G11000100020021024,110010020021024,1,1
G11000100020025021,110010020025021,G11000100020021018,110010020021018,1,1
G11000100020025022,110010020025022,G11000100020021025,110010020021025,1,1
G11000100020025023,110010020025023,G11000100020021026,110010020021026,1,1
G11000100021011000,110010021011000,G11000100021011000,110010021011000,1,1
G11000100021011001,110010021011001,G11000100021011007,110010021011007,1,1
G11000100021011002,110010021011002,G11000100021011001,110010021011001,1,1
G11000100021011003,110010021011003,G11000100021011002,110010021011002,1,1
G11000100021011004,110010021011004,G11000100021011003,110010021011003,1,1
G11000100021011005,110010021011005,G11000100021011004,110010021011004,1,1
G11000100021011006,110010021011006,G11000100021011005,110010021011005,1,1
G11000100021011007,110010021011007,G11000100021011011,110010021011011,1,1
G11000100021011008,110010021011008,G11000100021011010,110010021011010,1,1
G11000100021011009,110010021011009,G11000100021011012,110010021011012,1,1
G11000100021011010,110010021011010,G11000100021011009,110010021011009,1,1
G11000100021011011,110010021011011,G11000100021011006,110010021011006,1,1
G11000100021011012,110010021011012,G11000100021011008,110010021011008,1,1
G11000100021012000,110010021012000,G11000100021012000,110010021012000,1,1
G11000100021012001,110010021012001,G11000100021012001,110010021012001,1,1
G11000100021012002,110010021012002,G11000100021012002,110010021012002,1,1
G11000100021012003,110010021012003,G11000100021012003,110010021012003,1,1
G11000100021013000,110010021013000,G11000100021013000,110010021013000,1,1
G11000100021013001,110010021013001,G11000100021013001,110010021013001,1,1
G11000100021013002,110010021013002,G11000100021013002,110010021013002,1,1
G11000100021013003,110010021013003,G11000100021013003,110010021013003,1,1
G11000100021013004,110010021013004,G11000100021013004,110010021013004,1,1
G11000100021013005,110010021013005,G11000100021013005,110010021013005,1,1
G11000100021014000,110010021014000,G11000100021014000,110010021014000,1,1
G11000100021014001,110010021014001,G11000100021014001,110010021014001,1,1
G11000100021014002,110010021014002,G11000100021014002,110010021014002,1,1
G11000100021014003,110010021014003,G11000100021014003,110010021014003,1,1
G11000100021014004,110010021014004,G11000100021014004,110010021014004,1,1
G11000100021014005,110010021014005,G11000100021014005,110010021014005,1,1
G11000100021014006,110010021014006,G11000100021014008,110010021014008,1,1
G11000100021014007,110010021014007,G11000100021014007,110010021014007,1,1
G11000100021014008,110010021014008,G11000100021014006,110010021014006,1,1
G11000100021014009,110010021014009,G11000100021014009,110010021014009,1,1
G11000100021015000,110010021015000,G11000100021015000,110010021015000,1,1
G11000100021015001,110010021015001,G11000100021015001,110010021015001,1,1
G11000100021015002,110010021015002,G11000100021015001,110010021015001,0.0171521036,1
G11000100021015002,110010021015002,G11000100021015002,110010021015002,0.9828478964,0
G11000100021015003,110010021015003,G11000100021015003,110010021015003,1,1
G11000100021015004,110010021015004,G11000100021015004,110010021015004,1,1
G11000100021015005,110010021015005,G11000100021015005,110010021015005,1,1
G11000100021021000,110010021021000,G11000100021021000,110010021021000,1,1
G11000100021021001,110010021021001,G11000100021021001,110010021021001,1,1
G11000100021021002,110010021021002,G11000100021021004,110010021021004,1,1
G11000100021021003,110010021021003,G11000100021021003,110010021021003,1,1
G11000100021021004,110010021021004,G11000100021021002,110010021021002,1,1
G11000100021021005,110010021021005,G11000100021021005,110010021021005,1,1
G11000100021021006,110010021021006,G11000100021021006,110010021021006,0.0285714286,0
G11000100021021006,110010021021006,G11000100021021007,110010021021007,0.9714285714,1
G11000100021021007,110010021021007,G11000100021021016,110010021021016,1,1
G11000100021021008,110010021021008,G11000100021021008,110010021021008,1,1
G11000100021021009,110010021021009,G11000100021021009,110010021021009,1,1
G11000100021021010,110010021021010,G11000100021021010,110010021021010,1,1
G11000100021021011,110010021021011,G11000100021021011,110010021021011,1,1
G11000100021021012,110010021021012,G11000100021021012,110010021021012,0.8486305198,0.9574468085
G11000100021021012,110010021021012,G11000100021021013,110010021021013,0.1513694802,0.0425531915
G11000100021021013,110010021021013,G11000100021021014,110010021021014,1,1
G11000100021021014,110010021021014,G11000100021021015,110010021021015,1,1
G11000100021022000,110010021022000,G11000100021022000,110010021022000,1,1
G11000100021022001,110010021022001,G11000100021022001,110010021022001,1,1
G11000100021022002,110010021022002,G11000100021022004,110010021022004,1,1
G11000100021022003,110010021022003,G11000100021022003,110010021022003,1,1
G11000100021022004,110010021022004,G11000100021022002,110010021022002,1,1
G11000100021022005,110010021022005,G11000100021022006,110010021022006,1,1
G11000100021022006,110010021022006,G11000100021022005,110010021022005,1,1
G11000100021022007,110010021022007,G11000100021022008,110010021022008,1,1
G11000100021022008,110010021022008,G11000100021022007,110010021022007,1,1
G11000100021022009,110010021022009,G11000100021022009,110010021022009,1,1
G11000100021023000,110010021023000,G11000100021023000,110010021023000,1,1
G11000100021023001,110010021023001,G11000100021023001,110010021023001,1,1
G11000100021023002,110010021023002,G11000100021023002,110010021023002,1,1
G11000100021023003,110010021023003,G11000100021023003,110010021023003,1,1
G11000100021023004,110010021023004,G11000100021023004,110010021023004,1,1
G11000100021023005,110010021023005,G11000100021023005,110010021023005,1,1
G11000100021024000,110010021024000,G11000100021024000,110010021024000,1,1
G11000100021024001,110010021024001,G11000100021024001,110010021024001,1,1
G11000100021024002,110010021024002,G11000100021024002,110010021024002,1,1
G11000100021024003,110010021024003,G11000100021024006,110010021024006,1,1
G11000100021024004,110010021024004,G11000100021024003,110010021024003,1,1
G11000100021024005,110010021024005,G11000100021024004,110010021024004,1,1
G11000100021024006,110010021024006,G11000100021024005,110010021024005,1,1
G11000100021024007,110010021024007,G11000100021024007,110010021024007,1,1
G11000100021024008,110010021024008,G11000100021024008,110010021024008,1,1
G11000100021024009,110010021024009,G11000100021024009,110010021024009,1,1
G11000100021025000,110010021025000,G11000100021025000,110010021025000,1,1
G11000100021025001,110010021025001,G11000100021025001,110010021025001,1,1
G11000100021025002,110010021025002,G11000100021025002,110010021025002,1,1
G11000100021025003,110010021025003,G11000100021025003,110010021025003,1,1
G11000100021025004,110010021025004,G11000100021025004,110010021025004,1,1
G11000100021025005,110010021025005,G11000100021025005,110010021025005,1,1
G11000100021026000,110010021026000,G11000100021026000,110010021026000,0.7954152249,1
G11000100021026000,110010021026000,G11000100021026001,110010021026001,0.2045847751,0
G11000100021026001,110010021026001,G11000100021026002,110010021026002,1,1
G11000100021026002,110010021026002,G11000100021026003,110010021026003,1,1
G11000100021026003,110010021026003,G11000100021026004,110010021026004,1,1
G11000100021026004,110010021026004,G11000100021026005,110010021026005,1,1
G11000100021026005,110010021026005,G11000100021026006,110010021026006,0.9797635873,1
G11000100021026005,110010021026005,G11000100021026007,110010021026007,0.0202364127,0
G11000100021026006,110010021026006,G11000100021026008,110010021026008,1,1
G11000100021026007,110010021026007,G11000100021026009,110010021026009,1,1
G11000100022011000,110010022011000,G11000100022011000,110010022011000,1,1
G11000100022011001,110010022011001,G11000100022011001,110010022011001,1,1
G11000100022011002,110010022011002,G11000100022011002,110010022011002,1,1
G11000100022011003,110010022011003,G11000100022011003,110010022011003,1,1
G11000100022011004,110010022011004,G11000100022011010,110010022011010,1,1
G11000100022011005,110010022011005,G11000100022011009,110010022011009,1,1
G11000100022011006,110010022011006,G11000100022011008,110010022011008,1,1
G11000100022011007,110010022011007,G11000100022011007,110010022011007,1,1
G11000100022011008,110010022011008,G11000100022011004,110010022011004,1,1
G11000100022011009,110010022011009,G11000100022011005,110010022011005,1,1
G11000100022011010,110010022011010,G11000100022011006,110010022011006,1,1
G11000100022011011,110010022011011,G11000100022011011,110010022011011,1,1
G11000100022012000,110010022012000,G11000100022012000,110010022012000,1,1
G11000100022012001,110010022012001,G11000100022012001,110010022012001,1,1
G11000100022012002,110010022012002,G11000100022012002,110010022012002,1,1
G11000100022012003,110010022012003,G11000100022012003,110010022012003,1,1
G11000100022012004,110010022012004,G11000100022012004,110010022012004,1,1
G11000100022012005,110010022012005,G11000100022012005,110010022012005,1,1
G11000100022012006,110010022012006,G11000100022012006,110010022012006,1,1
G11000100022012007,110010022012007,G11000100022012007,110010022012007,1,1
G11000100022012008,110010022012008,G11000100022012008,110010022012008,1,1
G11000100022012009,110010022012009,G11000100022012009,110010022012009,1,1
G11000100022012010,110010022012010,G11000100022012010,110010022012010,1,1
G11000100022012011,110010022012011,G11000100022012011,110010022012011,0.5012746431,0.5012746431
G11000100022012011,110010022012011,G11000100022012012,110010022012012,0.4987253569,0.4987253569
G11000100022012012,110010022012012,G11000100022012015,110010022012015,1,1
G11000100022012013,110010022012013,G11000100022012014,110010022012014,1,1
G11000100022012014,110010022012014,G11000100022012013,110010022012013,1,1
G11000100022014000,110010022014000,G11000100022013000,110010022013000,1,1
G11000100022014001,110010022014001,G11000100022013001,110010022013001,1,1
G11000100022014002,110010022014002,G11000100022013002,110010022013002,1,1
G11000100022014003,110010022014003,G11000100022013003,110010022013003,1,1
G11000100022014004,110010022014004,G11000100022013004,110010022013004,1,1
G11000100022014005,110010022014005,G11000100022013005,110010022013005,1,1
G11000100022014006,110010022014006,G11000100022013007,110010022013007,1,1
G11000100022014007,110010022014007,G11000100022013006,110010022013006,1,1
G11000100022021000,110010022021000,G11000100022021000,110010022021000,1,1
G11000100022021001,110010022021001,G11000100022021001,110010022021001,1,1
G11000100022021002,110010022021002,G11000100022021001,110010022021001,0.4091157205,0.3600109216
G11000100022021002,110010022021002,G11000100022021005,110010022021005,0.5908842795,0.6399890784
G11000100022021003,110010022021003,G11000100022021003,110010022021003,1,1
G11000100022021004,110010022021004,G11000100022021008,110010022021008,1,1
G11000100022021005,110010022021005,G11000100022021006,110010022021006,1,1
G11000100022021006,110010022021006,G11000100022021007,110010022021007,1,1
G11000100022021007,110010022021007,G11000100022021004,110010022021004,1,1
G11000100022021008,110010022021008,G11000100022021002,110010022021002,1,1
G11000100022022000,110010022022000,G11000100022022000,110010022022000,1,1
G11000100022022001,110010022022001,G11000100022022001,110010022022001,1,1
G11000100022022002,110010022022002,G11000100022022002,110010022022002,1,1
G11000100022022003,110010022022003,G11000100022022003,110010022022003,1,1
G11000100022022004,110010022022004,G11000100022022004,110010022022004,1,1
G11000100022022005,110010022022005,G11000100022022005,110010022022005,1,1
G11000100022022006,110010022022006,G11000100022022007,110010022022007,1,1
G11000100022022007,110010022022007,G11000100022022006,110010022022006,1,1
G11000100022023000,110010022023000,G11000100022023000,110010022023000,1,1
G11000100022023001,110010022023001,G11000100022023001,110010022023001,1,1
G11000100022023002,110010022023002,G11000100022023002,110010022023002,1,1
G11000100022023003,110010022023003,G11000100022023003,110010022023003,1,1
G11000100022023004,110010022023004,G11000100022023004,110010022023004,1,1
G11000100022023005,110010022023005,G11000100022023005,110010022023005,1,1
G11000100022023006,110010022023006,G11000100022023006,110010022023006,1,1
G11000100022023007,110010022023007,G11000100022023007,110010022023007,1,1
G11000100023011000,110010023011000,G11000100023012007,110010023012007,1,1
G11000100023011001,110010023011001,G11000100023012000,110010023012000,0.3852574392,0.4824355972
G11000100023011001,110010023011001,G11000100023012003,110010023012003,0.4929497469,0.5175644028
G11000100023011001,110010023011001,G11000100023012004,110010023012004,0.1217928139,0
G11000100023011002,110010023011002,G11000100023012001,110010023012001,1,1
G11000100023011003,110010023011003,G11000100023012002,110010023012002,1,1
G11000100023011004,110010023011004,G11000100023012005,110010023012005,1,1
G11000100023011005,110010023011005,G11000100023012006,110010023012006,1,1
G11000100023011006,110010023011006,G11000100023012009,110010023012009,1,1
G11000100023011007,110010023011007,G11000100023012008,110010023012008,1,1
G11000100023011008,110010023011008,G11000100023012010,110010023012010,1,1
G11000100023012000,110010023012000,G11000100023012012,110010023012012,1,1
G11000100023012001,110010023012001,G11000100023012011,110010023012011,1,1
G11000100023012002,110010023012002,G11000100023012015,110010023012015,1,1
G11000100023012003,110010023012003,G11000100023012014,110010023012014,1,1
G11000100023012004,110010023012004,G11000100023012013,110010023012013,1,1
G11000100023012005,110010023012005,G11000100023012017,110010023012017,1,1
G11000100023012006,110010023012006,G11000100023012016,110010023012016,1,1
G11000100023012007,110010023012007,G11000100023012018,110010023012018,1,1
G11000100023013000,110010023013000,G11000100023011010,110010023011010,1,1
G11000100023013001,110010023013001,G11000100023011009,110010023011009,1,1
G11000100023013002,110010023013002,G11000100023011008,110010023011008,1,1
G11000100023013003,110010023013003,G11000100023011011,110010023011011,1,1
G11000100023013004,110010023013004,G11000100023011012,110010023011012,1,1
G11000100023013005,110010023013005,G11000100023011013,110010023011013,1,1
G11000100023013006,110010023013006,G11000100023011014,110010023011014,1,1
G11000100023013007,110010023013007,G11000100023011015,110010023011015,1,1
G11000100023013008,110010023013008,G11000100023011016,110010023011016,1,1
G11000100023013009,110010023013009,G11000100023011017,110010023011017,1,1
G11000100023013010,110010023013010,G11000100023011018,110010023011018,1,1
G11000100023014000,110010023014000,G11000100023011000,110010023011000,1,1
G11000100023014001,110010023014001,G11000100023011001,110010023011001,1,1
G11000100023014002,110010023014002,G11000100023011002,110010023011002,1,1
G11000100023014003,110010023014003,G11000100023011003,110010023011003,1,1
G11000100023014004,110010023014004,G11000100023011004,110010023011004,1,1
G11000100023014005,110010023014005,G11000100023011005,110010023011005,1,1
G11000100023014006,110010023014006,G11000100023011007,110010023011007,1,1
G11000100023014007,110010023014007,G11000100023011006,110010023011006,1,1
G11000100023021000,110010023021000,G11000100023021004,110010023021004,0.0030820726,0.0098723978
G11000100023021000,110010023021000,G11000100023021007,110010023021007,0.9048824338,0.8945510438
G11000100023021000,110010023021000,G11000100023021008,110010023021008,0.0112305092,0.0081970068
G11000100023021000,110010023021000,G11000100023021016,110010023021016,0.0363013472,0.0431411341
G11000100023021000,110010023021000,G11000100023021017,110010023021017,0.0445036372,0.0442384176
G11000100023021001,110010023021001,G11000100023021007,110010023021007,1,1
G11000100023021002,110010023021002,G11000100023021006,110010023021006,1,1
G11000100023021003,110010023021003,G11000100023021004,110010023021004,1,1
G11000100023021004,110010023021004,G11000100023021004,110010023021004,1,1
G11000100023021005,110010023021005,G11000100023021000,110010023021000,1,1
G11000100023021006,110010023021006,G11000100023021003,110010023021003,1,1
G11000100023021007,110010023021007,G11000100023021002,110010023021002,1,1
G11000100023021008,110010023021008,G11000100023021001,110010023021001,1,1
G11000100023021009,110010023021009,G11000100023021010,110010023021010,1,1
G11000100023021010,110010023021010,G11000100023021009,110010023021009,1,1
G11000100023021011,110010023021011,G11000100023021005,110010023021005,1,1
G11000100023021012,110010023021012,G11000100023021004,110010023021004,0.5643596544,0.5190484888
G11000100023021012,110010023021012,G11000100023021007,110010023021007,0.0035792916,0.002291889
G11000100023021012,110010023021012,G11000100023021013,110010023021013,0.3716701644,0.4652613154
G11000100023021012,110010023021012,G11000100023021014,110010023021014,0.032963602,0.0076348438
G11000100023021012,110010023021012,G11000100023021015,110010023021015,0.0274272876,0.005763463
G11000100023021013,110010023021013,G11000100023021011,110010023021011,1,1
G11000100023021014,110010023021014,G11000100023021012,110010023021012,1,1
G11000100023021015,110010023021015,G11000100023021025,110010023021025,1,1
G11000100023021016,110010023021016,G11000100023021024,110010023021024,0.9515626212,0.9515626212
G11000100023021016,110010023021016,G11000100023021027,110010023021027,0.0484373788,0.0484373788
G11000100023021017,110010023021017,G11000100023021026,110010023021026,1,1
G11000100023021018,110010023021018,G11000100023021028,110010023021028,0.5407965087,0.5407965087
G11000100023021018,110010023021018,G11000100023021029,110010023021029,0.4592034913,0.4592034913
G11000100023021019,110010023021019,G11000100023021022,110010023021022,0.0574315689,0
G11000100023021019,110010023021019,G11000100023021023,110010023021023,0.9425684311,1
G11000100023021020,110010023021020,G11000100023021018,110010023021018,0.8526069054,0.9790500925
G11000100023021020,110010023021020,G11000100023021020,110010023021020,0.0710152185,0.0098234144
G11000100023021020,110010023021020,G11000100023021021,110010023021021,0.0606098545,0.0075415316
G11000100023021020,110010023021020,G11000100023021023,110010023021023,0.0157680216,0.0035849615
G11000100023021021,110010023021021,G11000100023021018,110010023021018,1,1
G11000100023021022,110010023021022,G11000100023021019,110010023021019,1,1
G11000100023021023,110010023021023,G11000100023021018,110010023021018,1,1
G11000100024002000,110010024002000,G11000100024002000,110010024002000,1,1
G11000100024002001,110010024002001,G11000100024002001,110010024002001,1,1
G11000100024002002,110010024002002,G11000100024002002,110010024002002,1,1
G11000100024002003,110010024002003,G11000100024002003,110010024002003,1,1
G11000100024002004,110010024002004,G11000100024002004,110010024002004,1,1
G11000100024002005,110010024002005,G11000100024002005,110010024002005,1,1
G11000100024002006,110010024002006,G11000100024002006,110010024002006,1,1
G11000100024002007,110010024002007,G11000100024002007,110010024002007,1,1
G11000100024002008,110010024002008,G11000100024002008,110010024002008,1,1
G11000100024002009,110010024002009,G11000100024002004,110010024002004,1,1
G11000100024002010,110010024002010,G11000100024002010,110010024002010,1,1
G11000100024002011,110010024002011,G11000100024002011,110010024002011,1,1
G11000100024002012,110010024002012,G11000100024002012,110010024002012,1,1
G11000100024002013,110010024002013,G11000100024002013,110010024002013,1,1
G11000100024002014,110010024002014,G11000100024002009,110010024002009,1,1
G11000100024002015,110010024002015,G11000100024002014,110010024002014,1,1
G11000100024002016,110010024002016,G11000100024002015,110010024002015,1,1
G11000100024002017,110010024002017,G11000100024002018,110010024002018,1,1
G11000100024002018,110010024002018,G11000100024002017,110010024002017,1,1
G11000100024002019,110010024002019,G11000100024002016,110010024002016,1,1
G11000100024003000,110010024003000,G11000100024003006,110010024003006,1,1
G11000100024003001,110010024003001,G11000100024003000,110010024003000,1,1
G11000100024003002,110010024003002,G11000100024003001,110010024003001,1,1
G11000100024003003,110010024003003,G11000100024003002,110010024003002,1,1
G11000100024003004,110010024003004,G11000100024003003,110010024003003,1,1
G11000100024003005,110010024003005,G11000100024003007,110010024003007,1,1
G11000100024003006,110010024003006,G11000100024003004,110010024003004,1,1
G11000100024003007,110010024003007,G11000100024003005,110010024003005,1,1
G11000100024004000,110010024004000,G11000100024004000,110010024004000,1,1
G11000100024004001,110010024004001,G11000100024004001,110010024004001,1,1
G11000100024004002,110010024004002,G11000100024004002,110010024004002,0.9774096386,0
G11000100024004002,110010024004002,G11000100024004003,110010024004003,0.0225903614,1
G11000100024004003,110010024004003,G11000100024004003,110010024004003,1,1
G11000100024004004,110010024004004,G11000100024004006,110010024004006,1,1
G11000100024004005,110010024004005,G11000100024004006,110010024004006,1,1
G11000100024004006,110010024004006,G11000100024004006,110010024004006,0.0014745148,0.0013115941
G11000100024004006,110010024004006,G11000100024004007,110010024004007,0.9985254852,0.9986884059
G11000100024004007,110010024004007,G11000100024004009,110010024004009,1,1
G11000100024004008,110010024004008,G11000100024004008,110010024004008,1,1
G11000100024004009,110010024004009,G11000100024004004,110010024004004,1,1
G11000100024004010,110010024004010,G11000100024004005,110010024004005,1,1
G11000100024005000,110010024005000,G11000100024001000,110010024001000,1,1
G11000100024005001,110010024005001,G11000100024001001,110010024001001,1,1
G11000100024005002,110010024005002,G11000100024001002,110010024001002,1,1
G11000100024005003,110010024005003,G11000100024001003,110010024001003,1,1
G11000100024005004,110010024005004,G11000100024001004,110010024001004,1,1
G11000100024005005,110010024005005,G11000100024001006,110010024001006,1,1
G11000100024005006,110010024005006,G11000100024001005,110010024001005,1,1
G11000100024005007,110010024005007,G11000100024001007,110010024001007,1,1
G11000100024005008,110010024005008,G11000100024001008,110010024001008,1,1
G11000100025011000,110010025011000,G11000100025011000,110010025011000,1,1
G11000100025011001,110010025011001,G11000100025011001,110010025011001,1,1
G11000100025011002,110010025011002,G11000100025011001,110010025011001,1,1
G11000100025011003,110010025011003,G11000100025011003,110010025011003,1,1
G11000100025011004,110010025011004,G11000100025011004,110010025011004,1,1
G11000100025011005,110010025011005,G11000100025011005,110010025011005,1,1
G11000100025011006,110010025011006,G11000100025011002,110010025011002,1,1
G11000100025011007,110010025011007,G11000100025011007,110010025011007,1,1
G11000100025011008,110010025011008,G11000100025011006,110010025011006,1,1
G11000100025011009,110010025011009,G11000100025011008,110010025011008,1,1
G11000100025011010,110010025011010,G11000100025011009,110010025011009,1,1
G11000100025011011,110010025011011,G11000100025011012,110010025011012,1,1
G11000100025011012,110010025011012,G11000100025011010,110010025011010,1,1
G11000100025011013,110010025011013,G11000100025011011,110010025011011,1,1
G11000100025013000,110010025013000,G11000100025012000,110010025012000,1,1
G11000100025013001,110010025013001,G11000100025012001,110010025012001,1,1
G11000100025013002,110010025013002,G11000100025012002,110010025012002,1,1
G11000100025013003,110010025013003,G11000100025012003,110010025012003,1,1
G11000100025013004,110010025013004,G11000100025012004,110010025012004,1,1
G11000100025013005,110010025013005,G11000100025012005,110010025012005,1,1
G11000100025013006,110010025013006,G11000100025012006,110010025012006,1,1
G11000100025013007,110010025013007,G11000100025012007,110010025012007,1,1
G11000100025013008,110010025013008,G11000100025012008,110010025012008,1,1
G11000100025013009,110010025013009,G11000100025012009,110010025012009,1,1
G11000100025013010,110010025013010,G11000100025012010,110010025012010,1,1
G11000100025013011,110010025013011,G11000100025012011,110010025012011,1,1
G11000100025013012,110010025013012,G11000100025012012,110010025012012,1,1
G11000100025013013,110010025013013,G11000100025012013,110010025012013,0.9397736951,1
G11000100025013013,110010025013013,G11000100025012014,110010025012014,0.0602263049,0
G11000100025021000,110010025021000,G11000100025021000,110010025021000,1,1
G11000100025021001,110010025021001,G11000100025021001,110010025021001,1,1
G11000100025021002,110010025021002,G11000100025021002,110010025021002,1,1
G11000100025021003,110010025021003,G11000100025021003,110010025021003,1,1
G11000100025021004,110010025021004,G11000100025021004,110010025021004,1,1
G11000100025021005,110010025021005,G11000100025021005,110010025021005,1,1
G11000100025022000,110010025022000,G11000100025022000,110010025022000,1,1
G11000100025022001,110010025022001,G11000100025022001,110010025022001,1,1
G11000100025022002,110010025022002,G11000100025022002,110010025022002,1,1
G11000100025022003,110010025022003,G11000100025022003,110010025022003,1,1
G11000100025022004,110010025022004,G11000100025022004,110010025022004,1,1
G11000100025022005,110010025022005,G11000100025022005,110010025022005,0.2485281092,0.44367567
G11000100025022005,110010025022005,G11000100025022008,110010025022008,0.7514718908,0.55632433
G11000100025022006,110010025022006,G11000100025022007,110010025022007,1,1
G11000100025022007,110010025022007,G11000100025022009,110010025022009,1,1
G11000100025022008,110010025022008,G11000100025022006,110010025022006,1,1
G11000100025023000,110010025023000,G11000100025023000,110010025023000,1,1
G11000100025023001,110010025023001,G11000100025024000,110010025024000,1,1
G11000100025023002,110010025023002,G11000100025024001,110010025024001,1,1
G11000100025023003,110010025023003,G11000100025024003,110010025024003,1,1
G11000100025023004,110010025023004,G11000100025024002,110010025024002,0.7479253886,0.701448546
G11000100025023004,110010025023004,G11000100025024004,110010025024004,0.2520746114,0.298551454
G11000100025023005,110010025023005,G11000100025023001,110010025023001,1,1
G11000100025023006,110010025023006,G11000100025023002,110010025023002,1,1
G11000100025023007,110010025023007,G11000100025023003,110010025023003,1,1
G11000100025023008,110010025023008,G11000100025023004,110010025023004,1,1
G11000100025023009,110010025023009,G11000100025023005,110010025023005,1,1
G11000100026002000,110010026002000,G11000100026002000,110010026002000,1,1
G11000100026002001,110010026002001,G11000100026002015,110010026002015,1,1
G11000100026002002,110010026002002,G11000100026002010,110010026002010,1,1
G11000100026002003,110010026002003,G11000100026002006,110010026002006,1,1
G11000100026002003,110010026002003,G11000100026002014,110010026002014,0,0
G11000100026002004,110010026002004,G11000100026002001,110010026002001,0.5577207404,0.5577207404
G11000100026002004,110010026002004,G11000100026002002,110010026002002,0.0101720977,0.0101720977
G11000100026002004,110010026002004,G11000100026002003,110010026002003,0,0
G11000100026002004,110010026002004,G11000100026002004,110010026002004,0.0079247738,0.0079247738
G11000100026002004,110010026002004,G11000100026002005,110010026002005,0.4236205571,0.4236205571
G11000100026002004,110010026002004,G11000100026002013,110010026002013,0.000561831,0.000561831
G11000100026002004,110010026002004,G11000100026002014,110010026002014,0,0
G11000100026002005,110010026002005,G11000100026002011,110010026002011,1,1
G11000100026002006,110010026002006,G11000100026002012,110010026002012,1,1
G11000100026002007,110010026002007,G11000100026002007,110010026002007,1,1
G11000100026002008,110010026002008,G11000100026002008,110010026002008,1,1
G11000100026002009,110010026002009,G11000100026002025,110010026002025,1,1
G11000100026002010,110010026002010,G11000100026002009,110010026002009,1,1
G11000100026002011,110010026002011,G11000100026002024,110010026002024,1,1
G11000100026002012,110010026002012,G11000100026002023,110010026002023,1,1
G11000100026002013,110010026002013,G11000100026002022,110010026002022,1,1
G11000100026002014,110010026002014,G11000100026002021,110010026002021,1,1
G11000100026002015,110010026002015,G11000100026002027,110010026002027,1,1
G11000100026002016,110010026002016,G11000100026002026,110010026002026,1,1
G11000100026002017,110010026002017,G11000100026002020,110010026002020,1,1
G11000100026002018,110010026002018,G11000100026002016,110010026002016,0.9935916198,0.9626865672
G11000100026002018,110010026002018,G11000100026002019,110010026002019,0.0064083802,0.0373134328
G11000100026002019,110010026002019,G11000100026002018,110010026002018,1,1
G11000100026002020,110010026002020,G11000100026002028,110010026002028,1,1
G11000100026002021,110010026002021,G11000100026002029,110010026002029,1,1
G11000100026002022,110010026002022,G11000100026002030,110010026002030,1,1
G11000100026002023,110010026002023,G11000100026002031,110010026002031,1,1
G11000100026002024,110010026002024,G11000100026002017,110010026002017,1,1
G11000100026003000,110010026003000,G11000100026001000,110010026001000,1,1
G11000100026003001,110010026003001,G11000100026001001,110010026001001,1,1
G11000100026003002,110010026003002,G11000100026001002,110010026001002,1,1
G11000100026003003,110010026003003,G11000100026001003,110010026001003,1,1
G11000100026003004,110010026003004,G11000100026001007,110010026001007,1,1
G11000100026003005,110010026003005,G11000100026001004,110010026001004,0.8093734751,0.9058823529
G11000100026003005,110010026003005,G11000100026001009,110010026001009,0,0
G11000100026003005,110010026003005,G11000100026001012,110010026001012,0.1906265249,0.0941176471
G11000100026003006,110010026003006,G11000100026001010,110010026001010,1,1
G11000100026003007,110010026003007,G11000100026001008,110010026001008,1,1
G11000100026003008,110010026003008,G11000100026001023,110010026001023,1,1
G11000100026003009,110010026003009,G11000100026001005,110010026001005,1,1
G11000100026003010,110010026003010,G11000100026001011,110010026001011,1,1
G11000100026003011,110010026003011,G11000100026001006,110010026001006,1,1
G11000100026003012,110010026003012,G11000100026001018,110010026001018,0.9301734006,0.9301734006
G11000100026003012,110010026003012,G11000100026001019,110010026001019,0,0
G11000100026003012,110010026003012,G11000100026001022,110010026001022,0.0698265994,0.0698265994
G11000100026003013,110010026003013,G11000100026001017,110010026001017,0.8560174243,1
G11000100026003013,110010026003013,G11000100026001020,110010026001020,0.0016219473,0
G11000100026003013,110010026003013,G11000100026001021,110010026001021,0.1423606284,0
G11000100026003014,110010026003014,G11000100026001013,110010026001013,0.4804003336,0.4804003336
G11000100026003014,110010026003014,G11000100026001014,110010026001014,0,0
G11000100026003014,110010026003014,G11000100026001015,110010026001015,0,0
G11000100026003014,110010026003014,G11000100026001016,110010026001016,0.5195996664,0.5195996664
G11000100026003015,110010026003015,G11000100026001020,110010026001020,0,0
G11000100026003015,110010026003015,G11000100026001021,110010026001021,1,1
G11000100027011000,110010027011000,G11000100027011000,110010027011000,0.2583964898,0.1207464499
G11000100027011000,110010027011000,G11000100027014000,110010027014000,0.7416035102,0.8792535501
G11000100027011001,110010027011001,G11000100027013000,110010027013000,1,1
G11000100027011002,110010027011002,G11000100027013001,110010027013001,1,1
G11000100027011003,110010027011003,G11000100027013002,110010027013002,1,1
G11000100027011004,110010027011004,G11000100027011002,110010027011002,1,1
G11000100027011005,110010027011005,G11000100027011001,110010027011001,1,1
G11000100027012000,110010027012000,G11000100027012000,110010027012000,1,1
G11000100027012001,110010027012001,G11000100027012001,110010027012001,1,1
G11000100027012002,110010027012002,G11000100027012002,110010027012002,1,1
G11000100027012003,110010027012003,G11000100027012006,110010027012006,1,1
G11000100027012004,110010027012004,G11000100027012007,110010027012007,1,1
G11000100027012005,110010027012005,G11000100027012003,110010027012003,1,1
G11000100027012006,110010027012006,G11000100027012004,110010027012004,1,1
G11000100027012007,110010027012007,G11000100027012005,110010027012005,1,1
G11000100027021000,110010027021000,G11000100027021000,110010027021000,1,1
G11000100027021001,110010027021001,G11000100027021001,110010027021001,1,1
G11000100027021002,110010027021002,G11000100027021002,110010027021002,1,1
G11000100027021003,110010027021003,G11000100027021004,110010027021004,1,1
G11000100027021004,110010027021004,G11000100027021003,110010027021003,1,1
G11000100027021005,110010027021005,G11000100027021005,110010027021005,1,1
G11000100027021006,110010027021006,G11000100027021006,110010027021006,1,1
G11000100027022000,110010027022000,G11000100027022000,110010027022000,1,1
G11000100027022001,110010027022001,G11000100027022001,110010027022001,1,1
G11000100027022002,110010027022002,G11000100027022002,110010027022002,1,1
G11000100027022003,110010027022003,G11000100027022003,110010027022003,1,1
G11000100027022004,110010027022004,G11000100027022004,110010027022004,0.4646710226,0.4088622619
G11000100027022004,110010027022004,G11000100027022006,110010027022006,0.5353289774,0.5911377381
G11000100027022005,110010027022005,G11000100027022008,110010027022008,1,1
G11000100027022006,110010027022006,G11000100027022005,110010027022005,0.3588286713,0.3976377953
G11000100027022006,110010027022006,G11000100027022007,110010027022007,0.6411713287,0.6023622047
G11000100027023000,110010027023000,G11000100027023000,110010027023000,1,1
G11000100027023001,110010027023001,G11000100027023001,110010027023001,1,1
G11000100027023002,110010027023002,G11000100027023002,110010027023002,0.9745129632,1
G11000100027023002,110010027023002,G11000100027023014,110010027023014,0.0254870368,0
G11000100027023003,110010027023003,G11000100027023003,110010027023003,0.9355437473,0.9355437473
G11000100027023003,110010027023003,G11000100027023012,110010027023012,0.0644562527,0.0644562527
G11000100027023004,110010027023004,G11000100027023004,110010027023004,1,1
G11000100027023004,110010027023004,G11000100027023005,110010027023005,0,0
G11000100027023004,110010027023004,G11000100027023006,110010027023006,0,0
G11000100027023005,110010027023005,G11000100027023004,110010027023004,0.1065606799,0.1065606799
G11000100027023005,110010027023005,G11000100027023005,110010027023005,0,0
G11000100027023005,110010027023005,G11000100027023006,110010027023006,0,0
G11000100027023005,110010027023005,G11000100027023011,110010027023011,0.6988900692,0.6988900692
G11000100027023005,110010027023005,G11000100027023016,110010027023016,0.1945492509,0.1945492509
G11000100027023005,110010027023005,G11000100027023017,110010027023017,0,0
G11000100027023005,110010027023005,G11000100027023018,110010027023018,0,0
G11000100027023005,110010027023005,G11000100027023019,110010027023019,0,0
G11000100027023005,110010027023005,G11000100027023020,110010027023020,0,0
G11000100027023006,110010027023006,G11000100027023012,110010027023012,0.8906817474,0.8906817474
G11000100027023006,110010027023006,G11000100027023015,110010027023015,0.1093182526,0.1093182526
G11000100027023007,110010027023007,G11000100027023013,110010027023013,1,1
G11000100027023008,110010027023008,G11000100027023007,110010027023007,1,1
G11000100027023009,110010027023009,G11000100027023008,110010027023008,1,1
G11000100027023010,110010027023010,G11000100027023009,110010027023009,1,1
G11000100027023011,110010027023011,G11000100027023010,110010027023010,1,1
G11000100028011000,110010028011000,G11000100028012000,110010028012000,1,1
G11000100028011001,110010028011001,G11000100028012001,110010028012001,1,1
G11000100028011002,110010028011002,G11000100028012000,110010028012000,1,1
G11000100028011003,110010028011003,G11000100028012002,110010028012002,1,1
G11000100028011004,110010028011004,G11000100028012003,110010028012003,1,1
G11000100028011005,110010028011005,G11000100028012004,110010028012004,1,1
G11000100028011006,110010028011006,G11000100028012006,110010028012006,1,1
G11000100028011007,110010028011007,G11000100028012005,110010028012005,1,1
G11000100028011008,110010028011008,G11000100028012007,110010028012007,1,1
G11000100028011009,110010028011009,G11000100028011001,110010028011001,1,1
G11000100028011010,110010028011010,G11000100028011000,110010028011000,1,1
G11000100028011011,110010028011011,G11000100028011003,110010028011003,1,1
G11000100028011012,110010028011012,G11000100028011002,110010028011002,1,1
G11000100028022000,110010028022000,G11000100028022000,110010028022000,1,1
G11000100028022001,110010028022001,G11000100028022001,110010028022001,0.4978546994,0.6848635236
G11000100028022001,110010028022001,G11000100028022002,110010028022002,0.5021453006,0.3151364764
G11000100028022002,110010028022002,G11000100028022005,110010028022005,1,1
G11000100028022003,110010028022003,G11000100028022004,110010028022004,1,1
G11000100028022004,110010028022004,G11000100028022003,110010028022003,1,1
G11000100028022005,110010028022005,G11000100028021000,110010028021000,0.2597481202,0.5007639155
G11000100028022005,110010028022005,G11000100028021001,110010028021001,0.7402518798,0.4992360845
G11000100028022006,110010028022006,G11000100028021002,110010028021002,0.94848601,1
G11000100028022006,110010028022006,G11000100028021006,110010028021006,0.05151399,0
G11000100028022007,110010028022007,G11000100028022006,110010028022006,1,1
G11000100028022008,110010028022008,G11000100028021003,110010028021003,1,1
G11000100028022009,110010028022009,G11000100028021004,110010028021004,1,1
G11000100028022010,110010028022010,G11000100028021005,110010028021005,1,1
G11000100029001000,110010029001000,G11000100029001000,110010029001000,1,1
G11000100029001001,110010029001001,G11000100029001001,110010029001001,1,1
G11000100029001002,110010029001002,G11000100029001002,110010029001002,1,1
G11000100029001003,110010029001003,G11000100029001003,110010029001003,1,1
G11000100029001004,110010029001004,G11000100029001004,110010029001004,1,1
G11000100029001005,110010029001005,G11000100029001005,110010029001005,1,1
G11000100029001006,110010029001006,G11000100029001006,110010029001006,1,1
G11000100029001007,110010029001007,G11000100029001007,110010029001007,1,1
G11000100029002000,110010029002000,G11000100029002000,110010029002000,1,1
G11000100029002001,110010029002001,G11000100029002001,110010029002001,1,1
G11000100029002002,110010029002002,G11000100029002002,110010029002002,1,1
G11000100029002003,110010029002003,G11000100029002003,110010029002003,1,1
G11000100029002004,110010029002004,G11000100029002004,110010029002004,1,1
G11000100029002005,110010029002005,G11000100029002005,110010029002005,1,1
G11000100029002006,110010029002006,G11000100029002006,110010029002006,1,1
G11000100029002007,110010029002007,G11000100029002007,110010029002007,1,1
G11000100029002008,110010029002008,G11000100029002008,110010029002008,1,1
G11000100029002009,110010029002009,G11000100029002009,110010029002009,1,1
G11000100029002010,110010029002010,G11000100029002010,110010029002010,1,1
G11000100030001000,110010030001000,G11000100030001000,110010030001000,1,1
G11000100030001001,110010030001001,G11000100030001001,110010030001001,1,1
G11000100030001002,110010030001002,G11000100030001002,110010030001002,1,1
G11000100030001003,110010030001003,G11000100030001005,110010030001005,1,1
G11000100030001004,110010030001004,G11000100030001004,110010030001004,1,1
G11000100030001005,110010030001005,G11000100030001003,110010030001003,1,1
G11000100030001006,110010030001006,G11000100030002000,110010030002000,0.3978049574,0.3680916621
G11000100030001006,110010030001006,G11000100030002004,110010030002004,0.6021950426,0.6319083379
G11000100030001007,110010030001007,G11000100030002001,110010030002001,1,1
G11000100030001008,110010030001008,G11000100030002002,110010030002002,1,1
G11000100030001009,110010030001009,G11000100030002003,110010030002003,1,1
G11000100031001000,110010031001000,G11000100031001000,110010031001000,1,1
G11000100031001001,110010031001001,G11000100031001001,110010031001001,1,1
G11000100031001002,110010031001002,G11000100031001002,110010031001002,1,1
G11000100031001003,110010031001003,G11000100031001003,110010031001003,1,1
G11000100031001004,110010031001004,G11000100031001004,110010031001004,1,1
G11000100031001005,110010031001005,G11000100031001005,110010031001005,1,1
G11000100031001006,110010031001006,G11000100031001006,110010031001006,1,1
G11000100031001007,110010031001007,G11000100031001007,110010031001007,1,1
G11000100031001008,110010031001008,G11000100031001008,110010031001008,1,1
G11000100031001009,110010031001009,G11000100031001009,110010031001009,1,1
G11000100031001010,110010031001010,G11000100031001010,110010031001010,1,1
G11000100031001011,110010031001011,G11000100031001011,110010031001011,1,1
G11000100031001012,110010031001012,G11000100031001013,110010031001013,0.4730966579,0.6550194392
G11000100031001012,110010031001012,G11000100031001014,110010031001014,0.5269033421,0.3449805608
G11000100031001013,110010031001013,G11000100031001012,110010031001012,1,1
G11000100031002000,110010031002000,G11000100031001016,110010031001016,1,1
G11000100031002001,110010031002001,G11000100031001015,110010031001015,1,1
G11000100031002002,110010031002002,G11000100031001017,110010031001017,1,1
G11000100032001000,110010032001000,G11000100032001000,110010032001000,0.1231835307,0
G11000100032001000,110010032001000,G11000100032001001,110010032001001,0.8768164693,1
G11000100032001001,110010032001001,G11000100032001002,110010032001002,1,1
G11000100032001002,110010032001002,G11000100032001003,110010032001003,1,1
G11000100032001003,110010032001003,G11000100032001004,110010032001004,1,1
G11000100032001004,110010032001004,G11000100032001005,110010032001005,1,1
G11000100032001005,110010032001005,G11000100032001006,110010032001006,1,1
G11000100032002000,110010032002000,G11000100032002000,110010032002000,1,1
G11000100032002001,110010032002001,G11000100032002001,110010032002001,1,1
G11000100032002002,110010032002002,G11000100032002002,110010032002002,1,1
G11000100032002003,110010032002003,G11000100032002003,110010032002003,1,1
G11000100032002004,110010032002004,G11000100032002004,110010032002004,1,1
G11000100032002005,110010032002005,G11000100032002005,110010032002005,1,1
G11000100032003000,110010032003000,G11000100032003000,110010032003000,1,1
G11000100032003001,110010032003001,G11000100032003001,110010032003001,1,1
G11000100032003002,110010032003002,G11000100032003005,110010032003005,1,1
G11000100032003003,110010032003003,G11000100032003004,110010032003004,1,1
G11000100032003004,110010032003004,G11000100032003003,110010032003003,1,1
G11000100032003005,110010032003005,G11000100032003002,110010032003002,1,1
G11000100032004000,110010032004000,G11000100032004000,110010032004000,1,1
G11000100032004001,110010032004001,G11000100032004001,110010032004001,1,1
G11000100032004002,110010032004002,G11000100032004002,110010032004002,0.3400490898,0.5018384423
G11000100032004002,110010032004002,G11000100032004004,110010032004004,0.6599509102,0.4981615577
G11000100032004003,110010032004003,G11000100032004003,110010032004003,1,1
G11000100032004004,110010032004004,G11000100032004005,110010032004005,1,1
G11000100032004005,110010032004005,G11000100032004005,110010032004005,1,1
G11000100032004006,110010032004006,G11000100032004008,110010032004008,0.6393897365,0.6393897365
G11000100032004006,110010032004006,G11000100032004009,110010032004009,0.3606102635,0.3606102635
G11000100032004007,110010032004007,G11000100032004006,110010032004006,0.975193346,1
G11000100032004007,110010032004007,G11000100032004007,110010032004007,0.024806654,0
G11000100032004008,110010032004008,G11000100032004010,110010032004010,1,1
G11000100033011000,110010033011000,G11000100033011000,110010033011000,1,1
G11000100033011001,110010033011001,G11000100033011001,110010033011001,1,1
G11000100033011002,110010033011002,G11000100033011002,110010033011002,1,1
G11000100033011003,110010033011003,G11000100033011003,110010033011003,1,1
G11000100033011004,110010033011004,G11000100033011004,110010033011004,1,1
G11000100033012000,110010033012000,G11000100033012000,110010033012000,0.1206854936,0.1304180367
G11000100033012000,110010033012000,G11000100033012001,110010033012001,0.8793145064,0.8695819633
G11000100033012001,110010033012001,G11000100033012003,110010033012003,1,1
G11000100033012002,110010033012002,G11000100033012002,110010033012002,1,1
G11000100033012003,110010033012003,G11000100033012000,110010033012000,1,1
G11000100033012004,110010033012004,G11000100033012004,110010033012004,1,1
G11000100033012005,110010033012005,G11000100033012005,110010033012005,1,1
G11000100033013000,110010033013000,G11000100033013000,110010033013000,1,1
G11000100033013001,110010033013001,G11000100033013001,110010033013001,1,1
G11000100033013002,110010033013002,G11000100033013002,110010033013002,1,1
G11000100033013003,110010033013003,G11000100033013003,110010033013003,1,1
G11000100033013004,110010033013004,G11000100033013004,110010033013004,1,1
G11000100033013005,110010033013005,G11000100033013005,110010033013005,1,1
G11000100033021000,110010033021000,G11000100033021000,110010033021000,1,1
G11000100033021001,110010033021001,G11000100033021001,110010033021001,1,1
G11000100033021002,110010033021002,G11000100033021002,110010033021002,1,1
G11000100033021003,110010033021003,G11000100033021003,110010033021003,1,1
G11000100033021004,110010033021004,G11000100033021004,110010033021004,1,1
G11000100033021005,110010033021005,G11000100033021005,110010033021005,1,1
G11000100033021006,110010033021006,G11000100033021006,110010033021006,1,1
G11000100033022000,110010033022000,G11000100033022000,110010033022000,1,1
G11000100033022001,110010033022001,G11000100033022001,110010033022001,1,1
G11000100033022002,110010033022002,G11000100033022002,110010033022002,1,1
G11000100033022003,110010033022003,G11000100033022003,110010033022003,1,1
G11000100033022004,110010033022004,G11000100033022004,110010033022004,1,1
G11000100033022005,110010033022005,G11000100033022005,110010033022005,1,1
G11000100033022006,110010033022006,G11000100033022006,110010033022006,1,1
G11000100034002000,110010034002000,G11000100034002000,110010034002000,1,1
G11000100034002001,110010034002001,G11000100034002001,110010034002001,1,1
G11000100034002002,110010034002002,G11000100034002002,110010034002002,1,1
G11000100034002003,110010034002003,G11000100034002005,110010034002005,1,1
G11000100034002004,110010034002004,G11000100034002003,110010034002003,1,1
G11000100034002005,110010034002005,G11000100034002004,110010034002004,1,1
G11000100034002006,110010034002006,G11000100034002006,110010034002006,1,1
G11000100034002007,110010034002007,G11000100034002007,110010034002007,1,1
G11000100034002008,110010034002008,G11000100034002008,110010034002008,1,1
G11000100034002009,110010034002009,G11000100034002009,110010034002009,1,1
G11000100034002010,110010034002010,G11000100034002010,110010034002010,1,1
G11000100034002011,110010034002011,G11000100034002011,110010034002011,1,1
G11000100034002012,110010034002012,G11000100034002013,110010034002013,1,1
G11000100034003000,110010034003000,G11000100034001000,110010034001000,1,1
G11000100034003001,110010034003001,G11000100034001001,110010034001001,1,1
G11000100034003002,110010034003002,G11000100034001003,110010034001003,1,1
G11000100034003003,110010034003003,G11000100034001002,110010034001002,1,1
G11000100034003004,110010034003004,G11000100034001004,110010034001004,1,1
G11000100034003005,110010034003005,G11000100034001005,110010034001005,1,1
G11000100034004000,110010034004000,G11000100034002025,110010034002025,1,1
G11000100034004001,110010034004001,G11000100034002024,110010034002024,1,1
G11000100034004002,110010034004002,G11000100034002023,110010034002023,1,1
G11000100034004003,110010034004003,G11000100034002018,110010034002018,1,1
G11000100034004004,110010034004004,G11000100034002017,110010034002017,1,1
G11000100034004005,110010034004005,G11000100034002012,110010034002012,1,1
G11000100034004006,110010034004006,G11000100034002014,110010034002014,1,1
G11000100034004007,110010034004007,G11000100034002015,110010034002015,1,1
G11000100034004008,110010034004008,G11000100034002016,110010034002016,1,1
G11000100034004009,110010034004009,G11000100034002019,110010034002019,1,1
G11000100034004010,110010034004010,G11000100034002020,110010034002020,1,1
G11000100034004011,110010034004011,G11000100034002021,110010034002021,1,1
G11000100034004012,110010034004012,G11000100034002022,110010034002022,1,1
G11000100034004013,110010034004013,G11000100034002027,110010034002027,1,1
G11000100034004014,110010034004014,G11000100034002026,110010034002026,1,1
G11000100034004015,110010034004015,G11000100034002028,110010034002028,1,1
G11000100035001000,110010035001000,G11000100035001000,110010035001000,1,1
G11000100035001001,110010035001001,G11000100035001001,110010035001001,1,1
G11000100035001002,110010035001002,G11000100035001002,110010035001002,1,1
G11000100035001003,110010035001003,G11000100035001003,110010035001003,1,1
G11000100035001004,110010035001004,G11000100035001004,110010035001004,1,1
G11000100035001005,110010035001005,G11000100035001005,110010035001005,1,1
G11000100035001006,110010035001006,G11000100035001006,110010035001006,1,1
G11000100035002000,110010035002000,G11000100035002000,110010035002000,1,1
G11000100035002001,110010035002001,G11000100035002001,110010035002001,1,1
G11000100035002002,110010035002002,G11000100035002002,110010035002002,1,1
G11000100035002003,110010035002003,G11000100035002003,110010035002003,1,1
G11000100035002004,110010035002004,G11000100035002004,110010035002004,1,1
G11000100035002005,110010035002005,G11000100035002005,110010035002005,1,1
G11000100035002006,110010035002006,G11000100035002006,110010035002006,1,1
G11000100035002007,110010035002007,G11000100035002007,110010035002007,1,1
G11000100035002008,110010035002008,G11000100035002008,110010035002008,1,1
G11000100036001000,110010036001000,G11000100036003000,110010036003000,1,1
G11000100036001001,110010036001001,G11000100036002000,110010036002000,1,1
G11000100036001002,110010036001002,G11000100036002001,110010036002001,1,1
G11000100036001003,110010036001003,G11000100036003001,110010036003001,1,1
G11000100036001004,110010036001004,G11000100036003002,110010036003002,1,1
G11000100036001005,110010036001005,G11000100036002002,110010036002002,1,1
G11000100036001006,110010036001006,G11000100036001000,110010036001000,1,1
G11000100036001007,110010036001007,G11000100036003003,110010036003003,1,1
G11000100036001008,110010036001008,G11000100036003004,110010036003004,1,1
G11000100036001009,110010036001009,G11000100036003005,110010036003005,1,1
G11000100036001010,110010036001010,G11000100036001001,110010036001001,1,1
G11000100036001011,110010036001011,G11000100036001002,110010036001002,1,1
G11000100037001000,110010037001000,G11000100037002000,110010037002000,1,1
G11000100037001001,110010037001001,G11000100037002001,110010037002001,1,1
G11000100037001002,110010037001002,G11000100037002002,110010037002002,1,1
G11000100037001003,110010037001003,G11000100037002003,110010037002003,1,1
G11000100037001004,110010037001004,G11000100037001000,110010037001000,1,1
G11000100037001005,110010037001005,G11000100037001001,110010037001001,0.1680823038,0.1200607903
G11000100037001005,110010037001005,G11000100037001002,110010037001002,0.6452579942,0.6747720365
G11000100037001005,110010037001005,G11000100037001003,110010037001003,0.186659702,0.2051671733
G11000100037001006,110010037001006,G11000100037002004,110010037002004,1,1
G11000100037001007,110010037001007,G11000100037003000,110010037003000,1,1
G11000100037001008,110010037001008,G11000100037003001,110010037003001,0.4248109685,0.4299625468
G11000100037001008,110010037001008,G11000100037003002,110010037003002,0.5751890315,0.5700374532
G11000100037001009,110010037001009,G11000100037003003,110010037003003,1,1
G11000100038001000,110010038001000,G11000100038003000,110010038003000,1,1
G11000100038001001,110010038001001,G11000100038003001,110010038003001,1,1
G11000100038001002,110010038001002,G11000100038003002,110010038003002,1,1
G11000100038001003,110010038001003,G11000100038003004,110010038003004,1,1
G11000100038001004,110010038001004,G11000100038003003,110010038003003,1,1
G11000100038001005,110010038001005,G11000100038003007,110010038003007,1,1
G11000100038001006,110010038001006,G11000100038001000,110010038001000,1,1
G11000100038001007,110010038001007,G11000100038001001,110010038001001,1,1
G11000100038001008,110010038001008,G11000100038001002,110010038001002,1,1
G11000100038001009,110010038001009,G11000100038003005,110010038003005,1,1
G11000100038001010,110010038001010,G11000100038003006,110010038003006,1,1
G11000100038001011,110010038001011,G11000100038001003,110010038001003,1,1
G11000100038002000,110010038002000,G11000100038002000,110010038002000,1,1
G11000100038002001,110010038002001,G11000100038002002,110010038002002,0.8813963993,0.9979939819
G11000100038002001,110010038002001,G11000100038002003,110010038002003,0.1186036007,0.0020060181
G11000100038002002,110010038002002,G11000100038002001,110010038002001,1,1
G11000100038002003,110010038002003,G11000100038002004,110010038002004,0.6115368324,1
G11000100038002003,110010038002003,G11000100038002005,110010038002005,0.3884631676,0
G11000100038002004,110010038002004,G11000100038002004,110010038002004,1,1
G11000100038002005,110010038002005,G11000100038002006,110010038002006,1,1
G11000100038002006,110010038002006,G11000100038002007,110010038002007,1,1
G11000100039001000,110010039001000,G11000100039001000,110010039001000,0.2007858882,0.0136612022
G11000100039001000,110010039001000,G11000100039001001,110010039001001,0.7992141118,0.9863387978
G11000100039001001,110010039001001,G11000100039001002,110010039001002,1,1
G11000100039001002,110010039001002,G11000100039001003,110010039001003,0.4357644402,0.5562593038
G11000100039001002,110010039001002,G11000100039003000,110010039003000,0.5642355598,0.4437406962
G11000100039001003,110010039001003,G11000100039003001,110010039003001,1,1
G11000100039001004,110010039001004,G11000100039003002,110010039003002,1,1
G11000100039001005,110010039001005,G11000100039003003,110010039003003,1,1
G11000100039001006,110010039001006,G11000100039003004,110010039003004,1,1
G11000100039002000,110010039002000,G11000100039002000,110010039002000,1,1
G11000100039002001,110010039002001,G11000100039002001,110010039002001,1,1
G11000100039002002,110010039002002,G11000100039002002,110010039002002,1,1
G11000100039002003,110010039002003,G11000100039002003,110010039002003,1,1
G11000100039002004,110010039002004,G11000100039002011,110010039002011,1,1
G11000100039002005,110010039002005,G11000100039004001,110010039004001,1,1
G11000100039002006,110010039002006,G11000100039004002,110010039004002,1,1
G11000100039002007,110010039002007,G11000100039004000,110010039004000,1,1
G11000100039002008,110010039002008,G11000100039002008,110010039002008,0,0
G11000100039002008,110010039002008,G11000100039002009,110010039002009,0,0
G11000100039002008,110010039002008,G11000100039002010,110010039002010,1,1
G11000100039002009,110010039002009,G11000100039002005,110010039002005,0,0
G11000100039002009,110010039002009,G11000100039002006,110010039002006,1,1
G11000100039002009,110010039002009,G11000100039002007,110010039002007,0,0
G11000100039002010,110010039002010,G11000100039002004,110010039002004,1,1
G11000100039002010,110010039002010,G11000100039002005,110010039002005,0,0
G11000100039002010,110010039002010,G11000100039002007,110010039002007,0,0
G11000100040011000,110010040011000,G11000100040011000,110010040011000,1,1
G11000100040011001,110010040011001,G11000100040011001,110010040011001,1,1
G11000100040011002,110010040011002,G11000100040011002,110010040011002,1,1
G11000100040011003,110010040011003,G11000100040011003,110010040011003,1,1
G11000100040011004,110010040011004,G11000100040011004,110010040011004,1,1
G11000100040012000,110010040012000,G11000100040012000,110010040012000,1,1
G11000100040012001,110010040012001,G11000100040012001,110010040012001,1,1
G11000100040012002,110010040012002,G11000100040012002,110010040012002,0.8530886928,1
G11000100040012002,110010040012002,G11000100040012004,110010040012004,0.1469113072,0
G11000100040012003,110010040012003,G11000100040012003,110010040012003,1,1
G11000100040013000,110010040013000,G11000100040013004,110010040013004,0.6076143865,0.4989429175
G11000100040013000,110010040013000,G11000100040013006,110010040013006,0.3923856135,0.5010570825
G11000100040013001,110010040013001,G11000100040013005,110010040013005,1,1
G11000100040013002,110010040013002,G11000100040013000,110010040013000,0.4598451169,1
G11000100040013002,110010040013002,G11000100040013001,110010040013001,0,0
G11000100040013002,110010040013002,G11000100040013002,110010040013002,0.5401548831,0
G11000100040013002,110010040013002,G11000100040013010,110010040013010,0,0
G11000100040013003,110010040013003,G11000100040013003,110010040013003,1,1
G11000100040013004,110010040013004,G11000100040013008,110010040013008,1,1
G11000100040013005,110010040013005,G11000100040013007,110010040013007,1,1
G11000100040013006,110010040013006,G11000100040013009,110010040013009,1,1
G11000100040021000,110010040021000,G11000100040021000,110010040021000,1,1
G11000100040021001,110010040021001,G11000100040021001,110010040021001,1,1
G11000100040022000,110010040022000,G11000100040022000,110010040022000,1,1
G11000100040022001,110010040022001,G11000100040023000,110010040023000,1,1
G11000100040022002,110010040022002,G11000100040023001,110010040023001,1,1
G11000100040022003,110010040022003,G11000100040023002,110010040023002,1,1
G11000100040022004,110010040022004,G11000100040022003,110010040022003,1,1
G11000100040022005,110010040022005,G11000100040022002,110010040022002,1,1
G11000100040022006,110010040022006,G11000100040022001,110010040022001,1,1
G11000100041001000,110010041001000,G11000100041002000,110010041002000,0,0
G11000100041001000,110010041001000,G11000100041002001,110010041002001,1,1
G11000100041001001,110010041001001,G11000100041002004,110010041002004,1,1
G11000100041001002,110010041001002,G11000100041002015,110010041002015,1,1
G11000100041001003,110010041001003,G11000100041002002,110010041002002,1,1
G11000100041001004,110010041001004,G11000100041002001,110010041002001,1,1
G11000100041001005,110010041001005,G11000100041002003,110010041002003,1,1
G11000100041001006,110010041001006,G11000100041002013,110010041002013,1,1
G11000100041001007,110010041001007,G11000100041002014,110010041002014,1,1
G11000100041001008,110010041001008,G11000100041002006,110010041002006,0.8809044101,0.8809044101
G11000100041001008,110010041001008,G11000100041002007,110010041002007,0.0070144019,0.0070144019
G11000100041001008,110010041001008,G11000100041002009,110010041002009,0.112081188,0.112081188
G11000100041001009,110010041001009,G11000100041002008,110010041002008,1,1
G11000100041001010,110010041001010,G11000100041002005,110010041002005,1,1
G11000100041001011,110010041001011,G11000100041002010,110010041002010,1,1
G11000100041001012,110010041001012,G11000100041002011,110010041002011,1,1
G11000100041001013,110010041001013,G11000100041001000,110010041001000,0.3759887367,0.6866621009
G11000100041001013,110010041001013,G11000100041002012,110010041002012,0.6240112633,0.3133378991
G11000100041001014,110010041001014,G11000100041001001,110010041001001,1,1
G11000100041001015,110010041001015,G11000100041001002,110010041001002,1,1
G11000100041001016,110010041001016,G11000100041001004,110010041001004,1,1
G11000100041001017,110010041001017,G11000100041001003,110010041001003,1,1
G11000100041003000,110010041003000,G11000100041003030,110010041003030,1,1
G11000100041003001,110010041003001,G11000100041003029,110010041003029,1,1
G11000100041003002,110010041003002,G11000100041003014,110010041003014,1,1
G11000100041003003,110010041003003,G11000100041003015,110010041003015,1,1
G11000100041003004,110010041003004,G11000100041003016,110010041003016,1,1
G11000100041003005,110010041003005,G11000100041003000,110010041003000,1,1
G11000100041003006,110010041003006,G11000100041003001,110010041003001,1,1
G11000100041003007,110010041003007,G11000100041003003,110010041003003,1,1
G11000100041003008,110010041003008,G11000100041003002,110010041003002,1,1
G11000100041003009,110010041003009,G11000100041003005,110010041003005,1,1
G11000100041003010,110010041003010,G11000100041003007,110010041003007,0.2825572591,0.2825572591
G11000100041003010,110010041003010,G11000100041003008,110010041003008,0.5611158433,0.5611158433
G11000100041003010,110010041003010,G11000100041003009,110010041003009,0.1563268976,0.1563268976
G11000100041003010,110010041003010,G11000100041003010,110010041003010,0,0
G11000100041003011,110010041003011,G11000100041003004,110010041003004,0.2031884724,0.2031884724
G11000100041003011,110010041003011,G11000100041003006,110010041003006,0.7968115276,0.7968115276
G11000100041003012,110010041003012,G11000100041003013,110010041003013,1,1
G11000100041003013,110010041003013,G11000100041003028,110010041003028,1,1
G11000100041003014,110010041003014,G11000100041003031,110010041003031,1,1
G11000100041003015,110010041003015,G11000100041003011,110010041003011,1,1
G11000100041003016,110010041003016,G11000100041003012,110010041003012,1,1
G11000100041003017,110010041003017,G11000100041003021,110010041003021,0.9663421878,1
G11000100041003017,110010041003017,G11000100041003022,110010041003022,0.0336578122,0
G11000100041003018,110010041003018,G11000100041003020,110010041003020,0.8736383442,0.9882218875
G11000100041003018,110010041003018,G11000100041003023,110010041003023,0.1263616558,0.0117781125
G11000100041003019,110010041003019,G11000100041003024,110010041003024,1,1
G11000100041003020,110010041003020,G11000100041003018,110010041003018,1,1
G11000100041003020,110010041003020,G11000100041003019,110010041003019,0,0
G11000100041003020,110010041003020,G11000100041003026,110010041003026,0,0
G11000100041003021,110010041003021,G11000100041003027,110010041003027,1,1
G11000100041003022,110010041003022,G11000100041003017,110010041003017,1,1
G11000100041003022,110010041003022,G11000100041003025,110010041003025,0,0
G11000100041003022,110010041003022,G11000100041003026,110010041003026,0,0
G11000100042011000,110010042011000,G11000100042011000,110010042011000,1,1
G11000100042011001,110010042011001,G11000100042011001,110010042011001,1,1
G11000100042011002,110010042011002,G11000100042011002,110010042011002,1,1
G11000100042011003,110010042011003,G11000100042011003,110010042011003,1,1
G11000100042011004,110010042011004,G11000100042011004,110010042011004,1,1
G11000100042011005,110010042011005,G11000100042011005,110010042011005,1,1
G11000100042011006,110010042011006,G11000100042011006,110010042011006,1,1
G11000100042012000,110010042012000,G11000100042012000,110010042012000,1,1
G11000100042012001,110010042012001,G11000100042012001,110010042012001,1,1
G11000100042012002,110010042012002,G11000100042012002,110010042012002,1,1
G11000100042012003,110010042012003,G11000100042012003,110010042012003,1,1
G11000100042012004,110010042012004,G11000100042012004,110010042012004,1,1
G11000100042012005,110010042012005,G11000100042012005,110010042012005,1,1
G11000100042012006,110010042012006,G11000100042012007,110010042012007,1,1
G11000100042012007,110010042012007,G11000100042012006,110010042012006,1,1
G11000100042021000,110010042021000,G11000100042021000,110010042021000,1,1
G11000100042021001,110010042021001,G11000100042021001,110010042021001,1,1
G11000100042021002,110010042021002,G11000100042022007,110010042022007,1,1
G11000100042021003,110010042021003,G11000100042022001,110010042022001,1,1
G11000100042021004,110010042021004,G11000100042022000,110010042022000,1,1
G11000100042021005,110010042021005,G11000100042022003,110010042022003,1,1
G11000100042021006,110010042021006,G11000100042022002,110010042022002,1,1
G11000100042021007,110010042021007,G11000100042022006,110010042022006,1,1
G11000100042021008,110010042021008,G11000100042022005,110010042022005,1,1
G11000100042021009,110010042021009,G11000100042022004,110010042022004,1,1
G11000100042021010,110010042021010,G11000100042021002,110010042021002,1,1
G11000100042021011,110010042021011,G11000100042021003,110010042021003,1,1
G11000100042021012,110010042021012,G11000100042021004,110010042021004,1,1
G11000100042021013,110010042021013,G11000100042021005,110010042021005,1,1
G11000100042021014,110010042021014,G11000100042021006,110010042021006,0.9637418026,1
G11000100042021014,110010042021014,G11000100042021007,110010042021007,0.0362581974,0
G11000100042021015,110010042021015,G11000100042021008,110010042021008,1,1
G11000100042021016,110010042021016,G11000100042021009,110010042021009,1,1
G11000100042021017,110010042021017,G11000100042021011,110010042021011,1,1
G11000100042021018,110010042021018,G11000100042021010,110010042021010,1,1
G11000100043001000,110010043001000,G11000100043001000,110010043001000,1,1
G11000100043001001,110010043001001,G11000100043001001,110010043001001,1,1
G11000100043001002,110010043001002,G11000100043001002,110010043001002,1,1
G11000100043001003,110010043001003,G11000100043001003,110010043001003,1,1
G11000100043001004,110010043001004,G11000100043001004,110010043001004,1,1
G11000100043001005,110010043001005,G11000100043001005,110010043001005,1,1
G11000100043001006,110010043001006,G11000100043001006,110010043001006,1,1
G11000100043001007,110010043001007,G11000100043001007,110010043001007,1,1
G11000100043002000,110010043002000,G11000100043002000,110010043002000,1,1
G11000100043002001,110010043002001,G11000100043002001,110010043002001,1,1
G11000100043002002,110010043002002,G11000100043002002,110010043002002,1,1
G11000100043002003,110010043002003,G11000100043002003,110010043002003,1,1
G11000100043002004,110010043002004,G11000100043002004,110010043002004,1,1
G11000100043002005,110010043002005,G11000100043002005,110010043002005,1,1
G11000100043002006,110010043002006,G11000100043002006,110010043002006,1,1
G11000100044001000,110010044001000,G11000100044001000,110010044001000,1,1
G11000100044001001,110010044001001,G11000100044001001,110010044001001,1,1
G11000100044001002,110010044001002,G11000100044001002,110010044001002,1,1
G11000100044001003,110010044001003,G11000100044001003,110010044001003,1,1
G11000100044001004,110010044001004,G11000100044001004,110010044001004,1,1
G11000100044001005,110010044001005,G11000100044001005,110010044001005,1,1
G11000100044001006,110010044001006,G11000100044001006,110010044001006,1,1
G11000100044001007,110010044001007,G11000100044001007,110010044001007,0.5078963992,0.48
G11000100044001007,110010044001007,G11000100044001008,110010044001008,0.4921036008,0.52
G11000100044001008,110010044001008,G11000100044001009,110010044001009,1,1
G11000100044001009,110010044001009,G11000100044001010,110010044001010,1,1
G11000100044001010,110010044001010,G11000100044001011,110010044001011,1,1
G11000100044001011,110010044001011,G11000100044001012,110010044001012,1,1
G11000100044001012,110010044001012,G11000100044001014,110010044001014,1,1
G11000100044001013,110010044001013,G11000100044001013,110010044001013,1,1
G11000100044001014,110010044001014,G11000100044001018,110010044001018,1,1
G11000100044001015,110010044001015,G11000100044001015,110010044001015,1,1
G11000100044001016,110010044001016,G11000100044001016,110010044001016,1,1
G11000100044001017,110010044001017,G11000100044001017,110010044001017,1,1
G11000100044002000,110010044002000,G11000100044002000,110010044002000,1,1
G11000100044002001,110010044002001,G11000100044002001,110010044002001,1,1
G11000100044002002,110010044002002,G11000100044002002,110010044002002,1,1
G11000100044002003,110010044002003,G11000100044002003,110010044002003,1,1
G11000100044002004,110010044002004,G11000100044002004,110010044002004,1,1
G11000100044002005,110010044002005,G11000100044002005,110010044002005,1,1
G11000100044002006,110010044002006,G11000100044002006,110010044002006,1,1
G11000100044002007,110010044002007,G11000100044002007,110010044002007,1,1
G11000100044002008,110010044002008,G11000100044002008,110010044002008,1,1
G11000100044002009,110010044002009,G11000100044002009,110010044002009,1,1
G11000100044002010,110010044002010,G11000100044002010,110010044002010,1,1
G11000100044002011,110010044002011,G11000100044002011,110010044002011,1,1
G11000100044002012,110010044002012,G11000100044002012,110010044002012,1,1
G11000100044002013,110010044002013,G11000100044002013,110010044002013,1,1
G11000100044002014,110010044002014,G11000100044002002,110010044002002,1,1
G11000100044002015,110010044002015,G11000100044002015,110010044002015,1,1
G11000100044002016,110010044002016,G11000100044002016,110010044002016,1,1
G11000100044002017,110010044002017,G11000100044002017,110010044002017,1,1
G11000100044002018,110010044002018,G11000100044002018,110010044002018,1,1
G11000100044002019,110010044002019,G11000100044002014,110010044002014,1,1
G11000100046001000,110010046001000,G11000100046001000,110010046001000,1,1
G11000100046001001,110010046001001,G11000100046001001,110010046001001,1,1
G11000100046001002,110010046001002,G11000100046001002,110010046001002,1,1
G11000100046001003,110010046001003,G11000100046001003,110010046001003,1,1
G11000100046001004,110010046001004,G11000100046001004,110010046001004,1,1
G11000100046001005,110010046001005,G11000100046001005,110010046001005,1,1
G11000100046002000,110010046002000,G11000100046002000,110010046002000,1,1
G11000100046002001,110010046002001,G11000100046002001,110010046002001,1,1
G11000100046002002,110010046002002,G11000100046002012,110010046002012,1,1
G11000100046002003,110010046002003,G11000100046002006,110010046002006,1,1
G11000100046002004,110010046002004,G11000100046002015,110010046002015,1,1
G11000100046002005,110010046002005,G11000100046002014,110010046002014,1,1
G11000100046002006,110010046002006,G11000100046002016,110010046002016,0.9142464202,0.980952381
G11000100046002006,110010046002006,G11000100046002017,110010046002017,0.0857535798,0.019047619
G11000100046002007,110010046002007,G11000100046002019,110010046002019,1,1
G11000100046002008,110010046002008,G11000100046002018,110010046002018,1,1
G11000100046002009,110010046002009,G11000100046002020,110010046002020,1,1
G11000100046003000,110010046003000,G11000100046002002,110010046002002,1,1
G11000100046003001,110010046003001,G11000100046002003,110010046002003,1,1
G11000100046003002,110010046003002,G11000100046002004,110010046002004,1,1
G11000100046003003,110010046003003,G11000100046002005,110010046002005,1,1
G11000100046003004,110010046003004,G11000100046002009,110010046002009,1,1
G11000100046003005,110010046003005,G11000100046002008,110010046002008,1,1
G11000100046003006,110010046003006,G11000100046002007,110010046002007,1,1
G11000100046003007,110010046003007,G11000100046002013,110010046002013,1,1
G11000100046003008,110010046003008,G11000100046002011,110010046002011,1,1
G11000100046003009,110010046003009,G11000100046002010,110010046002010,1,1
G11000100047001000,110010047001000,G11000100047012000,110010047012000,1,1
G11000100047001001,110010047001001,G11000100047012001,110010047012001,1,1
G11000100047001002,110010047001002,G11000100047012002,110010047012002,1,1
G11000100047002000,110010047002000,G11000100047011000,110010047011000,1,1
G11000100047002001,110010047002001,G11000100047011001,110010047011001,1,1
G11000100047002002,110010047002002,G11000100047011002,110010047011002,1,1
G11000100047002003,110010047002003,G11000100047011003,110010047011003,1,1
G11000100047002004,110010047002004,G11000100047021000,110010047021000,1,1
G11000100047002005,110010047002005,G11000100047021020,110010047021020,1,1
G11000100047002006,110010047002006,G11000100047021021,110010047021021,1,1
G11000100047002007,110010047002007,G11000100047021023,110010047021023,1,1
G11000100047003000,110010047003000,G11000100047012003,110010047012003,1,1
G11000100047003001,110010047003001,G11000100047012004,110010047012004,0.9883162666,1
G11000100047003001,110010047003001,G11000100047012005,110010047012005,0.0116837334,0
G11000100047003002,110010047003002,G11000100047012005,110010047012005,0.2105183846,0
G11000100047003002,110010047003002,G11000100047012006,110010047012006,0.7894816154,1
G11000100047003003,110010047003003,G11000100047012009,110010047012009,1,1
G11000100047003004,110010047003004,G11000100047012008,110010047012008,1,1
G11000100047003005,110010047003005,G11000100047012007,110010047012007,1,1
G11000100047003006,110010047003006,G11000100047021009,110010047021009,1,1
G11000100047003007,110010047003007,G11000100047021008,110010047021008,1,1
G11000100047003008,110010047003008,G11000100047021007,110010047021007,1,1
G11000100047003009,110010047003009,G11000100047012010,110010047012010,1,1
G11000100047003010,110010047003010,G11000100047021006,110010047021006,1,1
G11000100047003011,110010047003011,G11000100047021004,110010047021004,0.1733719115,0.1733719115
G11000100047003011,110010047003011,G11000100047021005,110010047021005,0.8266280885,0.8266280885
G11000100047003012,110010047003012,G11000100047021003,110010047021003,1,1
G11000100047003013,110010047003013,G11000100047021002,110010047021002,1,1
G11000100047003014,110010047003014,G11000100047021001,110010047021001,1,1
G11000100047003015,110010047003015,G11000100047021019,110010047021019,1,1
G11000100047003016,110010047003016,G11000100047021018,110010047021018,1,1
G11000100047003017,110010047003017,G11000100047021017,110010047021017,1,1
G11000100047003018,110010047003018,G11000100047021022,110010047021022,1,1
G11000100047003019,110010047003019,G11000100047021016,110010047021016,1,1
G11000100047003020,110010047003020,G11000100047021014,110010047021014,0.9620253165,0.9620253165
G11000100047003020,110010047003020,G11000100047021015,110010047021015,0.0379746835,0.0379746835
G11000100047003021,110010047003021,G11000100047021014,110010047021014,1,1
G11000100047003022,110010047003022,G11000100047021014,110010047021014,0.7345151199,0.7345151199
G11000100047003022,110010047003022,G11000100047021015,110010047021015,0.2654848801,0.2654848801
G11000100047003023,110010047003023,G11000100047021013,110010047021013,1,1
G11000100047003024,110010047003024,G11000100047021012,110010047021012,1,1
G11000100047003025,110010047003025,G11000100047021011,110010047021011,1,1
G11000100047003026,110010047003026,G11000100047021010,110010047021010,1,1
G11000100048012000,110010048012000,G11000100048011000,110010048011000,1,1
G11000100048012001,110010048012001,G11000100048011001,110010048011001,1,1
G11000100048012002,110010048012002,G11000100048011002,110010048011002,1,1
G11000100048012003,110010048012003,G11000100048011003,110010048011003,1,1
G11000100048012004,110010048012004,G11000100048011004,110010048011004,1,1
G11000100048012005,110010048012005,G11000100048011005,110010048011005,1,1
G11000100048012006,110010048012006,G11000100048011007,110010048011007,1,1
G11000100048012007,110010048012007,G11000100048011008,110010048011008,1,1
G11000100048012008,110010048012008,G11000100048011009,110010048011009,1,1
G11000100048012009,110010048012009,G11000100048011010,110010048011010,1,1
G11000100048012010,110010048012010,G11000100048011006,110010048011006,1,1
G11000100048012011,110010048012011,G11000100048011017,110010048011017,1,1
G11000100048012012,110010048012012,G11000100048011018,110010048011018,1,1
G11000100048012013,110010048012013,G11000100048011019,110010048011019,1,1
G11000100048012014,110010048012014,G11000100048011011,110010048011011,1,1
G11000100048012015,110010048012015,G11000100048011012,110010048011012,1,1
G11000100048012016,110010048012016,G11000100048011013,110010048011013,1,1
G11000100048013000,110010048013000,G11000100048011014,110010048011014,1,1
G11000100048013001,110010048013001,G11000100048011015,110010048011015,1,1
G11000100048013002,110010048013002,G11000100048011016,110010048011016,1,1
G11000100048013003,110010048013003,G11000100048011020,110010048011020,1,1
G11000100048013004,110010048013004,G11000100048011021,110010048011021,1,1
G11000100048013005,110010048013005,G11000100048011022,110010048011022,1,1
G11000100048013006,110010048013006,G11000100048011023,110010048011023,0.9911644607,1
G11000100048013006,110010048013006,G11000100048011024,110010048011024,0.0088355393,0
G11000100048013007,110010048013007,G11000100048011025,110010048011025,1,1
G11000100048021000,110010048021000,G11000100048021000,110010048021000,1,1
G11000100048021001,110010048021001,G11000100048021001,110010048021001,1,1
G11000100048021002,110010048021002,G11000100048021002,110010048021002,1,1
G11000100048021003,110010048021003,G11000100048021003,110010048021003,1,1
G11000100048021004,110010048021004,G11000100048021004,110010048021004,1,1
G11000100048021005,110010048021005,G11000100048021005,110010048021005,1,1
G11000100048021006,110010048021006,G11000100048021006,110010048021006,1,1
G11000100048021007,110010048021007,G11000100048021007,110010048021007,1,1
G11000100048021008,110010048021008,G11000100048021008,110010048021008,1,1
G11000100048022000,110010048022000,G11000100048022000,110010048022000,1,1
G11000100048022001,110010048022001,G11000100048022001,110010048022001,1,1
G11000100048022002,110010048022002,G11000100048022002,110010048022002,1,1
G11000100048022003,110010048022003,G11000100048022003,110010048022003,1,1
G11000100048022004,110010048022004,G11000100048022004,110010048022004,1,1
G11000100048022005,110010048022005,G11000100048022005,110010048022005,1,1
G11000100048022006,110010048022006,G11000100048022006,110010048022006,1,1
G11000100048022007,110010048022007,G11000100048022007,110010048022007,1,1
G11000100049011000,110010049011000,G11000100049011000,110010049011000,1,1
G11000100049011001,110010049011001,G11000100049011001,110010049011001,1,1
G11000100049011002,110010049011002,G11000100049011002,110010049011002,1,1
G11000100049011003,110010049011003,G11000100049011003,110010049011003,1,1
G11000100049011004,110010049011004,G11000100049011004,110010049011004,1,1
G11000100049011005,110010049011005,G11000100049011005,110010049011005,1,1
G11000100049011006,110010049011006,G11000100049011006,110010049011006,1,1
G11000100049012000,110010049012000,G11000100049012000,110010049012000,1,1
G11000100049012001,110010049012001,G11000100049012001,110010049012001,1,1
G11000100049012002,110010049012002,G11000100049012002,110010049012002,1,1
G11000100049012003,110010049012003,G11000100049012003,110010049012003,1,1
G11000100049012004,110010049012004,G11000100049012003,110010049012003,1,1
G11000100049012005,110010049012005,G11000100049012003,110010049012003,0.7906164592,1
G11000100049012005,110010049012005,G11000100049012012,110010049012012,0.2093835408,0
G11000100049012006,110010049012006,G11000100049012003,110010049012003,1,1
G11000100049012007,110010049012007,G11000100049012004,110010049012004,0.3552190335,1
G11000100049012007,110010049012007,G11000100049012010,110010049012010,0.6447809665,0
G11000100049012008,110010049012008,G11000100049012005,110010049012005,1,1
G11000100049012009,110010049012009,G11000100049012006,110010049012006,1,1
G11000100049012010,110010049012010,G11000100049012007,110010049012007,1,1
G11000100049012011,110010049012011,G11000100049012008,110010049012008,1,1
G11000100049012012,110010049012012,G11000100049012009,110010049012009,1,1
G11000100049012013,110010049012013,G11000100049012013,110010049012013,1,1
G11000100049012014,110010049012014,G11000100049012014,110010049012014,1,1
G11000100049012015,110010049012015,G11000100049012011,110010049012011,1,1
G11000100049021000,110010049021000,G11000100049021000,110010049021000,1,1
G11000100049021001,110010049021001,G11000100049021001,110010049021001,1,1
G11000100049021002,110010049021002,G11000100049021002,110010049021002,0.2226973304,0.1200787402
G11000100049021002,110010049021002,G11000100049021003,110010049021003,0.0782772834,0.092519685
G11000100049021002,110010049021002,G11000100049021004,110010049021004,0.2883393043,0.1220472441
G11000100049021002,110010049021002,G11000100049021006,110010049021006,0.3363765939,0.6653543307
G11000100049021002,110010049021002,G11000100049021007,110010049021007,0.074309488,0
G11000100049021003,110010049021003,G11000100049021005,110010049021005,1,1
G11000100049022000,110010049022000,G11000100049022000,110010049022000,1,1
G11000100049022001,110010049022001,G11000100049022000,110010049022000,1,1
G11000100049022002,110010049022002,G11000100049022001,110010049022001,0.3209625979,0.2012012012
G11000100049022002,110010049022002,G11000100049022002,110010049022002,0.328307722,0.4024024024
G11000100049022002,110010049022002,G11000100049022003,110010049022003,0.0311201314,0.003003003
G11000100049022002,110010049022002,G11000100049022005,110010049022005,0.188718147,0.2612612613
G11000100049022002,110010049022002,G11000100049022006,110010049022006,0.1308914017,0.1321321321
G11000100049022003,110010049022003,G11000100049022004,110010049022004,1,1
G11000100049022004,110010049022004,G11000100049022013,110010049022013,1,1
G11000100049022005,110010049022005,G11000100049022007,110010049022007,1,1
G11000100049022006,110010049022006,G11000100049022008,110010049022008,1,1
G11000100049022007,110010049022007,G11000100049022009,110010049022009,1,1
G11000100049022008,110010049022008,G11000100049022009,110010049022009,1,1
G11000100049022009,110010049022009,G11000100049022010,110010049022010,1,1
G11000100049022010,110010049022010,G11000100049022010,110010049022010,1,1
G11000100049022011,110010049022011,G11000100049022011,110010049022011,1,1
G11000100049022012,110010049022012,G11000100049022012,110010049022012,1,1
G11000100050001000,110010050001000,G11000100050011001,110010050011001,1,1
G11000100050001001,110010050001001,G11000100050011000,110010050011000,1,1
G11000100050001002,110010050001002,G11000100050011002,110010050011002,1,1
G11000100050001003,110010050001003,G11000100050011003,110010050011003,1,1
G11000100050001004,110010050001004,G11000100050011004,110010050011004,1,1
G11000100050001005,110010050001005,G11000100050011005,110010050011005,1,1
G11000100050001006,110010050001006,G11000100050011006,110010050011006,1,1
G11000100050001007,110010050001007,G11000100050011007,110010050011007,1,1
G11000100050001008,110010050001008,G11000100050011008,110010050011008,1,1
G11000100050001009,110010050001009,G11000100050011009,110010050011009,1,1
G11000100050001010,110010050001010,G11000100050011010,110010050011010,1,1
G11000100050002000,110010050002000,G11000100050023005,110010050023005,1,1
G11000100050002001,110010050002001,G11000100050023004,110010050023004,1,1
G11000100050002002,110010050002002,G11000100050023008,110010050023008,1,1
G11000100050002003,110010050002003,G11000100050023001,110010050023001,0.4473850032,0.9326865012
G11000100050002003,110010050002003,G11000100050023002,110010050023002,0.1947069943,0.0673134988
G11000100050002003,110010050002003,G11000100050023003,110010050023003,0.3579080025,0
G11000100050002004,110010050002004,G11000100050023001,110010050023001,0.6576551724,0.9205356247
G11000100050002004,110010050002004,G11000100050023002,110010050023002,0.3423448276,0.0794643753
G11000100050002005,110010050002005,G11000100050023000,110010050023000,1,1
G11000100050002006,110010050002006,G11000100050023007,110010050023007,1,1
G11000100050002007,110010050002007,G11000100050023006,110010050023006,1,1
G11000100050002008,110010050002008,G11000100050021000,110010050021000,1,1
G11000100050002009,110010050002009,G11000100050021001,110010050021001,1,1
G11000100050002010,110010050002010,G11000100050021002,110010050021002,1,1
G11000100050002011,110010050002011,G11000100050024002,110010050024002,0.4985897838,0.6323877069
G11000100050002011,110010050002011,G11000100050024003,110010050024003,0.5014102162,0.3676122931
G11000100050002012,110010050002012,G11000100050024000,110010050024000,0.687232783,0.7939733707
G11000100050002012,110010050002012,G11000100050024001,110010050024001,0.2757350523,0.2060266293
G11000100050002012,110010050002012,G11000100050024004,110010050024004,0.0370321647,0
G11000100050003000,110010050003000,G11000100050022001,110010050022001,1,1
G11000100050003001,110010050003001,G11000100050022000,110010050022000,1,1
G11000100050003002,110010050003002,G11000100050022002,110010050022002,1,1
G11000100050003003,110010050003003,G11000100050022003,110010050022003,0.3848187448,0.5980105325
G11000100050003003,110010050003003,G11000100050022005,110010050022005,0.6151812552,0.4019894675
G11000100050003004,110010050003004,G11000100050022004,110010050022004,1,1
G11000100050003005,110010050003005,G11000100050022006,110010050022006,1,1
G11000100050004000,110010050004000,G11000100050012000,110010050012000,1,1
G11000100050004001,110010050004001,G11000100050012001,110010050012001,1,1
G11000100050004002,110010050004002,G11000100050012002,110010050012002,1,1
G11000100050004003,110010050004003,G11000100050012003,110010050012003,1,1
G11000100050004004,110010050004004,G11000100050012004,110010050012004,1,1
G11000100050004005,110010050004005,G11000100050012005,110010050012005,1,1
G11000100050004006,110010050004006,G11000100050012006,110010050012006,0.5682603687,0.5682603687
G11000100050004006,110010050004006,G11000100050012007,110010050012007,0.4317396313,0.4317396313
G11000100051001000,110010051001000,G11000100101001000,110010101001000,1,1
G11000100051001001,110010051001001,G11000100101001001,110010101001001,1,1
G11000100051001002,110010051001002,G11000100101001002,110010101001002,1,1
G11000100051001003,110010051001003,G11000100101001003,110010101001003,1,1
G11000100051001004,110010051001004,G11000100101001004,110010101001004,1,1
G11000100051001005,110010051001005,G11000100101001005,110010101001005,0.8169099942,0.9921182266
G11000100051001005,110010051001005,G11000100101001006,110010101001006,0.1830900058,0.0078817734
G11000100051001006,110010051001006,G11000100101001007,110010101001007,1,1
G11000100051001007,110010051001007,G11000100101001008,110010101001008,1,1
G11000100051001008,110010051001008,G11000100101001009,110010101001009,1,1
G11000100051001009,110010051001009,G11000100101001010,110010101001010,1,1
G11000100051001010,110010051001010,G11000100101001011,110010101001011,1,1
G11000100051001011,110010051001011,G11000100101001012,110010101001012,1,1
G11000100051001012,110010051001012,G11000100101001024,110010101001024,1,1
G11000100051001013,110010051001013,G11000100101001025,110010101001025,1,1
G11000100051001014,110010051001014,G11000100101001023,110010101001023,1,1
G11000100051001015,110010051001015,G11000100101001021,110010101001021,1,1
G11000100051001016,110010051001016,G11000100101001022,110010101001022,1,1
G11000100051001017,110010051001017,G11000100101001020,110010101001020,1,1
G11000100051001018,110010051001018,G11000100101001013,110010101001013,1,1
G11000100051001019,110010051001019,G11000100101001014,110010101001014,1,1
G11000100051001020,110010051001020,G11000100101001015,110010101001015,1,1
G11000100051001021,110010051001021,G11000100101001016,110010101001016,1,1
G11000100051001022,110010051001022,G11000100101001017,110010101001017,1,1
G11000100051001023,110010051001023,G11000100101001018,110010101001018,1,1
G11000100051001024,110010051001024,G11000100101001019,110010101001019,1,1
G11000100051001025,110010051001025,G11000100101001029,110010101001029,1,1
G11000100051001026,110010051001026,G11000100101001027,110010101001027,1,1
G11000100051001027,110010051001027,G11000100101001028,110010101001028,1,1
G11000100051001028,110010051001028,G11000100101001026,110010101001026,1,1
G11000100052011000,110010052011000,G11000100052014000,110010052014000,1,1
G11000100052011001,110010052011001,G11000100052014001,110010052014001,1,1
G11000100052011002,110010052011002,G11000100052014002,110010052014002,1,1
G11000100052011003,110010052011003,G11000100052014003,110010052014003,1,1
G11000100052011004,110010052011004,G11000100052014004,110010052014004,1,1
G11000100052011005,110010052011005,G11000100052014005,110010052014005,1,1
G11000100052011006,110010052011006,G11000100052013000,110010052013000,0.6722530835,0.2361020275
G11000100052011006,110010052011006,G11000100052013001,110010052013001,0.3277469165,0.7638979725
G11000100052011007,110010052011007,G11000100052011000,110010052011000,0.8207494602,0.961283984
G11000100052011007,110010052011007,G11000100052013002,110010052013002,0.1792505398,0.038716016
G11000100052011008,110010052011008,G11000100052011001,110010052011001,0.8467927513,0.5290140845
G11000100052011008,110010052011008,G11000100052011002,110010052011002,0.1532072487,0.4709859155
G11000100052011009,110010052011009,G11000100052011003,110010052011003,0.1713717694,0.1713717694
G11000100052011009,110010052011009,G11000100052011004,110010052011004,0.3117296223,0.3117296223
G11000100052011009,110010052011009,G11000100052011005,110010052011005,0.1884691849,0.1884691849
G11000100052011009,110010052011009,G11000100052011006,110010052011006,0.3284294235,0.3284294235
G11000100052012000,110010052012000,G11000100052012000,110010052012000,1,1
G11000100052012001,110010052012001,G11000100052012001,110010052012001,1,1
G11000100052012002,110010052012002,G11000100052012002,110010052012002,1,1
G11000100052012003,110010052012003,G11000100052012003,110010052012003,1,1
G11000100052012004,110010052012004,G11000100052012004,110010052012004,1,1
G11000100052012005,110010052012005,G11000100052012005,110010052012005,1,1
G11000100052012006,110010052012006,G11000100052012006,110010052012006,1,1
G11000100052012007,110010052012007,G11000100052012007,110010052012007,1,1
G11000100052012008,110010052012008,G11000100052012008,110010052012008,1,1
G11000100052012009,110010052012009,G11000100052012009,110010052012009,1,1
G11000100052021000,110010052021000,G11000100101002003,110010101002003,1,1
G11000100052021001,110010052021001,G11000100101002000,110010101002000,1,1
G11000100052021002,110010052021002,G11000100101002001,110010101002001,1,1
G11000100052021003,110010052021003,G11000100101002002,110010101002002,1,1
G11000100052021004,110010052021004,G11000100101002005,110010101002005,1,1
G11000100052021005,110010052021005,G11000100101002004,110010101002004,1,1
G11000100052021006,110010052021006,G11000100101002006,110010101002006,1,1
G11000100052021007,110010052021007,G11000100101002007,110010101002007,1,1
G11000100053011000,110010053011000,G11000100053011000,110010053011000,1,1
G11000100053011001,110010053011001,G11000100053011001,110010053011001,1,1
G11000100053011002,110010053011002,G11000100053011002,110010053011002,1,1
G11000100053011003,110010053011003,G11000100053014000,110010053014000,1,1
G11000100053011004,110010053011004,G11000100053014001,110010053014001,1,1
G11000100053011005,110010053011005,G11000100053014002,110010053014002,0.4314290863,0.2961460446
G11000100053011005,110010053011005,G11000100053014005,110010053014005,0.5685709137,0.7038539554
G11000100053011006,110010053011006,G11000100053014003,110010053014003,0.7626323644,0.5545808967
G11000100053011006,110010053011006,G11000100053014004,110010053014004,0.2373676356,0.4454191033
G11000100053012000,110010053012000,G11000100053012000,110010053012000,0.5004630619,0.9543269231
G11000100053012000,110010053012000,G11000100053012005,110010053012005,0.4995369381,0.0456730769
G11000100053012001,110010053012001,G11000100053012001,110010053012001,1,1
G11000100053012002,110010053012002,G11000100053012002,110010053012002,1,1
G11000100053012003,110010053012003,G11000100053012003,110010053012003,1,1
G11000100053012004,110010053012004,G11000100053013002,110010053013002,1,1
G11000100053012005,110010053012005,G11000100053013001,110010053013001,1,1
G11000100053012006,110010053012006,G11000100053012004,110010053012004,1,1
G11000100053012007,110010053012007,G11000100053013000,110010053013000,1,1
G11000100053012008,110010053012008,G11000100053013003,110010053013003,1,1
G11000100053012009,110010053012009,G11000100053013004,110010053013004,0.2450206689,0.2450206689
G11000100053012009,110010053012009,G11000100053013005,110010053013005,0.1739947388,0.1739947388
G11000100053012009,110010053012009,G11000100053013006,110010053013006,0.3246899662,0.3246899662
G11000100053012009,110010053012009,G11000100053013007,110010053013007,0.2562946261,0.2562946261
G11000100053021000,110010053021000,G11000100107002016,110010107002016,1,1
G11000100053021001,110010053021001,G11000100107002014,110010107002014,1,1
G11000100053021002,110010053021002,G11000100107002001,110010107002001,1,1
G11000100053021003,110010053021003,G11000100107002000,110010107002000,0.5099302201,0.5099302201
G11000100053021003,110010053021003,G11000100107002015,110010107002015,0.4900697799,0.4900697799
G11000100053021004,110010053021004,G11000100107002013,110010107002013,1,1
G11000100053021005,110010053021005,G11000100107002002,110010107002002,1,1
G11000100053021006,110010053021006,G11000100107002003,110010107002003,1,1
G11000100053021007,110010053021007,G11000100107002011,110010107002011,1,1
G11000100053021008,110010053021008,G11000100107002012,110010107002012,1,1
G11000100053021009,110010053021009,G11000100107002018,110010107002018,1,1
G11000100053021010,110010053021010,G11000100107002017,110010107002017,1,1
G11000100053021011,110010053021011,G11000100107001001,110010107001001,1,1
G11000100053021012,110010053021012,G11000100107001000,110010107001000,1,1
G11000100053021013,110010053021013,G11000100107001021,110010107001021,1,1
G11000100053021014,110010053021014,G11000100107001000,110010107001000,1,1
G11000100053021015,110010053021015,G11000100107001022,110010107001022,1,1
G11000100053021016,110010053021016,G11000100107001020,110010107001020,1,1
G11000100053021017,110010053021017,G11000100107001023,110010107001023,1,1
G11000100053021018,110010053021018,G11000100107001026,110010107001026,1,1
G11000100054011000,110010054011000,G11000100107002005,110010107002005,1,1
G11000100054011001,110010054011001,G11000100107002006,110010107002006,1,1
G11000100054011002,110010054011002,G11000100107002007,110010107002007,1,1
G11000100054011003,110010054011003,G11000100107002008,110010107002008,1,1
G11000100054011004,110010054011004,G11000100107002009,110010107002009,1,1
G11000100054011005,110010054011005,G11000100107001004,110010107001004,1,1
G11000100054011006,110010054011006,G11000100107001005,110010107001005,1,1
G11000100054011007,110010054011007,G11000100107001006,110010107001006,1,1
G11000100054011008,110010054011008,G11000100107002019,110010107002019,1,1
G11000100054011009,110010054011009,G11000100107001008,110010107001008,1,1
G11000100054011010,110010054011010,G11000100107001008,110010107001008,1,1
G11000100054011011,110010054011011,G11000100107001007,110010107001007,1,1
G11000100054011012,110010054011012,G11000100107001012,110010107001012,1,1
G11000100054011013,110010054011013,G11000100107001013,110010107001013,1,1
G11000100054011014,110010054011014,G11000100107001016,110010107001016,1,1
G11000100054011015,110010054011015,G11000100107001011,110010107001011,1,1
G11000100054011016,110010054011016,G11000100107001010,110010107001010,1,1
G11000100054011017,110010054011017,G11000100107001009,110010107001009,1,1
G11000100054011018,110010054011018,G11000100107001029,110010107001029,1,1
G11000100054011019,110010054011019,G11000100107001028,110010107001028,1,1
G11000100054021000,110010054021000,G11000100107002004,110010107002004,1,1
G11000100054021001,110010054021001,G11000100107002010,110010107002010,1,1
G11000100054021002,110010054021002,G11000100107002020,110010107002020,1,1
G11000100054021003,110010054021003,G11000100107002021,110010107002021,1,1
G11000100054021004,110010054021004,G11000100107001002,110010107001002,1,1
G11000100054021005,110010054021005,G11000100107001003,110010107001003,0.4283693178,0.4283693178
G11000100054021005,110010054021005,G11000100107001015,110010107001015,0.5716306822,0.5716306822
G11000100054021006,110010054021006,G11000100107001014,110010107001014,1,1
G11000100054021007,110010054021007,G11000100107001019,110010107001019,1,1
G11000100054021008,110010054021008,G11000100107001018,110010107001018,1,1
G11000100054021009,110010054021009,G11000100107001024,110010107001024,1,1
G11000100054021010,110010054021010,G11000100107001025,110010107001025,1,1
G11000100054021011,110010054021011,G11000100107001030,110010107001030,1,1
G11000100054021012,110010054021012,G11000100107001027,110010107001027,1,1
G11000100054021013,110010054021013,G11000100107001017,110010107001017,1,1
G11000100054021014,110010054021014,G11000100107001032,110010107001032,1,1
G11000100054021015,110010054021015,G11000100107001031,110010107001031,1,1
G11000100054021016,110010054021016,G11000100107001033,110010107001033,1,1
G11000100055001000,110010055001000,G11000100055001000,110010055001000,1,1
G11000100055001001,110010055001001,G11000100055001001,110010055001001,1,1
G11000100055001002,110010055001002,G11000100055001002,110010055001002,1,1
G11000100055001003,110010055001003,G11000100055001003,110010055001003,1,1
G11000100055001004,110010055001004,G11000100055001004,110010055001004,1,1
G11000100055001005,110010055001005,G11000100055001004,110010055001004,1,1
G11000100055001006,110010055001006,G11000100055001006,110010055001006,1,1
G11000100055001007,110010055001007,G11000100055001005,110010055001005,1,1
G11000100055001008,110010055001008,G11000100055001010,110010055001010,1,1
G11000100055001009,110010055001009,G11000100055001011,110010055001011,1,1
G11000100055001010,110010055001010,G11000100055001016,110010055001016,0.4459178727,0.6671864467
G11000100055001010,110010055001010,G11000100055001017,110010055001017,0.5540821273,0.3328135533
G11000100055001011,110010055001011,G11000100055001009,110010055001009,1,1
G11000100055001012,110010055001012,G11000100055001008,110010055001008,1,1
G11000100055001013,110010055001013,G11000100055001007,110010055001007,1,1
G11000100055001014,110010055001014,G11000100055001012,110010055001012,0.4995948683,0
G11000100055001014,110010055001014,G11000100055001013,110010055001013,0.5004051317,1
G11000100055001015,110010055001015,G11000100055001014,110010055001014,1,1
G11000100055001016,110010055001016,G11000100055001015,110010055001015,1,1
G11000100055002000,110010055002000,G11000100055005000,110010055005000,1,1
G11000100055002001,110010055002001,G11000100055005001,110010055005001,1,1
G11000100055002002,110010055002002,G11000100055005002,110010055005002,1,1
G11000100055002003,110010055002003,G11000100055004000,110010055004000,1,1
G11000100055002004,110010055002004,G11000100055002000,110010055002000,0.3096176258,0.152979066
G11000100055002004,110010055002004,G11000100055002004,110010055002004,0.6903823742,0.847020934
G11000100055002005,110010055002005,G11000100055002001,110010055002001,1,1
G11000100055002005,110010055002005,G11000100055002003,110010055002003,0,0
G11000100055002005,110010055002005,G11000100055002009,110010055002009,0,0
G11000100055002006,110010055002006,G11000100055002001,110010055002001,1,1
G11000100055002006,110010055002006,G11000100055002003,110010055002003,0,0
G11000100055002006,110010055002006,G11000100055002009,110010055002009,0,0
G11000100055002007,110010055002007,G11000100055004002,110010055004002,1,1
G11000100055002008,110010055002008,G11000100055004001,110010055004001,1,1
G11000100055002009,110010055002009,G11000100055005003,110010055005003,1,1
G11000100055002010,110010055002010,G11000100055005004,110010055005004,1,1
G11000100055003000,110010055003000,G11000100055003000,110010055003000,1,1
G11000100055003001,110010055003001,G11000100055003001,110010055003001,1,1
G11000100055003002,110010055003002,G11000100055003002,110010055003002,1,1
G11000100055003003,110010055003003,G11000100055003003,110010055003003,1,1
G11000100055003004,110010055003004,G11000100055002002,110010055002002,1,1
G11000100055003005,110010055003005,G11000100055002010,110010055002010,0.5421077351,0.3613490364
G11000100055003005,110010055003005,G11000100055002011,110010055002011,0.4578922649,0.6386509636
G11000100055003006,110010055003006,G11000100055003004,110010055003004,1,1
G11000100055003007,110010055003007,G11000100055003005,110010055003005,1,1
G11000100055003008,110010055003008,G11000100055003006,110010055003006,1,1
G11000100055003009,110010055003009,G11000100055003007,110010055003007,1,1
G11000100055003010,110010055003010,G11000100055003008,110010055003008,1,1
G11000100055003011,110010055003011,G11000100055003009,110010055003009,1,1
G11000100055003012,110010055003012,G11000100055002012,110010055002012,1,1
G11000100055003013,110010055003013,G11000100055002005,110010055002005,1,1
G11000100055003014,110010055003014,G11000100055002006,110010055002006,1,1
G11000100055003014,110010055003014,G11000100055002007,110010055002007,0,0
G11000100055003014,110010055003014,G11000100055002008,110010055002008,0,0
G11000100055003015,110010055003015,G11000100055003010,110010055003010,0.4979554748,0.4979554748
G11000100055003015,110010055003015,G11000100055003011,110010055003011,0.2511585643,0.2511585643
G11000100055003015,110010055003015,G11000100055003012,110010055003012,0.2508859609,0.2508859609
G11000100056001000,110010056001000,G11000100056004006,110010056004006,1,1
G11000100056001001,110010056001001,G11000100056004000,110010056004000,1,1
G11000100056001002,110010056001002,G11000100056001000,110010056001000,1,1
G11000100056001003,110010056001003,G11000100056001001,110010056001001,1,1
G11000100056001004,110010056001004,G11000100056001002,110010056001002,1,1
G11000100056001005,110010056001005,G11000100056001004,110010056001004,0.7775866921,1
G11000100056001005,110010056001005,G11000100056001005,110010056001005,0.2001813577,0
G11000100056001005,110010056001005,G11000100056001012,110010056001012,0.0222319502,0
G11000100056001006,110010056001006,G11000100056001003,110010056001003,1,1
G11000100056001007,110010056001007,G11000100056001006,110010056001006,0.3929264289,0.4252441773
G11000100056001007,110010056001007,G11000100056001007,110010056001007,0.6070735711,0.5747558227
G11000100056001008,110010056001008,G11000100056004001,110010056004001,1,1
G11000100056001009,110010056001009,G11000100056004002,110010056004002,1,1
G11000100056001010,110010056001010,G11000100056001008,110010056001008,1,1
G11000100056001011,110010056001011,G11000100056001009,110010056001009,0.8065217391,1
G11000100056001011,110010056001011,G11000100056001010,110010056001010,0,0
G11000100056001011,110010056001011,G11000100056001011,110010056001011,0,0
G11000100056001011,110010056001011,G11000100056001013,110010056001013,0.1934782609,0
G11000100056002000,110010056002000,G11000100056004005,110010056004005,1,1
G11000100056002001,110010056002001,G11000100056004004,110010056004004,1,1
G11000100056002002,110010056002002,G11000100056004003,110010056004003,1,1
G11000100056002003,110010056002003,G11000100056002000,110010056002000,0.7408935941,0.9942332129
G11000100056002003,110010056002003,G11000100056002012,110010056002012,0.2591064059,0.0057667871
G11000100056002004,110010056002004,G11000100056002000,110010056002000,0.3600837087,0.9802057615
G11000100056002004,110010056002004,G11000100056002001,110010056002001,0.3577180292,0
G11000100056002004,110010056002004,G11000100056002002,110010056002002,0.2200991766,0.0187713719
G11000100056002004,110010056002004,G11000100056002003,110010056002003,0.0394431555,0
G11000100056002004,110010056002004,G11000100056002012,110010056002012,0.0226559301,0.0010228667
G11000100056002005,110010056002005,G11000100056002002,110010056002002,0.8390492123,0.9366020448
G11000100056002005,110010056002005,G11000100056002007,110010056002007,0.0546493796,0
G11000100056002005,110010056002005,G11000100056002009,110010056002009,0.0079464659,0.0052782528
G11000100056002005,110010056002005,G11000100056002012,110010056002012,0.0983549421,0.0581197024
G11000100056002006,110010056002006,G11000100056002008,110010056002008,0.5740086376,0.9948694063
G11000100056002006,110010056002006,G11000100056002012,110010056002012,0.4259913624,0.0051305937
G11000100056002007,110010056002007,G11000100056002005,110010056002005,1,1
G11000100056002008,110010056002008,G11000100056002009,110010056002009,1,1
G11000100056002008,110010056002008,G11000100056002010,110010056002010,0,0
G11000100056002008,110010056002008,G11000100056002011,110010056002011,0,0
G11000100056002009,110010056002009,G11000100056002004,110010056002004,0.2848692403,0
G11000100056002009,110010056002009,G11000100056002009,110010056002009,0.7151307597,1
G11000100056002009,110010056002009,G11000100056002010,110010056002010,0,0
G11000100056002009,110010056002009,G11000100056002011,110010056002011,0,0
G11000100056002010,110010056002010,G11000100056002006,110010056002006,0.2355516637,1
G11000100056002010,110010056002010,G11000100056002013,110010056002013,0.2705779335,0
G11000100056002010,110010056002010,G11000100056002014,110010056002014,0.4938704028,0
G11000100056002011,110010056002011,G11000100056002015,110010056002015,1,1
G11000100056002012,110010056002012,G11000100056002016,110010056002016,0.0474342609,0
G11000100056002012,110010056002012,G11000100056002017,110010056002017,0.9525657391,1
G11000100056002013,110010056002013,G11000100056003003,110010056003003,0.42510699,0.42510699
G11000100056002013,110010056002013,G11000100056003004,110010056003004,0.57489301,0.57489301
G11000100056002014,110010056002014,G11000100056002020,110010056002020,0.7685386286,0.7685386286
G11000100056002014,110010056002014,G11000100056002022,110010056002022,0.0186161961,0.0186161961
G11000100056002014,110010056002014,G11000100056002023,110010056002023,0.2128451753,0.2128451753
G11000100056002015,110010056002015,G11000100056002020,110010056002020,0.0315291645,0.0315291645
G11000100056002015,110010056002015,G11000100056002021,110010056002021,0.4256437204,0.4256437204
G11000100056002015,110010056002015,G11000100056002022,110010056002022,0.5428271151,0.5428271151
G11000100056002016,110010056002016,G11000100056002019,110010056002019,0.9020885678,0.9020885678
G11000100056002016,110010056002016,G11000100056002024,110010056002024,0.0979114322,0.0979114322
G11000100056002017,110010056002017,G11000100056003002,110010056003002,0.5618685564,0.3113694027
G11000100056002017,110010056002017,G11000100056003005,110010056003005,0.3918927295,0.6886305973
G11000100056002017,110010056002017,G11000100056003006,110010056003006,0.0462387141,0
G11000100056002018,110010056002018,G11000100056003001,110010056003001,1,1
G11000100056002019,110010056002019,G11000100056003000,110010056003000,1,1
G11000100056002020,110010056002020,G11000100056002018,110010056002018,1,1
G11000100056002021,110010056002021,G11000100056003005,110010056003005,1,1
G11000100057011000,110010057011000,G11000100108001000,110010108001000,1,1
G11000100057011001,110010057011001,G11000100108001001,110010108001001,1,1
G11000100057011002,110010057011002,G11000100108001002,110010108001002,1,1
G11000100057011003,110010057011003,G11000100108001003,110010108001003,1,1
G11000100057011004,110010057011004,G11000100108001004,110010108001004,1,1
G11000100057011005,110010057011005,G11000100108001005,110010108001005,1,1
G11000100057011006,110010057011006,G11000100108001006,110010108001006,1,1
G11000100057011007,110010057011007,G11000100108001007,110010108001007,1,1
G11000100057012000,110010057012000,G11000100108002006,110010108002006,1,1
G11000100057012001,110010057012001,G11000100108002007,110010108002007,1,1
G11000100057012002,110010057012002,G11000100108002008,110010108002008,1,1
G11000100057012003,110010057012003,G11000100108002005,110010108002005,1,1
G11000100057012004,110010057012004,G11000100108002010,110010108002010,1,1
G11000100057012005,110010057012005,G11000100108002009,110010108002009,1,1
G11000100057012006,110010057012006,G11000100108002018,110010108002018,0.2091131849,0.2091131849
G11000100057012006,110010057012006,G11000100108002019,110010108002019,0.1919607945,0.1919607945
G11000100057012006,110010057012006,G11000100108002020,110010108002020,0.5989260205,0.5989260205
G11000100057012007,110010057012007,G11000100108002017,110010108002017,1,1
G11000100057012008,110010057012008,G11000100108002016,110010108002016,1,1
G11000100057015000,110010057015000,G11000100108003000,110010108003000,1,1
G11000100057015001,110010057015001,G11000100108003001,110010108003001,1,1
G11000100057015002,110010057015002,G11000100108003002,110010108003002,1,1
G11000100057015003,110010057015003,G11000100108003003,110010108003003,1,1
G11000100057015004,110010057015004,G11000100108003004,110010108003004,1,1
G11000100057015005,110010057015005,G11000100108003007,110010108003007,0.5979404032,0.5979404032
G11000100057015005,110010057015005,G11000100108003008,110010108003008,0.1463628396,0.1463628396
G11000100057015005,110010057015005,G11000100108003009,110010108003009,0.2556967572,0.2556967572
G11000100057015006,110010057015006,G11000100108003006,110010108003006,1,1
G11000100057015007,110010057015007,G11000100108003005,110010108003005,1,1
G11000100057021000,110010057021000,G11000100108002000,110010108002000,1,1
G11000100057021001,110010057021001,G11000100108002001,110010108002001,0.1396471372,0
G11000100057021001,110010057021001,G11000100108002002,110010108002002,0.8603528628,1
G11000100057021002,110010057021002,G11000100108002001,110010108002001,1,1
G11000100057021003,110010057021003,G11000100108002004,110010108002004,1,1
G11000100057021004,110010057021004,G11000100108002003,110010108002003,1,1
G11000100057021005,110010057021005,G11000100108002012,110010108002012,1,1
G11000100057021006,110010057021006,G11000100108002011,110010108002011,1,1
G11000100057021007,110010057021007,G11000100108002011,110010108002011,1,1
G11000100057021008,110010057021008,G11000100108002013,110010108002013,1,1
G11000100057021009,110010057021009,G11000100108002014,110010108002014,1,1
G11000100057021010,110010057021010,G11000100108002015,110010108002015,1,1
G11000100057021011,110010057021011,G11000100108002023,110010108002023,1,1
G11000100057021012,110010057021012,G11000100108002022,110010108002022,1,1
G11000100057021013,110010057021013,G11000100108002021,110010108002021,1,1
G11000100058001000,110010058001000,G11000100058002000,110010058002000,1,1
G11000100058001001,110010058001001,G11000100058002001,110010058002001,1,1
G11000100058001002,110010058001002,G11000100058001002,110010058001002,1,1
G11000100058001003,110010058001003,G11000100058001000,110010058001000,1,1
G11000100058001004,110010058001004,G11000100058001001,110010058001001,1,1
G11000100058001005,110010058001005,G11000100058001005,110010058001005,1,1
G11000100058001006,110010058001006,G11000100058001006,110010058001006,1,1
G11000100058001007,110010058001007,G11000100058001007,110010058001007,1,1
G11000100058001008,110010058001008,G11000100058001008,110010058001008,1,1
G11000100058001009,110010058001009,G11000100058001009,110010058001009,1,1
G11000100058001010,110010058001010,G11000100058001010,110010058001010,1,1
G11000100058001011,110010058001011,G11000100058001011,110010058001011,1,1
G11000100058001012,110010058001012,G11000100058001012,110010058001012,1,1
G11000100058001013,110010058001013,G11000100058001013,110010058001013,1,1
G11000100058001014,110010058001014,G11000100058001014,110010058001014,1,1
G11000100058001015,110010058001015,G11000100058001004,110010058001004,1,1
G11000100058001016,110010058001016,G11000100058001003,110010058001003,1,1
G11000100058001017,110010058001017,G11000100058002002,110010058002002,1,1
G11000100058001018,110010058001018,G11000100058002003,110010058002003,1,1
G11000100058001019,110010058001019,G11000100058002004,110010058002004,1,1
G11000100058001020,110010058001020,G11000100058002005,110010058002005,1,1
G11000100058001021,110010058001021,G11000100058001015,110010058001015,1,1
G11000100058001022,110010058001022,G11000100058001016,110010058001016,1,1
G11000100058001023,110010058001023,G11000100058001018,110010058001018,1,1
G11000100058001024,110010058001024,G11000100058001017,110010058001017,1,1
G11000100058001025,110010058001025,G11000100058001031,110010058001031,1,1
G11000100058001026,110010058001026,G11000100058001032,110010058001032,1,1
G11000100058001027,110010058001027,G11000100058001019,110010058001019,1,1
G11000100058001028,110010058001028,G11000100058001020,110010058001020,1,1
G11000100058001029,110010058001029,G11000100058001021,110010058001021,1,1
G11000100058001030,110010058001030,G11000100058001022,110010058001022,1,1
G11000100058001031,110010058001031,G11000100058001036,110010058001036,1,1
G11000100058001032,110010058001032,G11000100058001035,110010058001035,1,1
G11000100058001033,110010058001033,G11000100058001034,110010058001034,1,1
G11000100058001034,110010058001034,G11000100058001033,110010058001033,1,1
G11000100058001035,110010058001035,G11000100058001030,110010058001030,1,1
G11000100058001036,110010058001036,G11000100058001023,110010058001023,1,1
G11000100058001037,110010058001037,G11000100058001024,110010058001024,1,1
G11000100058001038,110010058001038,G11000100058001025,110010058001025,1,1
G11000100058001039,110010058001039,G11000100058002009,110010058002009,1,1
G11000100058001040,110010058001040,G11000100058002006,110010058002006,1,1
G11000100058001041,110010058001041,G11000100058002007,110010058002007,1,1
G11000100058001042,110010058001042,G11000100058002004,110010058002004,1,1
G11000100058001043,110010058001043,G11000100058002008,110010058002008,1,1
G11000100058001044,110010058001044,G11000100058002011,110010058002011,1,1
G11000100058001045,110010058001045,G11000100058002010,110010058002010,1,1
G11000100058001046,110010058001046,G11000100058001026,110010058001026,1,1
G11000100058001047,110010058001047,G11000100058001027,110010058001027,1,1
G11000100058001048,110010058001048,G11000100058001028,110010058001028,1,1
G11000100058001049,110010058001049,G11000100058001029,110010058001029,1,1
G11000100058001050,110010058001050,G11000100058001044,110010058001044,1,1
G11000100058001051,110010058001051,G11000100058001043,110010058001043,1,1
G11000100058001052,110010058001052,G11000100058001042,110010058001042,1,1
G11000100058001053,110010058001053,G11000100058001041,110010058001041,1,1
G11000100058001054,110010058001054,G11000100058001037,110010058001037,1,1
G11000100058001055,110010058001055,G11000100058001038,110010058001038,1,1
G11000100058001056,110010058001056,G11000100058001039,110010058001039,1,1
G11000100058001057,110010058001057,G11000100058001040,110010058001040,1,1
G11000100058001058,110010058001058,G11000100058002013,110010058002013,1,1
G11000100058001059,110010058001059,G11000100058002012,110010058002012,1,1
G11000100058001060,110010058001060,G11000100058002015,110010058002015,1,1
G11000100058001061,110010058001061,G11000100058002014,110010058002014,1,1
G11000100058001062,110010058001062,G11000100058002017,110010058002017,1,1
G11000100058001063,110010058001063,G11000100058002016,110010058002016,1,1
G11000100059001000,110010059001000,G11000100059001000,110010059001000,1,1
G11000100059001001,110010059001001,G11000100059001001,110010059001001,1,1
G11000100059001002,110010059001002,G11000100059001020,110010059001020,1,1
G11000100059001003,110010059001003,G11000100059001003,110010059001003,1,1
G11000100059001004,110010059001004,G11000100059001003,110010059001003,1,1
G11000100059001005,110010059001005,G11000100059001002,110010059001002,1,1
G11000100059001006,110010059001006,G11000100059001018,110010059001018,1,1
G11000100059001007,110010059001007,G11000100059001019,110010059001019,1,1
G11000100059001008,110010059001008,G11000100059001024,110010059001024,1,1
G11000100059001009,110010059001009,G11000100059001023,110010059001023,1,1
G11000100059001010,110010059001010,G11000100059001022,110010059001022,1,1
G11000100059001011,110010059001011,G11000100059001021,110010059001021,1,1
G11000100059001012,110010059001012,G11000100059001017,110010059001017,1,1
G11000100059002000,110010059002000,G11000100059001004,110010059001004,0.9770659448,0.9770659448
G11000100059002000,110010059002000,G11000100059001016,110010059001016,0.0016542597,0.0016542597
G11000100059002000,110010059002000,G11000100059001029,110010059001029,0.0147379502,0.0147379502
G11000100059002000,110010059002000,G11000100059001035,110010059001035,0.0065418453,0.0065418453
G11000100059002001,110010059002001,G11000100059001005,110010059001005,0.0527135466,0.0527135466
G11000100059002001,110010059002001,G11000100059001006,110010059001006,0.1735297223,0.1735297223
G11000100059002001,110010059002001,G11000100059001007,110010059001007,0.2730704255,0.2730704255
G11000100059002001,110010059002001,G11000100059001012,110010059001012,0.2027241052,0.2027241052
G11000100059002001,110010059002001,G11000100059001030,110010059001030,0.2025393306,0.2025393306
G11000100059002001,110010059002001,G11000100059001036,110010059001036,0.0954228698,0.0954228698
G11000100059002002,110010059002002,G11000100059001009,110010059001009,1,1
G11000100059002003,110010059002003,G11000100059001010,110010059001010,1,1
G11000100059002004,110010059002004,G11000100059001011,110010059001011,1,1
G11000100059002005,110010059002005,G11000100059001015,110010059001015,1,1
G11000100059002006,110010059002006,G11000100059001008,110010059001008,1,1
G11000100059002007,110010059002007,G11000100059001013,110010059001013,1,1
G11000100059002008,110010059002008,G11000100059001014,110010059001014,1,1
G11000100059002009,110010059002009,G11000100059001026,110010059001026,1,1
G11000100059002010,110010059002010,G11000100059001025,110010059001025,1,1
G11000100059002011,110010059002011,G11000100059001028,110010059001028,1,1
G11000100059002012,110010059002012,G11000100059001029,110010059001029,0.9023937964,0.9023937964
G11000100059002012,110010059002012,G11000100059001035,110010059001035,0.0976062036,0.0976062036
G11000100059002013,110010059002013,G11000100059001016,110010059001016,0.7188588267,0.7188588267
G11000100059002013,110010059002013,G11000100059001029,110010059001029,0.1576480043,0.1576480043
G11000100059002013,110010059002013,G11000100059001035,110010059001035,0.123493169,0.123493169
G11000100059002014,110010059002014,G11000100059001033,110010059001033,1,1
G11000100059002015,110010059002015,G11000100059001032,110010059001032,1,1
G11000100059002016,110010059002016,G11000100059001031,110010059001031,0.9675747424,0.9675747424
G11000100059002016,110010059002016,G11000100059001037,110010059001037,0.0324252576,0.0324252576
G11000100059002017,110010059002017,G11000100059001038,110010059001038,1,1
G11000100059002018,110010059002018,G11000100059001039,110010059001039,1,1
G11000100059002019,110010059002019,G11000100059001034,110010059001034,0.0619952265,0.0619952265
G11000100059002019,110010059002019,G11000100059001040,110010059001040,0.9380047735,0.9380047735
G11000100059002020,110010059002020,G11000100059001027,110010059001027,1,1
G11000100059002021,110010059002021,G11000100059001041,110010059001041,1,1
G11000100060011000,110010060011000,G11000100105002018,110010105002018,0.9357506533,0.9357506533
G11000100060011000,110010060011000,G11000100105002019,110010105002019,0.0642493467,0.0642493467
G11000100060011001,110010060011001,G11000100105002014,110010105002014,0.8526103159,0.8526103159
G11000100060011001,110010060011001,G11000100105002019,110010105002019,0.1473896841,0.1473896841
G11000100060011002,110010060011002,G11000100105002014,110010105002014,1,1
G11000100060011003,110010060011003,G11000100105002014,110010105002014,1,1
G11000100060011004,110010060011004,G11000100105002004,110010105002004,0.1322410767,0.1322410767
G11000100060011004,110010060011004,G11000100105002010,110010105002010,0.0542715038,0.0542715038
G11000100060011004,110010060011004,G11000100105002011,110010105002011,0.0525160913,0.0525160913
G11000100060011004,110010060011004,G11000100105002012,110010105002012,0.3161205383,0.3161205383
G11000100060011004,110010060011004,G11000100105002013,110010105002013,0.2574605032,0.2574605032
G11000100060011004,110010060011004,G11000100105002014,110010105002014,0.1873902867,0.1873902867
G11000100060011005,110010060011005,G11000100105002000,110010105002000,0.0950687003,1
G11000100060011005,110010060011005,G11000100105002001,110010105002001,0.9046645026,0
G11000100060011005,110010060011005,G11000100105002004,110010105002004,0.0002667971,0
G11000100060011006,110010060011006,G11000100105002002,110010105002002,1,1
G11000100060011007,110010060011007,G11000100105002003,110010105002003,1,1
G11000100060011008,110010060011008,G11000100105002006,110010105002006,1,1
G11000100060011009,110010060011009,G11000100105002005,110010105002005,1,1
G11000100060011010,110010060011010,G11000100105002009,110010105002009,0.7386798273,0.7386798273
G11000100060011010,110010060011010,G11000100105002013,110010105002013,0.2613201727,0.2613201727
G11000100060011011,110010060011011,G11000100105002009,110010105002009,0.2273412412,0.2273412412
G11000100060011011,110010060011011,G11000100105002013,110010105002013,0.4911855299,0.4911855299
G11000100060011011,110010060011011,G11000100105002014,110010105002014,0.0830329642,0.0830329642
G11000100060011011,110010060011011,G11000100105002016,110010105002016,0.1984402648,0.1984402648
G11000100060011012,110010060011012,G11000100105002009,110010105002009,1,1
G11000100060011013,110010060011013,G11000100105002008,110010105002008,0.8245140636,0.8245140636
G11000100060011013,110010060011013,G11000100105002020,110010105002020,0.1754859364,0.1754859364
G11000100060011014,110010060011014,G11000100105002007,110010105002007,1,1
G11000100060011015,110010060011015,G11000100105002021,110010105002021,1,1
G11000100060011016,110010060011016,G11000100105002021,110010105002021,1,1
G11000100060011017,110010060011017,G11000100105002015,110010105002015,0.1104201997,0.1104201997
G11000100060011017,110010060011017,G11000100105002020,110010105002020,0.8895798003,0.8895798003
G11000100060011018,110010060011018,G11000100105002015,110010105002015,1,1
G11000100060011019,110010060011019,G11000100105002016,110010105002016,0.3272498009,0.3272498009
G11000100060011019,110010060011019,G11000100105002017,110010105002017,0.3637509955,0.3637509955
G11000100060011019,110010060011019,G11000100105002023,110010105002023,0.1223121848,0.1223121848
G11000100060011019,110010060011019,G11000100105002024,110010105002024,0.1866870188,0.1866870188
G11000100060011020,110010060011020,G11000100105002016,110010105002016,0.3460979157,0.3460979157
G11000100060011020,110010060011020,G11000100105002017,110010105002017,0.4037809016,0.4037809016
G11000100060011020,110010060011020,G11000100105002018,110010105002018,0.2501211827,0.2501211827
G11000100060011021,110010060011021,G11000100105002017,110010105002017,0.7788312693,0.7788312693
G11000100060011021,110010060011021,G11000100105002024,110010105002024,0.2211687307,0.2211687307
G11000100060011022,110010060011022,G11000100105001000,110010105001000,0.0337901166,0.0038108869
G11000100060011022,110010060011022,G11000100105001001,110010105001001,0.6590542933,0.4981054457
G11000100060011022,110010060011022,G11000100105001003,110010105001003,0.2920063954,0.4971150512
G11000100060011022,110010060011022,G11000100105002025,110010105002025,0.0151491948,0.0009686163
G11000100060011023,110010060011023,G11000100105001002,110010105001002,1,1
G11000100060011024,110010060011024,G11000100105002028,110010105002028,1,1
G11000100060011025,110010060011025,G11000100105002027,110010105002027,1,1
G11000100060011026,110010060011026,G11000100105002016,110010105002016,0.0182298152,0.0182298152
G11000100060011026,110010060011026,G11000100105002022,110010105002022,0.7911042486,0.7911042486
G11000100060011026,110010060011026,G11000100105002023,110010105002023,0.1906659361,0.1906659361
G11000100060011027,110010060011027,G11000100105002026,110010105002026,1,1
G11000100060021000,110010060021000,G11000100105001006,110010105001006,1,1
G11000100060021001,110010060021001,G11000100105001005,110010105001005,1,1
G11000100060021002,110010060021002,G11000100105001004,110010105001004,1,1
G11000100060021003,110010060021003,G11000100105001010,110010105001010,1,1
G11000100060021004,110010060021004,G11000100105001009,110010105001009,1,1
G11000100060021005,110010060021005,G11000100105001008,110010105001008,1,1
G11000100060021006,110010060021006,G11000100105001007,110010105001007,1,1
G11000100061001000,110010061001000,G11000100102001000,110010102001000,0.5002895194,0.5002895194
G11000100061001000,110010061001000,G11000100102001001,110010102001001,0.4997104806,0.4997104806
G11000100061001001,110010061001001,G11000100102001002,110010102001002,1,1
G11000100061001002,110010061001002,G11000100102001003,110010102001003,1,1
G11000100061001003,110010061001003,G11000100102001004,110010102001004,1,1
G11000100061001004,110010061001004,G11000100102001005,110010102001005,1,1
G11000100061001005,110010061001005,G11000100102001007,110010102001007,1,1
G11000100061001006,110010061001006,G11000100102001008,110010102001008,1,1
G11000100061001007,110010061001007,G11000100102001006,110010102001006,1,1
G11000100061001008,110010061001008,G11000100102001010,110010102001010,1,1
G11000100061001009,110010061001009,G11000100102001011,110010102001011,1,1
G11000100061001010,110010061001010,G11000100102001013,110010102001013,1,1
G11000100061001011,110010061001011,G11000100102001009,110010102001009,1,1
G11000100061001012,110010061001012,G11000100102001009,110010102001009,0.3745075027,1
G11000100061001012,110010061001012,G11000100102001012,110010102001012,0.6254924973,0
G11000100061001013,110010061001013,G11000100102001014,110010102001014,0.5920487106,0.5920487106
G11000100061001013,110010061001013,G11000100102001015,110010102001015,0.4079512894,0.4079512894
G11000100061001014,110010061001014,G11000100102001019,110010102001019,1,1
G11000100061001015,110010061001015,G11000100102001016,110010102001016,0.0329714058,0.0383184755
G11000100061001015,110010061001015,G11000100102001019,110010102001019,0.9670285942,0.9616815245
G11000100061001016,110010061001016,G11000100102001016,110010102001016,0.8560840025,0.8798856805
G11000100061001016,110010061001016,G11000100102001017,110010102001017,0.0073433532,0
G11000100061001016,110010061001016,G11000100102001019,110010102001019,0.1365726443,0.1201143195
G11000100061001017,110010061001017,G11000100102001018,110010102001018,1,1
G11000100061001018,110010061001018,G11000100102001020,110010102001020,0.5193643197,0.1493362832
G11000100061001018,110010061001018,G11000100102001021,110010102001021,0.4806356803,0.8506637168
G11000100061001019,110010061001019,G11000100102002038,110010102002038,1,1
G11000100061001020,110010061001020,G11000100102002036,110010102002036,1,1
G11000100061001021,110010061001021,G11000100102002037,110010102002037,1,1
G11000100061001022,110010061001022,G11000100102002041,110010102002041,1,1
G11000100061001023,110010061001023,G11000100102002042,110010102002042,0.4975358301,0.5236220472
G11000100061001023,110010061001023,G11000100102002043,110010102002043,0.5024641699,0.4763779528
G11000100061001024,110010061001024,G11000100102002044,110010102002044,1,1
G11000100062011000,110010062011000,G11000100102002000,110010102002000,1,1
G11000100062011001,110010062011001,G11000100102002001,110010102002001,0.5130244143,0.5130244143
G11000100062011001,110010062011001,G11000100102002002,110010102002002,0.4869755857,0.4869755857
G11000100062011002,110010062011002,G11000100102002003,110010102002003,0.7635158856,0.7635158856
G11000100062011002,110010062011002,G11000100102002013,110010102002013,0.2364841144,0.2364841144
G11000100062011003,110010062011003,G11000100102002004,110010102002004,1,1
G11000100062011004,110010062011004,G11000100102002015,110010102002015,1,1
G11000100062011005,110010062011005,G11000100102002016,110010102002016,1,1
G11000100062011006,110010062011006,G11000100102002014,110010102002014,0.9271828666,0.9271828666
G11000100062011006,110010062011006,G11000100102002017,110010102002017,0.0728171334,0.0728171334
G11000100062011007,110010062011007,G11000100102002012,110010102002012,0.257754415,0.257754415
G11000100062011007,110010062011007,G11000100102002014,110010102002014,0.4820428811,0.4820428811
G11000100062011007,110010062011007,G11000100102002017,110010102002017,0.0319717727,0.0319717727
G11000100062011007,110010062011007,G11000100102002027,110010102002027,0.0486597418,0.0486597418
G11000100062011007,110010062011007,G11000100102002029,110010102002029,0.0162379161,0.0162379161
G11000100062011007,110010062011007,G11000100102002030,110010102002030,0.1633332733,0.1633332733
G11000100062011008,110010062011008,G11000100102002012,110010102002012,1,1
G11000100062011009,110010062011009,G11000100102002005,110010102002005,0.9121240602,0.9121240602
G11000100062011009,110010062011009,G11000100102002011,110010102002011,0.0878759398,0.0878759398
G11000100062011010,110010062011010,G11000100102002006,110010102002006,0.7006655655,0.7006655655
G11000100062011010,110010062011010,G11000100102002020,110010102002020,0.1834920326,0.1834920326
G11000100062011010,110010062011010,G11000100102002021,110010102002021,0.1158424019,0.1158424019
G11000100062011011,110010062011011,G11000100102002007,110010102002007,0.9618892915,0.9618892915
G11000100062011011,110010062011011,G11000100102002045,110010102002045,0.0381107085,0.0381107085
G11000100062011012,110010062011012,G11000100102002008,110010102002008,1,1
G11000100062011013,110010062011013,G11000100102002009,110010102002009,0.7049180328,0.7049180328
G11000100062011013,110010062011013,G11000100102002010,110010102002010,0.2950819672,0.2950819672
G11000100062011014,110010062011014,G11000100102002018,110010102002018,0.1664789717,0.1664789717
G11000100062011014,110010062011014,G11000100102002019,110010102002019,0.7226127141,0.7226127141
G11000100062011014,110010062011014,G11000100102002022,110010102002022,0.1109083142,0.1109083142
G11000100062011015,110010062011015,G11000100102002023,110010102002023,0.3682402072,0.2164725381
G11000100062011015,110010062011015,G11000100102002040,110010102002040,0.6317597928,0.7835274619
G11000100062011016,110010062011016,G11000100102002023,110010102002023,0.2689027857,0.1484556721
G11000100062011016,110010062011016,G11000100102002040,110010102002040,0.7310972143,0.8515443279
G11000100062011017,110010062011017,G11000100102002024,110010102002024,1,1
G11000100062011018,110010062011018,G11000100102002025,110010102002025,0.8593619309,0.8593619309
G11000100062011018,110010062011018,G11000100102002026,110010102002026,0.1406380691,0.1406380691
G11000100062011019,110010062011019,G11000100102002011,110010102002011,0.4779960707,0.4779960707
G11000100062011019,110010062011019,G11000100102002028,110010102002028,0.5220039293,0.5220039293
G11000100062011020,110010062011020,G11000100102002012,110010102002012,0.4550550551,0.4550550551
G11000100062011020,110010062011020,G11000100102002027,110010102002027,0.5449449449,0.5449449449
G11000100062011021,110010062011021,G11000100102002025,110010102002025,0.0336427061,0
G11000100062011021,110010062011021,G11000100102002034,110010102002034,0.8050571685,1
G11000100062011021,110010062011021,G11000100102002035,110010102002035,0.1613001254,0
G11000100062011022,110010062011022,G11000100102002039,110010102002039,1,1
G11000100062011023,110010062011023,G11000100102002046,110010102002046,1,1
G11000100062011998,110010062011998,G11000100102002031,110010102002031,0.8362735868,0.8362735868
G11000100062011998,110010062011998,G11000100102002032,110010102002032,0.1637264132,0.1637264132
G11000100062011999,110010062011999,G11000100102002033,110010102002033,1,1
G11000100062021000,110010062021000,G11000100062021000,110010062021000,0.9944074432,0.9944074432
G11000100062021000,110010062021000,G11000100062021002,110010062021002,0.0055925568,0.0055925568
G11000100062021001,110010062021001,G11000100062021002,110010062021002,1,1
G11000100062021002,110010062021002,G11000100062021001,110010062021001,1,1
G11000100062021003,110010062021003,G11000100062021003,110010062021003,1,1
G11000100062021004,110010062021004,G11000100062021004,110010062021004,1,1
G11000100062021005,110010062021005,G11000100062021005,110010062021005,1,1
G11000100062021006,110010062021006,G11000100062021006,110010062021006,1,1
G11000100062021007,110010062021007,G11000100062021007,110010062021007,1,1
G11000100062021008,110010062021008,G11000100062021008,110010062021008,1,1
G11000100062021009,110010062021009,G11000100062021012,110010062021012,1,1
G11000100062021010,110010062021010,G11000100062021009,110010062021009,1,1
G11000100062021011,110010062021011,G11000100062021011,110010062021011,1,1
G11000100062021012,110010062021012,G11000100062021010,110010062021010,1,1
G11000100062021013,110010062021013,G11000100062021009,110010062021009,1,1
G11000100062021014,110010062021014,G11000100062021013,110010062021013,1,1
G11000100062021015,110010062021015,G11000100062021014,110010062021014,1,1
G11000100062021016,110010062021016,G11000100062021015,110010062021015,0.2201731699,0.2201731699
G11000100062021016,110010062021016,G11000100062021016,110010062021016,0.7798268301,0.7798268301
G11000100062021017,110010062021017,G11000100062021017,110010062021017,0.6936443331,0.6936443331
G11000100062021017,110010062021017,G11000100062021018,110010062021018,0.3063556669,0.3063556669
G11000100062021018,110010062021018,G11000100062021019,110010062021019,1,1
G11000100062021019,110010062021019,G11000100062021020,110010062021020,1,1
G11000100062021020,110010062021020,G11000100062021021,110010062021021,1,1
G11000100062021021,110010062021021,G11000100062021020,110010062021020,1,1
G11000100062021022,110010062021022,G11000100062021106,110010062021106,1,1
G11000100062021023,110010062021023,G11000100062021105,110010062021105,0.3626317116,0.3626317116
G11000100062021023,110010062021023,G11000100062021149,110010062021149,0.6373682884,0.6373682884
G11000100062021024,110010062021024,G11000100062021103,110010062021103,1,1
G11000100062021025,110010062021025,G11000100062021024,110010062021024,1,1
G11000100062021026,110010062021026,G11000100062021025,110010062021025,1,1
G11000100062021027,110010062021027,G11000100062021026,110010062021026,1,1
G11000100062021028,110010062021028,G11000100062021253,110010062021253,1,1
G11000100062021029,110010062021029,G11000100062021028,110010062021028,1,1
G11000100062021030,110010062021030,G11000100062021029,110010062021029,1,1
G11000100062021031,110010062021031,G11000100062021030,110010062021030,1,1
G11000100062021032,110010062021032,G11000100062021031,110010062021031,0.6388719821,0.6857118904
G11000100062021032,110010062021032,G11000100062021034,110010062021034,0.0169090744,0.0152466556
G11000100062021032,110010062021032,G11000100062021035,110010062021035,0.1104021939,0.0882003877
G11000100062021032,110010062021032,G11000100062021036,110010062021036,0.2338167496,0.2108410662
G11000100062021033,110010062021033,G11000100062021032,110010062021032,1,1
G11000100062021034,110010062021034,G11000100062021034,110010062021034,1,1
G11000100062021035,110010062021035,G11000100062021033,110010062021033,1,1
G11000100062021036,110010062021036,G11000100062021040,110010062021040,1,1
G11000100062021037,110010062021037,G11000100062021027,110010062021027,1,1
G11000100062021038,110010062021038,G11000100062021100,110010062021100,1,1
G11000100062021039,110010062021039,G11000100062021101,110010062021101,0.9679643869,0.9679643869
G11000100062021039,110010062021039,G11000100062021102,110010062021102,0.0320356131,0.0320356131
G11000100062021040,110010062021040,G11000100062021150,110010062021150,1,1
G11000100062021041,110010062021041,G11000100062021151,110010062021151,1,1
G11000100062021042,110010062021042,G11000100062021043,110010062021043,0.5167909097,0.5167909097
G11000100062021042,110010062021042,G11000100062021096,110010062021096,0.0116281875,0.0116281875
G11000100062021042,110010062021042,G11000100062021097,110010062021097,0.4669971774,0.4669971774
G11000100062021042,110010062021042,G11000100062021099,110010062021099,0.0045837254,0.0045837254
G11000100062021043,110010062021043,G11000100062021043,110010062021043,1,1
G11000100062021044,110010062021044,G11000100062021043,110010062021043,0.0601819454,0.0601819454
G11000100062021044,110010062021044,G11000100062021098,110010062021098,0.9398180546,0.9398180546
G11000100062021045,110010062021045,G11000100062021097,110010062021097,1,1
G11000100062021046,110010062021046,G11000100062021152,110010062021152,1,1
G11000100062021047,110010062021047,G11000100062021153,110010062021153,0.9710483365,0.9710483365
G11000100062021047,110010062021047,G11000100062021154,110010062021154,0.0289516635,0.0289516635
G11000100062021048,110010062021048,G11000100062021147,110010062021147,0.312515026,0.312515026
G11000100062021048,110010062021048,G11000100062021148,110010062021148,0.687484974,0.687484974
G11000100062021049,110010062021049,G11000100062021146,110010062021146,1,1
G11000100062021050,110010062021050,G11000100062021144,110010062021144,1,1
G11000100062021051,110010062021051,G11000100062021108,110010062021108,0.8729693141,0.8729693141
G11000100062021051,110010062021051,G11000100062021109,110010062021109,0.1270306859,0.1270306859
G11000100062021051,110010062021051,G11000100062021110,110010062021110,0,0
G11000100062021052,110010062021052,G11000100062021107,110010062021107,1,1
G11000100062021053,110010062021053,G11000100062021145,110010062021145,1,1
G11000100062021054,110010062021054,G11000100062021156,110010062021156,0.0752817431,0.0752817431
G11000100062021054,110010062021054,G11000100062021157,110010062021157,0.9247182569,0.9247182569
G11000100062021055,110010062021055,G11000100062021132,110010062021132,0.5161484152,1
G11000100062021055,110010062021055,G11000100062021156,110010062021156,0.31155175,0
G11000100062021055,110010062021055,G11000100062021157,110010062021157,0.1722998348,0
G11000100062021056,110010062021056,G11000100062021132,110010062021132,1,1
G11000100062021057,110010062021057,G11000100062021111,110010062021111,1,1
G11000100062021057,110010062021057,G11000100062021112,110010062021112,0,0
G11000100062021058,110010062021058,G11000100062021113,110010062021113,1,1
G11000100062021059,110010062021059,G11000100062021114,110010062021114,0.7730701008,0.7730701008
G11000100062021059,110010062021059,G11000100062021119,110010062021119,0.2269298992,0.2269298992
G11000100062021060,110010062021060,G11000100062021133,110010062021133,1,1
G11000100062021061,110010062021061,G11000100062021131,110010062021131,1,1
G11000100062021062,110010062021062,G11000100062021130,110010062021130,1,1
G11000100062021063,110010062021063,G11000100062021129,110010062021129,1,1
G11000100062021064,110010062021064,G11000100062021128,110010062021128,1,1
G11000100062021065,110010062021065,G11000100062021126,110010062021126,1,1
G11000100062021066,110010062021066,G11000100062021127,110010062021127,1,1
G11000100062021067,110010062021067,G11000100062021125,110010062021125,1,1
G11000100062021068,110010062021068,G11000100062021122,110010062021122,1,1
G11000100062021069,110010062021069,G11000100062021121,110010062021121,1,1
G11000100062021070,110010062021070,G11000100062021117,110010062021117,1,1
G11000100062021071,110010062021071,G11000100062021118,110010062021118,1,1
G11000100062021072,110010062021072,G11000100062021120,110010062021120,1,1
G11000100062021073,110010062021073,G11000100062021115,110010062021115,0.571331637,0.571331637
G11000100062021073,110010062021073,G11000100062021116,110010062021116,0.428668363,0.428668363
G11000100062021074,110010062021074,G11000100062021134,110010062021134,1,1
G11000100062021075,110010062021075,G11000100062021135,110010062021135,1,1
G11000100062021076,110010062021076,G11000100062021155,110010062021155,0.7027677497,1
G11000100062021076,110010062021076,G11000100062021156,110010062021156,0.2972322503,0
G11000100062021077,110010062021077,G11000100062021155,110010062021155,1,1
G11000100062021078,110010062021078,G11000100062021155,110010062021155,1,1
G11000100062021079,110010062021079,G11000100062021136,110010062021136,1,1
G11000100062021080,110010062021080,G11000100062021137,110010062021137,1,1
G11000100062021081,110010062021081,G11000100062021138,110010062021138,1,1
G11000100062021082,110010062021082,G11000100062021139,110010062021139,1,1
G11000100062021083,110010062021083,G11000100062021124,110010062021124,1,1
G11000100062021084,110010062021084,G11000100062021123,110010062021123,1,1
G11000100062021085,110010062021085,G11000100062021164,110010062021164,1,1
G11000100062021086,110010062021086,G11000100062021143,110010062021143,1,1
G11000100062021087,110010062021087,G11000100062021142,110010062021142,1,1
G11000100062021088,110010062021088,G11000100062021140,110010062021140,0.3300127827,0.3300127827
G11000100062021088,110010062021088,G11000100062021141,110010062021141,0.6699872173,0.6699872173
G11000100062021089,110010062021089,G11000100062021165,110010062021165,1,1
G11000100062021090,110010062021090,G11000100062021104,110010062021104,1,1
G11000100062021091,110010062021091,G11000100062021022,110010062021022,1,1
G11000100062021092,110010062021092,G11000100062021023,110010062021023,1,1
G11000100062021093,110010062021093,G11000100062021040,110010062021040,1,1
G11000100062021094,110010062021094,G11000100062021041,110010062021041,1,1
G11000100062021095,110010062021095,G11000100062021039,110010062021039,1,1
G11000100062021096,110010062021096,G11000100062021038,110010062021038,1,1
G11000100062021097,110010062021097,G11000100062021037,110010062021037,1,1
G11000100062021098,110010062021098,G11000100062021042,110010062021042,1,1
G11000100062021099,110010062021099,G11000100062021251,110010062021251,1,1
G11000100062021100,110010062021100,G11000100062021252,110010062021252,1,1
G11000100062021101,110010062021101,G11000100062021045,110010062021045,1,1
G11000100062021102,110010062021102,G11000100062021045,110010062021045,1,1
G11000100062021103,110010062021103,G11000100062021047,110010062021047,1,1
G11000100062021104,110010062021104,G11000100062021048,110010062021048,0.8314460739,0.8314460739
G11000100062021104,110010062021104,G11000100062021049,110010062021049,0.0829775385,0.0829775385
G11000100062021104,110010062021104,G11000100062021053,110010062021053,0.0855763876,0.0855763876
G11000100062021105,110010062021105,G11000100062021050,110010062021050,0.0066093651,0.0025092072
G11000100062021105,110010062021105,G11000100062021051,110010062021051,0.0554310854,0.0210362607
G11000100062021105,110010062021105,G11000100062021052,110010062021052,0.0061816404,0.0023454983
G11000100062021105,110010062021105,G11000100062021055,110010062021055,0.8207018759,0.9319591701
G11000100062021105,110010062021105,G11000100062021056,110010062021056,0.0554209015,0.0210312021
G11000100062021105,110010062021105,G11000100062021057,110010062021057,0.0556551317,0.0211186615
G11000100062021106,110010062021106,G11000100062021052,110010062021052,0.4959751721,0.4959751721
G11000100062021106,110010062021106,G11000100062021054,110010062021054,0.5040248279,0.5040248279
G11000100062021107,110010062021107,G11000100062021052,110010062021052,0.3950158781,0.3950158781
G11000100062021107,110010062021107,G11000100062021057,110010062021057,0.6049841219,0.6049841219
G11000100062021108,110010062021108,G11000100062021058,110010062021058,0.7925224065,0.7925224065
G11000100062021108,110010062021108,G11000100062021059,110010062021059,0.2074775935,0.2074775935
G11000100062021109,110010062021109,G11000100062021062,110010062021062,1,1
G11000100062021110,110010062021110,G11000100062021061,110010062021061,0.859335996,0
G11000100062021110,110010062021110,G11000100062021063,110010062021063,0.13554668,1
G11000100062021110,110010062021110,G11000100062021065,110010062021065,0.005117324,0
G11000100062021111,110010062021111,G11000100062021060,110010062021060,0.1818331035,0
G11000100062021111,110010062021111,G11000100062021063,110010062021063,0.8181668965,1
G11000100062021112,110010062021112,G11000100062021064,110010062021064,0.6364184159,0.6364184159
G11000100062021112,110010062021112,G11000100062021074,110010062021074,0.0972662924,0.0972662924
G11000100062021112,110010062021112,G11000100062021075,110010062021075,0.0790822553,0.0790822553
G11000100062021112,110010062021112,G11000100062021076,110010062021076,0.0426760434,0.0426760434
G11000100062021112,110010062021112,G11000100062021091,110010062021091,0.1445569929,0.1445569929
G11000100062021113,110010062021113,G11000100062021065,110010062021065,0.381331293,0.381331293
G11000100062021113,110010062021113,G11000100062021066,110010062021066,0.0221499617,0.0221499617
G11000100062021113,110010062021113,G11000100062021072,110010062021072,0.0521805662,0.0521805662
G11000100062021113,110010062021113,G11000100062021073,110010062021073,0.544338179,0.544338179
G11000100062021114,110010062021114,G11000100062021065,110010062021065,1,1
G11000100062021115,110010062021115,G11000100062021068,110010062021068,0.2398370245,0.2398370245
G11000100062021115,110010062021115,G11000100062021070,110010062021070,0.4910326687,0.4910326687
G11000100062021115,110010062021115,G11000100062021072,110010062021072,0.050833272,0.050833272
G11000100062021115,110010062021115,G11000100062021163,110010062021163,0.0421786476,0.0421786476
G11000100062021115,110010062021115,G11000100062021230,110010062021230,0.1761183872,0.1761183872
G11000100062021116,110010062021116,G11000100062021092,110010062021092,0.4546309651,0.4546309651
G11000100062021116,110010062021116,G11000100062021093,110010062021093,0,0
G11000100062021116,110010062021116,G11000100062021094,110010062021094,0.1699737523,0.1699737523
G11000100062021116,110010062021116,G11000100062021095,110010062021095,0,0
G11000100062021116,110010062021116,G11000100062021161,110010062021161,0.3753952826,0.3753952826
G11000100062021117,110010062021117,G11000100062021162,110010062021162,1,1
G11000100062021118,110010062021118,G11000100062021069,110010062021069,1,1
G11000100062021119,110010062021119,G11000100062021071,110010062021071,1,1
G11000100062021120,110010062021120,G11000100062021171,110010062021171,1,1
G11000100062021121,110010062021121,G11000100062021158,110010062021158,0.4931929104,0.4931929104
G11000100062021121,110010062021121,G11000100062021159,110010062021159,0.5068070896,0.5068070896
G11000100062021122,110010062021122,G11000100062021160,110010062021160,1,1
G11000100062021123,110010062021123,G11000100062021160,110010062021160,1,1
G11000100062021124,110010062021124,G11000100062021160,110010062021160,1,1
G11000100062021125,110010062021125,G11000100062021178,110010062021178,1,1
G11000100062021126,110010062021126,G11000100062021177,110010062021177,1,1
G11000100062021127,110010062021127,G11000100062021185,110010062021185,0.0373644252,0.0373644252
G11000100062021127,110010062021127,G11000100062021186,110010062021186,0.9626355748,0.9626355748
G11000100062021128,110010062021128,G11000100062021175,110010062021175,0.1584247035,0.1584247035
G11000100062021128,110010062021128,G11000100062021184,110010062021184,0.0635488924,0.0635488924
G11000100062021128,110010062021128,G11000100062021185,110010062021185,0.7780264041,0.7780264041
G11000100062021129,110010062021129,G11000100062021176,110010062021176,1,1
G11000100062021130,110010062021130,G11000100062021174,110010062021174,1,1
G11000100062021131,110010062021131,G11000100062021183,110010062021183,0.6665265812,0.6665265812
G11000100062021131,110010062021131,G11000100062021184,110010062021184,0.0832107586,0.0832107586
G11000100062021131,110010062021131,G11000100062021190,110010062021190,0.2502626602,0.2502626602
G11000100062021132,110010062021132,G11000100062021183,110010062021183,0.4475743349,0.4475743349
G11000100062021132,110010062021132,G11000100062021190,110010062021190,0.5524256651,0.5524256651
G11000100062021133,110010062021133,G11000100062021181,110010062021181,0.904,0.904
G11000100062021133,110010062021133,G11000100062021182,110010062021182,0.096,0.096
G11000100062021134,110010062021134,G11000100062021174,110010062021174,0.0059228947,0.0059228947
G11000100062021134,110010062021134,G11000100062021179,110010062021179,0.9940771053,0.9940771053
G11000100062021135,110010062021135,G11000100062021180,110010062021180,0.9456221198,0.9456221198
G11000100062021135,110010062021135,G11000100062021200,110010062021200,0.0543778802,0.0543778802
G11000100062021136,110010062021136,G11000100062021187,110010062021187,0.5573264781,0.5573264781
G11000100062021136,110010062021136,G11000100062021188,110010062021188,0.4426735219,0.4426735219
G11000100062021137,110010062021137,G11000100062021189,110010062021189,0.266612277,0.266612277
G11000100062021137,110010062021137,G11000100062021195,110010062021195,0.0081865751,0.0081865751
G11000100062021137,110010062021137,G11000100062021196,110010062021196,0.0849743994,0.0849743994
G11000100062021137,110010062021137,G11000100062021197,110010062021197,0.000801778,0.000801778
G11000100062021137,110010062021137,G11000100062021198,110010062021198,0.5111123614,0.5111123614
G11000100062021137,110010062021137,G11000100062021199,110010062021199,0.1234878749,0.1234878749
G11000100062021137,110010062021137,G11000100062021212,110010062021212,0.0048247341,0.0048247341
G11000100062021138,110010062021138,G11000100062021200,110010062021200,0.2245927075,0.2245927075
G11000100062021138,110010062021138,G11000100062021201,110010062021201,0.7754072925,0.7754072925
G11000100062021139,110010062021139,G11000100062021200,110010062021200,0.2166344294,0.2166344294
G11000100062021139,110010062021139,G11000100062021201,110010062021201,0.0601101027,0.0601101027
G11000100062021139,110010062021139,G11000100062021216,110010062021216,0.095223925,0.095223925
G11000100062021139,110010062021139,G11000100062021221,110010062021221,0.6280315429,0.6280315429
G11000100062021140,110010062021140,G11000100062021222,110010062021222,1,1
G11000100062021141,110010062021141,G11000100062021223,110010062021223,1,1
G11000100062021142,110010062021142,G11000100062021218,110010062021218,0.2208121827,0.2208121827
G11000100062021142,110010062021142,G11000100062021224,110010062021224,0.6560913706,0.6560913706
G11000100062021142,110010062021142,G11000100062021225,110010062021225,0.1230964467,0.1230964467
G11000100062021143,110010062021143,G11000100062021218,110010062021218,0.3170203551,0.3170203551
G11000100062021143,110010062021143,G11000100062021220,110010062021220,0.2510466291,0.2510466291
G11000100062021143,110010062021143,G11000100062021225,110010062021225,0.4319330157,0.4319330157
G11000100062021144,110010062021144,G11000100062021213,110010062021213,0.6397439805,0.6397439805
G11000100062021144,110010062021144,G11000100062021214,110010062021214,0.1383724474,0.1383724474
G11000100062021144,110010062021144,G11000100062021215,110010062021215,0.0103626943,0.0103626943
G11000100062021144,110010062021144,G11000100062021219,110010062021219,0.0110738596,0.0110738596
G11000100062021144,110010062021144,G11000100062021220,110010062021220,0.2004470182,0.2004470182
G11000100062021145,110010062021145,G11000100062021196,110010062021196,0.263751763,0.263751763
G11000100062021145,110010062021145,G11000100062021197,110010062021197,0.1835331453,0.1835331453
G11000100062021145,110010062021145,G11000100062021212,110010062021212,0.5527150917,0.5527150917
G11000100062021146,110010062021146,G11000100062021202,110010062021202,0.0291048813,0.0291048813
G11000100062021146,110010062021146,G11000100062021203,110010062021203,0.3884071226,0.3884071226
G11000100062021146,110010062021146,G11000100062021211,110010062021211,0.0733728537,0.0733728537
G11000100062021146,110010062021146,G11000100062021229,110010062021229,0.5091151425,0.5091151425
G11000100062021147,110010062021147,G11000100062021194,110010062021194,1,1
G11000100062021148,110010062021148,G11000100062021205,110010062021205,1,1
G11000100062021149,110010062021149,G11000100062021204,110010062021204,1,1
G11000100062021150,110010062021150,G11000100062021208,110010062021208,1,1
G11000100062021151,110010062021151,G11000100062021206,110010062021206,1,1
G11000100062021152,110010062021152,G11000100062021209,110010062021209,1,1
G11000100062021153,110010062021153,G11000100062021207,110010062021207,1,1
G11000100062021154,110010062021154,G11000100062021210,110010062021210,1,1
G11000100062021155,110010062021155,G11000100062021217,110010062021217,0.0592361652,0.0592361652
G11000100062021155,110010062021155,G11000100062021228,110010062021228,0.9407638348,0.9407638348
G11000100062021156,110010062021156,G11000100062021168,110010062021168,0.8764656616,0.8764656616
G11000100062021156,110010062021156,G11000100062021240,110010062021240,0.1235343384,0.1235343384
G11000100062021157,110010062021157,G11000100062021169,110010062021169,1,1
G11000100062021158,110010062021158,G11000100062021170,110010062021170,1,1
G11000100062021159,110010062021159,G11000100062021231,110010062021231,0.2227917573,0.2227917573
G11000100062021159,110010062021159,G11000100062021232,110010062021232,0.7772082427,0.7772082427
G11000100062021160,110010062021160,G11000100062021233,110010062021233,0.0952090483,0.0952090483
G11000100062021160,110010062021160,G11000100062021234,110010062021234,0.024553211,0.024553211
G11000100062021160,110010062021160,G11000100062021235,110010062021235,0.0235690322,0.0235690322
G11000100062021160,110010062021160,G11000100062021236,110010062021236,0.0498830006,0.0498830006
G11000100062021160,110010062021160,G11000100062021238,110010062021238,0.0757279463,0.0757279463
G11000100062021160,110010062021160,G11000100062021239,110010062021239,0.1287352021,0.1287352021
G11000100062021160,110010062021160,G11000100062021240,110010062021240,0.0232153429,0.0232153429
G11000100062021160,110010062021160,G11000100062021241,110010062021241,0.0177254705,0.0177254705
G11000100062021160,110010062021160,G11000100062021242,110010062021242,0.3959294979,0.3959294979
G11000100062021160,110010062021160,G11000100062021243,110010062021243,0.0198014727,0.0198014727
G11000100062021160,110010062021160,G11000100062021244,110010062021244,0.1318056349,0.1318056349
G11000100062021160,110010062021160,G11000100062021245,110010062021245,0.0138451405,0.0138451405
G11000100062021161,110010062021161,G11000100062021237,110010062021237,1,1
G11000100062021162,110010062021162,G11000100062021082,110010062021082,0.1451385887,0.1451385887
G11000100062021162,110010062021162,G11000100062021083,110010062021083,0.2704502887,0.2704502887
G11000100062021162,110010062021162,G11000100062021086,110010062021086,0.0058405648,0.0058405648
G11000100062021162,110010062021162,G11000100062021087,110010062021087,0.5567266239,0.5567266239
G11000100062021162,110010062021162,G11000100062021089,110010062021089,0.0218439339,0.0218439339
G11000100062021163,110010062021163,G11000100062021079,110010062021079,1,1
G11000100062021164,110010062021164,G11000100062021078,110010062021078,1,1
G11000100062021165,110010062021165,G11000100062021046,110010062021046,1,1
G11000100062021166,110010062021166,G11000100062021044,110010062021044,1,1
G11000100062021167,110010062021167,G11000100062021077,110010062021077,1,1
G11000100062021991,110010062021991,G11000100062021217,110010062021217,0.0016987018,0.0016987018
G11000100062021991,110010062021991,G11000100062021227,110010062021227,0.9983012982,0.9983012982
G11000100062021992,110010062021992,G11000100062021218,110010062021218,0.0098679733,0.0098679733
G11000100062021992,110010062021992,G11000100062021225,110010062021225,0.0072818838,0.0072818838
G11000100062021992,110010062021992,G11000100062021226,110010062021226,0.9828501429,0.9828501429
G11000100062021993,110010062021993,G11000100062021167,110010062021167,0,0
G11000100062021993,110010062021993,G11000100062021242,110010062021242,1,1
G11000100062021993,110010062021993,G11000100062021249,110010062021249,0,0
G11000100062021993,110010062021993,G11000100062021250,110010062021250,0,0
G11000100062021994,110010062021994,G11000100062021067,110010062021067,0.005280179,0.005280179
G11000100062021994,110010062021994,G11000100062021080,110010062021080,0.3865183005,0.3865183005
G11000100062021994,110010062021994,G11000100062021081,110010062021081,0.5682463777,0.5682463777
G11000100062021994,110010062021994,G11000100062021084,110010062021084,0.0023756974,0.0023756974
G11000100062021994,110010062021994,G11000100062021085,110010062021085,0.0051320172,0.0051320172
G11000100062021994,110010062021994,G11000100062021088,110010062021088,0.0266537919,0.0266537919
G11000100062021994,110010062021994,G11000100062021090,110010062021090,0.0057936362,0.0057936362
G11000100062021995,110010062021995,G11000100062021166,110010062021166,1,1
G11000100062021996,110010062021996,G11000100062021172,110010062021172,1,1
G11000100062021997,110010062021997,G11000100062021173,110010062021173,1,1
G11000100062021998,110010062021998,G11000100062021191,110010062021191,0.9379652605,0.9379652605
G11000100062021998,110010062021998,G11000100062021192,110010062021192,0.0620347395,0.0620347395
G11000100062021999,110010062021999,G11000100062021193,110010062021193,0.0570278168,0.0570278168
G11000100062021999,110010062021999,G11000100062021246,110010062021246,0.0186311426,0.0186311426
G11000100062021999,110010062021999,G11000100062021247,110010062021247,0.8101622119,0.8101622119
G11000100062021999,110010062021999,G11000100062021248,110010062021248,0.1141788287,0.1141788287
G11000100063011000,110010063011000,G11000100110001000,110010110001000,0.1006201132,0.0539722334
G11000100063011000,110010063011000,G11000100110004000,110010110004000,0.2649385664,0.1830199608
G11000100063011000,110010063011000,G11000100110004001,110010110004001,0.1875977352,0.2270924392
G11000100063011000,110010063011000,G11000100110004002,110010110004002,0.4468435851,0.5359153667
G11000100063011001,110010063011001,G11000100110001001,110010110001001,1,1
G11000100063011002,110010063011002,G11000100110001002,110010110001002,1,1
G11000100063011003,110010063011003,G11000100110002000,110010110002000,0.561821079,0.6286786003
G11000100063011003,110010063011003,G11000100110003000,110010110003000,0.1839562941,0.2034424778
G11000100063011003,110010063011003,G11000100110003001,110010110003001,0.2542226269,0.1678789219
G11000100063011003,110010063011003,G11000100110003002,110010110003002,0,0
G11000100063011004,110010063011004,G11000100110003003,110010110003003,0.6156364719,0.6156364719
G11000100063011004,110010063011004,G11000100110003005,110010110003005,0.3843635281,0.3843635281
G11000100063011005,110010063011005,G11000100110003001,110010110003001,0.7615937296,1
G11000100063011005,110010063011005,G11000100110003004,110010110003004,0.2384062704,0
G11000100063011999,110010063011999,G11000100110002001,110010110002001,1,1
G11000100063021000,110010063021000,G11000100064002032,110010064002032,0.0248366049,0.0033585366
G11000100063021000,110010063021000,G11000100110002002,110010110002002,0.0280909254,0.0037083582
G11000100063021000,110010063021000,G11000100110002003,110010110002003,0.0620086601,0.0083854015
G11000100063021000,110010063021000,G11000100110002005,110010110002005,0.2017379919,0.6414625134
G11000100063021000,110010063021000,G11000100110002006,110010110002006,0.0201914562,0.0006273286
G11000100063021000,110010063021000,G11000100110002007,110010110002007,0.0432542119,0.2952439693
G11000100063021000,110010063021000,G11000100110002008,110010110002008,0.0434932605,0.005605727
G11000100063021000,110010063021000,G11000100110002009,110010110002009,0.0684249415,0.0086411586
G11000100063021000,110010063021000,G11000100110002010,110010110002010,0.0420562525,0.0034362049
G11000100063021000,110010063021000,G11000100110002011,110010110002011,0.0669526195,0.0089556678
G11000100063021000,110010063021000,G11000100110002012,110010110002012,0.2055980833,0.0102289136
G11000100063021000,110010063021000,G11000100110002013,110010110002013,0.0688622917,0.0065121804
G11000100063021000,110010063021000,G11000100110002015,110010110002015,0.1244927009,0.0038340401
G11000100063021999,110010063021999,G11000100110002001,110010110002001,0.041653687,0.041653687
G11000100063021999,110010063021999,G11000100110002004,110010110002004,0.6127658555,0.6127658555
G11000100063021999,110010063021999,G11000100110002014,110010110002014,0.3455804575,0.3455804575
G11000100064001000,110010064001000,G11000100064001000,110010064001000,1,1
G11000100064001001,110010064001001,G11000100064001001,110010064001001,1,1
G11000100064001002,110010064001002,G11000100064001002,110010064001002,0.4708715596,0.4432432432
G11000100064001002,110010064001002,G11000100064001003,110010064001003,0.5291284404,0.5567567568
G11000100064001003,110010064001003,G11000100064001004,110010064001004,0.9270794618,1
G11000100064001003,110010064001003,G11000100064001005,110010064001005,0.0729205382,0
G11000100064001004,110010064001004,G11000100064001006,110010064001006,1,1
G11000100064001005,110010064001005,G11000100064001007,110010064001007,1,1
G11000100064001006,110010064001006,G11000100064001008,110010064001008,1,1
G11000100064001007,110010064001007,G11000100064001009,110010064001009,1,1
G11000100064002000,110010064002000,G11000100064002000,110010064002000,1,1
G11000100064002001,110010064002001,G11000100064002001,110010064002001,1,1
G11000100064002002,110010064002002,G11000100064002002,110010064002002,1,1
G11000100064002003,110010064002003,G11000100064002003,110010064002003,1,1
G11000100064002004,110010064002004,G11000100064002004,110010064002004,1,1
G11000100064002005,110010064002005,G11000100064002005,110010064002005,1,1
G11000100064002006,110010064002006,G11000100064002006,110010064002006,1,1
G11000100064002007,110010064002007,G11000100064002007,110010064002007,1,1
G11000100064002008,110010064002008,G11000100064002008,110010064002008,1,1
G11000100064002009,110010064002009,G11000100064002011,110010064002011,1,1
G11000100064002010,110010064002010,G11000100064002012,110010064002012,0.4792562231,0.4792562231
G11000100064002010,110010064002010,G11000100064002021,110010064002021,0.5207437769,0.5207437769
G11000100064002011,110010064002011,G11000100064002033,110010064002033,1,1
G11000100064002012,110010064002012,G11000100064002010,110010064002010,1,1
G11000100064002013,110010064002013,G11000100064002009,110010064002009,1,1
G11000100064002014,110010064002014,G11000100064002024,110010064002024,1,1
G11000100064002015,110010064002015,G11000100064002023,110010064002023,1,1
G11000100064002016,110010064002016,G11000100064002023,110010064002023,1,1
G11000100064002017,110010064002017,G11000100064002024,110010064002024,1,1
G11000100064002018,110010064002018,G11000100064002024,110010064002024,1,1
G11000100064002019,110010064002019,G11000100064002025,110010064002025,1,1
G11000100064002020,110010064002020,G11000100064002026,110010064002026,1,1
G11000100064002021,110010064002021,G11000100064002027,110010064002027,1,1
G11000100064002022,110010064002022,G11000100064002013,110010064002013,0.730786664,0.730786664
G11000100064002022,110010064002022,G11000100064002015,110010064002015,0.0825443191,0.0825443191
G11000100064002022,110010064002022,G11000100064002016,110010064002016,0.1866690169,0.1866690169
G11000100064002023,110010064002023,G11000100064002013,110010064002013,1,1
G11000100064002024,110010064002024,G11000100064002018,110010064002018,1,1
G11000100064002025,110010064002025,G11000100064002022,110010064002022,1,1
G11000100064002026,110010064002026,G11000100064002014,110010064002014,1,1
G11000100064002027,110010064002027,G11000100064002017,110010064002017,1,1
G11000100064002028,110010064002028,G11000100064002017,110010064002017,1,1
G11000100064002029,110010064002029,G11000100064002030,110010064002030,1,1
G11000100064002030,110010064002030,G11000100064002030,110010064002030,1,1
G11000100064002031,110010064002031,G11000100064002029,110010064002029,1,1
G11000100064002032,110010064002032,G11000100064002013,110010064002013,0.4978292782,0
G11000100064002032,110010064002032,G11000100064002028,110010064002028,0.4100634038,0
G11000100064002032,110010064002032,G11000100110002005,110010110002005,0.092107318,1
G11000100064002998,110010064002998,G11000100064002019,110010064002019,0.6624591749,0.6624591749
G11000100064002998,110010064002998,G11000100064002031,110010064002031,0.3375408251,0.3375408251
G11000100064002999,110010064002999,G11000100064002020,110010064002020,1,1
G11000100065001000,110010065001000,G11000100065001000,110010065001000,1,1
G11000100065001001,110010065001001,G11000100065001001,110010065001001,1,1
G11000100065001002,110010065001002,G11000100065001002,110010065001002,1,1
G11000100065001003,110010065001003,G11000100065001003,110010065001003,1,1
G11000100065001004,110010065001004,G11000100065001004,110010065001004,1,1
G11000100065001005,110010065001005,G11000100065001005,110010065001005,1,1
G11000100065001006,110010065001006,G11000100065001006,110010065001006,1,1
G11000100065001007,110010065001007,G11000100065001010,110010065001010,1,1
G11000100065001008,110010065001008,G11000100065001011,110010065001011,1,1
G11000100065001009,110010065001009,G11000100065001012,110010065001012,1,1
G11000100065001010,110010065001010,G11000100065001008,110010065001008,1,1
G11000100065001011,110010065001011,G11000100065001007,110010065001007,1,1
G11000100065001012,110010065001012,G11000100065001009,110010065001009,1,1
G11000100065002000,110010065002000,G11000100065002000,110010065002000,1,1
G11000100065002001,110010065002001,G11000100065002001,110010065002001,1,1
G11000100065002002,110010065002002,G11000100065002002,110010065002002,1,1
G11000100065002003,110010065002003,G11000100065002003,110010065002003,1,1
G11000100065002004,110010065002004,G11000100065002004,110010065002004,1,1
G11000100065002005,110010065002005,G11000100065002005,110010065002005,1,1
G11000100065002006,110010065002006,G11000100065002006,110010065002006,1,1
G11000100065002007,110010065002007,G11000100065002007,110010065002007,1,1
G11000100065002008,110010065002008,G11000100065002008,110010065002008,0.5293692204,0.0519480519
G11000100065002008,110010065002008,G11000100065002009,110010065002009,0.4706307796,0.9480519481
G11000100065002009,110010065002009,G11000100065002010,110010065002010,1,1
G11000100065002010,110010065002010,G11000100065002024,110010065002024,1,1
G11000100065002011,110010065002011,G11000100065002023,110010065002023,1,1
G11000100065002012,110010065002012,G11000100065002022,110010065002022,1,1
G11000100065002013,110010065002013,G11000100065002011,110010065002011,1,1
G11000100065002014,110010065002014,G11000100065002012,110010065002012,1,1
G11000100065002015,110010065002015,G11000100065002013,110010065002013,1,1
G11000100065002016,110010065002016,G11000100065002014,110010065002014,1,1
G11000100065002017,110010065002017,G11000100065002015,110010065002015,1,1
G11000100065002018,110010065002018,G11000100065002016,110010065002016,0.481953078,0.481953078
G11000100065002018,110010065002018,G11000100065002017,110010065002017,0.518046922,0.518046922
G11000100065002019,110010065002019,G11000100065002019,110010065002019,0.9976904071,0.9976904071
G11000100065002019,110010065002019,G11000100065002021,110010065002021,0.0023095929,0.0023095929
G11000100065002020,110010065002020,G11000100065002019,110010065002019,0.9626679297,0.9626679297
G11000100065002020,110010065002020,G11000100065002021,110010065002021,0.0373320703,0.0373320703
G11000100065002021,110010065002021,G11000100065002018,110010065002018,1,1
G11000100065002022,110010065002022,G11000100065002020,110010065002020,0.5452542684,0.5452542684
G11000100065002022,110010065002022,G11000100065002028,110010065002028,0.4547457316,0.4547457316
G11000100065002023,110010065002023,G11000100065002025,110010065002025,0.5628780356,0.5628780356
G11000100065002023,110010065002023,G11000100065002026,110010065002026,0.2977340435,0.2977340435
G11000100065002023,110010065002023,G11000100065002027,110010065002027,0.1393879209,0.1393879209
G11000100065002024,110010065002024,G11000100065002026,110010065002026,0.712895984,0.712895984
G11000100065002024,110010065002024,G11000100065002027,110010065002027,0.287104016,0.287104016
G11000100066001000,110010066001000,G11000100066001000,110010066001000,1,1
G11000100066001001,110010066001001,G11000100066001001,110010066001001,1,1
G11000100066001002,110010066001002,G11000100066001002,110010066001002,1,1
G11000100066001003,110010066001003,G11000100066001003,110010066001003,1,1
G11000100066001004,110010066001004,G11000100066001004,110010066001004,1,1
G11000100066001005,110010066001005,G11000100066001005,110010066001005,1,1
G11000100066001006,110010066001006,G11000100066001006,110010066001006,1,1
G11000100066001007,110010066001007,G11000100066001007,110010066001007,1,1
G11000100066001008,110010066001008,G11000100066001008,110010066001008,1,1
G11000100066001009,110010066001009,G11000100066001009,110010066001009,1,1
G11000100066001010,110010066001010,G11000100066001010,110010066001010,1,1
G11000100066001011,110010066001011,G11000100066001011,110010066001011,1,1
G11000100066001012,110010066001012,G11000100066001019,110010066001019,1,1
G11000100066001013,110010066001013,G11000100066001018,110010066001018,1,1
G11000100066001014,110010066001014,G11000100066001017,110010066001017,1,1
G11000100066001015,110010066001015,G11000100066001016,110010066001016,1,1
G11000100066001016,110010066001016,G11000100066001015,110010066001015,1,1
G11000100066001017,110010066001017,G11000100066001014,110010066001014,1,1
G11000100066001018,110010066001018,G11000100066001012,110010066001012,1,1
G11000100066001019,110010066001019,G11000100066001013,110010066001013,1,1
G11000100066001020,110010066001020,G11000100066001023,110010066001023,1,1
G11000100066001021,110010066001021,G11000100066001022,110010066001022,1,1
G11000100066001022,110010066001022,G11000100066001020,110010066001020,1,1
G11000100066001023,110010066001023,G11000100066001021,110010066001021,1,1
G11000100066001024,110010066001024,G11000100066001024,110010066001024,1,1
G11000100067001000,110010067001000,G11000100067001000,110010067001000,1,1
G11000100067001001,110010067001001,G11000100067001001,110010067001001,1,1
G11000100067001002,110010067001002,G11000100067001004,110010067001004,1,1
G11000100067001003,110010067001003,G11000100067001003,110010067001003,1,1
G11000100067001004,110010067001004,G11000100067001002,110010067001002,1,1
G11000100067001005,110010067001005,G11000100067001005,110010067001005,1,1
G11000100067001006,110010067001006,G11000100067001006,110010067001006,1,1
G11000100067001007,110010067001007,G11000100067001007,110010067001007,1,1
G11000100067001008,110010067001008,G11000100067001008,110010067001008,0.736765147,0.6084507042
G11000100067001008,110010067001008,G11000100067001010,110010067001010,0.263234853,0.3915492958
G11000100067001009,110010067001009,G11000100067001009,110010067001009,1,1
G11000100067002000,110010067002000,G11000100067002000,110010067002000,1,1
G11000100067002001,110010067002001,G11000100067002001,110010067002001,1,1
G11000100067002002,110010067002002,G11000100067002002,110010067002002,1,1
G11000100067002003,110010067002003,G11000100067002003,110010067002003,0.3624913903,0.2717391304
G11000100067002003,110010067002003,G11000100067002004,110010067002004,0.6375086097,0.7282608696
G11000100067002004,110010067002004,G11000100067002005,110010067002005,1,1
G11000100067002005,110010067002005,G11000100067002006,110010067002006,1,1
G11000100067002006,110010067002006,G11000100067002007,110010067002007,1,1
G11000100067002007,110010067002007,G11000100067002008,110010067002008,1,1
G11000100067002008,110010067002008,G11000100067002009,110010067002009,1,1
G11000100067002009,110010067002009,G11000100067002010,110010067002010,1,1
G11000100067003000,110010067003000,G11000100067003000,110010067003000,1,1
G11000100067003001,110010067003001,G11000100067003001,110010067003001,1,1
G11000100067003002,110010067003002,G11000100067003002,110010067003002,1,1
G11000100067003003,110010067003003,G11000100067003003,110010067003003,1,1
G11000100067003004,110010067003004,G11000100067003004,110010067003004,1,1
G11000100067003005,110010067003005,G11000100067003005,110010067003005,1,1
G11000100067003006,110010067003006,G11000100067003006,110010067003006,1,1
G11000100067003007,110010067003007,G11000100067003007,110010067003007,1,1
G11000100067003008,110010067003008,G11000100067003008,110010067003008,1,1
G11000100067003009,110010067003009,G11000100067003009,110010067003009,1,1
G11000100067003010,110010067003010,G11000100067003010,110010067003010,1,1
G11000100067003011,110010067003011,G11000100067003013,110010067003013,1,1
G11000100067003012,110010067003012,G11000100067003011,110010067003011,1,1
G11000100067003013,110010067003013,G11000100067003012,110010067003012,1,1
G11000100068011000,110010068011000,G11000100068011000,110010068011000,1,1
G11000100068011001,110010068011001,G11000100068011001,110010068011001,1,1
G11000100068011002,110010068011002,G11000100068011002,110010068011002,1,1
G11000100068011003,110010068011003,G11000100068011003,110010068011003,1,1
G11000100068011004,110010068011004,G11000100068011004,110010068011004,1,1
G11000100068011005,110010068011005,G11000100068011005,110010068011005,1,1
G11000100068011006,110010068011006,G11000100068011007,110010068011007,1,1
G11000100068011007,110010068011007,G11000100068011006,110010068011006,1,1
G11000100068011008,110010068011008,G11000100068011008,110010068011008,1,1
G11000100068011009,110010068011009,G11000100068011009,110010068011009,1,1
G11000100068011010,110010068011010,G11000100068011010,110010068011010,1,1
G11000100068012000,110010068012000,G11000100068012000,110010068012000,1,1
G11000100068012001,110010068012001,G11000100068012001,110010068012001,1,1
G11000100068012002,110010068012002,G11000100068012002,110010068012002,1,1
G11000100068012003,110010068012003,G11000100068012003,110010068012003,1,1
G11000100068012004,110010068012004,G11000100068012004,110010068012004,1,1
G11000100068012005,110010068012005,G11000100068012005,110010068012005,1,1
G11000100068021000,110010068021000,G11000100068021000,110010068021000,1,1
G11000100068021001,110010068021001,G11000100068021001,110010068021001,1,1
G11000100068021002,110010068021002,G11000100068021002,110010068021002,1,1
G11000100068021003,110010068021003,G11000100068021003,110010068021003,1,1
G11000100068021004,110010068021004,G11000100068021004,110010068021004,1,1
G11000100068021005,110010068021005,G11000100068021005,110010068021005,1,1
G11000100068021006,110010068021006,G11000100068021006,110010068021006,1,1
G11000100068022000,110010068022000,G11000100068022000,110010068022000,1,1
G11000100068022001,110010068022001,G11000100068022001,110010068022001,1,1
G11000100068022002,110010068022002,G11000100068022002,110010068022002,1,1
G11000100068022003,110010068022003,G11000100068022003,110010068022003,1,1
G11000100068022004,110010068022004,G11000100068022005,110010068022005,1,1
G11000100068022005,110010068022005,G11000100068022006,110010068022006,1,1
G11000100068023000,110010068023000,G11000100068022007,110010068022007,1,1
G11000100068023001,110010068023001,G11000100068022008,110010068022008,1,1
G11000100068023002,110010068023002,G11000100068022004,110010068022004,1,1
G11000100068023003,110010068023003,G11000100068022012,110010068022012,1,1
G11000100068023004,110010068023004,G11000100068022011,110010068022011,1,1
G11000100068023005,110010068023005,G11000100068022010,110010068022010,0.4149800456,0.3993506494
G11000100068023005,110010068023005,G11000100068022013,110010068022013,0.5850199544,0.6006493506
G11000100068023006,110010068023006,G11000100068022009,110010068022009,1,1
G11000100068023007,110010068023007,G11000100068022015,110010068022015,1,1
G11000100068023008,110010068023008,G11000100068022014,110010068022014,1,1
G11000100068041000,110010068041000,G11000100068041001,110010068041001,1,1
G11000100068041001,110010068041001,G11000100068041017,110010068041017,1,1
G11000100068041002,110010068041002,G11000100068041005,110010068041005,0.4632873319,0.4632873319
G11000100068041002,110010068041002,G11000100068041010,110010068041010,0.5367126681,0.5367126681
G11000100068041003,110010068041003,G11000100068041001,110010068041001,0.5196707148,0.5196707148
G11000100068041003,110010068041003,G11000100068041002,110010068041002,0.4803292852,0.4803292852
G11000100068041004,110010068041004,G11000100068041003,110010068041003,0.966554266,0.966554266
G11000100068041004,110010068041004,G11000100068041004,110010068041004,0.0155661857,0.0155661857
G11000100068041004,110010068041004,G11000100068041009,110010068041009,0.0178795483,0.0178795483
G11000100068041005,110010068041005,G11000100079031017,110010079031017,1,1
G11000100068041006,110010068041006,G11000100068041021,110010068041021,0.502322495,0.502322495
G11000100068041006,110010068041006,G11000100068041025,110010068041025,0.497677505,0.497677505
G11000100068041007,110010068041007,G11000100068041007,110010068041007,0.4943767573,0.4943767573
G11000100068041007,110010068041007,G11000100068041008,110010068041008,0.5056232427,0.5056232427
G11000100068041008,110010068041008,G11000100068041004,110010068041004,0.502101718,0.502101718
G11000100068041008,110010068041008,G11000100068041006,110010068041006,0.497898282,0.497898282
G11000100068041009,110010068041009,G11000100068041006,110010068041006,0.0053949254,0.0053949254
G11000100068041009,110010068041009,G11000100068041012,110010068041012,0.1615948748,0.1615948748
G11000100068041009,110010068041009,G11000100068041022,110010068041022,0.0069403467,0.0069403467
G11000100068041009,110010068041009,G11000100068041023,110010068041023,0.0067436567,0.0067436567
G11000100068041009,110010068041009,G11000100068041024,110010068041024,0.8193261963,0.8193261963
G11000100068041010,110010068041010,G11000100068041011,110010068041011,1,1
G11000100068041011,110010068041011,G11000100068041011,110010068041011,0.970066133,1
G11000100068041011,110010068041011,G11000100068041013,110010068041013,0.029933867,0
G11000100068041012,110010068041012,G11000100068041011,110010068041011,1,1
G11000100068041013,110010068041013,G11000100068041014,110010068041014,1,1
G11000100068041014,110010068041014,G11000100068041011,110010068041011,0.9949821238,1
G11000100068041014,110010068041014,G11000100068041013,110010068041013,0.0050178762,0
G11000100068041015,110010068041015,G11000100068041020,110010068041020,1,1
G11000100068041996,110010068041996,G11000100068041018,110010068041018,1,1
G11000100068041997,110010068041997,G11000100068041019,110010068041019,1,1
G11000100068041998,110010068041998,G11000100068041015,110010068041015,0.3576689567,0.3576689567
G11000100068041998,110010068041998,G11000100068041016,110010068041016,0.6423310433,0.6423310433
G11000100068041999,110010068041999,G11000100068041000,110010068041000,1,1
G11000100069001000,110010069001000,G11000100069001000,110010069001000,1,1
G11000100069001001,110010069001001,G11000100069001001,110010069001001,1,1
G11000100069001002,110010069001002,G11000100069001002,110010069001002,1,1
G11000100069001003,110010069001003,G11000100069001017,110010069001017,1,1
G11000100069001004,110010069001004,G11000100069001016,110010069001016,1,1
G11000100069001005,110010069001005,G11000100069001015,110010069001015,1,1
G11000100069001006,110010069001006,G11000100069001014,110010069001014,1,1
G11000100069002000,110010069002000,G11000100069002000,110010069002000,1,1
G11000100069002001,110010069002001,G11000100069002001,110010069002001,1,1
G11000100069002002,110010069002002,G11000100069002002,110010069002002,1,1
G11000100069002003,110010069002003,G11000100069002003,110010069002003,1,1
G11000100069002004,110010069002004,G11000100069002004,110010069002004,1,1
G11000100069002005,110010069002005,G11000100069002005,110010069002005,1,1
G11000100069002006,110010069002006,G11000100069002006,110010069002006,1,1
G11000100069002007,110010069002007,G11000100069002007,110010069002007,1,1
G11000100069002008,110010069002008,G11000100069002008,110010069002008,1,1
G11000100069002009,110010069002009,G11000100069002009,110010069002009,1,1
G11000100069002010,110010069002010,G11000100069002010,110010069002010,1,1
G11000100069002011,110010069002011,G11000100069002011,110010069002011,1,1
G11000100069003000,110010069003000,G11000100069001003,110010069001003,1,1
G11000100069003001,110010069003001,G11000100069001004,110010069001004,1,1
G11000100069003002,110010069003002,G11000100069001005,110010069001005,1,1
G11000100069003003,110010069003003,G11000100069001006,110010069001006,1,1
G11000100069003004,110010069003004,G11000100069001007,110010069001007,1,1
G11000100069003005,110010069003005,G11000100069001008,110010069001008,1,1
G11000100069003006,110010069003006,G11000100069001009,110010069001009,1,1
G11000100069003007,110010069003007,G11000100069001010,110010069001010,1,1
G11000100069003008,110010069003008,G11000100069001011,110010069001011,1,1
G11000100069003009,110010069003009,G11000100069001012,110010069001012,1,1
G11000100069003010,110010069003010,G11000100069001013,110010069001013,1,1
G11000100070002000,110010070002000,G11000100070002009,110010070002009,1,1
G11000100070002001,110010070002001,G11000100070002008,110010070002008,1,1
G11000100070002002,110010070002002,G11000100070002007,110010070002007,1,1
G11000100070002003,110010070002003,G11000100070002006,110010070002006,1,1
G11000100070002004,110010070002004,G11000100070002005,110010070002005,1,1
G11000100070002005,110010070002005,G11000100070002000,110010070002000,1,1
G11000100070002006,110010070002006,G11000100070002001,110010070002001,1,1
G11000100070002007,110010070002007,G11000100070002002,110010070002002,1,1
G11000100070002008,110010070002008,G11000100070002003,110010070002003,1,1
G11000100070002009,110010070002009,G11000100070002004,110010070002004,1,1
G11000100070002010,110010070002010,G11000100070002013,110010070002013,1,1
G11000100070002011,110010070002011,G11000100070002012,110010070002012,1,1
G11000100070002012,110010070002012,G11000100070002011,110010070002011,1,1
G11000100070002013,110010070002013,G11000100070002010,110010070002010,1,1
G11000100070002014,110010070002014,G11000100070002016,110010070002016,1,1
G11000100070002015,110010070002015,G11000100070002017,110010070002017,1,1
G11000100070002016,110010070002016,G11000100070002018,110010070002018,0.3157001222,0.1406998262
G11000100070002016,110010070002016,G11000100070002019,110010070002019,0.1970664131,0.687933588
G11000100070002016,110010070002016,G11000100070002020,110010070002020,0.174215673,0.0612718242
G11000100070002016,110010070002016,G11000100070002023,110010070002023,0.3130177917,0.1100947616
G11000100070002017,110010070002017,G11000100070002015,110010070002015,1,1
G11000100070002018,110010070002018,G11000100070002014,110010070002014,1,1
G11000100070002019,110010070002019,G11000100070002021,110010070002021,0.6910454759,1
G11000100070002019,110010070002019,G11000100070002022,110010070002022,0.3089545241,0
G11000100070003000,110010070003000,G11000100070001000,110010070001000,1,1
G11000100070003001,110010070003001,G11000100070001002,110010070001002,1,1
G11000100070003002,110010070003002,G11000100070001003,110010070001003,1,1
G11000100070003003,110010070003003,G11000100070001004,110010070001004,1,1
G11000100070003004,110010070003004,G11000100070001005,110010070001005,1,1
G11000100070003005,110010070003005,G11000100070001006,110010070001006,1,1
G11000100070003006,110010070003006,G11000100070001007,110010070001007,1,1
G11000100070003007,110010070003007,G11000100070001008,110010070001008,1,1
G11000100070003008,110010070003008,G11000100070001009,110010070001009,1,1
G11000100070003009,110010070003009,G11000100070001001,110010070001001,1,1
G11000100070003010,110010070003010,G11000100070001010,110010070001010,0.7011162674,0.5625
G11000100070003010,110010070003010,G11000100070001011,110010070001011,0.2988837326,0.4375
G11000100070003011,110010070003011,G11000100070001012,110010070001012,0.9568527919,1
G11000100070003011,110010070003011,G11000100070001016,110010070001016,0.0431472081,0
G11000100070003012,110010070003012,G11000100070001013,110010070001013,1,1
G11000100070003013,110010070003013,G11000100070001014,110010070001014,1,1
G11000100070003014,110010070003014,G11000100070001015,110010070001015,1,1
G11000100071001000,110010071001000,G11000100071002003,110010071002003,1,1
G11000100071001001,110010071001001,G11000100071002005,110010071002005,1,1
G11000100071001002,110010071001002,G11000100071002006,110010071002006,1,1
G11000100071001003,110010071001003,G11000100071002007,110010071002007,1,1
G11000100071001004,110010071001004,G11000100071002004,110010071002004,1,1
G11000100071001005,110010071001005,G11000100071002009,110010071002009,1,1
G11000100071001006,110010071001006,G11000100071002008,110010071002008,1,1
G11000100071001007,110010071001007,G11000100071002010,110010071002010,1,1
G11000100071002000,110010071002000,G11000100071002000,110010071002000,1,1
G11000100071002001,110010071002001,G11000100071002001,110010071002001,1,1
G11000100071002002,110010071002002,G11000100071002002,110010071002002,1,1
G11000100071002003,110010071002003,G11000100071002003,110010071002003,1,1
G11000100071002004,110010071002004,G11000100071002012,110010071002012,1,1
G11000100071002005,110010071002005,G11000100071002003,110010071002003,0.0046891027,0.0012511284
G11000100071002005,110010071002005,G11000100071002011,110010071002011,0.9953108973,0.9987488716
G11000100071002006,110010071002006,G11000100071002013,110010071002013,1,1
G11000100071003000,110010071003000,G11000100071001017,110010071001017,1,1
G11000100071003001,110010071003001,G11000100071001018,110010071001018,0.8228973694,0.8228973694
G11000100071003001,110010071003001,G11000100071001022,110010071001022,0.0099235953,0.0099235953
G11000100071003001,110010071003001,G11000100071001023,110010071001023,0.0345172887,0.0345172887
G11000100071003001,110010071003001,G11000100071001032,110010071001032,0.0469743549,0.0469743549
G11000100071003001,110010071003001,G11000100071001033,110010071001033,0.0856873917,0.0856873917
G11000100071003002,110010071003002,G11000100071001014,110010071001014,0.4329457364,0.4329457364
G11000100071003002,110010071003002,G11000100071001015,110010071001015,0.5608527132,0.5608527132
G11000100071003002,110010071003002,G11000100071001024,110010071001024,0.0062015504,0.0062015504
G11000100071003003,110010071003003,G11000100071001005,110010071001005,0.1649875703,0
G11000100071003003,110010071003003,G11000100071001006,110010071001006,0.8350124297,1
G11000100071003004,110010071003004,G11000100071001003,110010071001003,0.5168462157,0
G11000100071003004,110010071003004,G11000100071001007,110010071001007,0.4831537843,1
G11000100071003005,110010071003005,G11000100071001008,110010071001008,1,1
G11000100071003006,110010071003006,G11000100071001009,110010071001009,1,1
G11000100071003007,110010071003007,G11000100071001001,110010071001001,1,1
G11000100071003008,110010071003008,G11000100071001000,110010071001000,0.8009301124,0.8009301124
G11000100071003008,110010071003008,G11000100071001002,110010071001002,0.1990698876,0.1990698876
G11000100071003009,110010071003009,G11000100071001000,110010071001000,0.3977655613,0.3977655613
G11000100071003009,110010071003009,G11000100071001002,110010071001002,0.6022344387,0.6022344387
G11000100071003010,110010071003010,G11000100071001002,110010071001002,0.273350776,0.273350776
G11000100071003010,110010071003010,G11000100071001004,110010071001004,0.011278482,0.011278482
G11000100071003010,110010071003010,G11000100071001016,110010071001016,0.715370742,0.715370742
G11000100071003011,110010071003011,G11000100071001022,110010071001022,0.6083886606,0.6083886606
G11000100071003011,110010071003011,G11000100071001023,110010071001023,0.3916113394,0.3916113394
G11000100071003012,110010071003012,G11000100071001010,110010071001010,0.0841787771,0.0841787771
G11000100071003012,110010071003012,G11000100071001011,110010071001011,0.1367333882,0.1367333882
G11000100071003012,110010071003012,G11000100071001012,110010071001012,0.0070377479,0.0070377479
G11000100071003012,110010071003012,G11000100071001013,110010071001013,0.6081710995,0.6081710995
G11000100071003012,110010071003012,G11000100071001024,110010071001024,0.1638789873,0.1638789873
G11000100071003013,110010071003013,G11000100071001025,110010071001025,1,1
G11000100071003014,110010071003014,G11000100071001026,110010071001026,0.1592642013,0.1592642013
G11000100071003014,110010071003014,G11000100071001027,110010071001027,0.3658025162,0.3658025162
G11000100071003014,110010071003014,G11000100071001028,110010071001028,0.3693290126,0.3693290126
G11000100071003014,110010071003014,G11000100071001029,110010071001029,0.1056042699,0.1056042699
G11000100071003015,110010071003015,G11000100071001030,110010071001030,1,1
G11000100071003016,110010071003016,G11000100071001017,110010071001017,0.1001140901,0.1001140901
G11000100071003016,110010071003016,G11000100071001021,110010071001021,0.8998859099,0.8998859099
G11000100071003017,110010071003017,G11000100071001031,110010071001031,1,1
G11000100071003998,110010071003998,G11000100071001019,110010071001019,0.0118730497,0.0118730497
G11000100071003998,110010071003998,G11000100071001020,110010071001020,0.9881269503,0.9881269503
G11000100071003999,110010071003999,G11000100071001019,110010071001019,1,1
G11000100072001000,110010072001000,G11000100072002000,110010072002000,0.5151282445,0.5151282445
G11000100072001000,110010072001000,G11000100072002014,110010072002014,0.0830901551,0.0830901551
G11000100072001000,110010072001000,G11000100072002015,110010072002015,0.3639993857,0.3639993857
G11000100072001000,110010072001000,G11000100072002016,110010072002016,0.0377822147,0.0377822147
G11000100072001001,110010072001001,G11000100072002013,110010072002013,0.1267354744,1
G11000100072001001,110010072001001,G11000100072002016,110010072002016,0.1235919736,0
G11000100072001001,110010072001001,G11000100072002017,110010072002017,0.749672552,0
G11000100072001002,110010072001002,G11000100072002000,110010072002000,0.2400771775,0.2400771775
G11000100072001002,110010072001002,G11000100072002014,110010072002014,0.4585170893,0.4585170893
G11000100072001002,110010072001002,G11000100072002015,110010072002015,0.3014057332,0.3014057332
G11000100072001003,110010072001003,G11000100072002001,110010072002001,0.2792041078,0.2792041078
G11000100072001003,110010072001003,G11000100072002007,110010072002007,0.4574775353,0.4574775353
G11000100072001003,110010072001003,G11000100072002008,110010072002008,0.2633183569,0.2633183569
G11000100072001004,110010072001004,G11000100072002002,110010072002002,0.3414654594,0.3414654594
G11000100072001004,110010072001004,G11000100072002003,110010072002003,0.6219818913,0.6219818913
G11000100072001004,110010072001004,G11000100072002009,110010072002009,0.0365526492,0.0365526492
G11000100072001005,110010072001005,G11000100072001000,110010072001000,1,1
G11000100072001006,110010072001006,G11000100072001001,110010072001001,0.2659193895,0.2659193895
G11000100072001006,110010072001006,G11000100072001017,110010072001017,0.7340806105,0.7340806105
G11000100072001007,110010072001007,G11000100072001018,110010072001018,1,1
G11000100072001008,110010072001008,G11000100072001006,110010072001006,1,1
G11000100072001009,110010072001009,G11000100072001007,110010072001007,1,1
G11000100072001010,110010072001010,G11000100072001003,110010072001003,0.4046875,0.4046875
G11000100072001010,110010072001010,G11000100072001004,110010072001004,0.5953125,0.5953125
G11000100072001011,110010072001011,G11000100072001002,110010072001002,0.3618973561,0.3618973561
G11000100072001011,110010072001011,G11000100072001005,110010072001005,0.6381026439,0.6381026439
G11000100072001012,110010072001012,G11000100072001015,110010072001015,1,1
G11000100072001013,110010072001013,G11000100072001014,110010072001014,1,1
G11000100072001014,110010072001014,G11000100072001013,110010072001013,1,1
G11000100072001015,110010072001015,G11000100072001009,110010072001009,1,1
G11000100072001016,110010072001016,G11000100072001008,110010072001008,1,1
G11000100072001017,110010072001017,G11000100072001023,110010072001023,1,1
G11000100072001018,110010072001018,G11000100072001010,110010072001010,1,1
G11000100072001019,110010072001019,G11000100072001010,110010072001010,1,1
G11000100072001020,110010072001020,G11000100072001025,110010072001025,1,1
G11000100072001021,110010072001021,G11000100072001024,110010072001024,1,1
G11000100072001022,110010072001022,G11000100072001027,110010072001027,1,1
G11000100072001023,110010072001023,G11000100072001022,110010072001022,1,1
G11000100072001024,110010072001024,G11000100072001011,110010072001011,1,1
G11000100072001025,110010072001025,G11000100072001012,110010072001012,1,1
G11000100072001026,110010072001026,G11000100072001019,110010072001019,1,1
G11000100072001027,110010072001027,G11000100072001020,110010072001020,1,1
G11000100072001028,110010072001028,G11000100072001021,110010072001021,1,1
G11000100072001029,110010072001029,G11000100072001016,110010072001016,1,1
G11000100072001030,110010072001030,G11000100072002004,110010072002004,0.36791859,0.0059701493
G11000100072001030,110010072001030,G11000100072002005,110010072002005,0.63208141,0.9940298507
G11000100072001031,110010072001031,G11000100072002010,110010072002010,0.1263012535,0.1263012535
G11000100072001031,110010072001031,G11000100072002011,110010072002011,0.8736987465,0.8736987465
G11000100072001032,110010072001032,G11000100072002006,110010072002006,0.0392294572,0
G11000100072001032,110010072001032,G11000100072002012,110010072002012,0.9607705428,1
G11000100072001033,110010072001033,G11000100072002013,110010072002013,1,1
G11000100072001034,110010072001034,G11000100072002018,110010072002018,1,1
G11000100072001035,110010072001035,G11000100072002019,110010072002019,1,1
G11000100072001036,110010072001036,G11000100072002020,110010072002020,1,1
G11000100072001037,110010072001037,G11000100072002021,110010072002021,1,1
G11000100072001038,110010072001038,G11000100072002022,110010072002022,1,1
G11000100072001039,110010072001039,G11000100072002023,110010072002023,1,1
G11000100072001040,110010072001040,G11000100072002024,110010072002024,1,1
G11000100072001041,110010072001041,G11000100072002025,110010072002025,1,1
G11000100072001042,110010072001042,G11000100072002026,110010072002026,1,1
G11000100072001043,110010072001043,G11000100072002027,110010072002027,1,1
G11000100072001044,110010072001044,G11000100072002028,110010072002028,1,1
G11000100072001045,110010072001045,G11000100072002029,110010072002029,1,1
G11000100072001046,110010072001046,G11000100072001026,110010072001026,1,1
G11000100072001047,110010072001047,G11000100072002059,110010072002059,1,1
G11000100072001048,110010072001048,G11000100072002030,110010072002030,1,1
G11000100072001049,110010072001049,G11000100072002030,110010072002030,1,1
G11000100072001050,110010072001050,G11000100072002031,110010072002031,1,1
G11000100072001051,110010072001051,G11000100072002032,110010072002032,1,1
G11000100072001052,110010072001052,G11000100072002032,110010072002032,0.1096217008,0
G11000100072001052,110010072001052,G11000100072002033,110010072002033,0.2199952515,0
G11000100072001052,110010072001052,G11000100072002034,110010072002034,0.4175537177,0
G11000100072001052,110010072001052,G11000100072002035,110010072002035,0.0064500811,0
G11000100072001052,110010072001052,G11000100072002036,110010072002036,0.138429425,1
G11000100072001052,110010072001052,G11000100072002052,110010072002052,0.0618396581,0
G11000100072001052,110010072001052,G11000100072002053,110010072002053,0.0461101658,0
G11000100072001053,110010072001053,G11000100072002037,110010072002037,0.0402490252,0.3
G11000100072001053,110010072001053,G11000100072002038,110010072002038,0.0269275183,0.2
G11000100072001053,110010072001053,G11000100072002043,110010072002043,0.0668819976,0.05
G11000100072001053,110010072001053,G11000100072002044,110010072002044,0.048024367,0
G11000100072001053,110010072001053,G11000100072002046,110010072002046,0.0709353505,0
G11000100072001053,110010072001053,G11000100072002047,110010072002047,0.0710257226,0
G11000100072001053,110010072001053,G11000100072002048,110010072002048,0.1933961475,0
G11000100072001053,110010072001053,G11000100072002049,110010072002049,0.0354425719,0
G11000100072001053,110010072001053,G11000100072002050,110010072002050,0.0111860492,0
G11000100072001053,110010072001053,G11000100072002051,110010072002051,0.0309072348,0
G11000100072001053,110010072001053,G11000100072002054,110010072002054,0.1490937694,0.45
G11000100072001053,110010072001053,G11000100072002056,110010072002056,0.0258865664,0
G11000100072001053,110010072001053,G11000100072002062,110010072002062,0.2300436798,0
G11000100072001054,110010072001054,G11000100072002055,110010072002055,1,1
G11000100072001055,110010072001055,G11000100072002062,110010072002062,1,1
G11000100072001056,110010072001056,G11000100072002063,110010072002063,1,1
G11000100072001057,110010072001057,G11000100072002057,110010072002057,1,1
G11000100072001058,110010072001058,G11000100072002057,110010072002057,1,1
G11000100072001059,110010072001059,G11000100072002057,110010072002057,1,1
G11000100072001060,110010072001060,G11000100072002058,110010072002058,1,1
G11000100072001061,110010072001061,G11000100072002057,110010072002057,1,1
G11000100072001062,110010072001062,G11000100072002057,110010072002057,1,1
G11000100072001063,110010072001063,G11000100072002057,110010072002057,1,1
G11000100072001064,110010072001064,G11000100072002062,110010072002062,1,1
G11000100072001065,110010072001065,G11000100072002057,110010072002057,1,1
G11000100072001066,110010072001066,G11000100072002057,110010072002057,1,1
G11000100072001067,110010072001067,G11000100072001009,110010072001009,1,1
G11000100072001068,110010072001068,G11000100072001009,110010072001009,1,1
G11000100072001069,110010072001069,G11000100072002039,110010072002039,1,1
G11000100072001070,110010072001070,G11000100072002040,110010072002040,1,1
G11000100072001071,110010072001071,G11000100072002041,110010072002041,1,1
G11000100072001072,110010072001072,G11000100072002042,110010072002042,0.5798819909,1
G11000100072001072,110010072001072,G11000100072002045,110010072002045,0.4201180091,0
G11000100072001999,110010072001999,G11000100072002060,110010072002060,0.1163985995,0.1163985995
G11000100072001999,110010072001999,G11000100072002061,110010072002061,0.7803366094,0.7803366094
G11000100072001999,110010072001999,G11000100072002064,110010072002064,0.0343824977,0.0343824977
G11000100072001999,110010072001999,G11000100072002065,110010072002065,0.0688822934,0.0688822934
G11000100073011000,110010073011000,G11000100073011000,110010073011000,0.1216488118,0.1216488118
G11000100073011000,110010073011000,G11000100073011125,110010073011125,0.6077274458,0.6077274458
G11000100073011000,110010073011000,G11000100073011126,110010073011126,0.2706237425,0.2706237425
G11000100073011001,110010073011001,G11000100073011000,110010073011000,0.260227752,0.260227752
G11000100073011001,110010073011001,G11000100073011001,110010073011001,0.739772248,0.739772248
G11000100073011002,110010073011002,G11000100073011002,110010073011002,1,1
G11000100073011003,110010073011003,G11000100073011001,110010073011001,0.0102190527,0.0060064493
G11000100073011003,110010073011003,G11000100073011002,110010073011002,0.0032742888,0.0015111035
G11000100073011003,110010073011003,G11000100073011004,110010073011004,0.0870306469,0.0478059938
G11000100073011003,110010073011003,G11000100073011005,110010073011005,0.0037624927,0.0022117777
G11000100073011003,110010073011003,G11000100073011006,110010073011006,0.2256055688,0.0776884124
G11000100073011003,110010073011003,G11000100073011007,110010073011007,0.212903748,0.6122715891
G11000100073011003,110010073011003,G11000100073011022,110010073011022,0.1481200317,0.0733030972
G11000100073011003,110010073011003,G11000100073011023,110010073011023,0.1189632697,0.0674502376
G11000100073011003,110010073011003,G11000100073011024,110010073011024,0.1031311505,0.0606195009
G11000100073011003,110010073011003,G11000100073011025,110010073011025,0.0292615597,0.0171994484
G11000100073011003,110010073011003,G11000100073011127,110010073011127,0.0091267711,0.005364829
G11000100073011003,110010073011003,G11000100073011128,110010073011128,0.0076885719,0.0045194286
G11000100073011003,110010073011003,G11000100073011129,110010073011129,0.0104916971,0.0061670868
G11000100073011003,110010073011003,G11000100104002009,110010104002009,0.0195477511,0.0114898162
G11000100073011003,110010073011003,G11000100104002010,110010104002010,0.0108733993,0.0063912295
G11000100073011004,110010073011004,G11000100073011021,110010073011021,0.0451589401,0.0456626809
G11000100073011004,110010073011004,G11000100073011026,110010073011026,0.0401000998,0.046850355
G11000100073011004,110010073011004,G11000100073011027,110010073011027,0.0028984589,0.0033965259
G11000100073011004,110010073011004,G11000100073011028,110010073011028,0.5048545227,0.3189524093
G11000100073011004,110010073011004,G11000100073011029,110010073011029,0.0204412627,0.0239485956
G11000100073011004,110010073011004,G11000100073011031,110010073011031,0.0261938325,0.030689347
G11000100073011004,110010073011004,G11000100073011032,110010073011032,0.0265612874,0.0311167887
G11000100073011004,110010073011004,G11000100073011037,110010073011037,0.0776882018,0.0844641369
G11000100073011004,110010073011004,G11000100073011038,110010073011038,0.0488303214,0.0572076044
G11000100073011004,110010073011004,G11000100073011072,110010073011072,0.1265406972,0.1181864592
G11000100073011004,110010073011004,G11000100073011131,110010073011131,0.0506866022,0.0593822886
G11000100073011004,110010073011004,G11000100073011132,110010073011132,0.0300457735,0.1801428085
G11000100073011005,110010073011005,G11000100073011012,110010073011012,0.015182033,0
G11000100073011005,110010073011005,G11000100073011013,110010073011013,0.0948511983,0
G11000100073011005,110010073011005,G11000100073011014,110010073011014,0.0846075556,0.1153181425
G11000100073011005,110010073011005,G11000100073011015,110010073011015,0.0036721821,0.0248791328
G11000100073011005,110010073011005,G11000100073011016,110010073011016,0.0020978809,0.0070602944
G11000100073011005,110010073011005,G11000100073011017,110010073011017,0.0105397146,0.0094137259
G11000100073011005,110010073011005,G11000100073011018,110010073011018,0.0082285729,0.0494220611
G11000100073011005,110010073011005,G11000100073011019,110010073011019,0.0056302636,0.0147929979
G11000100073011005,110010073011005,G11000100073011020,110010073011020,0.0333955752,0.0645512635
G11000100073011005,110010073011005,G11000100073011030,110010073011030,0.0025528967,0
G11000100073011005,110010073011005,G11000100073011034,110010073011034,0.0412541695,0
G11000100073011005,110010073011005,G11000100073011035,110010073011035,0.0088741432,0.0168102249
G11000100073011005,110010073011005,G11000100073011036,110010073011036,0.0043676171,0.0154654069
G11000100073011005,110010073011005,G11000100073011039,110010073011039,0.058851526,0.0135760052
G11000100073011005,110010073011005,G11000100073011040,110010073011040,0.0066645118,0
G11000100073011005,110010073011005,G11000100073011041,110010073011041,0.0044548804,0.0030258405
G11000100073011005,110010073011005,G11000100073011042,110010073011042,0.0230499769,0.0110947484
G11000100073011005,110010073011005,G11000100073011043,110010073011043,0.0144652274,0.0016810225
G11000100073011005,110010073011005,G11000100073011044,110010073011044,0.0166761944,0.0215170878
G11000100073011005,110010073011005,G11000100073011045,110010073011045,0.0170403851,0
G11000100073011005,110010073011005,G11000100073011063,110010073011063,0.0446983985,0.119016392
G11000100073011005,110010073011005,G11000100073011064,110010073011064,0.0031628493,0.0077327034
G11000100073011005,110010073011005,G11000100073011065,110010073011065,0.0127003717,0
G11000100073011005,110010073011005,G11000100073011066,110010073011066,0.0946864665,0.2753514832
G11000100073011005,110010073011005,G11000100073011067,110010073011067,0.0084774513,0
G11000100073011005,110010073011005,G11000100073011068,110010073011068,0.0040617504,0
G11000100073011005,110010073011005,G11000100073011069,110010073011069,0.010062883,0
G11000100073011005,110010073011005,G11000100073011070,110010073011070,0.0125516679,0
G11000100073011005,110010073011005,G11000100073011071,110010073011071,0.0294767408,0
G11000100073011005,110010073011005,G11000100073011073,110010073011073,0.0136228694,0
G11000100073011005,110010073011005,G11000100073011078,110010073011078,0.0183733765,0.0346290632
G11000100073011005,110010073011005,G11000100073011079,110010073011079,0.0396179827,0
G11000100073011005,110010073011005,G11000100073011080,110010073011080,0.0005645401,0
G11000100073011005,110010073011005,G11000100073011081,110010073011081,0.0259853184,0.0070602944
G11000100073011005,110010073011005,G11000100073011082,110010073011082,0.0505214427,0.0507668791
G11000100073011005,110010073011005,G11000100073011083,110010073011083,0.0222637168,0
G11000100073011005,110010073011005,G11000100073011084,110010073011084,0.0226808888,0
G11000100073011005,110010073011005,G11000100073011085,110010073011085,0.0143623813,0
G11000100073011005,110010073011005,G11000100073011086,110010073011086,0.0083808384,0
G11000100073011005,110010073011005,G11000100073011087,110010073011087,0.0447625103,0
G11000100073011005,110010073011005,G11000100073011088,110010073011088,0.0003463819,0
G11000100073011005,110010073011005,G11000100073011089,110010073011089,0.0124621785,0
G11000100073011005,110010073011005,G11000100073011090,110010073011090,0.0034998816,0
G11000100073011005,110010073011005,G11000100073011091,110010073011091,0.0050087352,0
G11000100073011005,110010073011005,G11000100073011094,110010073011094,0.011812156,0
G11000100073011005,110010073011005,G11000100073011095,110010073011095,0.0040377084,0
G11000100073011005,110010073011005,G11000100073011096,110010073011096,0.001078325,0
G11000100073011005,110010073011005,G11000100073011134,110010073011134,0.0035372801,0.0090775214
G11000100073011005,110010073011005,G11000100073011135,110010073011135,0.003669956,0.0201722698
G11000100073011005,110010073011005,G11000100073011136,110010073011136,0.0033400473,0.0154654069
G11000100073011005,110010073011005,G11000100073011137,110010073011137,0.000153156,0
G11000100073011005,110010073011005,G11000100073011138,110010073011138,0.0049188006,0.0282411778
G11000100073011005,110010073011005,G11000100073011139,110010073011139,0.0001905545,0
G11000100073011005,110010073011005,G11000100073011140,110010073011140,0.0024967989,0.0151292024
G11000100073011005,110010073011005,G11000100073011141,110010073011141,0.0014727908,0.0060516809
G11000100073011005,110010073011005,G11000100073011142,110010073011142,0.0045042999,0.0426979711
G11000100073011006,110010073011006,G11000100073011039,110010073011039,1,1
G11000100073011007,110010073011007,G11000100073011097,110010073011097,0.9176954733,1
G11000100073011007,110010073011007,G11000100073011101,110010073011101,0.0823045267,0
G11000100073011008,110010073011008,G11000100073011101,110010073011101,0.0480071122,0.0480071122
G11000100073011008,110010073011008,G11000100073011102,110010073011102,0.2311453549,0.2311453549
G11000100073011008,110010073011008,G11000100073011103,110010073011103,0.4590309676,0.4590309676
G11000100073011008,110010073011008,G11000100073011104,110010073011104,0.2618165654,0.2618165654
G11000100073011009,110010073011009,G11000100073011046,110010073011046,0.0072067411,0
G11000100073011009,110010073011009,G11000100073011047,110010073011047,0.0481423743,0
G11000100073011009,110010073011009,G11000100073011049,110010073011049,0.0018915595,0
G11000100073011009,110010073011009,G11000100073011051,110010073011051,0.0105766065,0
G11000100073011009,110010073011009,G11000100073011058,110010073011058,0.019174299,0
G11000100073011009,110010073011009,G11000100073011059,110010073011059,0.0062256835,0
G11000100073011009,110010073011009,G11000100073011060,110010073011060,0.0032421935,0
G11000100073011009,110010073011009,G11000100073011061,110010073011061,0.0322573059,0
G11000100073011009,110010073011009,G11000100073011062,110010073011062,0.020037764,0
G11000100073011009,110010073011009,G11000100073011074,110010073011074,0.0190096695,0
G11000100073011009,110010073011009,G11000100073011075,110010073011075,0.0015186233,0
G11000100073011009,110010073011009,G11000100073011076,110010073011076,0.0054428534,0
G11000100073011009,110010073011009,G11000100073011077,110010073011077,0.0147528205,0
G11000100073011009,110010073011009,G11000100073011092,110010073011092,0.0139498317,0
G11000100073011009,110010073011009,G11000100073011093,110010073011093,0.0317230999,0
G11000100073011009,110010073011009,G11000100073011097,110010073011097,0.0962343518,0.2489185936
G11000100073011009,110010073011009,G11000100073011098,110010073011098,0.0100558396,0.0386695378
G11000100073011009,110010073011009,G11000100073011099,110010073011099,0.0009508195,0
G11000100073011009,110010073011009,G11000100073011100,110010073011100,0.0052681445,0
G11000100073011009,110010073011009,G11000100073011102,110010073011102,0.0023518502,0
G11000100073011009,110010073011009,G11000100073011103,110010073011103,0.0007156344,0
G11000100073011009,110010073011009,G11000100073011104,110010073011104,0.0002620633,0
G11000100073011009,110010073011009,G11000100073011105,110010073011105,0.0069681963,0
G11000100073011009,110010073011009,G11000100073011106,110010073011106,0.0140002285,0
G11000100073011009,110010073011009,G11000100073011107,110010073011107,0.002842379,0
G11000100073011009,110010073011009,G11000100073011108,110010073011108,0.0181495642,0.0059491597
G11000100073011009,110010073011009,G11000100073011109,110010073011109,0.3190385636,0.706462709
G11000100073011009,110010073011009,G11000100073011110,110010073011110,0.0430187006,0
G11000100073011009,110010073011009,G11000100073011111,110010073011111,0.0515290386,0
G11000100073011009,110010073011009,G11000100073011112,110010073011112,0.051428245,0
G11000100073011009,110010073011009,G11000100073011113,110010073011113,0.0531820534,0
G11000100073011009,110010073011009,G11000100073011114,110010073011114,0.0222149054,0
G11000100073011009,110010073011009,G11000100073011115,110010073011115,0.0158581902,0
G11000100073011009,110010073011009,G11000100073011116,110010073011116,0.0077241481,0
G11000100073011009,110010073011009,G11000100073011117,110010073011117,0.0212204087,0
G11000100073011009,110010073011009,G11000100073011118,110010073011118,0.0079257353,0
G11000100073011009,110010073011009,G11000100073011130,110010073011130,0.0139095142,0
G11000100073011010,110010073011010,G11000100073011046,110010073011046,0.0017521551,0.0017521551
G11000100073011010,110010073011010,G11000100073011047,110010073011047,0.2249858107,0.2249858107
G11000100073011010,110010073011010,G11000100073011048,110010073011048,0.1593175692,0.1593175692
G11000100073011010,110010073011010,G11000100073011050,110010073011050,0.0109578909,0.0109578909
G11000100073011010,110010073011010,G11000100073011052,110010073011052,0.0219790651,0.0219790651
G11000100073011010,110010073011010,G11000100073011053,110010073011053,0.1201333695,0.1201333695
G11000100073011010,110010073011010,G11000100073011054,110010073011054,0.0116876259,0.0116876259
G11000100073011010,110010073011010,G11000100073011055,110010073011055,0.0227819714,0.0227819714
G11000100073011010,110010073011010,G11000100073011056,110010073011056,0.0071866045,0.0071866045
G11000100073011010,110010073011010,G11000100073011057,110010073011057,0.0116896036,0.0116896036
G11000100073011010,110010073011010,G11000100073011058,110010073011058,0.1472245349,0.1472245349
G11000100073011010,110010073011010,G11000100073011111,110010073011111,0.0095142417,0.0095142417
G11000100073011010,110010073011010,G11000100073011118,110010073011118,0.079145597,0.079145597
G11000100073011010,110010073011010,G11000100073011119,110010073011119,0.0249731541,0.0249731541
G11000100073011010,110010073011010,G11000100073011120,110010073011120,0.0054107182,0.0054107182
G11000100073011010,110010073011010,G11000100073011121,110010073011121,0.0077759298,0.0077759298
G11000100073011010,110010073011010,G11000100073011122,110010073011122,0.0167423759,0.0167423759
G11000100073011010,110010073011010,G11000100073011123,110010073011123,0.0316515149,0.0316515149
G11000100073011010,110010073011010,G11000100073011124,110010073011124,0.0811726387,0.0811726387
G11000100073011010,110010073011010,G11000100073011133,110010073011133,0.0016157006,0.0016157006
G11000100073011010,110010073011010,G11000100109002026,110010109002026,0.0023019284,0.0023019284
G11000100073011011,110010073011011,G11000100109002021,110010109002021,0.1138013032,0.1138013032
G11000100073011011,110010073011011,G11000100109002027,110010109002027,0.633859362,0.633859362
G11000100073011011,110010073011011,G11000100109002028,110010109002028,0.0469719897,0.0469719897
G11000100073011011,110010073011011,G11000100109002030,110010109002030,0.205367345,0.205367345
G11000100073011997,110010073011997,G11000100073011011,110010073011011,0.1646533851,0.1646533851
G11000100073011997,110010073011997,G11000100073011033,110010073011033,0.8353466149,0.8353466149
G11000100073011998,110010073011998,G11000100073011010,110010073011010,0.9972239737,0.9972239737
G11000100073011998,110010073011998,G11000100073011033,110010073011033,0.0027760263,0.0027760263
G11000100073011999,110010073011999,G11000100073011003,110010073011003,0.4212437362,0.4212437362
G11000100073011999,110010073011999,G11000100073011008,110010073011008,0.1594719968,0.1594719968
G11000100073011999,110010073011999,G11000100073011009,110010073011009,0.419284267,0.419284267
G11000100073021000,110010073021000,G11000100104002000,110010104002000,0.0532347571,0
G11000100073021000,110010073021000,G11000100104002020,110010104002020,0.9467652429,1
G11000100073021001,110010073021001,G11000100104002013,110010104002013,1,1
G11000100073021002,110010073021002,G11000100104002011,110010104002011,0.5793745558,0.5793745558
G11000100073021002,110010073021002,G11000100104002012,110010104002012,0.4206254442,0.4206254442
G11000100073021003,110010073021003,G11000100104002014,110010104002014,1,1
G11000100073021004,110010073021004,G11000100104002018,110010104002018,1,1
G11000100073021005,110010073021005,G11000100104002015,110010104002015,1,1
G11000100073021006,110010073021006,G11000100104002016,110010104002016,1,1
G11000100073021007,110010073021007,G11000100104002019,110010104002019,1,1
G11000100073021008,110010073021008,G11000100104002039,110010104002039,1,1
G11000100073021009,110010073021009,G11000100104002040,110010104002040,1,1
G11000100073021010,110010073021010,G11000100104002041,110010104002041,1,1
G11000100073021011,110010073021011,G11000100104002042,110010104002042,1,1
G11000100073021012,110010073021012,G11000100104002043,110010104002043,1,1
G11000100073021013,110010073021013,G11000100104002017,110010104002017,1,1
G11000100073022000,110010073022000,G11000100104001013,110010104001013,1,1
G11000100073022001,110010073022001,G11000100104001008,110010104001008,1,1
G11000100073022002,110010073022002,G11000100104001007,110010104001007,1,1
G11000100073022003,110010073022003,G11000100104001001,110010104001001,0.2459280885,0
G11000100073022003,110010073022003,G11000100104001002,110010104001002,0.7540719115,1
G11000100073022004,110010073022004,G11000100104001000,110010104001000,0.5800865801,0.5800865801
G11000100073022004,110010073022004,G11000100104001003,110010104001003,0.4199134199,0.4199134199
G11000100073022005,110010073022005,G11000100104001004,110010104001004,1,1
G11000100073022006,110010073022006,G11000100104001005,110010104001005,1,1
G11000100073022007,110010073022007,G11000100104001006,110010104001006,1,1
G11000100073022008,110010073022008,G11000100104001012,110010104001012,1,1
G11000100073022009,110010073022009,G11000100104001011,110010104001011,0.9370607769,1
G11000100073022009,110010073022009,G11000100104001014,110010104001014,0.0629392231,0
G11000100073022010,110010073022010,G11000100104001010,110010104001010,1,1
G11000100073022011,110010073022011,G11000100104001009,110010104001009,1,1
G11000100073022012,110010073022012,G11000100104001015,110010104001015,1,1
G11000100073022013,110010073022013,G11000100104001016,110010104001016,1,1
G11000100073022014,110010073022014,G11000100104001025,110010104001025,1,1
G11000100073022015,110010073022015,G11000100104001017,110010104001017,1,1
G11000100073022016,110010073022016,G11000100104001016,110010104001016,0.5943458993,0.5835064626
G11000100073022016,110010073022016,G11000100104001021,110010104001021,0.4056541007,0.4164935374
G11000100073022017,110010073022017,G11000100104001018,110010104001018,0.1629920413,0.1629920413
G11000100073022017,110010073022017,G11000100104001019,110010104001019,0.6705922421,0.6705922421
G11000100073022017,110010073022017,G11000100104001020,110010104001020,0.1664157166,0.1664157166
G11000100073022018,110010073022018,G11000100104001026,110010104001026,1,1
G11000100073022019,110010073022019,G11000100104001022,110010104001022,1,1
G11000100073022020,110010073022020,G11000100104001023,110010104001023,1,1
G11000100073022021,110010073022021,G11000100104001024,110010104001024,1,1
G11000100073041000,110010073041000,G11000100073041000,110010073041000,0,0
G11000100073041000,110010073041000,G11000100073041009,110010073041009,0,0
G11000100073041000,110010073041000,G11000100073041010,110010073041010,0,0
G11000100073041000,110010073041000,G11000100073041011,110010073041011,0,0
G11000100073041000,110010073041000,G11000100073041012,110010073041012,1,1
G11000100073041001,110010073041001,G11000100073041013,110010073041013,1,1
G11000100073041002,110010073041002,G11000100073041002,110010073041002,0.0413756045,0.1867247853
G11000100073041002,110010073041002,G11000100073041003,110010073041003,0.9586243955,0.8132752147
G11000100073041003,110010073041003,G11000100073041004,110010073041004,1,1
G11000100073041004,110010073041004,G11000100073041005,110010073041005,1,1
G11000100073041005,110010073041005,G11000100073041006,110010073041006,1,1
G11000100073041006,110010073041006,G11000100073041007,110010073041007,1,1
G11000100073041007,110010073041007,G11000100073041008,110010073041008,1,1
G11000100073041008,110010073041008,G11000100073041001,110010073041001,0.017168763,0
G11000100073041008,110010073041008,G11000100073041009,110010073041009,0.9764456871,0
G11000100073041008,110010073041008,G11000100073041012,110010073041012,0.0063855499,1
G11000100073042000,110010073042000,G11000100073042000,110010073042000,1,1
G11000100073042001,110010073042001,G11000100073042001,110010073042001,1,1
G11000100073042002,110010073042002,G11000100073042004,110010073042004,1,1
G11000100073042003,110010073042003,G11000100073042003,110010073042003,1,1
G11000100073042004,110010073042004,G11000100073042002,110010073042002,1,1
G11000100073042005,110010073042005,G11000100073042006,110010073042006,1,1
G11000100073042006,110010073042006,G11000100073042005,110010073042005,1,1
G11000100073043000,110010073043000,G11000100073043000,110010073043000,1,1
G11000100073043001,110010073043001,G11000100073043001,110010073043001,1,1
G11000100073043002,110010073043002,G11000100073043002,110010073043002,1,1
G11000100073043003,110010073043003,G11000100073043003,110010073043003,1,1
G11000100073043004,110010073043004,G11000100073043004,110010073043004,1,1
G11000100073043005,110010073043005,G11000100073043005,110010073043005,1,1
G11000100073081000,110010073081000,G11000100109002008,110010109002008,0.6107778204,1
G11000100073081000,110010073081000,G11000100109002010,110010109002010,0.0643057205,0
G11000100073081000,110010073081000,G11000100109002014,110010109002014,0.2593662906,0
G11000100073081000,110010073081000,G11000100109002015,110010109002015,0.0066416776,0
G11000100073081000,110010073081000,G11000100109002019,110010109002019,0.0299603441,0
G11000100073081000,110010073081000,G11000100109002022,110010109002022,0.0080629134,0
G11000100073081000,110010073081000,G11000100109002029,110010109002029,0.0208852335,0
G11000100073081001,110010073081001,G11000100109002008,110010109002008,1,1
G11000100073081002,110010073081002,G11000100109002009,110010109002009,0.2650290014,0.2650290014
G11000100073081002,110010073081002,G11000100109002011,110010109002011,0.7349709986,0.7349709986
G11000100073081003,110010073081003,G11000100109002012,110010109002012,0.4269440644,0.4269440644
G11000100073081003,110010073081003,G11000100109002013,110010109002013,0.5730559356,0.5730559356
G11000100073081004,110010073081004,G11000100109002020,110010109002020,1,1
G11000100073081005,110010073081005,G11000100109002018,110010109002018,1,1
G11000100073081006,110010073081006,G11000100109002016,110010109002016,0.3906029441,0.3906029441
G11000100073081006,110010073081006,G11000100109002017,110010109002017,0.6093970559,0.6093970559
G11000100073081007,110010073081007,G11000100109002045,110010109002045,1,1
G11000100073081008,110010073081008,G11000100109002021,110010109002021,0.0102544901,0.0102544901
G11000100073081008,110010073081008,G11000100109002028,110010109002028,0.096122447,0.096122447
G11000100073081008,110010073081008,G11000100109002030,110010109002030,0.2467550183,0.2467550183
G11000100073081008,110010073081008,G11000100109002031,110010109002031,0.307892213,0.307892213
G11000100073081008,110010073081008,G11000100109002032,110010109002032,0.0093191002,0.0093191002
G11000100073081008,110010073081008,G11000100109002033,110010109002033,0.011434863,0.011434863
G11000100073081008,110010073081008,G11000100109002034,110010109002034,0.0763818228,0.0763818228
G11000100073081008,110010073081008,G11000100109002035,110010109002035,0.2358129053,0.2358129053
G11000100073081008,110010073081008,G11000100109002044,110010109002044,0.0060271402,0.0060271402
G11000100073081009,110010073081009,G11000100109002040,110010109002040,1,1
G11000100073081010,110010073081010,G11000100109002043,110010109002043,1,1
G11000100073081011,110010073081011,G11000100109002036,110010109002036,0.7179648241,0.7179648241
G11000100073081011,110010073081011,G11000100109002037,110010109002037,0.2820351759,0.2820351759
G11000100073081997,110010073081997,G11000100109002041,110010109002041,0.1160825255,0.1160825255
G11000100073081997,110010073081997,G11000100109002042,110010109002042,0.8839174745,0.8839174745
G11000100073081998,110010073081998,G11000100109002039,110010109002039,1,1
G11000100073081999,110010073081999,G11000100109002025,110010109002025,0.9919667833,0.9919667833
G11000100073081999,110010073081999,G11000100109002038,110010109002038,0.0080332167,0.0080332167
G11000100074011000,110010074011000,G11000100074011003,110010074011003,0.6903056458,0.6903056458
G11000100074011000,110010074011000,G11000100074011004,110010074011004,0.24278151,0.24278151
G11000100074011000,110010074011000,G11000100074011007,110010074011007,0.0669128442,0.0669128442
G11000100074011001,110010074011001,G11000100074011002,110010074011002,1,1
G11000100074011002,110010074011002,G11000100074011006,110010074011006,0.0005788063,0
G11000100074011002,110010074011002,G11000100074011009,110010074011009,0.0124582181,0
G11000100074011002,110010074011002,G11000100074011014,110010074011014,0.0187909142,0
G11000100074011002,110010074011002,G11000100074011015,110010074011015,0.8479063658,0.9887352052
G11000100074011002,110010074011002,G11000100074011016,110010074011016,0.0640125586,0
G11000100074011002,110010074011002,G11000100074011017,110010074011017,0.0279428883,0
G11000100074011002,110010074011002,G11000100074011018,110010074011018,0.0206426672,0
G11000100074011002,110010074011002,G11000100074011019,110010074011019,0.0076675815,0.0112647948
G11000100074011003,110010074011003,G11000100074011010,110010074011010,0.099614726,0.099614726
G11000100074011003,110010074011003,G11000100074011011,110010074011011,0.4137842466,0.4137842466
G11000100074011003,110010074011003,G11000100074011013,110010074011013,0.4866010274,0.4866010274
G11000100074011004,110010074011004,G11000100074011008,110010074011008,0.6074789811,0.6074789811
G11000100074011004,110010074011004,G11000100074011012,110010074011012,0.3925210189,0.3925210189
G11000100074011005,110010074011005,G11000100074011035,110010074011035,1,1
G11000100074011006,110010074011006,G11000100074011036,110010074011036,1,1
G11000100074011007,110010074011007,G11000100074011035,110010074011035,1,1
G11000100074011008,110010074011008,G11000100074011035,110010074011035,1,1
G11000100074011009,110010074011009,G11000100074011034,110010074011034,1,1
G11000100074011010,110010074011010,G11000100074011034,110010074011034,1,1
G11000100074011011,110010074011011,G11000100074011021,110010074011021,0.5228587082,0.5228587082
G11000100074011011,110010074011011,G11000100074011029,110010074011029,0.4771412918,0.4771412918
G11000100074011012,110010074011012,G11000100074011022,110010074011022,1,1
G11000100074011013,110010074011013,G11000100074011019,110010074011019,0.9243718118,1
G11000100074011013,110010074011013,G11000100074011020,110010074011020,0.0756281882,0
G11000100074011014,110010074011014,G11000100074011023,110010074011023,0.4482418371,0.4482418371
G11000100074011014,110010074011014,G11000100074011025,110010074011025,0.2131324004,0.2131324004
G11000100074011014,110010074011014,G11000100074011027,110010074011027,0.3386257625,0.3386257625
G11000100074011015,110010074011015,G11000100074011024,110010074011024,0.8171733581,0.8171733581
G11000100074011015,110010074011015,G11000100074011025,110010074011025,0.1287073567,0.1287073567
G11000100074011015,110010074011015,G11000100104002007,110010104002007,0.0047806916,0.0047806916
G11000100074011015,110010074011015,G11000100104002008,110010104002008,0.0493385936,0.0493385936
G11000100074011016,110010074011016,G11000100074011026,110010074011026,0.782314802,0.782314802
G11000100074011016,110010074011016,G11000100074011030,110010074011030,0.1985101393,0.1985101393
G11000100074011016,110010074011016,G11000100074011041,110010074011041,0.0191750586,0.0191750586
G11000100074011017,110010074011017,G11000100074011030,110010074011030,0.0495501544,0.0495501544
G11000100074011017,110010074011017,G11000100074011031,110010074011031,0.9504498456,0.9504498456
G11000100074011018,110010074011018,G11000100074011028,110010074011028,0.4262197932,0.4262197932
G11000100074011018,110010074011018,G11000100074011030,110010074011030,0.5737802068,0.5737802068
G11000100074011019,110010074011019,G11000100074011032,110010074011032,0.1358180323,0.2410071942
G11000100074011019,110010074011019,G11000100074011033,110010074011033,0.837517128,0.6870503597
G11000100074011019,110010074011019,G11000100074011040,110010074011040,0.0266648397,0.071942446
G11000100074011020,110010074011020,G11000100074011037,110010074011037,1,1
G11000100074011021,110010074011021,G11000100074011038,110010074011038,1,1
G11000100074011022,110010074011022,G11000100074011039,110010074011039,1,1
G11000100074011999,110010074011999,G11000100074011000,110010074011000,0.1679497641,0.1679497641
G11000100074011999,110010074011999,G11000100074011001,110010074011001,0.0857310107,0.0857310107
G11000100074011999,110010074011999,G11000100074011005,110010074011005,0.7463192252,0.7463192252
G11000100074012000,110010074012000,G11000100074012000,110010074012000,0.3051420125,0
G11000100074012000,110010074012000,G11000100074012001,110010074012001,0.6948579875,1
G11000100074012001,110010074012001,G11000100074012002,110010074012002,1,1
G11000100074012002,110010074012002,G11000100074012003,110010074012003,1,1
G11000100074012003,110010074012003,G11000100074012004,110010074012004,1,1
G11000100074031000,110010074031000,G11000100074031000,110010074031000,1,1
G11000100074031001,110010074031001,G11000100074031001,110010074031001,1,1
G11000100074031002,110010074031002,G11000100074031002,110010074031002,0.8214181652,0.8446866485
G11000100074031002,110010074031002,G11000100074031003,110010074031003,0.1785818348,0.1553133515
G11000100074031003,110010074031003,G11000100074031004,110010074031004,1,1
G11000100074031004,110010074031004,G11000100074031005,110010074031005,1,1
G11000100074031005,110010074031005,G11000100074031006,110010074031006,1,1
G11000100074031006,110010074031006,G11000100074031007,110010074031007,1,1
G11000100074041000,110010074041000,G11000100074041000,110010074041000,0.9926306055,0.9816031537
G11000100074041000,110010074041000,G11000100074041001,110010074041001,0.0073693945,0.0183968463
G11000100074041001,110010074041001,G11000100074041002,110010074041002,1,1
G11000100074041002,110010074041002,G11000100074041003,110010074041003,1,1
G11000100074041003,110010074041003,G11000100074041004,110010074041004,0.2577510854,0.2122510085
G11000100074041003,110010074041003,G11000100074041008,110010074041008,0.2900369145,0.3183231219
G11000100074041003,110010074041003,G11000100074041009,110010074041009,0.4522120001,0.4694258696
G11000100074041004,110010074041004,G11000100074041004,110010074041004,0.0496258128,0.0346881511
G11000100074041004,110010074041004,G11000100074041005,110010074041005,0.5843761502,0.6746213489
G11000100074041004,110010074041004,G11000100074041006,110010074041006,0.2020610968,0.2824634103
G11000100074041004,110010074041004,G11000100074041007,110010074041007,0.1639369403,0.0082270896
G11000100074041005,110010074041005,G11000100074041010,110010074041010,0.8059234848,0.4525139665
G11000100074041005,110010074041005,G11000100074041011,110010074041011,0.1940765152,0.5474860335
G11000100074042000,110010074042000,G11000100074043000,110010074043000,0.9955228287,1
G11000100074042000,110010074042000,G11000100074043002,110010074043002,0.0044771713,0
G11000100074042001,110010074042001,G11000100074043001,110010074043001,1,1
G11000100074042002,110010074042002,G11000100074042006,110010074042006,0.8616215383,0.8175884656
G11000100074042002,110010074042002,G11000100074043004,110010074043004,0.1383784617,0.1824115344
G11000100074042003,110010074042003,G11000100074043003,110010074043003,1,1
G11000100074042004,110010074042004,G11000100074042001,110010074042001,0.3553033142,0.298013245
G11000100074042004,110010074042004,G11000100074042002,110010074042002,0.4822508968,0.701986755
G11000100074042004,110010074042004,G11000100074042003,110010074042003,0.1624457889,0
G11000100074042005,110010074042005,G11000100074042000,110010074042000,0.246200321,0.2708333333
G11000100074042005,110010074042005,G11000100074042004,110010074042004,0.2616586425,0.26875
G11000100074042005,110010074042005,G11000100074042005,110010074042005,0.3178514113,0.325
G11000100074042005,110010074042005,G11000100074042008,110010074042008,0.1742896252,0.1354166667
G11000100074042006,110010074042006,G11000100074042009,110010074042009,0.3217377313,0.4401838886
G11000100074042006,110010074042006,G11000100074042010,110010074042010,0.6469831054,0.5444749391
G11000100074042006,110010074042006,G11000100074042011,110010074042011,0.0312791633,0.0153411723
G11000100074042007,110010074042007,G11000100074042007,110010074042007,1,1
G11000100074064000,110010074064000,G11000100074061001,110010074061001,1,1
G11000100074064001,110010074064001,G11000100074062000,110010074062000,1,1
G11000100074064002,110010074064002,G11000100074061001,110010074061001,1,1
G11000100074064003,110010074064003,G11000100074061000,110010074061000,1,1
G11000100074071000,110010074071000,G11000100074071000,110010074071000,0.3831252222,0
G11000100074071000,110010074071000,G11000100074071001,110010074071001,0.1726294558,0.0723684211
G11000100074071000,110010074071000,G11000100074071010,110010074071010,0.444245322,0.9276315789
G11000100074071001,110010074071001,G11000100074071002,110010074071002,1,1
G11000100074071002,110010074071002,G11000100074071012,110010074071012,1,1
G11000100074071003,110010074071003,G11000100074071004,110010074071004,1,1
G11000100074071004,110010074071004,G11000100074071005,110010074071005,1,1
G11000100074071005,110010074071005,G11000100074071006,110010074071006,1,1
G11000100074071006,110010074071006,G11000100074071007,110010074071007,1,1
G11000100074071007,110010074071007,G11000100074071008,110010074071008,1,1
G11000100074071008,110010074071008,G11000100074071011,110010074071011,1,1
G11000100074071009,110010074071009,G11000100074071003,110010074071003,1,1
G11000100074071010,110010074071010,G11000100074071009,110010074071009,1,1
G11000100074075000,110010074075000,G11000100074072009,110010074072009,1,1
G11000100074075001,110010074075001,G11000100074072008,110010074072008,1,1
G11000100074075002,110010074075002,G11000100074072003,110010074072003,1,1
G11000100074075003,110010074075003,G11000100074072001,110010074072001,1,1
G11000100074075004,110010074075004,G11000100074072000,110010074072000,1,1
G11000100074075005,110010074075005,G11000100074072002,110010074072002,1,1
G11000100074075006,110010074075006,G11000100074072004,110010074072004,0.5289719626,0.1343283582
G11000100074075006,110010074075006,G11000100074072007,110010074072007,0.4710280374,0.8656716418
G11000100074075007,110010074075007,G11000100074072005,110010074072005,1,1
G11000100074075008,110010074075008,G11000100074072006,110010074072006,1,1
G11000100074075009,110010074075009,G11000100074072010,110010074072010,0.3989285714,0.4476987448
G11000100074075009,110010074075009,G11000100074072011,110010074072011,0.6010714286,0.5523012552
G11000100074081000,110010074081000,G11000100074081010,110010074081010,1,1
G11000100074081001,110010074081001,G11000100074081009,110010074081009,1,1
G11000100074081002,110010074081002,G11000100074081006,110010074081006,1,1
G11000100074081003,110010074081003,G11000100074081001,110010074081001,1,1
G11000100074081004,110010074081004,G11000100074081002,110010074081002,1,1
G11000100074081005,110010074081005,G11000100074081007,110010074081007,1,1
G11000100074081006,110010074081006,G11000100074081000,110010074081000,0.9152111079,0.9612097304
G11000100074081006,110010074081006,G11000100074081008,110010074081008,0.0847888921,0.0387902696
G11000100074081007,110010074081007,G11000100074081004,110010074081004,1,1
G11000100074081008,110010074081008,G11000100074081003,110010074081003,1,1
G11000100074081009,110010074081009,G11000100074081005,110010074081005,1,1
G11000100074081010,110010074081010,G11000100074081012,110010074081012,1,1
G11000100074081011,110010074081011,G11000100074081011,110010074081011,1,1
G11000100074091000,110010074091000,G11000100074091000,110010074091000,1,1
G11000100074091001,110010074091001,G11000100074091001,110010074091001,1,1
G11000100074091002,110010074091002,G11000100074091002,110010074091002,1,1
G11000100074092000,110010074092000,G11000100074092000,110010074092000,1,1
G11000100074092001,110010074092001,G11000100074092001,110010074092001,1,1
G11000100074092002,110010074092002,G11000100074092002,110010074092002,0.5350889174,0.6479217604
G11000100074092002,110010074092002,G11000100074092003,110010074092003,0.4649110826,0.3520782396
G11000100074092003,110010074092003,G11000100074093000,110010074093000,1,1
G11000100074092004,110010074092004,G11000100074093001,110010074093001,1,1
G11000100074092005,110010074092005,G11000100074093002,110010074093002,1,1
G11000100074092006,110010074092006,G11000100074093003,110010074093003,1,1
G11000100074092007,110010074092007,G11000100074093004,110010074093004,1,1
G11000100074092008,110010074092008,G11000100074092004,110010074092004,1,1
G11000100074092009,110010074092009,G11000100074093005,110010074093005,1,1
G11000100075021000,110010075021000,G11000100075021003,110010075021003,1,1
G11000100075021001,110010075021001,G11000100075021000,110010075021000,0.9569762073,0.9774038462
G11000100075021001,110010075021001,G11000100075021002,110010075021002,0.0430237927,0.0225961538
G11000100075021002,110010075021002,G11000100075021005,110010075021005,1,1
G11000100075021003,110010075021003,G11000100075021001,110010075021001,1,1
G11000100075021004,110010075021004,G11000100075021004,110010075021004,1,1
G11000100075022000,110010075022000,G11000100075022009,110010075022009,1,1
G11000100075022001,110010075022001,G11000100075022002,110010075022002,1,1
G11000100075022002,110010075022002,G11000100075022005,110010075022005,1,1
G11000100075022003,110010075022003,G11000100075022005,110010075022005,1,1
G11000100075022004,110010075022004,G11000100075022006,110010075022006,1,1
G11000100075022005,110010075022005,G11000100075022008,110010075022008,1,1
G11000100075022006,110010075022006,G11000100075022007,110010075022007,1,1
G11000100075022007,110010075022007,G11000100075022005,110010075022005,1,1
G11000100075023000,110010075023000,G11000100075022000,110010075022000,1,1
G11000100075023001,110010075023001,G11000100075022001,110010075022001,1,1
G11000100075023002,110010075023002,G11000100075022003,110010075022003,1,1
G11000100075023003,110010075023003,G11000100075022004,110010075022004,1,1
G11000100075032000,110010075032000,G11000100075032000,110010075032000,0.8282934455,0.5301583668
G11000100075032000,110010075032000,G11000100075032001,110010075032001,0.1717065545,0.4698416332
G11000100075032001,110010075032001,G11000100075032000,110010075032000,1,1
G11000100075032002,110010075032002,G11000100075032006,110010075032006,1,1
G11000100075032003,110010075032003,G11000100075032005,110010075032005,1,1
G11000100075032004,110010075032004,G11000100075032003,110010075032003,0.5489111448,0.5616045845
G11000100075032004,110010075032004,G11000100075032004,110010075032004,0.4510888552,0.4383954155
G11000100075032005,110010075032005,G11000100075032002,110010075032002,1,1
G11000100075033000,110010075033000,G11000100075031000,110010075031000,1,1
G11000100075033001,110010075033001,G11000100075031001,110010075031001,1,1
G11000100075033002,110010075033002,G11000100075031002,110010075031002,1,1
G11000100075033003,110010075033003,G11000100075031003,110010075031003,0.4623115578,0.4623115578
G11000100075033003,110010075033003,G11000100075031004,110010075031004,0.5376884422,0.5376884422
G11000100075033004,110010075033004,G11000100075031003,110010075031003,0.9480492813,0.9480492813
G11000100075033004,110010075033004,G11000100075031005,110010075031005,0.0519507187,0.0519507187
G11000100075033005,110010075033005,G11000100075031005,110010075031005,1,1
G11000100075033006,110010075033006,G11000100075031006,110010075031006,1,1
G11000100075033007,110010075033007,G11000100075031007,110010075031007,1,1
G11000100075033008,110010075033008,G11000100075031008,110010075031008,1,1
G11000100075033009,110010075033009,G11000100075031009,110010075031009,1,1
G11000100075033010,110010075033010,G11000100075031010,110010075031010,1,1
G11000100075033011,110010075033011,G11000100075031011,110010075031011,1,1
G11000100075033012,110010075033012,G11000100075031012,110010075031012,1,1
G11000100075033013,110010075033013,G11000100075031013,110010075031013,1,1
G11000100075033014,110010075033014,G11000100075031014,110010075031014,1,1
G11000100075033015,110010075033015,G11000100075031015,110010075031015,1,1
G11000100075033016,110010075033016,G11000100075031016,110010075031016,1,1
G11000100075033017,110010075033017,G11000100075031017,110010075031017,1,1
G11000100075033018,110010075033018,G11000100075031018,110010075031018,1,1
G11000100075033019,110010075033019,G11000100075031019,110010075031019,1,1
G11000100075042000,110010075042000,G11000100075041004,110010075041004,0.9042196638,0.8039982616
G11000100075042000,110010075042000,G11000100075041005,110010075041005,0.053306768,0.1960017384
G11000100075042000,110010075042000,G11000100075041006,110010075041006,0.0424735682,0
G11000100075042001,110010075042001,G11000100075041008,110010075041008,1,1
G11000100075042002,110010075042002,G11000100075041009,110010075041009,1,1
G11000100075042003,110010075042003,G11000100075041010,110010075041010,1,1
G11000100075043000,110010075043000,G11000100075041000,110010075041000,1,1
G11000100075043001,110010075043001,G11000100075041001,110010075041001,1,1
G11000100075043002,110010075043002,G11000100075041002,110010075041002,1,1
G11000100075043003,110010075043003,G11000100075041007,110010075041007,1,1
G11000100075043004,110010075043004,G11000100075041003,110010075041003,1,1
G11000100076011000,110010076011000,G11000100076011007,110010076011007,0.3245192308,0.3245192308
G11000100076011000,110010076011000,G11000100076011008,110010076011008,0.6754807692,0.6754807692
G11000100076011001,110010076011001,G11000100076011006,110010076011006,1,1
G11000100076011002,110010076011002,G11000100076011000,110010076011000,1,1
G11000100076011003,110010076011003,G11000100076011001,110010076011001,1,1
G11000100076011004,110010076011004,G11000100076011002,110010076011002,1,1
G11000100076011005,110010076011005,G11000100076011003,110010076011003,0.222039299,0.0277006111
G11000100076011005,110010076011005,G11000100076011004,110010076011004,0.777960701,0.9722993889
G11000100076011006,110010076011006,G11000100076011003,110010076011003,0.0475635346,0.0049601605
G11000100076011006,110010076011006,G11000100076011004,110010076011004,0.9524364654,0.9950398395
G11000100076011007,110010076011007,G11000100076011005,110010076011005,1,1
G11000100076012000,110010076012000,G11000100076012000,110010076012000,0.9312641218,1
G11000100076012000,110010076012000,G11000100076012001,110010076012001,0.0687358782,0
G11000100076012001,110010076012001,G11000100076012002,110010076012002,1,1
G11000100076012002,110010076012002,G11000100076012003,110010076012003,1,1
G11000100076012003,110010076012003,G11000100076012006,110010076012006,1,1
G11000100076012004,110010076012004,G11000100076012005,110010076012005,1,1
G11000100076012005,110010076012005,G11000100076012004,110010076012004,1,1
G11000100076012006,110010076012006,G11000100076012007,110010076012007,1,1
G11000100076012007,110010076012007,G11000100076012009,110010076012009,1,1
G11000100076012008,110010076012008,G11000100076012008,110010076012008,1,1
G11000100076012009,110010076012009,G11000100076012010,110010076012010,1,1
G11000100076012010,110010076012010,G11000100076012011,110010076012011,1,1
G11000100076012011,110010076012011,G11000100076012012,110010076012012,0.9413750422,1
G11000100076012011,110010076012011,G11000100076012014,110010076012014,0.0586249578,0
G11000100076012012,110010076012012,G11000100076012013,110010076012013,1,1
G11000100076013000,110010076013000,G11000100076013007,110010076013007,1,1
G11000100076013001,110010076013001,G11000100076013008,110010076013008,1,1
G11000100076013002,110010076013002,G11000100076013006,110010076013006,1,1
G11000100076013003,110010076013003,G11000100076013012,110010076013012,1,1
G11000100076013004,110010076013004,G11000100076013010,110010076013010,1,1
G11000100076013005,110010076013005,G11000100076014008,110010076014008,0.0355767621,0
G11000100076013005,110010076013005,G11000100076014010,110010076014010,0.9644232379,1
G11000100076013006,110010076013006,G11000100076013013,110010076013013,0.5599634883,0.5531914894
G11000100076013006,110010076013006,G11000100076013014,110010076013014,0.4400365117,0.4468085106
G11000100076013007,110010076013007,G11000100076013009,110010076013009,1,1
G11000100076014000,110010076014000,G11000100076013003,110010076013003,1,1
G11000100076014001,110010076014001,G11000100076013004,110010076013004,1,1
G11000100076014002,110010076014002,G11000100076013000,110010076013000,1,1
G11000100076014003,110010076014003,G11000100076013001,110010076013001,1,1
G11000100076014004,110010076014004,G11000100076014000,110010076014000,1,1
G11000100076014005,110010076014005,G11000100076014001,110010076014001,1,1
G11000100076014006,110010076014006,G11000100076014002,110010076014002,1,1
G11000100076014007,110010076014007,G11000100076014003,110010076014003,1,1
G11000100076014008,110010076014008,G11000100076014004,110010076014004,1,1
G11000100076014009,110010076014009,G11000100076013011,110010076013011,1,1
G11000100076014010,110010076014010,G11000100076013002,110010076013002,1,1
G11000100076014011,110010076014011,G11000100076013005,110010076013005,1,1
G11000100076014012,110010076014012,G11000100076013011,110010076013011,1,1
G11000100076014013,110010076014013,G11000100076014005,110010076014005,1,1
G11000100076014014,110010076014014,G11000100076014006,110010076014006,1,1
G11000100076014015,110010076014015,G11000100076014007,110010076014007,1,1
G11000100076014016,110010076014016,G11000100076014009,110010076014009,1,1
G11000100076015000,110010076015000,G11000100076015013,110010076015013,1,1
G11000100076015001,110010076015001,G11000100076015009,110010076015009,0.1614708233,0.1614708233
G11000100076015001,110010076015001,G11000100076015010,110010076015010,0.4862509992,0.4862509992
G11000100076015001,110010076015001,G11000100076015013,110010076015013,0.3522781775,0.3522781775
G11000100076015002,110010076015002,G11000100076015001,110010076015001,0.6163631686,0.6163631686
G11000100076015002,110010076015002,G11000100076015003,110010076015003,0.3836368314,0.3836368314
G11000100076015003,110010076015003,G11000100076015007,110010076015007,0.9422084623,0.9422084623
G11000100076015003,110010076015003,G11000100076015008,110010076015008,0.0577915377,0.0577915377
G11000100076015004,110010076015004,G11000100076015002,110010076015002,1,1
G11000100076015005,110010076015005,G11000100076015008,110010076015008,0.0275947018,0.0275947018
G11000100076015005,110010076015005,G11000100076015012,110010076015012,0.7045367289,0.7045367289
G11000100076015005,110010076015005,G11000100076015014,110010076015014,0.2678685692,0.2678685692
G11000100076015006,110010076015006,G11000100076015015,110010076015015,1,1
G11000100076015007,110010076015007,G11000100076015018,110010076015018,1,1
G11000100076015008,110010076015008,G11000100076015017,110010076015017,1,1
G11000100076015009,110010076015009,G11000100076015011,110010076015011,0.5632109895,0.5632109895
G11000100076015009,110010076015009,G11000100076015016,110010076015016,0.4367890105,0.4367890105
G11000100076015010,110010076015010,G11000100076015011,110010076015011,0.5966864192,0.5966864192
G11000100076015010,110010076015010,G11000100076015024,110010076015024,0.4033135808,0.4033135808
G11000100076015011,110010076015011,G11000100076015007,110010076015007,0.5935251799,0.5935251799
G11000100076015011,110010076015011,G11000100076015008,110010076015008,0.4064748201,0.4064748201
G11000100076015012,110010076015012,G11000100076015006,110010076015006,0.9312420637,0.9312420637
G11000100076015012,110010076015012,G11000100076015025,110010076015025,0.0687579363,0.0687579363
G11000100076015013,110010076015013,G11000100076015005,110010076015005,1,1
G11000100076015014,110010076015014,G11000100076015023,110010076015023,1,1
G11000100076015015,110010076015015,G11000100076015016,110010076015016,1,1
G11000100076015016,110010076015016,G11000100076015020,110010076015020,1,1
G11000100076015017,110010076015017,G11000100076015019,110010076015019,1,1
G11000100076015018,110010076015018,G11000100076015022,110010076015022,1,1
G11000100076015019,110010076015019,G11000100076015021,110010076015021,1,1
G11000100076015998,110010076015998,G11000100076015004,110010076015004,1,1
G11000100076015999,110010076015999,G11000100076015000,110010076015000,1,1
G11000100076031000,110010076031000,G11000100076031000,110010076031000,1,1
G11000100076031001,110010076031001,G11000100076031001,110010076031001,1,1
G11000100076031002,110010076031002,G11000100076031002,110010076031002,1,1
G11000100076031003,110010076031003,G11000100076031003,110010076031003,1,1
G11000100076031004,110010076031004,G11000100076031004,110010076031004,1,1
G11000100076031005,110010076031005,G11000100076031005,110010076031005,0.3175621283,0.534965035
G11000100076031005,110010076031005,G11000100076031006,110010076031006,0.6824378717,0.465034965
G11000100076031006,110010076031006,G11000100076033004,110010076033004,1,1
G11000100076033000,110010076033000,G11000100076033000,110010076033000,1,1
G11000100076033001,110010076033001,G11000100076033001,110010076033001,1,1
G11000100076033002,110010076033002,G11000100076033002,110010076033002,1,1
G11000100076033003,110010076033003,G11000100076033003,110010076033003,1,1
G11000100076033004,110010076033004,G11000100076033004,110010076033004,1,1
G11000100076033005,110010076033005,G11000100076033005,110010076033005,1,1
G11000100076033006,110010076033006,G11000100076033006,110010076033006,1,1
G11000100076033007,110010076033007,G11000100076033007,110010076033007,1,1
G11000100076033008,110010076033008,G11000100076033008,110010076033008,1,1
G11000100076033009,110010076033009,G11000100076033009,110010076033009,1,1
G11000100076033010,110010076033010,G11000100076033011,110010076033011,1,1
G11000100076033011,110010076033011,G11000100076033010,110010076033010,1,1
G11000100076033012,110010076033012,G11000100076033012,110010076033012,1,1
G11000100076034000,110010076034000,G11000100076034000,110010076034000,1,1
G11000100076034001,110010076034001,G11000100076034001,110010076034001,1,1
G11000100076034002,110010076034002,G11000100076034002,110010076034002,1,1
G11000100076034003,110010076034003,G11000100076034003,110010076034003,1,1
G11000100076034004,110010076034004,G11000100076034004,110010076034004,1,1
G11000100076034005,110010076034005,G11000100076034005,110010076034005,1,1
G11000100076034006,110010076034006,G11000100076034008,110010076034008,0.6713782941,0.85
G11000100076034006,110010076034006,G11000100076034009,110010076034009,0.3286217059,0.15
G11000100076034007,110010076034007,G11000100076034007,110010076034007,1,1
G11000100076034008,110010076034008,G11000100076034006,110010076034006,1,1
G11000100076035000,110010076035000,G11000100076032000,110010076032000,1,1
G11000100076035001,110010076035001,G11000100076032001,110010076032001,1,1
G11000100076035002,110010076035002,G11000100076032002,110010076032002,1,1
G11000100076035003,110010076035003,G11000100076032003,110010076032003,1,1
G11000100076035004,110010076035004,G11000100076032004,110010076032004,1,1
G11000100076035005,110010076035005,G11000100076032005,110010076032005,1,1
G11000100076035006,110010076035006,G11000100076032006,110010076032006,1,1
G11000100076035007,110010076035007,G11000100076032007,110010076032007,1,1
G11000100076035008,110010076035008,G11000100076032008,110010076032008,1,1
G11000100076035009,110010076035009,G11000100076032009,110010076032009,1,1
G11000100076035010,110010076035010,G11000100076032010,110010076032010,1,1
G11000100076035011,110010076035011,G11000100076032011,110010076032011,1,1
G11000100076041000,110010076041000,G11000100076041000,110010076041000,1,1
G11000100076041001,110010076041001,G11000100076041001,110010076041001,0.5754498715,0.2761904762
G11000100076041001,110010076041001,G11000100076041006,110010076041006,0.4245501285,0.7238095238
G11000100076041002,110010076041002,G11000100076041002,110010076041002,1,1
G11000100076041003,110010076041003,G11000100076041005,110010076041005,1,1
G11000100076041004,110010076041004,G11000100076041004,110010076041004,0.528229824,0.6545454545
G11000100076041004,110010076041004,G11000100076041007,110010076041007,0.471770176,0.3454545455
G11000100076041005,110010076041005,G11000100076041003,110010076041003,1,1
G11000100076041006,110010076041006,G11000100076041009,110010076041009,1,1
G11000100076041007,110010076041007,G11000100076041008,110010076041008,1,1
G11000100076043000,110010076043000,G11000100076043000,110010076043000,1,1
G11000100076043001,110010076043001,G11000100076043000,110010076043000,1,1
G11000100076043002,110010076043002,G11000100076043001,110010076043001,1,1
G11000100076043003,110010076043003,G11000100076043007,110010076043007,1,1
G11000100076043004,110010076043004,G11000100076043006,110010076043006,1,1
G11000100076043005,110010076043005,G11000100076043002,110010076043002,1,1
G11000100076043006,110010076043006,G11000100076043003,110010076043003,1,1
G11000100076043007,110010076043007,G11000100076043004,110010076043004,1,1
G11000100076043008,110010076043008,G11000100076043005,110010076043005,1,1
G11000100076043009,110010076043009,G11000100076043008,110010076043008,1,1
G11000100076043010,110010076043010,G11000100076043009,110010076043009,1,1
G11000100076043011,110010076043011,G11000100076043010,110010076043010,1,1
G11000100076043012,110010076043012,G11000100076043011,110010076043011,0.9276270506,0.9568965517
G11000100076043012,110010076043012,G11000100076043012,110010076043012,0.0723729494,0.0431034483
G11000100076045000,110010076045000,G11000100076042000,110010076042000,0.0392033358,0.0392033358
G11000100076045000,110010076045000,G11000100076042001,110010076042001,0.657966012,0.657966012
G11000100076045000,110010076045000,G11000100076042007,110010076042007,0.0949723485,0.0949723485
G11000100076045000,110010076045000,G11000100076042008,110010076042008,0.2078583036,0.2078583036
G11000100076045001,110010076045001,G11000100076042002,110010076042002,0.6787210688,0.6787210688
G11000100076045001,110010076045001,G11000100076042003,110010076042003,0.3212789312,0.3212789312
G11000100076045002,110010076045002,G11000100076042004,110010076042004,1,1
G11000100076045003,110010076045003,G11000100076042004,110010076042004,1,1
G11000100076045004,110010076045004,G11000100076042005,110010076042005,1,1
G11000100076045005,110010076045005,G11000100076042006,110010076042006,1,1
G11000100076045006,110010076045006,G11000100076042011,110010076042011,1,1
G11000100076045007,110010076045007,G11000100076042012,110010076042012,1,1
G11000100076045008,110010076045008,G11000100076042013,110010076042013,1,1
G11000100076045009,110010076045009,G11000100076042014,110010076042014,1,1
G11000100076045010,110010076045010,G11000100076042015,110010076042015,1,1
G11000100076045011,110010076045011,G11000100076042016,110010076042016,0.0566788862,0.0868200837
G11000100076045011,110010076045011,G11000100076042018,110010076042018,0.8577355756,0.6443514644
G11000100076045011,110010076045011,G11000100076042020,110010076042020,0.0855855383,0.2688284519
G11000100076045012,110010076045012,G11000100076042017,110010076042017,1,1
G11000100076045013,110010076045013,G11000100076042019,110010076042019,1,1
G11000100076045014,110010076045014,G11000100076042032,110010076042032,1,1
G11000100076045015,110010076045015,G11000100076042025,110010076042025,1,1
G11000100076045016,110010076045016,G11000100076042024,110010076042024,1,1
G11000100076045017,110010076045017,G11000100076042021,110010076042021,1,1
G11000100076045018,110010076045018,G11000100076042022,110010076042022,1,1
G11000100076045019,110010076045019,G11000100076042010,110010076042010,1,1
G11000100076045020,110010076045020,G11000100076042009,110010076042009,1,1
G11000100076045021,110010076045021,G11000100076042029,110010076042029,1,1
G11000100076045022,110010076045022,G11000100076042030,110010076042030,1,1
G11000100076045023,110010076045023,G11000100076042031,110010076042031,1,1
G11000100076045024,110010076045024,G11000100076042028,110010076042028,1,1
G11000100076045025,110010076045025,G11000100076042027,110010076042027,1,1
G11000100076045026,110010076045026,G11000100076042026,110010076042026,1,1
G11000100076045027,110010076045027,G11000100076042023,110010076042023,1,1
G11000100076045028,110010076045028,G11000100076042033,110010076042033,1,1
G11000100076057000,110010076057000,G11000100076052000,110010076052000,1,1
G11000100076057001,110010076057001,G11000100076051002,110010076051002,0.0660027663,0.0403347044
G11000100076057001,110010076057001,G11000100076051003,110010076051003,0.0053011442,0.0002420158
G11000100076057001,110010076057001,G11000100076051004,110010076051004,0.0185338866,0.0066542693
G11000100076057001,110010076057001,G11000100076052001,110010076052001,0.7159059474,0.8182809872
G11000100076057001,110010076057001,G11000100076052002,110010076052002,0.1942562555,0.1344880233
G11000100076057002,110010076057002,G11000100076051003,110010076051003,0.2867155145,0.057432955
G11000100076057002,110010076057002,G11000100076051004,110010076051004,0.7132844855,0.942567045
G11000100076057003,110010076057003,G11000100076051005,110010076051005,1,1
G11000100076057004,110010076057004,G11000100076051006,110010076051006,0.8784190914,0.8431372549
G11000100076057004,110010076057004,G11000100076051007,110010076051007,0.1215809086,0.1568627451
G11000100076057005,110010076057005,G11000100076051000,110010076051000,1,1
G11000100076057006,110010076057006,G11000100076051001,110010076051001,1,1
G11000100076057007,110010076057007,G11000100076051008,110010076051008,1,1
G11000100076057008,110010076057008,G11000100076051009,110010076051009,1,1
G11000100076057009,110010076057009,G11000100076053005,110010076053005,1,1
G11000100076057010,110010076057010,G11000100076053000,110010076053000,1,1
G11000100076057011,110010076057011,G11000100076053001,110010076053001,1,1
G11000100076057012,110010076057012,G11000100076053002,110010076053002,1,1
G11000100076057013,110010076057013,G11000100076053003,110010076053003,1,1
G11000100076057014,110010076057014,G11000100076053004,110010076053004,1,1
G11000100076057015,110010076057015,G11000100076052003,110010076052003,0.9551832992,1
G11000100076057015,110010076057015,G11000100076052004,110010076052004,0.0448167008,0
G11000100077031000,110010077031000,G11000100077031000,110010077031000,1,1
G11000100077031001,110010077031001,G11000100077031001,110010077031001,1,1
G11000100077031002,110010077031002,G11000100077031002,110010077031002,1,1
G11000100077031003,110010077031003,G11000100077031004,110010077031004,1,1
G11000100077031004,110010077031004,G11000100077031003,110010077031003,1,1
G11000100077031005,110010077031005,G11000100077031006,110010077031006,1,1
G11000100077031006,110010077031006,G11000100077031005,110010077031005,1,1
G11000100077032000,110010077032000,G11000100077032007,110010077032007,1,1
G11000100077032001,110010077032001,G11000100077032005,110010077032005,1,1
G11000100077032002,110010077032002,G11000100077032000,110010077032000,0.0090941905,0.0057640184
G11000100077032002,110010077032002,G11000100077032001,110010077032001,0.280546253,0.1906352177
G11000100077032002,110010077032002,G11000100077032002,110010077032002,0.4409629615,0.3812704354
G11000100077032002,110010077032002,G11000100077032003,110010077032003,0.0939799868,0.1451760504
G11000100077032002,110010077032002,G11000100077032004,110010077032004,0.1198086911,0.1979673415
G11000100077032002,110010077032002,G11000100077032006,110010077032006,0.0556079171,0.0791869366
G11000100077032003,110010077032003,G11000100077032000,110010077032000,1,1
G11000100077032004,110010077032004,G11000100077032008,110010077032008,1,1
G11000100077032005,110010077032005,G11000100077032009,110010077032009,1,1
G11000100077033000,110010077033000,G11000100077034000,110010077034000,1,1
G11000100077033001,110010077033001,G11000100077033000,110010077033000,1,1
G11000100077033002,110010077033002,G11000100077033001,110010077033001,1,1
G11000100077033003,110010077033003,G11000100077034001,110010077034001,1,1
G11000100077033004,110010077033004,G11000100077034002,110010077034002,1,1
G11000100077033005,110010077033005,G11000100077034003,110010077034003,1,1
G11000100077033006,110010077033006,G11000100077033002,110010077033002,0.5341655149,0.4247954688
G11000100077033006,110010077033006,G11000100077033003,110010077033003,0.4658344851,0.5752045312
G11000100077033007,110010077033007,G11000100077033004,110010077033004,0.6920870627,0.6164079823
G11000100077033007,110010077033007,G11000100077033005,110010077033005,0.3079129373,0.3835920177
G11000100077071000,110010077071000,G11000100077071000,110010077071000,0.0708061182,0
G11000100077071000,110010077071000,G11000100077071001,110010077071001,0.0963290616,0.2530120482
G11000100077071000,110010077071000,G11000100077071002,110010077071002,0.82424969,0.7469879518
G11000100077071000,110010077071000,G11000100077071010,110010077071010,0.0086151302,0
G11000100077071001,110010077071001,G11000100077071003,110010077071003,1,1
G11000100077071002,110010077071002,G11000100077071005,110010077071005,1,1
G11000100077071003,110010077071003,G11000100077071004,110010077071004,1,1
G11000100077071004,110010077071004,G11000100077071007,110010077071007,1,1
G11000100077071005,110010077071005,G11000100077071006,110010077071006,1,1
G11000100077071006,110010077071006,G11000100077071008,110010077071008,1,1
G11000100077071007,110010077071007,G11000100077071009,110010077071009,1,1
G11000100077071008,110010077071008,G11000100077071011,110010077071011,1,1
G11000100077071009,110010077071009,G11000100077071012,110010077071012,1,1
G11000100077071010,110010077071010,G11000100077071013,110010077071013,1,1
G11000100077072000,110010077072000,G11000100077072000,110010077072000,1,1
G11000100077072001,110010077072001,G11000100077072009,110010077072009,1,1
G11000100077072002,110010077072002,G11000100077072017,110010077072017,1,1
G11000100077072003,110010077072003,G11000100077072016,110010077072016,1,1
G11000100077072004,110010077072004,G11000100077072015,110010077072015,1,1
G11000100077072005,110010077072005,G11000100077072014,110010077072014,1,1
G11000100077072006,110010077072006,G11000100077072018,110010077072018,1,1
G11000100077072007,110010077072007,G11000100077072019,110010077072019,1,1
G11000100077072008,110010077072008,G11000100077072020,110010077072020,1,1
G11000100077072009,110010077072009,G11000100077072021,110010077072021,1,1
G11000100077072010,110010077072010,G11000100077072022,110010077072022,1,1
G11000100077072011,110010077072011,G11000100077072023,110010077072023,1,1
G11000100077072012,110010077072012,G11000100077072025,110010077072025,1,1
G11000100077073000,110010077073000,G11000100077072001,110010077072001,1,1
G11000100077073001,110010077073001,G11000100077072002,110010077072002,1,1
G11000100077073002,110010077073002,G11000100077072003,110010077072003,1,1
G11000100077073003,110010077073003,G11000100077072004,110010077072004,1,1
G11000100077073004,110010077073004,G11000100077072005,110010077072005,1,1
G11000100077073005,110010077073005,G11000100077072006,110010077072006,1,1
G11000100077073006,110010077073006,G11000100077072008,110010077072008,1,1
G11000100077073007,110010077073007,G11000100077072013,110010077072013,1,1
G11000100077073008,110010077073008,G11000100077072007,110010077072007,1,1
G11000100077073009,110010077073009,G11000100077072011,110010077072011,1,1
G11000100077073010,110010077073010,G11000100077072010,110010077072010,1,1
G11000100077073011,110010077073011,G11000100077072012,110010077072012,1,1
G11000100077073012,110010077073012,G11000100077072024,110010077072024,1,1
G11000100077081000,110010077081000,G11000100077081000,110010077081000,1,1
G11000100077081001,110010077081001,G11000100077081003,110010077081003,1,1
G11000100077081002,110010077081002,G11000100077081003,110010077081003,1,1
G11000100077081003,110010077081003,G11000100077081002,110010077081002,1,1
G11000100077081004,110010077081004,G11000100077081001,110010077081001,1,1
G11000100077081005,110010077081005,G11000100077081000,110010077081000,1,1
G11000100077081006,110010077081006,G11000100077081005,110010077081005,1,1
G11000100077081007,110010077081007,G11000100077081004,110010077081004,1,1
G11000100077081008,110010077081008,G11000100077081003,110010077081003,1,1
G11000100077082000,110010077082000,G11000100077082000,110010077082000,1,1
G11000100077082001,110010077082001,G11000100077082001,110010077082001,0.7311079355,0.7311079355
G11000100077082001,110010077082001,G11000100077082002,110010077082002,0.2688920645,0.2688920645
G11000100077082002,110010077082002,G11000100077082003,110010077082003,0.0393763689,0.0393763689
G11000100077082002,110010077082002,G11000100077082005,110010077082005,0.0595274624,0.0595274624
G11000100077082002,110010077082002,G11000100077082018,110010077082018,0.9010961687,0.9010961687
G11000100077082003,110010077082003,G11000100077082019,110010077082019,0.7602398672,0.7602398672
G11000100077082003,110010077082003,G11000100077082021,110010077082021,0.2397601328,0.2397601328
G11000100077082004,110010077082004,G11000100077082002,110010077082002,0.0827676307,0.0827676307
G11000100077082004,110010077082004,G11000100077082004,110010077082004,0.9172323693,0.9172323693
G11000100077082005,110010077082005,G11000100077082006,110010077082006,1,1
G11000100077082006,110010077082006,G11000100077082009,110010077082009,1,1
G11000100077082007,110010077082007,G11000100077082012,110010077082012,1,1
G11000100077082008,110010077082008,G11000100077082011,110010077082011,1,1
G11000100077082009,110010077082009,G11000100077082013,110010077082013,1,1
G11000100077082010,110010077082010,G11000100077082014,110010077082014,1,1
G11000100077082011,110010077082011,G11000100077082010,110010077082010,1,1
G11000100077082012,110010077082012,G11000100077082006,110010077082006,1,1
G11000100077082013,110010077082013,G11000100077082008,110010077082008,1,1
G11000100077082014,110010077082014,G11000100077082007,110010077082007,1,1
G11000100077082015,110010077082015,G11000100077082015,110010077082015,1,1
G11000100077082016,110010077082016,G11000100077082016,110010077082016,1,1
G11000100077082017,110010077082017,G11000100077082017,110010077082017,1,1
G11000100077082018,110010077082018,G11000100077082017,110010077082017,1,1
G11000100077082019,110010077082019,G11000100077082006,110010077082006,1,1
G11000100077082999,110010077082999,G11000100077082020,110010077082020,1,1
G11000100077094000,110010077094000,G11000100077091000,110010077091000,0.371597993,0.4513233135
G11000100077094000,110010077094000,G11000100077091001,110010077091001,0.5749125741,0.4043104683
G11000100077094000,110010077094000,G11000100077091004,110010077091004,0.0534894329,0.1443662182
G11000100077094001,110010077094001,G11000100077091002,110010077091002,1,1
G11000100077094002,110010077094002,G11000100077091012,110010077091012,1,1
G11000100077094003,110010077094003,G11000100077091013,110010077091013,1,1
G11000100077094004,110010077094004,G11000100077091004,110010077091004,0.4091154747,0.432599894
G11000100077094004,110010077094004,G11000100077091015,110010077091015,0.5886326788,0.567400106
G11000100077094004,110010077094004,G11000100077091022,110010077091022,0.0022518465,0
G11000100077094005,110010077094005,G11000100077091003,110010077091003,0.6586991496,0.6586991496
G11000100077094005,110010077094005,G11000100077091005,110010077091005,0.3176855895,0.3176855895
G11000100077094005,110010077094005,G11000100077091026,110010077091026,0.010284992,0.010284992
G11000100077094005,110010077094005,G11000100077091027,110010077091027,0.0133302689,0.0133302689
G11000100077094006,110010077094006,G11000100077091006,110010077091006,0.9338760376,0.9338760376
G11000100077094006,110010077094006,G11000100077091007,110010077091007,0.0459949328,0.0459949328
G11000100077094006,110010077094006,G11000100077091026,110010077091026,0.0201290297,0.0201290297
G11000100077094007,110010077094007,G11000100077091008,110010077091008,1,1
G11000100077094008,110010077094008,G11000100077091022,110010077091022,0.2971717743,0.2971717743
G11000100077094008,110010077094008,G11000100077091026,110010077091026,0.1065204002,0.1065204002
G11000100077094008,110010077094008,G11000100077091027,110010077091027,0.4746058962,0.4746058962
G11000100077094008,110010077094008,G11000100077091028,110010077091028,0.1217019293,0.1217019293
G11000100077094009,110010077094009,G11000100077091021,110010077091021,1,1
G11000100077094010,110010077094010,G11000100077091019,110010077091019,1,1
G11000100077094011,110010077094011,G11000100077091020,110010077091020,1,1
G11000100077094012,110010077094012,G11000100077091025,110010077091025,1,1
G11000100077094013,110010077094013,G11000100077091024,110010077091024,1,1
G11000100077094014,110010077094014,G11000100077091023,110010077091023,1,1
G11000100077094015,110010077094015,G11000100077091029,110010077091029,1,1
G11000100077094016,110010077094016,G11000100077091030,110010077091030,1,1
G11000100077094017,110010077094017,G11000100077091031,110010077091031,0.3584178209,1
G11000100077094017,110010077094017,G11000100077091032,110010077091032,0.6415821791,0
G11000100077094018,110010077094018,G11000100077091014,110010077091014,1,1
G11000100077094019,110010077094019,G11000100077091018,110010077091018,1,1
G11000100077094020,110010077094020,G11000100077091011,110010077091011,1,1
G11000100077094021,110010077094021,G11000100077091010,110010077091010,1,1
G11000100077094022,110010077094022,G11000100077091016,110010077091016,1,1
G11000100077094023,110010077094023,G11000100077091017,110010077091017,1,1
G11000100077094999,110010077094999,G11000100077091009,110010077091009,1,1
G11000100077095000,110010077095000,G11000100077092000,110010077092000,1,1
G11000100077095001,110010077095001,G11000100077092001,110010077092001,1,1
G11000100077095002,110010077095002,G11000100077092002,110010077092002,1,1
G11000100077095003,110010077095003,G11000100077092007,110010077092007,1,1
G11000100077095004,110010077095004,G11000100077092006,110010077092006,1,1
G11000100077095005,110010077095005,G11000100077092005,110010077092005,1,1
G11000100077095006,110010077095006,G11000100077092003,110010077092003,0.0513249227,0
G11000100077095006,110010077095006,G11000100077092004,110010077092004,0.9486750773,1
G11000100077095007,110010077095007,G11000100077092008,110010077092008,0.9770316612,1
G11000100077095007,110010077095007,G11000100077092009,110010077092009,0.0229683388,0
G11000100077095008,110010077095008,G11000100077092010,110010077092010,1,1
G11000100077095009,110010077095009,G11000100077092011,110010077092011,1,1
G11000100077095010,110010077095010,G11000100077092012,110010077092012,1,1
G11000100077095011,110010077095011,G11000100077092013,110010077092013,1,1
G11000100077095012,110010077095012,G11000100077092015,110010077092015,1,1
G11000100077095013,110010077095013,G11000100077092014,110010077092014,1,1
G11000100078031000,110010078031000,G11000100078031000,110010078031000,1,1
G11000100078031001,110010078031001,G11000100078031002,110010078031002,1,1
G11000100078031002,110010078031002,G11000100078031005,110010078031005,1,1
G11000100078031003,110010078031003,G11000100078031005,110010078031005,1,1
G11000100078031004,110010078031004,G11000100078031004,110010078031004,0.7115747323,0.7115747323
G11000100078031004,110010078031004,G11000100078031014,110010078031014,0.2884252677,0.2884252677
G11000100078031005,110010078031005,G11000100078031003,110010078031003,1,1
G11000100078031006,110010078031006,G11000100078031007,110010078031007,1,1
G11000100078031007,110010078031007,G11000100078031006,110010078031006,1,1
G11000100078031008,110010078031008,G11000100078031001,110010078031001,0,0
G11000100078031008,110010078031008,G11000100078031006,110010078031006,1,1
G11000100078031009,110010078031009,G11000100078031000,110010078031000,1,1
G11000100078031010,110010078031010,G11000100078031010,110010078031010,0.9077372796,1
G11000100078031010,110010078031010,G11000100078031011,110010078031011,0,0
G11000100078031010,110010078031010,G11000100078031012,110010078031012,0.0922627204,0
G11000100078031011,110010078031011,G11000100078031009,110010078031009,1,1
G11000100078031012,110010078031012,G11000100078031008,110010078031008,1,1
G11000100078031013,110010078031013,G11000100078031013,110010078031013,1,1
G11000100078032000,110010078032000,G11000100078032000,110010078032000,1,1
G11000100078032001,110010078032001,G11000100078032001,110010078032001,1,1
G11000100078032002,110010078032002,G11000100078032002,110010078032002,1,1
G11000100078032003,110010078032003,G11000100078032003,110010078032003,1,1
G11000100078032004,110010078032004,G11000100078032004,110010078032004,1,1
G11000100078032005,110010078032005,G11000100078032007,110010078032007,1,1
G11000100078032006,110010078032006,G11000100078032006,110010078032006,1,1
G11000100078032007,110010078032007,G11000100078032005,110010078032005,1,1
G11000100078033000,110010078033000,G11000100078033000,110010078033000,1,1
G11000100078033001,110010078033001,G11000100078033001,110010078033001,1,1
G11000100078033002,110010078033002,G11000100078033004,110010078033004,1,1
G11000100078033003,110010078033003,G11000100078033003,110010078033003,1,1
G11000100078033004,110010078033004,G11000100078033002,110010078033002,1,1
G11000100078033005,110010078033005,G11000100078033010,110010078033010,1,1
G11000100078033006,110010078033006,G11000100078033009,110010078033009,1,1
G11000100078033007,110010078033007,G11000100078033008,110010078033008,1,1
G11000100078033008,110010078033008,G11000100078033007,110010078033007,1,1
G11000100078033009,110010078033009,G11000100078033011,110010078033011,1,1
G11000100078033010,110010078033010,G11000100078033006,110010078033006,1,1
G11000100078033011,110010078033011,G11000100078033005,110010078033005,1,1
G11000100078034000,110010078034000,G11000100078034000,110010078034000,1,1
G11000100078034001,110010078034001,G11000100078034001,110010078034001,1,1
G11000100078034002,110010078034002,G11000100078034002,110010078034002,1,1
G11000100078034003,110010078034003,G11000100078034003,110010078034003,1,1
G11000100078034004,110010078034004,G11000100078034004,110010078034004,1,1
G11000100078034005,110010078034005,G11000100078034005,110010078034005,1,1
G11000100078034006,110010078034006,G11000100078034006,110010078034006,1,1
G11000100078034007,110010078034007,G11000100078034006,110010078034006,1,1
G11000100078041000,110010078041000,G11000100078041000,110010078041000,0.8984213522,0.9833021597
G11000100078041000,110010078041000,G11000100078041001,110010078041001,0.1015786478,0.0166978403
G11000100078041001,110010078041001,G11000100078041002,110010078041002,0.225605992,0
G11000100078041001,110010078041001,G11000100078041005,110010078041005,0.774394008,1
G11000100078041002,110010078041002,G11000100078041003,110010078041003,1,1
G11000100078041003,110010078041003,G11000100078041004,110010078041004,1,1
G11000100078041004,110010078041004,G11000100078041000,110010078041000,1,1
G11000100078041005,110010078041005,G11000100078041003,110010078041003,0.3377240006,0.5195061739
G11000100078041005,110010078041005,G11000100078041004,110010078041004,0.6622759994,0.4804938261
G11000100078041006,110010078041006,G11000100078041010,110010078041010,0.0167936557,0.0167936557
G11000100078041006,110010078041006,G11000100078041011,110010078041011,0.9832063443,0.9832063443
G11000100078041006,110010078041006,G11000100078041012,110010078041012,0,0
G11000100078041007,110010078041007,G11000100078041006,110010078041006,0.9939106077,1
G11000100078041007,110010078041007,G11000100078041010,110010078041010,0.0060893923,0
G11000100078041008,110010078041008,G11000100078041008,110010078041008,1,1
G11000100078041009,110010078041009,G11000100078041009,110010078041009,1,1
G11000100078041010,110010078041010,G11000100078041006,110010078041006,1,1
G11000100078041011,110010078041011,G11000100078041007,110010078041007,0,0
G11000100078041011,110010078041011,G11000100078041014,110010078041014,1,1
G11000100078041012,110010078041012,G11000100078041012,110010078041012,0,0
G11000100078041012,110010078041012,G11000100078041013,110010078041013,1,1
G11000100078041013,110010078041013,G11000100078041017,110010078041017,1,1
G11000100078041014,110010078041014,G11000100078041016,110010078041016,1,1
G11000100078041015,110010078041015,G11000100078041015,110010078041015,1,1
G11000100078042000,110010078042000,G11000100078042000,110010078042000,1,1
G11000100078042001,110010078042001,G11000100078042000,110010078042000,1,1
G11000100078042002,110010078042002,G11000100078042001,110010078042001,1,1
G11000100078042003,110010078042003,G11000100078042003,110010078042003,0.9348526703,0.813253012
G11000100078042003,110010078042003,G11000100078042004,110010078042004,0.0651473297,0.186746988
G11000100078042004,110010078042004,G11000100078042002,110010078042002,1,1
G11000100078042005,110010078042005,G11000100078042005,110010078042005,1,1
G11000100078042006,110010078042006,G11000100078042006,110010078042006,1,1
G11000100078042007,110010078042007,G11000100078042009,110010078042009,1,1
G11000100078042008,110010078042008,G11000100078042007,110010078042007,1,1
G11000100078042009,110010078042009,G11000100078042010,110010078042010,1,1
G11000100078042010,110010078042010,G11000100078042011,110010078042011,1,1
G11000100078042011,110010078042011,G11000100078042008,110010078042008,1,1
G11000100078043000,110010078043000,G11000100078043008,110010078043008,1,1
G11000100078043001,110010078043001,G11000100078043006,110010078043006,0.5131396957,1
G11000100078043001,110010078043001,G11000100078043007,110010078043007,0.4868603043,0
G11000100078043002,110010078043002,G11000100078043005,110010078043005,1,1
G11000100078043003,110010078043003,G11000100078043004,110010078043004,1,1
G11000100078043004,110010078043004,G11000100078043003,110010078043003,1,1
G11000100078043005,110010078043005,G11000100078043002,110010078043002,1,1
G11000100078043006,110010078043006,G11000100078043001,110010078043001,1,1
G11000100078043007,110010078043007,G11000100078043000,110010078043000,1,1
G11000100078043008,110010078043008,G11000100078043011,110010078043011,1,1
G11000100078043009,110010078043009,G11000100078043010,110010078043010,1,1
G11000100078043010,110010078043010,G11000100078043009,110010078043009,1,1
G11000100078043011,110010078043011,G11000100078043018,110010078043018,1,1
G11000100078043012,110010078043012,G11000100078043019,110010078043019,1,1
G11000100078043013,110010078043013,G11000100078043021,110010078043021,1,1
G11000100078043014,110010078043014,G11000100078043020,110010078043020,1,1
G11000100078043015,110010078043015,G11000100078043017,110010078043017,1,1
G11000100078043016,110010078043016,G11000100078043016,110010078043016,1,1
G11000100078043017,110010078043017,G11000100078043012,110010078043012,1,1
G11000100078043018,110010078043018,G11000100078043013,110010078043013,1,1
G11000100078043019,110010078043019,G11000100078043014,110010078043014,1,1
G11000100078043020,110010078043020,G11000100078043015,110010078043015,1,1
G11000100078061000,110010078061000,G11000100078061013,110010078061013,1,1
G11000100078061001,110010078061001,G11000100078061012,110010078061012,1,1
G11000100078061002,110010078061002,G11000100078061011,110010078061011,1,1
G11000100078061003,110010078061003,G11000100078061004,110010078061004,1,1
G11000100078061004,110010078061004,G11000100078061003,110010078061003,1,1
G11000100078061005,110010078061005,G11000100078061002,110010078061002,1,1
G11000100078061006,110010078061006,G11000100078061001,110010078061001,1,1
G11000100078061007,110010078061007,G11000100078061000,110010078061000,1,1
G11000100078061008,110010078061008,G11000100078061007,110010078061007,1,1
G11000100078061009,110010078061009,G11000100078061006,110010078061006,1,1
G11000100078061010,110010078061010,G11000100078061005,110010078061005,1,1
G11000100078061011,110010078061011,G11000100078061009,110010078061009,1,1
G11000100078061012,110010078061012,G11000100078061010,110010078061010,1,1
G11000100078061013,110010078061013,G11000100078061014,110010078061014,1,1
G11000100078061014,110010078061014,G11000100078061015,110010078061015,1,1
G11000100078061015,110010078061015,G11000100078061016,110010078061016,1,1
G11000100078061016,110010078061016,G11000100078061008,110010078061008,1,1
G11000100078061017,110010078061017,G11000100078061017,110010078061017,1,1
G11000100078065000,110010078065000,G11000100078062004,110010078062004,1,1
G11000100078065001,110010078065001,G11000100078062000,110010078062000,0.4002476234,0.2814981354
G11000100078065001,110010078065001,G11000100078062011,110010078062011,0.4513356976,0.672714981
G11000100078065001,110010078065001,G11000100078062021,110010078062021,0.0689358487,0.0457868835
G11000100078065001,110010078065001,G11000100078062022,110010078062022,0.0794808302,0
G11000100078065002,110010078065002,G11000100078062001,110010078062001,1,1
G11000100078065003,110010078065003,G11000100078062003,110010078062003,1,1
G11000100078065004,110010078065004,G11000100078062006,110010078062006,1,1
G11000100078065005,110010078065005,G11000100078062005,110010078062005,1,1
G11000100078065006,110010078065006,G11000100078062017,110010078062017,1,1
G11000100078065007,110010078065007,G11000100078062016,110010078062016,1,1
G11000100078065008,110010078065008,G11000100078062007,110010078062007,1,1
G11000100078065009,110010078065009,G11000100078062008,110010078062008,1,1
G11000100078065010,110010078065010,G11000100078062002,110010078062002,1,1
G11000100078065011,110010078065011,G11000100078062000,110010078062000,1,1
G11000100078065012,110010078065012,G11000100078062009,110010078062009,1,1
G11000100078065013,110010078065013,G11000100078062010,110010078062010,0.379273361,0.5535714286
G11000100078065013,110010078065013,G11000100078062012,110010078062012,0.620726639,0.4464285714
G11000100078065014,110010078065014,G11000100078062020,110010078062020,1,1
G11000100078065015,110010078065015,G11000100078062019,110010078062019,1,1
G11000100078065016,110010078065016,G11000100078062014,110010078062014,1,1
G11000100078065017,110010078065017,G11000100078062015,110010078062015,1,1
G11000100078065018,110010078065018,G11000100078062018,110010078062018,1,1
G11000100078065019,110010078065019,G11000100078062013,110010078062013,1,1
G11000100078071000,110010078071000,G11000100078071014,110010078071014,1,1
G11000100078071001,110010078071001,G11000100078071013,110010078071013,1,1
G11000100078071002,110010078071002,G11000100078071007,110010078071007,1,1
G11000100078071003,110010078071003,G11000100078071006,110010078071006,1,1
G11000100078071004,110010078071004,G11000100078071005,110010078071005,1,1
G11000100078071005,110010078071005,G11000100078071000,110010078071000,0.6747062726,0.8023255814
G11000100078071005,110010078071005,G11000100078071004,110010078071004,0.3252937274,0.1976744186
G11000100078071006,110010078071006,G11000100078071001,110010078071001,1,1
G11000100078071007,110010078071007,G11000100078071002,110010078071002,1,1
G11000100078071008,110010078071008,G11000100078071011,110010078071011,1,1
G11000100078071009,110010078071009,G11000100078071009,110010078071009,0.5214107292,0.2676574527
G11000100078071009,110010078071009,G11000100078071010,110010078071010,0.4785892708,0.7323425473
G11000100078071010,110010078071010,G11000100078071003,110010078071003,1,1
G11000100078071011,110010078071011,G11000100078071009,110010078071009,1,1
G11000100078071012,110010078071012,G11000100078071008,110010078071008,1,1
G11000100078071013,110010078071013,G11000100078071012,110010078071012,1,1
G11000100078073000,110010078073000,G11000100078072002,110010078072002,1,1
G11000100078073001,110010078073001,G11000100078072000,110010078072000,1,1
G11000100078073002,110010078073002,G11000100078072001,110010078072001,1,1
G11000100078073003,110010078073003,G11000100078072003,110010078072003,1,1
G11000100078073004,110010078073004,G11000100078072003,110010078072003,1,1
G11000100078073005,110010078073005,G11000100078072005,110010078072005,1,1
G11000100078073006,110010078073006,G11000100078072004,110010078072004,1,1
G11000100078073007,110010078073007,G11000100078072006,110010078072006,1,1
G11000100078073008,110010078073008,G11000100078072007,110010078072007,1,1
G11000100078073009,110010078073009,G11000100078072008,110010078072008,1,1
G11000100078082000,110010078082000,G11000100078082009,110010078082009,1,1
G11000100078082001,110010078082001,G11000100078082008,110010078082008,1,1
G11000100078082002,110010078082002,G11000100078082000,110010078082000,1,1
G11000100078082003,110010078082003,G11000100078082001,110010078082001,1,1
G11000100078082004,110010078082004,G11000100078082002,110010078082002,1,1
G11000100078082005,110010078082005,G11000100078082003,110010078082003,1,1
G11000100078082006,110010078082006,G11000100078082004,110010078082004,1,1
G11000100078082007,110010078082007,G11000100078082005,110010078082005,1,1
G11000100078082008,110010078082008,G11000100078082006,110010078082006,1,1
G11000100078082009,110010078082009,G11000100078082007,110010078082007,1,1
G11000100078082010,110010078082010,G11000100078082011,110010078082011,1,1
G11000100078082011,110010078082011,G11000100078082010,110010078082010,1,1
G11000100078082012,110010078082012,G11000100078082018,110010078082018,1,1
G11000100078082013,110010078082013,G11000100078082016,110010078082016,0.9544626594,0.9544626594
G11000100078082013,110010078082013,G11000100078082017,110010078082017,0.0455373406,0.0455373406
G11000100078082014,110010078082014,G11000100078082012,110010078082012,1,1
G11000100078082015,110010078082015,G11000100078082012,110010078082012,1,1
G11000100078082016,110010078082016,G11000100078082013,110010078082013,0,0
G11000100078082016,110010078082016,G11000100078082014,110010078082014,1,1
G11000100078082017,110010078082017,G11000100078082015,110010078082015,1,1
G11000100078082018,110010078082018,G11000100078082019,110010078082019,1,1
G11000100078083000,110010078083000,G11000100078083000,110010078083000,1,1
G11000100078083001,110010078083001,G11000100078083001,110010078083001,1,1
G11000100078083002,110010078083002,G11000100078083002,110010078083002,0.5028647127,1
G11000100078083002,110010078083002,G11000100078083014,110010078083014,0.4971352873,0
G11000100078083003,110010078083003,G11000100078083003,110010078083003,0,0
G11000100078083003,110010078083003,G11000100078083004,110010078083004,0.0588647922,0.0192307692
G11000100078083003,110010078083003,G11000100078083005,110010078083005,0,0
G11000100078083003,110010078083003,G11000100078083006,110010078083006,0.9411352078,0.9807692308
G11000100078083004,110010078083004,G11000100078083009,110010078083009,1,1
G11000100078083005,110010078083005,G11000100078083008,110010078083008,1,1
G11000100078083006,110010078083006,G11000100078083007,110010078083007,1,1
G11000100078083007,110010078083007,G11000100078083011,110010078083011,1,1
G11000100078083008,110010078083008,G11000100078083012,110010078083012,0.5104526301,0.7665198238
G11000100078083008,110010078083008,G11000100078083013,110010078083013,0.4895473699,0.2334801762
G11000100078083009,110010078083009,G11000100078083010,110010078083010,1,1
G11000100078083010,110010078083010,G11000100078083009,110010078083009,1,1
G11000100078084000,110010078084000,G11000100078081000,110010078081000,1,1
G11000100078084001,110010078084001,G11000100078081001,110010078081001,1,1
G11000100078084002,110010078084002,G11000100078081002,110010078081002,1,1
G11000100078084002,110010078084002,G11000100078081003,110010078081003,0,0
G11000100078084003,110010078084003,G11000100078081004,110010078081004,1,1
G11000100078084004,110010078084004,G11000100078081013,110010078081013,1,1
G11000100078084005,110010078084005,G11000100078081006,110010078081006,1,1
G11000100078084006,110010078084006,G11000100078081005,110010078081005,1,1
G11000100078084007,110010078084007,G11000100078081007,110010078081007,1,1
G11000100078084008,110010078084008,G11000100078081008,110010078081008,1,1
G11000100078084009,110010078084009,G11000100078081009,110010078081009,1,1
G11000100078084010,110010078084010,G11000100078081010,110010078081010,1,1
G11000100078084011,110010078084011,G11000100078081011,110010078081011,1,1
G11000100078084012,110010078084012,G11000100078081012,110010078081012,1,1
G11000100078084013,110010078084013,G11000100078081014,110010078081014,1,1
G11000100078084014,110010078084014,G11000100078081015,110010078081015,1,1
G11000100078093000,110010078093000,G11000100078091000,110010078091000,1,1
G11000100078093001,110010078093001,G11000100078091001,110010078091001,1,1
G11000100078093002,110010078093002,G11000100078091002,110010078091002,1,1
G11000100078093003,110010078093003,G11000100078091007,110010078091007,1,1
G11000100078093004,110010078093004,G11000100078091006,110010078091006,1,1
G11000100078093005,110010078093005,G11000100078091005,110010078091005,1,1
G11000100078093006,110010078093006,G11000100078091004,110010078091004,1,1
G11000100078093007,110010078093007,G11000100078091003,110010078091003,1,1
G11000100078094000,110010078094000,G11000100078092000,110010078092000,1,1
G11000100078094001,110010078094001,G11000100078092001,110010078092001,1,1
G11000100078094002,110010078094002,G11000100078092002,110010078092002,1,1
G11000100078094003,110010078094003,G11000100078092003,110010078092003,1,1
G11000100078094004,110010078094004,G11000100078092004,110010078092004,1,1
G11000100078094005,110010078094005,G11000100078092005,110010078092005,1,1
G11000100078094006,110010078094006,G11000100078092006,110010078092006,1,1
G11000100078094007,110010078094007,G11000100078092007,110010078092007,1,1
G11000100078094008,110010078094008,G11000100078092008,110010078092008,1,1
G11000100078094009,110010078094009,G11000100078092009,110010078092009,1,1
G11000100078094010,110010078094010,G11000100078092010,110010078092010,1,1
G11000100078094011,110010078094011,G11000100078092011,110010078092011,1,1
G11000100078094012,110010078094012,G11000100078092012,110010078092012,1,1
G11000100078094013,110010078094013,G11000100078092013,110010078092013,1,1
G11000100078094014,110010078094014,G11000100078092014,110010078092014,0.5175093383,0.5569620253
G11000100078094014,110010078094014,G11000100078092015,110010078092015,0.4824906617,0.4430379747
G11000100079011000,110010079011000,G11000100079011000,110010079011000,1,1
G11000100079011001,110010079011001,G11000100079011001,110010079011001,1,1
G11000100079011002,110010079011002,G11000100079011002,110010079011002,1,1
G11000100079011003,110010079011003,G11000100079011003,110010079011003,1,1
G11000100079011004,110010079011004,G11000100079011004,110010079011004,1,1
G11000100079011005,110010079011005,G11000100079011005,110010079011005,1,1
G11000100079012000,110010079012000,G11000100079012000,110010079012000,1,1
G11000100079012001,110010079012001,G11000100079012001,110010079012001,1,1
G11000100079012002,110010079012002,G11000100079012005,110010079012005,1,1
G11000100079012003,110010079012003,G11000100079012004,110010079012004,1,1
G11000100079012004,110010079012004,G11000100079012003,110010079012003,1,1
G11000100079012005,110010079012005,G11000100079012002,110010079012002,1,1
G11000100079013000,110010079013000,G11000100079013000,110010079013000,1,1
G11000100079013001,110010079013001,G11000100079013001,110010079013001,1,1
G11000100079013002,110010079013002,G11000100079013002,110010079013002,1,1
G11000100079013003,110010079013003,G11000100079013003,110010079013003,1,1
G11000100079013004,110010079013004,G11000100079013004,110010079013004,1,1
G11000100079013005,110010079013005,G11000100079013005,110010079013005,1,1
G11000100079013006,110010079013006,G11000100079013006,110010079013006,1,1
G11000100079014000,110010079014000,G11000100079014000,110010079014000,1,1
G11000100079014001,110010079014001,G11000100079014001,110010079014001,1,1
G11000100079014002,110010079014002,G11000100079014002,110010079014002,1,1
G11000100079014003,110010079014003,G11000100079014003,110010079014003,1,1
G11000100079014004,110010079014004,G11000100079014004,110010079014004,1,1
G11000100079014005,110010079014005,G11000100079014005,110010079014005,1,1
G11000100079014006,110010079014006,G11000100079014006,110010079014006,1,1
G11000100079031000,110010079031000,G11000100079031000,110010079031000,1,1
G11000100079031001,110010079031001,G11000100079031001,110010079031001,1,1
G11000100079031002,110010079031002,G11000100079031014,110010079031014,1,1
G11000100079031003,110010079031003,G11000100079031002,110010079031002,1,1
G11000100079031004,110010079031004,G11000100079031003,110010079031003,1,1
G11000100079031005,110010079031005,G11000100079031004,110010079031004,1,1
G11000100079031006,110010079031006,G11000100079031005,110010079031005,1,1
G11000100079031007,110010079031007,G11000100079031006,110010079031006,1,1
G11000100079031008,110010079031008,G11000100079031007,110010079031007,1,1
G11000100079031009,110010079031009,G11000100079031008,110010079031008,1,1
G11000100079031010,110010079031010,G11000100079031009,110010079031009,1,1
G11000100079031011,110010079031011,G11000100079031010,110010079031010,1,1
G11000100079032000,110010079032000,G11000100079031013,110010079031013,1,1
G11000100079032001,110010079032001,G11000100079031012,110010079031012,1,1
G11000100079032002,110010079032002,G11000100079031011,110010079031011,1,1
G11000100079032003,110010079032003,G11000100079031015,110010079031015,1,1
G11000100079032004,110010079032004,G11000100079031016,110010079031016,1,1
G11000100079032005,110010079032005,G11000100079031017,110010079031017,1,1
G11000100079032006,110010079032006,G11000100079031018,110010079031018,1,1
G11000100080011000,110010080011000,G11000100080011000,110010080011000,1,1
G11000100080011001,110010080011001,G11000100080011001,110010080011001,1,1
G11000100080011002,110010080011002,G11000100080011001,110010080011001,1,1
G11000100080011003,110010080011003,G11000100080011005,110010080011005,1,1
G11000100080011004,110010080011004,G11000100080011006,110010080011006,1,1
G11000100080011005,110010080011005,G11000100080011003,110010080011003,1,1
G11000100080011006,110010080011006,G11000100080011002,110010080011002,1,1
G11000100080011007,110010080011007,G11000100080011004,110010080011004,1,1
G11000100080012000,110010080012000,G11000100080012000,110010080012000,1,1
G11000100080012001,110010080012001,G11000100080012001,110010080012001,1,1
G11000100080012002,110010080012002,G11000100080012002,110010080012002,1,1
G11000100080012003,110010080012003,G11000100080012003,110010080012003,1,1
G11000100080012004,110010080012004,G11000100080012012,110010080012012,1,1
G11000100080012005,110010080012005,G11000100080012009,110010080012009,1,1
G11000100080012006,110010080012006,G11000100080012008,110010080012008,1,1
G11000100080012007,110010080012007,G11000100080012007,110010080012007,1,1
G11000100080012008,110010080012008,G11000100080012004,110010080012004,1,1
G11000100080012009,110010080012009,G11000100080012013,110010080012013,1,1
G11000100080012010,110010080012010,G11000100080012005,110010080012005,1,1
G11000100080012011,110010080012011,G11000100080012006,110010080012006,1,1
G11000100080012012,110010080012012,G11000100080012011,110010080012011,1,1
G11000100080012013,110010080012013,G11000100080012010,110010080012010,1,1
G11000100080013000,110010080013000,G11000100080013000,110010080013000,1,1
G11000100080013001,110010080013001,G11000100080013001,110010080013001,1,1
G11000100080013002,110010080013002,G11000100080013002,110010080013002,1,1
G11000100080013003,110010080013003,G11000100080013003,110010080013003,1,1
G11000100080013004,110010080013004,G11000100080013004,110010080013004,1,1
G11000100080013005,110010080013005,G11000100080013005,110010080013005,1,1
G11000100080021000,110010080021000,G11000100080021002,110010080021002,1,1
G11000100080021001,110010080021001,G11000100080021000,110010080021000,1,1
G11000100080021002,110010080021002,G11000100080021001,110010080021001,1,1
G11000100080021003,110010080021003,G11000100080021003,110010080021003,1,1
G11000100080021004,110010080021004,G11000100080021004,110010080021004,1,1
G11000100080021005,110010080021005,G11000100080021005,110010080021005,1,1
G11000100080021006,110010080021006,G11000100080021006,110010080021006,1,1
G11000100080021007,110010080021007,G11000100080021007,110010080021007,1,1
G11000100080021008,110010080021008,G11000100080021010,110010080021010,1,1
G11000100080021009,110010080021009,G11000100080021011,110010080021011,1,1
G11000100080021010,110010080021010,G11000100080021012,110010080021012,1,1
G11000100080021011,110010080021011,G11000100080021013,110010080021013,1,1
G11000100080021012,110010080021012,G11000100080021008,110010080021008,1,1
G11000100080021013,110010080021013,G11000100080021009,110010080021009,1,1
G11000100080023000,110010080023000,G11000100080022000,110010080022000,1,1
G11000100080023001,110010080023001,G11000100080022001,110010080022001,1,1
G11000100080023002,110010080023002,G11000100080022002,110010080022002,1,1
G11000100080023003,110010080023003,G11000100080022003,110010080022003,1,1
G11000100080023004,110010080023004,G11000100080022004,110010080022004,1,1
G11000100080023005,110010080023005,G11000100080022005,110010080022005,1,1
G11000100080023006,110010080023006,G11000100080022006,110010080022006,1,1
G11000100080023007,110010080023007,G11000100080022007,110010080022007,1,1
G11000100080023008,110010080023008,G11000100080022008,110010080022008,1,1
G11000100080023009,110010080023009,G11000100080022009,110010080022009,1,1
G11000100080023010,110010080023010,G11000100080022010,110010080022010,1,1
G11000100080023011,110010080023011,G11000100080022011,110010080022011,1,1
G11000100080023012,110010080023012,G11000100080022012,110010080022012,1,1
G11000100080023013,110010080023013,G11000100080022013,110010080022013,1,1
G11000100080023014,110010080023014,G11000100080022014,110010080022014,1,1
G11000100080023015,110010080023015,G11000100080022015,110010080022015,1,1
G11000100080023016,110010080023016,G11000100080022016,110010080022016,0.6098674724,0.5664350741
G11000100080023016,110010080023016,G11000100080022019,110010080022019,0.3901325276,0.4335649259
G11000100080023017,110010080023017,G11000100080022023,110010080022023,1,1
G11000100080023018,110010080023018,G11000100080022020,110010080022020,0.3016612985,0.3016612985
G11000100080023018,110010080023018,G11000100080022021,110010080022021,0.1994405831,0.1994405831
G11000100080023018,110010080023018,G11000100080022022,110010080022022,0.4988981183,0.4988981183
G11000100080023019,110010080023019,G11000100080022018,110010080022018,1,1
G11000100080023020,110010080023020,G11000100080022017,110010080022017,1,1
G11000100081001000,110010081001000,G11000100081001000,110010081001000,1,1
G11000100081001001,110010081001001,G11000100081001001,110010081001001,1,1
G11000100081001002,110010081001002,G11000100081001002,110010081001002,1,1
G11000100081001003,110010081001003,G11000100081001003,110010081001003,1,1
G11000100081001004,110010081001004,G11000100081001006,110010081001006,1,1
G11000100081001005,110010081001005,G11000100081001004,110010081001004,1,1
G11000100081001006,110010081001006,G11000100081001005,110010081001005,1,1
G11000100081002000,110010081002000,G11000100081002000,110010081002000,1,1
G11000100081002001,110010081002001,G11000100081002001,110010081002001,1,1
G11000100081002002,110010081002002,G11000100081002002,110010081002002,1,1
G11000100081002003,110010081002003,G11000100081002003,110010081002003,1,1
G11000100081002004,110010081002004,G11000100081002004,110010081002004,1,1
G11000100081002005,110010081002005,G11000100081002005,110010081002005,1,1
G11000100081002006,110010081002006,G11000100081002006,110010081002006,1,1
G11000100081002007,110010081002007,G11000100081002007,110010081002007,1,1
G11000100081002008,110010081002008,G11000100081002008,110010081002008,1,1
G11000100081003000,110010081003000,G11000100081003000,110010081003000,1,1
G11000100081003001,110010081003001,G11000100081003001,110010081003001,1,1
G11000100081003002,110010081003002,G11000100081003009,110010081003009,1,1
G11000100081003003,110010081003003,G11000100081003010,110010081003010,1,1
G11000100081003004,110010081003004,G11000100081003006,110010081003006,1,1
G11000100081003005,110010081003005,G11000100081003007,110010081003007,1,1
G11000100081003006,110010081003006,G11000100081003002,110010081003002,0.9687326035,1
G11000100081003006,110010081003006,G11000100081003005,110010081003005,0.0312673965,0
G11000100081003007,110010081003007,G11000100081003003,110010081003003,1,1
G11000100081003008,110010081003008,G11000100081003004,110010081003004,1,1
G11000100081003009,110010081003009,G11000100081003008,110010081003008,1,1
G11000100082001000,110010082001000,G11000100082001000,110010082001000,1,1
G11000100082001001,110010082001001,G11000100082001001,110010082001001,1,1
G11000100082001002,110010082001002,G11000100082001002,110010082001002,1,1
G11000100082001003,110010082001003,G11000100082001003,110010082001003,1,1
G11000100082001004,110010082001004,G11000100082001004,110010082001004,1,1
G11000100082001005,110010082001005,G11000100082001005,110010082001005,1,1
G11000100082002000,110010082002000,G11000100082002010,110010082002010,1,1
G11000100082002001,110010082002001,G11000100082002009,110010082002009,1,1
G11000100082002002,110010082002002,G11000100082002008,110010082002008,1,1
G11000100082002003,110010082002003,G11000100082002003,110010082002003,1,1
G11000100082002004,110010082002004,G11000100082002000,110010082002000,1,1
G11000100082002005,110010082002005,G11000100082002001,110010082002001,1,1
G11000100082002006,110010082002006,G11000100082002002,110010082002002,1,1
G11000100082002007,110010082002007,G11000100082002004,110010082002004,1,1
G11000100082002008,110010082002008,G11000100082002006,110010082002006,1,1
G11000100082002009,110010082002009,G11000100082002007,110010082002007,1,1
G11000100082002010,110010082002010,G11000100082002005,110010082002005,1,1
G11000100082002011,110010082002011,G11000100082002014,110010082002014,1,1
G11000100082002012,110010082002012,G11000100082002013,110010082002013,1,1
G11000100082002013,110010082002013,G11000100082002012,110010082002012,1,1
G11000100082002014,110010082002014,G11000100082002011,110010082002011,1,1
G11000100082002015,110010082002015,G11000100082002019,110010082002019,1,1
G11000100082002016,110010082002016,G11000100082002018,110010082002018,1,1
G11000100082002017,110010082002017,G11000100082002017,110010082002017,1,1
G11000100082002018,110010082002018,G11000100082002016,110010082002016,1,1
G11000100082002019,110010082002019,G11000100082002015,110010082002015,1,1
G11000100083011000,110010083011000,G11000100083011000,110010083011000,1,1
G11000100083011001,110010083011001,G11000100083011001,110010083011001,1,1
G11000100083011002,110010083011002,G11000100083011002,110010083011002,1,1
G11000100083011003,110010083011003,G11000100083011003,110010083011003,1,1
G11000100083011004,110010083011004,G11000100083011004,110010083011004,1,1
G11000100083011005,110010083011005,G11000100083011005,110010083011005,1,1
G11000100083011006,110010083011006,G11000100083011006,110010083011006,1,1
G11000100083011007,110010083011007,G11000100083011007,110010083011007,1,1
G11000100083012000,110010083012000,G11000100083012000,110010083012000,1,1
G11000100083012001,110010083012001,G11000100083012001,110010083012001,1,1
G11000100083012002,110010083012002,G11000100083012002,110010083012002,1,1
G11000100083012003,110010083012003,G11000100083012003,110010083012003,1,1
G11000100083012004,110010083012004,G11000100083012004,110010083012004,1,1
G11000100083012005,110010083012005,G11000100083012005,110010083012005,1,1
G11000100083012006,110010083012006,G11000100083012006,110010083012006,1,1
G11000100083012007,110010083012007,G11000100083012007,110010083012007,1,1
G11000100083012008,110010083012008,G11000100083012008,110010083012008,1,1
G11000100083012009,110010083012009,G11000100083012009,110010083012009,1,1
G11000100083012010,110010083012010,G11000100083012010,110010083012010,1,1
G11000100083012011,110010083012011,G11000100083012011,110010083012011,0.9458846862,1
G11000100083012011,110010083012011,G11000100083012012,110010083012012,0.0541153138,0
G11000100083012012,110010083012012,G11000100083012013,110010083012013,0.5166987322,0.5166987322
G11000100083012012,110010083012012,G11000100083012014,110010083012014,0.4833012678,0.4833012678
G11000100083021000,110010083021000,G11000100083021000,110010083021000,1,1
G11000100083021001,110010083021001,G11000100083021001,110010083021001,1,1
G11000100083021002,110010083021002,G11000100083021002,110010083021002,1,1
G11000100083021003,110010083021003,G11000100083021003,110010083021003,1,1
G11000100083021004,110010083021004,G11000100083021004,110010083021004,1,1
G11000100083021005,110010083021005,G11000100083021005,110010083021005,1,1
G11000100083021006,110010083021006,G11000100083021006,110010083021006,1,1
G11000100083021007,110010083021007,G11000100083021009,110010083021009,1,1
G11000100083021008,110010083021008,G11000100083021008,110010083021008,1,1
G11000100083021009,110010083021009,G11000100083021007,110010083021007,1,1
G11000100083021010,110010083021010,G11000100083021010,110010083021010,1,1
G11000100083021011,110010083021011,G11000100083021012,110010083021012,1,1
G11000100083021012,110010083021012,G11000100083021011,110010083021011,1,1
G11000100083021013,110010083021013,G11000100083021013,110010083021013,1,1
G11000100083021014,110010083021014,G11000100083021014,110010083021014,1,1
G11000100083021015,110010083021015,G11000100083021015,110010083021015,1,1
G11000100083021016,110010083021016,G11000100083021016,110010083021016,1,1
G11000100083021017,110010083021017,G11000100083021017,110010083021017,1,1
G11000100083021018,110010083021018,G11000100083021018,110010083021018,1,1
G11000100084023000,110010084023000,G11000100084021000,110010084021000,1,1
G11000100084023001,110010084023001,G11000100084021001,110010084021001,1,1
G11000100084023002,110010084023002,G11000100084021002,110010084021002,1,1
G11000100084023003,110010084023003,G11000100084021003,110010084021003,1,1
G11000100084023004,110010084023004,G11000100084021007,110010084021007,1,1
G11000100084023005,110010084023005,G11000100084021006,110010084021006,1,1
G11000100084023006,110010084023006,G11000100084021009,110010084021009,1,1
G11000100084024000,110010084024000,G11000100084021004,110010084021004,1,1
G11000100084024001,110010084024001,G11000100084022000,110010084022000,1,1
G11000100084024002,110010084024002,G11000100084022001,110010084022001,1,1
G11000100084024003,110010084024003,G11000100084022005,110010084022005,1,1
G11000100084024004,110010084024004,G11000100084022004,110010084022004,1,1
G11000100084024005,110010084024005,G11000100084022003,110010084022003,1,1
G11000100084024006,110010084024006,G11000100084022002,110010084022002,1,1
G11000100084024007,110010084024007,G11000100084021005,110010084021005,1,1
G11000100084024008,110010084024008,G11000100084021008,110010084021008,1,1
G11000100084024009,110010084024009,G11000100084022008,110010084022008,1,1
G11000100084024010,110010084024010,G11000100084022007,110010084022007,0.9482228702,0.9108280255
G11000100084024010,110010084024010,G11000100084022010,110010084022010,0.0517771298,0.0891719745
G11000100084024011,110010084024011,G11000100084022006,110010084022006,1,1
G11000100084024012,110010084024012,G11000100084022009,110010084022009,1,1
G11000100084101000,110010084101000,G11000100084101000,110010084101000,1,1
G11000100084101001,110010084101001,G11000100084101001,110010084101001,1,1
G11000100084101002,110010084101002,G11000100084101019,110010084101019,1,1
G11000100084101003,110010084101003,G11000100084101003,110010084101003,1,1
G11000100084101004,110010084101004,G11000100084101004,110010084101004,1,1
G11000100084101005,110010084101005,G11000100084101005,110010084101005,1,1
G11000100084101006,110010084101006,G11000100084101006,110010084101006,1,1
G11000100084101007,110010084101007,G11000100084101007,110010084101007,0.8229512735,1
G11000100084101007,110010084101007,G11000100084101008,110010084101008,0.1770487265,0
G11000100084101008,110010084101008,G11000100084101010,110010084101010,1,1
G11000100084101009,110010084101009,G11000100084101009,110010084101009,1,1
G11000100084101010,110010084101010,G11000100084101012,110010084101012,1,1
G11000100084101011,110010084101011,G11000100084101013,110010084101013,1,1
G11000100084101012,110010084101012,G11000100084101014,110010084101014,1,1
G11000100084101013,110010084101013,G11000100084101015,110010084101015,1,1
G11000100084101014,110010084101014,G11000100084101002,110010084101002,1,1
G11000100084101015,110010084101015,G11000100084101020,110010084101020,1,1
G11000100084101016,110010084101016,G11000100084101016,110010084101016,1,1
G11000100084101017,110010084101017,G11000100084101017,110010084101017,1,1
G11000100084101018,110010084101018,G11000100084101018,110010084101018,1,1
G11000100084101019,110010084101019,G11000100084101011,110010084101011,1,1
G11000100085001000,110010085001000,G11000100106001000,110010106001000,1,1
G11000100085001001,110010085001001,G11000100106001001,110010106001001,1,1
G11000100085001002,110010085001002,G11000100106001002,110010106001002,1,1
G11000100085001003,110010085001003,G11000100106001003,110010106001003,1,1
G11000100085001004,110010085001004,G11000100106001004,110010106001004,1,1
G11000100085001005,110010085001005,G11000100106001006,110010106001006,1,1
G11000100085001006,110010085001006,G11000100106001005,110010106001005,1,1
G11000100085001007,110010085001007,G11000100106001007,110010106001007,1,1
G11000100085001008,110010085001008,G11000100106001000,110010106001000,1,1
G11000100085002000,110010085002000,G11000100106003000,110010106003000,1,1
G11000100085002001,110010085002001,G11000100106003002,110010106003002,1,1
G11000100085002002,110010085002002,G11000100106003003,110010106003003,1,1
G11000100085002003,110010085002003,G11000100106003004,110010106003004,1,1
G11000100085002004,110010085002004,G11000100106003001,110010106003001,1,1
G11000100085002005,110010085002005,G11000100106003005,110010106003005,1,1
G11000100085002006,110010085002006,G11000100106003006,110010106003006,1,1
G11000100085003000,110010085003000,G11000100106002016,110010106002016,1,1
G11000100085003001,110010085003001,G11000100106002000,110010106002000,1,1
G11000100085003002,110010085003002,G11000100106002001,110010106002001,1,1
G11000100085003003,110010085003003,G11000100106002003,110010106002003,1,1
G11000100085003004,110010085003004,G11000100106002002,110010106002002,1,1
G11000100085003005,110010085003005,G11000100106002013,110010106002013,1,1
G11000100085003006,110010085003006,G11000100106002014,110010106002014,1,1
G11000100085003007,110010085003007,G11000100106002015,110010106002015,1,1
G11000100085003008,110010085003008,G11000100106002046,110010106002046,1,1
G11000100085003009,110010085003009,G11000100106002045,110010106002045,1,1
G11000100085003010,110010085003010,G11000100106002017,110010106002017,1,1
G11000100085003011,110010085003011,G11000100106002012,110010106002012,1,1
G11000100085003012,110010085003012,G11000100106002011,110010106002011,1,1
G11000100085003013,110010085003013,G11000100106002018,110010106002018,1,1
G11000100085003014,110010085003014,G11000100106002037,110010106002037,1,1
G11000100085003015,110010085003015,G11000100106002036,110010106002036,1,1
G11000100085003016,110010085003016,G11000100106002043,110010106002043,1,1
G11000100085003017,110010085003017,G11000100106002044,110010106002044,1,1
G11000100085003018,110010085003018,G11000100106002047,110010106002047,1,1
G11000100085003019,110010085003019,G11000100106002048,110010106002048,1,1
G11000100085003020,110010085003020,G11000100106002049,110010106002049,1,1
G11000100085003021,110010085003021,G11000100106002050,110010106002050,1,1
G11000100085003022,110010085003022,G11000100106002051,110010106002051,1,1
G11000100085003023,110010085003023,G11000100106002042,110010106002042,1,1
G11000100086001000,110010086001000,G11000100106002004,110010106002004,1,1
G11000100086001001,110010086001001,G11000100106002005,110010106002005,0.9699489045,0.9699489045
G11000100086001001,110010086001001,G11000100106002008,110010106002008,0.0300510955,0.0300510955
G11000100086001002,110010086001002,G11000100106002007,110010106002007,1,1
G11000100086001003,110010086001003,G11000100106002006,110010106002006,1,1
G11000100086001004,110010086001004,G11000100106002009,110010106002009,1,1
G11000100086001005,110010086001005,G11000100106002010,110010106002010,1,1
G11000100086001006,110010086001006,G11000100106002025,110010106002025,1,1
G11000100086001007,110010086001007,G11000100106002024,110010106002024,1,1
G11000100086001008,110010086001008,G11000100106002023,110010106002023,1,1
G11000100086001009,110010086001009,G11000100106002023,110010106002023,1,1
G11000100086001010,110010086001010,G11000100106002022,110010106002022,1,1
G11000100086001011,110010086001011,G11000100106002021,110010106002021,1,1
G11000100086001012,110010086001012,G11000100106002020,110010106002020,1,1
G11000100086001013,110010086001013,G11000100106002019,110010106002019,1,1
G11000100086001014,110010086001014,G11000100106002028,110010106002028,1,1
G11000100086001015,110010086001015,G11000100106002027,110010106002027,1,1
G11000100086001016,110010086001016,G11000100106002026,110010106002026,1,1
G11000100086001017,110010086001017,G11000100106002031,110010106002031,1,1
G11000100086001018,110010086001018,G11000100106002029,110010106002029,1,1
G11000100086001019,110010086001019,G11000100106002060,110010106002060,1,1
G11000100086001020,110010086001020,G11000100106002035,110010106002035,1,1
G11000100086001021,110010086001021,G11000100106002034,110010106002034,1,1
G11000100086001022,110010086001022,G11000100106002030,110010106002030,1,1
G11000100086001023,110010086001023,G11000100106002032,110010106002032,1,1
G11000100086001024,110010086001024,G11000100106002033,110010106002033,1,1
G11000100086001025,110010086001025,G11000100106002041,110010106002041,1,1
G11000100086001026,110010086001026,G11000100106002040,110010106002040,0.9945839488,0.9945839488
G11000100086001026,110010086001026,G11000100106002057,110010106002057,0.0054160512,0.0054160512
G11000100086001027,110010086001027,G11000100106002039,110010106002039,0.4460036608,0.4460036608
G11000100086001027,110010086001027,G11000100106002057,110010106002057,0.5539963392,0.5539963392
G11000100086001028,110010086001028,G11000100106002038,110010106002038,0.587250996,0.587250996
G11000100086001028,110010086001028,G11000100106002056,110010106002056,0.412749004,0.412749004
G11000100086001029,110010086001029,G11000100106002053,110010106002053,0.820706069,0.820706069
G11000100086001029,110010086001029,G11000100106002054,110010106002054,0.179293931,0.179293931
G11000100086001030,110010086001030,G11000100106002052,110010106002052,1,1
G11000100086001031,110010086001031,G11000100106002055,110010106002055,1,1
G11000100086001032,110010086001032,G11000100106002059,110010106002059,1,1
G11000100086001033,110010086001033,G11000100106002058,110010106002058,1,1
G11000100087014000,110010087014000,G11000100087011000,110010087011000,1,1
G11000100087014001,110010087014001,G11000100087011001,110010087011001,1,1
G11000100087014002,110010087014002,G11000100087011002,110010087011002,1,1
G11000100087014003,110010087014003,G11000100087011003,110010087011003,1,1
G11000100087014004,110010087014004,G11000100087011004,110010087011004,1,1
G11000100087014005,110010087014005,G11000100087011005,110010087011005,1,1
G11000100087014006,110010087014006,G11000100087011006,110010087011006,1,1
G11000100087014007,110010087014007,G11000100087011007,110010087011007,1,1
G11000100087014008,110010087014008,G11000100087011008,110010087011008,1,1
G11000100087014009,110010087014009,G11000100087011009,110010087011009,1,1
G11000100087014010,110010087014010,G11000100087011010,110010087011010,1,1
G11000100087014011,110010087014011,G11000100087011011,110010087011011,1,1
G11000100087015000,110010087015000,G11000100087012000,110010087012000,1,1
G11000100087015001,110010087015001,G11000100087012001,110010087012001,1,1
G11000100087015002,110010087015002,G11000100087012002,110010087012002,1,1
G11000100087015003,110010087015003,G11000100087012003,110010087012003,1,1
G11000100087015004,110010087015004,G11000100087012004,110010087012004,1,1
G11000100087015005,110010087015005,G11000100087012005,110010087012005,1,1
G11000100087015006,110010087015006,G11000100087012006,110010087012006,1,1
G11000100087015007,110010087015007,G11000100087012007,110010087012007,1,1
G11000100087015008,110010087015008,G11000100087012008,110010087012008,1,1
G11000100087015009,110010087015009,G11000100087012011,110010087012011,1,1
G11000100087015010,110010087015010,G11000100087012010,110010087012010,1,1
G11000100087015011,110010087015011,G11000100087012009,110010087012009,1,1
G11000100087015012,110010087015012,G11000100087012004,110010087012004,1,1
G11000100087021000,110010087021000,G11000100087021000,110010087021000,1,1
G11000100087021001,110010087021001,G11000100087021001,110010087021001,1,1
G11000100087021002,110010087021002,G11000100087021002,110010087021002,1,1
G11000100087021003,110010087021003,G11000100087021003,110010087021003,1,1
G11000100087021004,110010087021004,G11000100087021004,110010087021004,1,1
G11000100087021005,110010087021005,G11000100087021005,110010087021005,1,1
G11000100087021006,110010087021006,G11000100087021006,110010087021006,1,1
G11000100087021007,110010087021007,G11000100087021007,110010087021007,1,1
G11000100087021008,110010087021008,G11000100087021011,110010087021011,1,1
G11000100087021009,110010087021009,G11000100087021000,110010087021000,0.5418674817,0.5418674817
G11000100087021009,110010087021009,G11000100087021008,110010087021008,0.4581325183,0.4581325183
G11000100087021010,110010087021010,G11000100087021010,110010087021010,1,1
G11000100087021011,110010087021011,G11000100087021009,110010087021009,1,1
G11000100087023000,110010087023000,G11000100087022000,110010087022000,0.5840385151,0.2995601599
G11000100087023000,110010087023000,G11000100087022002,110010087022002,0.4159614849,0.7004398401
G11000100087023001,110010087023001,G11000100087022005,110010087022005,1,1
G11000100087023002,110010087023002,G11000100087022008,110010087022008,1,1
G11000100087023003,110010087023003,G11000100087022007,110010087022007,1,1
G11000100087023004,110010087023004,G11000100087022001,110010087022001,1,1
G11000100087023005,110010087023005,G11000100087022004,110010087022004,1,1
G11000100087023006,110010087023006,G11000100087022003,110010087022003,1,1
G11000100087023007,110010087023007,G11000100087022000,110010087022000,1,1
G11000100087023008,110010087023008,G11000100087022000,110010087022000,1,1
G11000100087023009,110010087023009,G11000100087022006,110010087022006,1,1
G11000100088021000,110010088021000,G11000100088021005,110010088021005,1,1
G11000100088021001,110010088021001,G11000100088021004,110010088021004,1,1
G11000100088021002,110010088021002,G11000100088021000,110010088021000,1,1
G11000100088021003,110010088021003,G11000100088021001,110010088021001,1,1
G11000100088021004,110010088021004,G11000100088021002,110010088021002,1,1
G11000100088021005,110010088021005,G11000100088021003,110010088021003,1,1
G11000100088022000,110010088022000,G11000100088022000,110010088022000,1,1
G11000100088022001,110010088022001,G11000100088022001,110010088022001,1,1
G11000100088022002,110010088022002,G11000100088022002,110010088022002,1,1
G11000100088022003,110010088022003,G11000100088022003,110010088022003,1,1
G11000100088022004,110010088022004,G11000100088022004,110010088022004,1,1
G11000100088022005,110010088022005,G11000100088022005,110010088022005,1,1
G11000100088022006,110010088022006,G11000100088022006,110010088022006,1,1
G11000100088022007,110010088022007,G11000100088022007,110010088022007,1,1
G11000100088022008,110010088022008,G11000100088022008,110010088022008,1,1
G11000100088022009,110010088022009,G11000100088022009,110010088022009,1,1
G11000100088022010,110010088022010,G11000100088022010,110010088022010,1,1
G11000100088022011,110010088022011,G11000100088022011,110010088022011,1,1
G11000100088023000,110010088023000,G11000100088023000,110010088023000,1,1
G11000100088023001,110010088023001,G11000100088023001,110010088023001,1,1
G11000100088023002,110010088023002,G11000100088023002,110010088023002,1,1
G11000100088023003,110010088023003,G11000100088023005,110010088023005,1,1
G11000100088023004,110010088023004,G11000100088023004,110010088023004,1,1
G11000100088023005,110010088023005,G11000100088023003,110010088023003,1,1
G11000100088024000,110010088024000,G11000100088024000,110010088024000,1,1
G11000100088024001,110010088024001,G11000100088024001,110010088024001,1,1
G11000100088024002,110010088024002,G11000100088024002,110010088024002,1,1
G11000100088024003,110010088024003,G11000100088024003,110010088024003,1,1
G11000100088024004,110010088024004,G11000100088024004,110010088024004,1,1
G11000100088024005,110010088024005,G11000100088024005,110010088024005,1,1
G11000100088035000,110010088035000,G11000100088031000,110010088031000,1,1
G11000100088035001,110010088035001,G11000100088031001,110010088031001,1,1
G11000100088035002,110010088035002,G11000100088031002,110010088031002,1,1
G11000100088035003,110010088035003,G11000100088031004,110010088031004,1,1
G11000100088035004,110010088035004,G11000100088031005,110010088031005,0.5318458307,0.131443299
G11000100088035004,110010088035004,G11000100088031006,110010088031006,0.4644035896,0.868556701
G11000100088035004,110010088035004,G11000100088031020,110010088031020,0.0037505796,0
G11000100088035005,110010088035005,G11000100088031008,110010088031008,0.2037167607,0.5688622754
G11000100088035005,110010088035005,G11000100088031016,110010088031016,0.7962832393,0.4311377246
G11000100088035006,110010088035006,G11000100088031009,110010088031009,1,1
G11000100088035007,110010088035007,G11000100088031010,110010088031010,1,1
G11000100088035008,110010088035008,G11000100088031003,110010088031003,1,1
G11000100088035009,110010088035009,G11000100088031013,110010088031013,1,1
G11000100088035010,110010088035010,G11000100088031014,110010088031014,1,1
G11000100088035011,110010088035011,G11000100088031012,110010088031012,1,1
G11000100088035012,110010088035012,G11000100088031011,110010088031011,1,1
G11000100088036000,110010088036000,G11000100088031015,110010088031015,1,1
G11000100088036001,110010088036001,G11000100088031017,110010088031017,1,1
G11000100088036002,110010088036002,G11000100088031007,110010088031007,1,1
G11000100088036003,110010088036003,G11000100088031018,110010088031018,1,1
G11000100088036004,110010088036004,G11000100088031021,110010088031021,1,1
G11000100088036005,110010088036005,G11000100088031022,110010088031022,1,1
G11000100088036006,110010088036006,G11000100088031026,110010088031026,1,1
G11000100088036007,110010088036007,G11000100088031025,110010088031025,0.8037294523,0.8037294523
G11000100088036007,110010088036007,G11000100088031028,110010088031028,0.1962705477,0.1962705477
G11000100088036008,110010088036008,G11000100088031027,110010088031027,1,1
G11000100088036009,110010088036009,G11000100088031019,110010088031019,1,1
G11000100088036010,110010088036010,G11000100088031023,110010088031023,1,1
G11000100088036011,110010088036011,G11000100088031024,110010088031024,1,1
G11000100088036012,110010088036012,G11000100088031029,110010088031029,1,1
G11000100088036013,110010088036013,G11000100088031030,110010088031030,1,1
G11000100088041000,110010088041000,G11000100088042000,110010088042000,1,1
G11000100088041001,110010088041001,G11000100088042001,110010088042001,1,1
G11000100088041002,110010088041002,G11000100088042003,110010088042003,1,1
G11000100088041003,110010088041003,G11000100088042004,110010088042004,1,1
G11000100088041004,110010088041004,G11000100088042013,110010088042013,1,1
G11000100088041005,110010088041005,G11000100088042012,110010088042012,1,1
G11000100088041006,110010088041006,G11000100088042002,110010088042002,1,1
G11000100088041007,110010088041007,G11000100088042005,110010088042005,1,1
G11000100088041008,110010088041008,G11000100088042009,110010088042009,1,1
G11000100088041009,110010088041009,G11000100088042010,110010088042010,1,1
G11000100088041010,110010088041010,G11000100088042011,110010088042011,1,1
G11000100088042000,110010088042000,G11000100088042001,110010088042001,0.0433693039,0
G11000100088042000,110010088042000,G11000100088042006,110010088042006,0.8765918273,1
G11000100088042000,110010088042000,G11000100088042017,110010088042017,0.0800388687,0
G11000100088042001,110010088042001,G11000100088042007,110010088042007,1,1
G11000100088042002,110010088042002,G11000100088042008,110010088042008,1,1
G11000100088042003,110010088042003,G11000100088042014,110010088042014,1,1
G11000100088042004,110010088042004,G11000100088042015,110010088042015,1,1
G11000100088042005,110010088042005,G11000100088042016,110010088042016,1,1
G11000100088043000,110010088043000,G11000100088041006,110010088041006,1,1
G11000100088043001,110010088043001,G11000100088041002,110010088041002,1,1
G11000100088043002,110010088043002,G11000100088041005,110010088041005,1,1
G11000100088043003,110010088043003,G11000100088041003,110010088041003,1,1
G11000100088043004,110010088043004,G11000100088041004,110010088041004,1,1
G11000100088043005,110010088043005,G11000100088041000,110010088041000,1,1
G11000100088043006,110010088043006,G11000100088041001,110010088041001,1,1
G11000100089031000,110010089031000,G11000100089032000,110010089032000,1,1
G11000100089031001,110010089031001,G11000100089032001,110010089032001,1,1
G11000100089031002,110010089031002,G11000100089032002,110010089032002,1,1
G11000100089031003,110010089031003,G11000100089032003,110010089032003,1,1
G11000100089031004,110010089031004,G11000100089032004,110010089032004,1,1
G11000100089031005,110010089031005,G11000100089031000,110010089031000,1,1
G11000100089031006,110010089031006,G11000100089031001,110010089031001,1,1
G11000100089031007,110010089031007,G11000100089031002,110010089031002,1,1
G11000100089031008,110010089031008,G11000100089031003,110010089031003,1,1
G11000100089031009,110010089031009,G11000100089031004,110010089031004,1,1
G11000100089031010,110010089031010,G11000100089031005,110010089031005,1,1
G11000100089031011,110010089031011,G11000100089031006,110010089031006,1,1
G11000100089031012,110010089031012,G11000100089031007,110010089031007,1,1
G11000100089031013,110010089031013,G11000100089031008,110010089031008,1,1
G11000100089031014,110010089031014,G11000100089031009,110010089031009,1,1
G11000100089031015,110010089031015,G11000100089031010,110010089031010,1,1
G11000100089031016,110010089031016,G11000100089031011,110010089031011,1,1
G11000100089031017,110010089031017,G11000100089031012,110010089031012,1,1
G11000100089031018,110010089031018,G11000100089031013,110010089031013,1,1
G11000100089031019,110010089031019,G11000100089031014,110010089031014,1,1
G11000100089031020,110010089031020,G11000100089031017,110010089031017,1,1
G11000100089031021,110010089031021,G11000100089031015,110010089031015,1,1
G11000100089031022,110010089031022,G11000100089031016,110010089031016,1,1
G11000100089041000,110010089041000,G11000100089041004,110010089041004,1,1
G11000100089041001,110010089041001,G11000100089041000,110010089041000,1,1
G11000100089041002,110010089041002,G11000100089041001,110010089041001,1,1
G11000100089041003,110010089041003,G11000100089041003,110010089041003,1,1
G11000100089041004,110010089041004,G11000100089041002,110010089041002,1,1
G11000100089041005,110010089041005,G11000100089042007,110010089042007,1,1
G11000100089041006,110010089041006,G11000100089041005,110010089041005,1,1
G11000100089041007,110010089041007,G11000100089041006,110010089041006,1,1
G11000100089041008,110010089041008,G11000100089042008,110010089042008,1,1
G11000100089042000,110010089042000,G11000100089042000,110010089042000,0.49369112,0.593625498
G11000100089042000,110010089042000,G11000100089042002,110010089042002,0.50630888,0.406374502
G11000100089042001,110010089042001,G11000100089042003,110010089042003,1,1
G11000100089042002,110010089042002,G11000100089042004,110010089042004,1,1
G11000100089042003,110010089042003,G11000100089042001,110010089042001,1,1
G11000100089042004,110010089042004,G11000100089042009,110010089042009,1,1
G11000100089042005,110010089042005,G11000100089042006,110010089042006,1,1
G11000100089042006,110010089042006,G11000100089042005,110010089042005,1,1
G11000100089051000,110010089051000,G11000100111003023,110010111003023,0.0323730515,0.6168268602
G11000100089051000,110010089051000,G11000100111003029,110010111003029,0.9676269485,0.3831731398
G11000100089051000,110010089051000,G11000100111003049,110010111003049,0,0
G11000100089051001,110010089051001,G11000100111003028,110010111003028,1,1
G11000100089051002,110010089051002,G11000100111003026,110010111003026,0.468486675,0.468486675
G11000100089051002,110010089051002,G11000100111003027,110010111003027,0.531513325,0.531513325
G11000100089051003,110010089051003,G11000100111003025,110010111003025,1,1
G11000100089051003,110010089051003,G11000100111003033,110010111003033,0,0
G11000100089051004,110010089051004,G11000100111003024,110010111003024,1,1
G11000100089051005,110010089051005,G11000100111003023,110010111003023,1,1
G11000100089051006,110010089051006,G11000100111003042,110010111003042,0.6960285753,1
G11000100089051006,110010089051006,G11000100111003044,110010111003044,0.3039714247,0
G11000100089051007,110010089051007,G11000100111003043,110010111003043,1,1
G11000100089051008,110010089051008,G11000100111003045,110010111003045,1,1
G11000100089051009,110010089051009,G11000100111003045,110010111003045,1,1
G11000100089051010,110010089051010,G11000100111003043,110010111003043,1,1
G11000100089051011,110010089051011,G11000100111003050,110010111003050,1,1
G11000100089051012,110010089051012,G11000100111003046,110010111003046,0.3684682895,0.3684682895
G11000100089051012,110010089051012,G11000100111003047,110010111003047,0.6315317105,0.6315317105
G11000100089051013,110010089051013,G11000100111003045,110010111003045,1,1
G11000100089051014,110010089051014,G11000100111003050,110010111003050,1,1
G11000100089051015,110010089051015,G11000100111003050,110010111003050,0.1003963919,0.1003963919
G11000100089051015,110010089051015,G11000100111003051,110010111003051,0.0068997454,0.0068997454
G11000100089051015,110010089051015,G11000100111003052,110010111003052,0.8927038627,0.8927038627
G11000100089051016,110010089051016,G11000100111003052,110010111003052,0.8398769348,0.8398769348
G11000100089051016,110010089051016,G11000100111003054,110010111003054,0.1047675833,0.1047675833
G11000100089051016,110010089051016,G11000100111003057,110010111003057,0.0553554819,0.0553554819
G11000100089051017,110010089051017,G11000100111003034,110010111003034,0,0
G11000100089051017,110010089051017,G11000100111003035,110010111003035,0.1738652427,0.1738652427
G11000100089051017,110010089051017,G11000100111003036,110010111003036,0.8261347573,0.8261347573
G11000100089051017,110010089051017,G11000100111003048,110010111003048,0,0
G11000100089051018,110010089051018,G11000100111003031,110010111003031,1,1
G11000100089051019,110010089051019,G11000100111003030,110010111003030,1,1
G11000100089051020,110010089051020,G11000100111003030,110010111003030,1,1
G11000100089051998,110010089051998,G11000100111003053,110010111003053,0.5354516982,0.5354516982
G11000100089051998,110010089051998,G11000100111003055,110010111003055,0.2995068749,0.2995068749
G11000100089051998,110010089051998,G11000100111003056,110010111003056,0.165041427,0.165041427
G11000100089051999,110010089051999,G11000100111003049,110010111003049,1,1
G11000100090001000,110010090001000,G11000100090001000,110010090001000,0.0011488219,0
G11000100090001000,110010090001000,G11000100090001001,110010090001001,0.7543791809,1
G11000100090001000,110010090001000,G11000100090001003,110010090001003,0.2444719972,0
G11000100090001001,110010090001001,G11000100090002000,110010090002000,0.1576251018,0.0833333333
G11000100090001001,110010090001001,G11000100090002001,110010090002001,0.1346652471,0.0143097643
G11000100090001001,110010090001001,G11000100090002002,110010090002002,0.7077096512,0.9023569024
G11000100090001002,110010090001002,G11000100090002003,110010090002003,0.162392113,0.271973466
G11000100090001002,110010090001002,G11000100090002004,110010090002004,0.837607887,0.728026534
G11000100090001003,110010090001003,G11000100090001002,110010090001002,0.044223595,0.0253565769
G11000100090001003,110010090001003,G11000100090001010,110010090001010,0.955776405,0.9746434231
G11000100090001004,110010090001004,G11000100090001006,110010090001006,0.8960964444,0.8960964444
G11000100090001004,110010090001004,G11000100090001007,110010090001007,0.0404977697,0.0404977697
G11000100090001004,110010090001004,G11000100090001008,110010090001008,0.0344391454,0.0344391454
G11000100090001004,110010090001004,G11000100090001009,110010090001009,0.0289666405,0.0289666405
G11000100090001998,110010090001998,G11000100090001005,110010090001005,1,1
G11000100090001999,110010090001999,G11000100090001004,110010090001004,1,1
G11000100091011000,110010091011000,G11000100111001004,110010111001004,1,1
G11000100091011001,110010091011001,G11000100111001000,110010111001000,1,1
G11000100091011002,110010091011002,G11000100111001002,110010111001002,1,1
G11000100091011003,110010091011003,G11000100111001003,110010111001003,1,1
G11000100091011004,110010091011004,G11000100111001001,110010111001001,1,1
G11000100091011005,110010091011005,G11000100111001036,110010111001036,1,1
G11000100091011006,110010091011006,G11000100111001037,110010111001037,1,1
G11000100091011007,110010091011007,G11000100111001035,110010111001035,1,1
G11000100091011008,110010091011008,G11000100111001006,110010111001006,1,1
G11000100091011009,110010091011009,G11000100111001005,110010111001005,1,1
G11000100091011010,110010091011010,G11000100111001005,110010111001005,1,1
G11000100091011011,110010091011011,G11000100111001007,110010111001007,1,1
G11000100091011012,110010091011012,G11000100111001008,110010111001008,1,1
G11000100091011013,110010091011013,G11000100111001006,110010111001006,1,1
G11000100091011014,110010091011014,G11000100111001010,110010111001010,1,1
G11000100091011015,110010091011015,G11000100111001011,110010111001011,1,1
G11000100091011016,110010091011016,G11000100111001017,110010111001017,1,1
G11000100091011017,110010091011017,G11000100111001009,110010111001009,1,1
G11000100091011018,110010091011018,G11000100111001018,110010111001018,1,1
G11000100091011019,110010091011019,G11000100111001015,110010111001015,1,1
G11000100091011020,110010091011020,G11000100111001016,110010111001016,1,1
G11000100091011021,110010091011021,G11000100111001016,110010111001016,0.7870024712,1
G11000100091011021,110010091011021,G11000100111001022,110010111001022,0.2129975288,0
G11000100091011022,110010091011022,G11000100111001021,110010111001021,1,1
G11000100091011023,110010091011023,G11000100111001020,110010111001020,1,1
G11000100091011024,110010091011024,G11000100111001019,110010111001019,1,1
G11000100091011025,110010091011025,G11000100111001026,110010111001026,1,1
G11000100091011026,110010091011026,G11000100111001027,110010111001027,1,1
G11000100091011027,110010091011027,G11000100111001013,110010111001013,1,1
G11000100091011028,110010091011028,G11000100111001014,110010111001014,1,1
G11000100091011029,110010091011029,G11000100111001012,110010111001012,1,1
G11000100091011030,110010091011030,G11000100111001012,110010111001012,0.2311630367,1
G11000100091011030,110010091011030,G11000100111001032,110010111001032,0.1698920502,0
G11000100091011030,110010091011030,G11000100111001033,110010111001033,0.291315197,0
G11000100091011030,110010091011030,G11000100111001034,110010111001034,0.307629716,0
G11000100091011031,110010091011031,G11000100111001025,110010111001025,1,1
G11000100091011032,110010091011032,G11000100111001024,110010111001024,1,1
G11000100091011033,110010091011033,G11000100111001023,110010111001023,1,1
G11000100091011034,110010091011034,G11000100111001029,110010111001029,1,1
G11000100091011035,110010091011035,G11000100111001028,110010111001028,1,1
G11000100091011036,110010091011036,G11000100111001028,110010111001028,1,1
G11000100091011037,110010091011037,G11000100111001030,110010111001030,1,1
G11000100091011038,110010091011038,G11000100111001031,110010111001031,1,1
G11000100091011039,110010091011039,G11000100111001038,110010111001038,1,1
G11000100091013000,110010091013000,G11000100111003000,110010111003000,1,1
G11000100091013001,110010091013001,G11000100111003000,110010111003000,0.0696054376,0
G11000100091013001,110010091013001,G11000100111003001,110010111003001,0.9303945624,1
G11000100091013002,110010091013002,G11000100111003002,110010111003002,1,1
G11000100091013003,110010091013003,G11000100111003006,110010111003006,1,1
G11000100091013004,110010091013004,G11000100111003007,110010111003007,1,1
G11000100091013005,110010091013005,G11000100111003007,110010111003007,1,1
G11000100091013006,110010091013006,G11000100111003005,110010111003005,1,1
G11000100091013007,110010091013007,G11000100111003003,110010111003003,1,1
G11000100091013008,110010091013008,G11000100111003001,110010111003001,1,1
G11000100091013009,110010091013009,G11000100111003004,110010111003004,1,1
G11000100091013010,110010091013010,G11000100111003011,110010111003011,1,1
G11000100091013011,110010091013011,G11000100111003010,110010111003010,1,1
G11000100091013012,110010091013012,G11000100111003008,110010111003008,1,1
G11000100091013013,110010091013013,G11000100111003009,110010111003009,1,1
G11000100091013014,110010091013014,G11000100111003007,110010111003007,1,1
G11000100091013015,110010091013015,G11000100111003007,110010111003007,1,1
G11000100091013016,110010091013016,G11000100111003014,110010111003014,1,1
G11000100091013017,110010091013017,G11000100111003013,110010111003013,1,1
G11000100091013018,110010091013018,G11000100111003013,110010111003013,1,1
G11000100091013019,110010091013019,G11000100111003012,110010111003012,1,1
G11000100091013020,110010091013020,G11000100111003017,110010111003017,1,1
G11000100091013021,110010091013021,G11000100111003016,110010111003016,1,1
G11000100091013022,110010091013022,G11000100111003015,110010111003015,1,1
G11000100091013023,110010091013023,G11000100111003018,110010111003018,0.983560349,1
G11000100091013023,110010091013023,G11000100111003022,110010111003022,0.016439651,0
G11000100091013024,110010091013024,G11000100111003019,110010111003019,0.6290654503,0.6290654503
G11000100091013024,110010091013024,G11000100111003020,110010111003020,0.3630741487,0.3630741487
G11000100091013024,110010091013024,G11000100111003021,110010111003021,0.007860401,0.007860401
G11000100091013025,110010091013025,G11000100111003023,110010111003023,1,1
G11000100091013026,110010091013026,G11000100111003032,110010111003032,1,1
G11000100091013027,110010091013027,G11000100111003037,110010111003037,1,1
G11000100091013028,110010091013028,G11000100111003023,110010111003023,1,1
G11000100091013029,110010091013029,G11000100111003038,110010111003038,1,1
G11000100091013030,110010091013030,G11000100111003039,110010111003039,1,1
G11000100091013031,110010091013031,G11000100111003040,110010111003040,1,1
G11000100091013032,110010091013032,G11000100111003041,110010111003041,1,1
G11000100091015000,110010091015000,G11000100111002002,110010111002002,1,1
G11000100091015001,110010091015001,G11000100111002000,110010111002000,1,1
G11000100091015002,110010091015002,G11000100111002001,110010111002001,1,1
G11000100091015003,110010091015003,G11000100111002004,110010111002004,1,1
G11000100091015004,110010091015004,G11000100111002005,110010111002005,1,1
G11000100091015005,110010091015005,G11000100111002006,110010111002006,1,1
G11000100091015006,110010091015006,G11000100111002003,110010111002003,1,1
G11000100091015007,110010091015007,G11000100111002009,110010111002009,1,1
G11000100091015008,110010091015008,G11000100111002007,110010111002007,1,1
G11000100091015009,110010091015009,G11000100111002008,110010111002008,1,1
G11000100091015010,110010091015010,G11000100111002014,110010111002014,1,1
G11000100091015011,110010091015011,G11000100111002013,110010111002013,1,1
G11000100091015012,110010091015012,G11000100111002012,110010111002012,1,1
G11000100091015013,110010091015013,G11000100111002011,110010111002011,1,1
G11000100091015014,110010091015014,G11000100111002010,110010111002010,1,1
G11000100091015015,110010091015015,G11000100111002026,110010111002026,1,1
G11000100091015016,110010091015016,G11000100111002025,110010111002025,1,1
G11000100091015017,110010091015017,G11000100111002023,110010111002023,1,1
G11000100091015018,110010091015018,G11000100111002022,110010111002022,1,1
G11000100091015019,110010091015019,G11000100111002021,110010111002021,1,1
G11000100091015020,110010091015020,G11000100111002020,110010111002020,1,1
G11000100091015021,110010091015021,G11000100111002015,110010111002015,1,1
G11000100091015022,110010091015022,G11000100111002016,110010111002016,1,1
G11000100091015023,110010091015023,G11000100111002017,110010111002017,1,1
G11000100091015024,110010091015024,G11000100111002018,110010111002018,1,1
G11000100091015025,110010091015025,G11000100111002019,110010111002019,1,1
G11000100091015026,110010091015026,G11000100111002027,110010111002027,1,1
G11000100091015027,110010091015027,G11000100111002028,110010111002028,1,1
G11000100091015028,110010091015028,G11000100111002029,110010111002029,1,1
G11000100091015029,110010091015029,G11000100111002030,110010111002030,1,1
G11000100091015030,110010091015030,G11000100111002024,110010111002024,1,1
G11000100091015031,110010091015031,G11000100111002031,110010111002031,1,1
G11000100091021000,110010091021000,G11000100091021000,110010091021000,1,1
G11000100091021001,110010091021001,G11000100091021001,110010091021001,1,1
G11000100091021002,110010091021002,G11000100091021002,110010091021002,1,1
G11000100091021003,110010091021003,G11000100091021003,110010091021003,1,1
G11000100091021004,110010091021004,G11000100091021004,110010091021004,1,1
G11000100091021005,110010091021005,G11000100091021005,110010091021005,1,1
G11000100091021006,110010091021006,G11000100091021006,110010091021006,1,1
G11000100091021007,110010091021007,G11000100091021007,110010091021007,1,1
G11000100091021008,110010091021008,G11000100091021013,110010091021013,1,1
G11000100091021009,110010091021009,G11000100091021012,110010091021012,1,1
G11000100091021010,110010091021010,G11000100091021011,110010091021011,1,1
G11000100091021011,110010091021011,G11000100091021010,110010091021010,1,1
G11000100091021012,110010091021012,G11000100091021009,110010091021009,1,1
G11000100091021013,110010091021013,G11000100091021008,110010091021008,1,1
G11000100091021014,110010091021014,G11000100091021014,110010091021014,1,1
G11000100091021015,110010091021015,G11000100091021014,110010091021014,0.9422132976,1
G11000100091021015,110010091021015,G11000100091021015,110010091021015,0.0577867024,0
G11000100091022000,110010091022000,G11000100091023002,110010091023002,1,1
G11000100091022001,110010091022001,G11000100091023001,110010091023001,1,1
G11000100091022002,110010091022002,G11000100091023000,110010091023000,1,1
G11000100091022003,110010091022003,G11000100091022000,110010091022000,1,1
G11000100091022004,110010091022004,G11000100091022001,110010091022001,1,1
G11000100091022005,110010091022005,G11000100091022002,110010091022002,1,1
G11000100091022006,110010091022006,G11000100091022003,110010091022003,0.4997458058,1
G11000100091022006,110010091022006,G11000100091022023,110010091022023,0.5002541942,0
G11000100091022007,110010091022007,G11000100091022004,110010091022004,1,1
G11000100091022008,110010091022008,G11000100091022025,110010091022025,1,1
G11000100091022009,110010091022009,G11000100091022024,110010091022024,1,1
G11000100091022010,110010091022010,G11000100091022006,110010091022006,1,1
G11000100091022011,110010091022011,G11000100091022008,110010091022008,1,1
G11000100091022012,110010091022012,G11000100091022005,110010091022005,1,1
G11000100091022013,110010091022013,G11000100091022010,110010091022010,0.6199665704,0.6202830189
G11000100091022013,110010091022013,G11000100091022011,110010091022011,0.3800334296,0.3797169811
G11000100091022014,110010091022014,G11000100091022009,110010091022009,1,1
G11000100091022015,110010091022015,G11000100091022007,110010091022007,1,1
G11000100091022016,110010091022016,G11000100091023003,110010091023003,1,1
G11000100091022017,110010091022017,G11000100091023004,110010091023004,1,1
G11000100091022018,110010091022018,G11000100091022006,110010091022006,0.5419369639,1
G11000100091022018,110010091022018,G11000100091022024,110010091022024,0.4580630361,0
G11000100091022019,110010091022019,G11000100091022012,110010091022012,1,1
G11000100091022020,110010091022020,G11000100091022013,110010091022013,1,1
G11000100091022021,110010091022021,G11000100091022014,110010091022014,0.991258635,0.991258635
G11000100091022021,110010091022021,G11000100091022015,110010091022015,0.008741365,0.008741365
G11000100091022022,110010091022022,G11000100091022016,110010091022016,1,1
G11000100091022023,110010091022023,G11000100091022017,110010091022017,1,1
G11000100091022024,110010091022024,G11000100091022018,110010091022018,1,1
G11000100091022025,110010091022025,G11000100091022021,110010091022021,0.2200389776,0.2200389776
G11000100091022025,110010091022025,G11000100091022022,110010091022022,0.7799610224,0.7799610224
G11000100091022026,110010091022026,G11000100091022020,110010091022020,1,1
G11000100091022027,110010091022027,G11000100091022026,110010091022026,1,1
G11000100091022028,110010091022028,G11000100091022027,110010091022027,1,1
G11000100091022029,110010091022029,G11000100091022028,110010091022028,1,1
G11000100091022030,110010091022030,G11000100091022028,110010091022028,1,1
G11000100091022031,110010091022031,G11000100091022019,110010091022019,1,1
G11000100092013000,110010092013000,G11000100092011000,110010092011000,0.0679202387,0.0679202387
G11000100092013000,110010092013000,G11000100092011001,110010092011001,0.8707905082,0.8707905082
G11000100092013000,110010092013000,G11000100092011017,110010092011017,0.0612892531,0.0612892531
G11000100092013001,110010092013001,G11000100092011002,110010092011002,1,1
G11000100092013002,110010092013002,G11000100092011003,110010092011003,1,1
G11000100092013003,110010092013003,G11000100092011012,110010092011012,1,1
G11000100092013004,110010092013004,G11000100092011013,110010092011013,1,1
G11000100092013005,110010092013005,G11000100092011011,110010092011011,1,1
G11000100092013006,110010092013006,G11000100092011010,110010092011010,1,1
G11000100092013007,110010092013007,G11000100092011004,110010092011004,0.9933378613,0.9173553719
G11000100092013007,110010092013007,G11000100092011005,110010092011005,0.0066621387,0.0826446281
G11000100092013008,110010092013008,G11000100092011006,110010092011006,1,1
G11000100092013009,110010092013009,G11000100092011007,110010092011007,1,1
G11000100092013010,110010092013010,G11000100092011008,110010092011008,1,1
G11000100092013011,110010092013011,G11000100092011014,110010092011014,1,1
G11000100092013012,110010092013012,G11000100092011015,110010092011015,1,1
G11000100092013013,110010092013013,G11000100092011016,110010092011016,1,1
G11000100092013014,110010092013014,G11000100092011009,110010092011009,1,1
G11000100092034000,110010092034000,G11000100092032000,110010092032000,1,1
G11000100092034001,110010092034001,G11000100092032001,110010092032001,1,1
G11000100092034002,110010092034002,G11000100092032002,110010092032002,1,1
G11000100092034003,110010092034003,G11000100092032003,110010092032003,1,1
G11000100092034004,110010092034004,G11000100092032004,110010092032004,1,1
G11000100092034005,110010092034005,G11000100092032005,110010092032005,1,1
G11000100092034006,110010092034006,G11000100092032011,110010092032011,1,1
G11000100092035000,110010092035000,G11000100092031000,110010092031000,0.9996060855,0.9972497571
G11000100092035000,110010092035000,G11000100092031002,110010092031002,0.0003939145,0.0027502429
G11000100092035001,110010092035001,G11000100092031001,110010092031001,1,1
G11000100092035002,110010092035002,G11000100092031002,110010092031002,0.2002875224,0.5104874112
G11000100092035002,110010092035002,G11000100092031003,110010092031003,0.1284365598,0.0195204407
G11000100092035002,110010092035002,G11000100092031004,110010092031004,0.0612022587,0.100605348
G11000100092035002,110010092035002,G11000100092031005,110010092031005,0.6100736591,0.3693868002
G11000100092036000,110010092036000,G11000100092032010,110010092032010,1,1
G11000100092036001,110010092036001,G11000100092032008,110010092032008,1,1
G11000100092036002,110010092036002,G11000100092032006,110010092032006,1,1
G11000100092036003,110010092036003,G11000100092032007,110010092032007,1,1
G11000100092036004,110010092036004,G11000100092032009,110010092032009,1,1
G11000100092036005,110010092036005,G11000100092032012,110010092032012,1,1
G11000100092036006,110010092036006,G11000100092032013,110010092032013,1,1
G11000100092042000,110010092042000,G11000100092042000,110010092042000,0.0775346584,0.1506814928
G11000100092042000,110010092042000,G11000100092042001,110010092042001,0.54103335,0.0666176772
G11000100092042000,110010092042000,G11000100092042002,110010092042002,0.0853571627,0.1399794955
G11000100092042000,110010092042000,G11000100092042003,110010092042003,0.2960748288,0.6427213345
G11000100092044000,110010092044000,G11000100092041000,110010092041000,1,1
G11000100092044001,110010092044001,G11000100092041001,110010092041001,1,1
G11000100092044002,110010092044002,G11000100092041002,110010092041002,1,1
G11000100092044003,110010092044003,G11000100092041002,110010092041002,1,1
G11000100092044004,110010092044004,G11000100092041003,110010092041003,1,1
G11000100092044005,110010092044005,G11000100092041004,110010092041004,1,1
G11000100092044006,110010092044006,G11000100092041006,110010092041006,1,1
G11000100092044007,110010092044007,G11000100092041005,110010092041005,1,1
G11000100092044008,110010092044008,G11000100092041007,110010092041007,1,1
G11000100093011000,110010093011000,G11000100093011000,110010093011000,1,1
G11000100093011001,110010093011001,G11000100093011001,110010093011001,1,1
G11000100093011002,110010093011002,G11000100093011002,110010093011002,1,1
G11000100093011003,110010093011003,G11000100093011003,110010093011003,1,1
G11000100093011004,110010093011004,G11000100093011004,110010093011004,1,1
G11000100093011005,110010093011005,G11000100093011005,110010093011005,1,1
G11000100093011006,110010093011006,G11000100093011006,110010093011006,1,1
G11000100093011007,110010093011007,G11000100093011007,110010093011007,1,1
G11000100093011008,110010093011008,G11000100093011008,110010093011008,1,1
G11000100093011009,110010093011009,G11000100093011009,110010093011009,1,1
G11000100093011010,110010093011010,G11000100093011010,110010093011010,1,1
G11000100093011011,110010093011011,G11000100093011011,110010093011011,1,1
G11000100093011012,110010093011012,G11000100093011012,110010093011012,1,1
G11000100093011013,110010093011013,G11000100093011013,110010093011013,1,1
G11000100093011014,110010093011014,G11000100093011014,110010093011014,1,1
G11000100093013000,110010093013000,G11000100093013000,110010093013000,1,1
G11000100093013001,110010093013001,G11000100093013000,110010093013000,1,1
G11000100093013002,110010093013002,G11000100093013001,110010093013001,0.369080208,0.2272727273
G11000100093013002,110010093013002,G11000100093013002,110010093013002,0.630919792,0.7727272727
G11000100093013003,110010093013003,G11000100093013003,110010093013003,1,1
G11000100093013004,110010093013004,G11000100093013004,110010093013004,1,1
G11000100093013005,110010093013005,G11000100093013005,110010093013005,1,1
G11000100093013006,110010093013006,G11000100093013006,110010093013006,1,1
G11000100093013007,110010093013007,G11000100093013007,110010093013007,1,1
G11000100093013008,110010093013008,G11000100093013008,110010093013008,1,1
G11000100093013009,110010093013009,G11000100093013009,110010093013009,1,1
G11000100093013010,110010093013010,G11000100093013010,110010093013010,1,1
G11000100093013011,110010093013011,G11000100093013011,110010093013011,1,1
G11000100093013012,110010093013012,G11000100093013009,110010093013009,0.018230563,0.020123839
G11000100093013012,110010093013012,G11000100093013013,110010093013013,0.981769437,0.979876161
G11000100093013013,110010093013013,G11000100093013014,110010093013014,1,1
G11000100093013014,110010093013014,G11000100093013015,110010093013015,1,1
G11000100093013015,110010093013015,G11000100093013019,110010093013019,1,1
G11000100093013016,110010093013016,G11000100093013018,110010093013018,1,1
G11000100093013017,110010093013017,G11000100093013017,110010093013017,1,1
G11000100093013018,110010093013018,G11000100093013016,110010093013016,1,1
G11000100093013019,110010093013019,G11000100093013017,110010093013017,0.0371179039,0.2052038411
G11000100093013019,110010093013019,G11000100093013024,110010093013024,0.9628820961,0.7947961589
G11000100093013020,110010093013020,G11000100093013021,110010093013021,1,1
G11000100093013021,110010093013021,G11000100093013022,110010093013022,1,1
G11000100093013022,110010093013022,G11000100093013020,110010093013020,1,1
G11000100093013023,110010093013023,G11000100093013023,110010093013023,1,1
G11000100093013024,110010093013024,G11000100093013012,110010093013012,1,1
G11000100093013025,110010093013025,G11000100093013012,110010093013012,1,1
G11000100093014000,110010093014000,G11000100093014000,110010093014000,1,1
G11000100093014001,110010093014001,G11000100093014001,110010093014001,1,1
G11000100093014002,110010093014002,G11000100093014002,110010093014002,1,1
G11000100093014003,110010093014003,G11000100093014003,110010093014003,1,1
G11000100093014004,110010093014004,G11000100093014004,110010093014004,1,1
G11000100093014005,110010093014005,G11000100093014005,110010093014005,1,1
G11000100093014006,110010093014006,G11000100093014006,110010093014006,1,1
G11000100093014007,110010093014007,G11000100093014007,110010093014007,1,1
G11000100093014008,110010093014008,G11000100093014008,110010093014008,1,1
G11000100093014009,110010093014009,G11000100093014009,110010093014009,1,1
G11000100093015000,110010093015000,G11000100093012000,110010093012000,1,1
G11000100093015001,110010093015001,G11000100093012001,110010093012001,1,1
G11000100093015002,110010093015002,G11000100093012002,110010093012002,1,1
G11000100093015003,110010093015003,G11000100093012003,110010093012003,0.6412034317,0.6412034317
G11000100093015003,110010093015003,G11000100093012004,110010093012004,0.2925138089,0.2925138089
G11000100093015003,110010093015003,G11000100093012005,110010093012005,0.0470090492,0.0470090492
G11000100093015003,110010093015003,G11000100093012006,110010093012006,0.0192737102,0.0192737102
G11000100093015004,110010093015004,G11000100093012005,110010093012005,0.599259543,0.599259543
G11000100093015004,110010093015004,G11000100093012006,110010093012006,0.400740457,0.400740457
G11000100093015005,110010093015005,G11000100093012007,110010093012007,1,1
G11000100093015006,110010093015006,G11000100093012008,110010093012008,1,1
G11000100093015007,110010093015007,G11000100093012009,110010093012009,1,1
G11000100093015008,110010093015008,G11000100093012010,110010093012010,1,1
G11000100093015009,110010093015009,G11000100093012011,110010093012011,1,1
G11000100093015010,110010093015010,G11000100093012012,110010093012012,1,1
G11000100093015011,110010093015011,G11000100093012013,110010093012013,1,1
G11000100093015012,110010093015012,G11000100093012014,110010093012014,1,1
G11000100093015013,110010093015013,G11000100093012015,110010093012015,1,1
G11000100093015014,110010093015014,G11000100093012016,110010093012016,1,1
G11000100093015015,110010093015015,G11000100093012017,110010093012017,1,1
G11000100093015016,110010093015016,G11000100093012018,110010093012018,1,1
G11000100093015017,110010093015017,G11000100093012019,110010093012019,1,1
G11000100093015018,110010093015018,G11000100093012020,110010093012020,1,1
G11000100093015019,110010093015019,G11000100093012021,110010093012021,1,1
G11000100093015020,110010093015020,G11000100093012022,110010093012022,1,1
G11000100093015021,110010093015021,G11000100093012023,110010093012023,1,1
G11000100093015022,110010093015022,G11000100093012024,110010093012024,1,1
G11000100093015023,110010093015023,G11000100093012025,110010093012025,1,1
G11000100093015024,110010093015024,G11000100093012026,110010093012026,1,1
G11000100093027000,110010093027000,G11000100093021000,110010093021000,1,1
G11000100093027001,110010093027001,G11000100093021001,110010093021001,1,1
G11000100093027002,110010093027002,G11000100093021002,110010093021002,1,1
G11000100093027003,110010093027003,G11000100093021003,110010093021003,1,1
G11000100093027004,110010093027004,G11000100093021004,110010093021004,1,1
G11000100093027005,110010093027005,G11000100093021005,110010093021005,1,1
G11000100093027006,110010093027006,G11000100093021006,110010093021006,1,1
G11000100093027007,110010093027007,G11000100093021007,110010093021007,1,1
G11000100093027008,110010093027008,G11000100093021008,110010093021008,1,1
G11000100093027009,110010093027009,G11000100093021016,110010093021016,1,1
G11000100093028000,110010093028000,G11000100093021009,110010093021009,1,1
G11000100093028001,110010093028001,G11000100093021010,110010093021010,1,1
G11000100093028002,110010093028002,G11000100093021011,110010093021011,1,1
G11000100093028003,110010093028003,G11000100093021011,110010093021011,0.5860517435,1
G11000100093028003,110010093028003,G11000100093021015,110010093021015,0.4139482565,0
G11000100093028004,110010093028004,G11000100093021014,110010093021014,1,1
G11000100093028005,110010093028005,G11000100093021013,110010093021013,1,1
G11000100093028006,110010093028006,G11000100093021012,110010093021012,1,1
G11000100093028007,110010093028007,G11000100093021017,110010093021017,1,1
G11000100094001000,110010094001000,G11000100094001005,110010094001005,1,1
G11000100094001001,110010094001001,G11000100094001006,110010094001006,1,1
G11000100094001002,110010094001002,G11000100094001018,110010094001018,1,1
G11000100094001003,110010094001003,G11000100094001016,110010094001016,1,1
G11000100094001004,110010094001004,G11000100094001009,110010094001009,1,1
G11000100094001005,110010094001005,G11000100094001003,110010094001003,1,1
G11000100094001006,110010094001006,G11000100094001001,110010094001001,1,1
G11000100094001007,110010094001007,G11000100094001000,110010094001000,1,1
G11000100094001008,110010094001008,G11000100094001002,110010094001002,1,1
G11000100094001009,110010094001009,G11000100094001007,110010094001007,1,1
G11000100094001010,110010094001010,G11000100094001008,110010094001008,1,1
G11000100094001011,110010094001011,G11000100094001017,110010094001017,1,1
G11000100094001012,110010094001012,G11000100094001015,110010094001015,1,1
G11000100094001013,110010094001013,G11000100094001010,110010094001010,1,1
G11000100094001014,110010094001014,G11000100094001011,110010094001011,1,1
G11000100094001015,110010094001015,G11000100094001004,110010094001004,1,1
G11000100094001016,110010094001016,G11000100094001012,110010094001012,1,1
G11000100094001017,110010094001017,G11000100094001013,110010094001013,1,1
G11000100094001018,110010094001018,G11000100094001014,110010094001014,1,1
G11000100094002000,110010094002000,G11000100094003007,110010094003007,1,1
G11000100094002001,110010094002001,G11000100094003006,110010094003006,1,1
G11000100094002002,110010094002002,G11000100094003000,110010094003000,1,1
G11000100094002003,110010094002003,G11000100094003010,110010094003010,1,1
G11000100094002004,110010094002004,G11000100094003009,110010094003009,1,1
G11000100094002005,110010094002005,G11000100094003008,110010094003008,1,1
G11000100094002006,110010094002006,G11000100094003020,110010094003020,1,1
G11000100094002007,110010094002007,G11000100094003019,110010094003019,1,1
G11000100094002008,110010094002008,G11000100094003025,110010094003025,1,1
G11000100094003000,110010094003000,G11000100094003001,110010094003001,1,1
G11000100094003001,110010094003001,G11000100094003002,110010094003002,0.9856590724,1
G11000100094003001,110010094003001,G11000100094003003,110010094003003,0.0143409276,0
G11000100094003002,110010094003002,G11000100094003004,110010094003004,1,1
G11000100094003003,110010094003003,G11000100094003005,110010094003005,1,1
G11000100094003004,110010094003004,G11000100094003015,110010094003015,1,1
G11000100094003005,110010094003005,G11000100094003014,110010094003014,1,1
G11000100094003006,110010094003006,G11000100094003013,110010094003013,1,1
G11000100094003007,110010094003007,G11000100094003012,110010094003012,1,1
G11000100094003008,110010094003008,G11000100094003011,110010094003011,1,1
G11000100094003009,110010094003009,G11000100094003016,110010094003016,1,1
G11000100094003010,110010094003010,G11000100094003017,110010094003017,1,1
G11000100094003011,110010094003011,G11000100094003018,110010094003018,1,1
G11000100094003012,110010094003012,G11000100094003021,110010094003021,1,1
G11000100094003013,110010094003013,G11000100094003022,110010094003022,1,1
G11000100094003014,110010094003014,G11000100094003023,110010094003023,1,1
G11000100094003015,110010094003015,G11000100094003024,110010094003024,1,1
G11000100094004000,110010094004000,G11000100094004000,110010094004000,1,1
G11000100094004001,110010094004001,G11000100094004001,110010094004001,1,1
G11000100094004002,110010094004002,G11000100094004002,110010094004002,1,1
G11000100094004003,110010094004003,G11000100094004004,110010094004004,1,1
G11000100094004004,110010094004004,G11000100094004004,110010094004004,1,1
G11000100094004005,110010094004005,G11000100094004005,110010094004005,1,1
G11000100094004006,110010094004006,G11000100094004003,110010094004003,1,1
G11000100094004007,110010094004007,G11000100094004006,110010094004006,1,1
G11000100094004008,110010094004008,G11000100094004007,110010094004007,0.4905165083,0.4158415842
G11000100094004008,110010094004008,G11000100094004008,110010094004008,0.5094834917,0.5841584158
G11000100094004009,110010094004009,G11000100094004009,110010094004009,1,1
G11000100094004010,110010094004010,G11000100094004010,110010094004010,1,1
G11000100094004011,110010094004011,G11000100094004011,110010094004011,1,1
G11000100094004012,110010094004012,G11000100094004012,110010094004012,1,1
G11000100094004013,110010094004013,G11000100094004013,110010094004013,1,1
G11000100094004014,110010094004014,G11000100094004014,110010094004014,1,1
G11000100094004015,110010094004015,G11000100094004015,110010094004015,1,1
G11000100094004016,110010094004016,G11000100094004016,110010094004016,1,1
G11000100094004017,110010094004017,G11000100094004017,110010094004017,1,1
G11000100094004018,110010094004018,G11000100094004018,110010094004018,1,1
G11000100094004019,110010094004019,G11000100094004019,110010094004019,1,1
G11000100094005000,110010094005000,G11000100094002015,110010094002015,1,1
G11000100094005001,110010094005001,G11000100094002014,110010094002014,1,1
G11000100094005002,110010094005002,G11000100094002009,110010094002009,1,1
G11000100094005003,110010094005003,G11000100094002008,110010094002008,1,1
G11000100094005004,110010094005004,G11000100094002007,110010094002007,1,1
G11000100094005005,110010094005005,G11000100094002004,110010094002004,1,1
G11000100094005006,110010094005006,G11000100094002003,110010094002003,1,1
G11000100094005007,110010094005007,G11000100094002002,110010094002002,1,1
G11000100094005008,110010094005008,G11000100094002001,110010094002001,1,1
G11000100094005009,110010094005009,G11000100094002000,110010094002000,1,1
G11000100094005010,110010094005010,G11000100094002005,110010094002005,1,1
G11000100094005011,110010094005011,G11000100094002006,110010094002006,1,1
G11000100094005012,110010094005012,G11000100094002011,110010094002011,1,1
G11000100094005013,110010094005013,G11000100094002010,110010094002010,1,1
G11000100094005014,110010094005014,G11000100094002013,110010094002013,1,1
G11000100094005015,110010094005015,G11000100094002012,110010094002012,1,1
G11000100094005016,110010094005016,G11000100094002017,110010094002017,1,1
G11000100094005017,110010094005017,G11000100094002016,110010094002016,1,1
G11000100094005018,110010094005018,G11000100094002025,110010094002025,1,1
G11000100094005019,110010094005019,G11000100094002019,110010094002019,1,1
G11000100094005020,110010094005020,G11000100094002018,110010094002018,1,1
G11000100094005021,110010094005021,G11000100094002020,110010094002020,0.8967943706,1
G11000100094005021,110010094005021,G11000100094002021,110010094002021,0.1032056294,0
G11000100094005022,110010094005022,G11000100094002022,110010094002022,1,1
G11000100094005023,110010094005023,G11000100094002023,110010094002023,1,1
G11000100094005024,110010094005024,G11000100094002024,110010094002024,1,1
G11000100095011000,110010095011000,G11000100095011000,110010095011000,0.9969750773,0.9969750773
G11000100095011000,110010095011000,G11000100095011008,110010095011008,0.0030249227,0.0030249227
G11000100095011001,110010095011001,G11000100095011001,110010095011001,1,1
G11000100095011002,110010095011002,G11000100095011002,110010095011002,1,1
G11000100095011003,110010095011003,G11000100095011003,110010095011003,1,1
G11000100095011004,110010095011004,G11000100095011006,110010095011006,1,1
G11000100095011005,110010095011005,G11000100095011005,110010095011005,1,1
G11000100095011006,110010095011006,G11000100095011004,110010095011004,1,1
G11000100095011007,110010095011007,G11000100095011007,110010095011007,1,1
G11000100095011008,110010095011008,G11000100095011009,110010095011009,1,1
G11000100095012000,110010095012000,G11000100095013012,110010095013012,1,1
G11000100095012001,110010095012001,G11000100095013010,110010095013010,1,1
G11000100095012002,110010095012002,G11000100095013009,110010095013009,1,1
G11000100095012003,110010095012003,G11000100095013011,110010095013011,1,1
G11000100095013000,110010095013000,G11000100095013005,110010095013005,1,1
G11000100095013001,110010095013001,G11000100095013004,110010095013004,1,1
G11000100095013002,110010095013002,G11000100095013002,110010095013002,1,1
G11000100095013003,110010095013003,G11000100095013001,110010095013001,1,1
G11000100095013004,110010095013004,G11000100095013000,110010095013000,1,1
G11000100095013005,110010095013005,G11000100095013003,110010095013003,1,1
G11000100095013006,110010095013006,G11000100095013006,110010095013006,1,1
G11000100095013007,110010095013007,G11000100095013007,110010095013007,1,1
G11000100095013008,110010095013008,G11000100095013008,110010095013008,1,1
G11000100095014000,110010095014000,G11000100095012002,110010095012002,1,1
G11000100095014001,110010095014001,G11000100095012001,110010095012001,1,1
G11000100095014002,110010095014002,G11000100095012000,110010095012000,1,1
G11000100095014003,110010095014003,G11000100095012003,110010095012003,1,1
G11000100095014004,110010095014004,G11000100095012004,110010095012004,1,1
G11000100095014005,110010095014005,G11000100095012005,110010095012005,1,1
G11000100095014006,110010095014006,G11000100095012006,110010095012006,1,1
G11000100095031000,110010095031000,G11000100095031000,110010095031000,0.7136863446,0.7136863446
G11000100095031000,110010095031000,G11000100095031004,110010095031004,0.2863136554,0.2863136554
G11000100095031001,110010095031001,G11000100095031001,110010095031001,1,1
G11000100095031002,110010095031002,G11000100095031002,110010095031002,1,1
G11000100095031003,110010095031003,G11000100095031017,110010095031017,1,1
G11000100095031004,110010095031004,G11000100095031003,110010095031003,1,1
G11000100095031005,110010095031005,G11000100095031009,110010095031009,1,1
G11000100095031006,110010095031006,G11000100095031005,110010095031005,1,1
G11000100095031007,110010095031007,G11000100095031010,110010095031010,1,1
G11000100095031008,110010095031008,G11000100095031006,110010095031006,1,1
G11000100095031009,110010095031009,G11000100095031008,110010095031008,1,1
G11000100095031010,110010095031010,G11000100095031007,110010095031007,1,1
G11000100095031011,110010095031011,G11000100095031012,110010095031012,1,1
G11000100095031012,110010095031012,G11000100095031011,110010095031011,1,1
G11000100095031013,110010095031013,G11000100095031014,110010095031014,1,1
G11000100095031014,110010095031014,G11000100095031013,110010095031013,1,1
G11000100095031015,110010095031015,G11000100095031015,110010095031015,1,1
G11000100095031016,110010095031016,G11000100095031016,110010095031016,1,1
G11000100095032000,110010095032000,G11000100095032000,110010095032000,1,1
G11000100095032001,110010095032001,G11000100095032001,110010095032001,1,1
G11000100095032002,110010095032002,G11000100095032002,110010095032002,0.9753668511,1
G11000100095032002,110010095032002,G11000100095032004,110010095032004,0.0246331489,0
G11000100095032003,110010095032003,G11000100095032005,110010095032005,1,1
G11000100095032004,110010095032004,G11000100095032006,110010095032006,1,1
G11000100095032005,110010095032005,G11000100095032015,110010095032015,1,1
G11000100095032006,110010095032006,G11000100095032014,110010095032014,1,1
G11000100095032007,110010095032007,G11000100095032003,110010095032003,1,1
G11000100095032008,110010095032008,G11000100095032007,110010095032007,0.3652794293,0.4834058834
G11000100095032008,110010095032008,G11000100095032010,110010095032010,0.2262257816,0.1501845906
G11000100095032008,110010095032008,G11000100095032011,110010095032011,0.4084947891,0.366409526
G11000100095032009,110010095032009,G11000100095032009,110010095032009,1,1
G11000100095032010,110010095032010,G11000100095032008,110010095032008,1,1
G11000100095032011,110010095032011,G11000100095032013,110010095032013,1,1
G11000100095032012,110010095032012,G11000100095032012,110010095032012,1,1
G11000100095033000,110010095033000,G11000100095033000,110010095033000,1,1
G11000100095033001,110010095033001,G11000100095033001,110010095033001,1,1
G11000100095033002,110010095033002,G11000100095033004,110010095033004,1,1
G11000100095033003,110010095033003,G11000100095033003,110010095033003,1,1
G11000100095033004,110010095033004,G11000100095033002,110010095033002,1,1
G11000100095033005,110010095033005,G11000100095033008,110010095033008,1,1
G11000100095033006,110010095033006,G11000100095033007,110010095033007,1,1
G11000100095033007,110010095033007,G11000100095033006,110010095033006,1,1
G11000100095033008,110010095033008,G11000100095033005,110010095033005,1,1
G11000100095033009,110010095033009,G11000100095033011,110010095033011,1,1
G11000100095033010,110010095033010,G11000100095033010,110010095033010,1,1
G11000100095033011,110010095033011,G11000100095033009,110010095033009,1,1
G11000100095033012,110010095033012,G11000100095033012,110010095033012,1,1
G11000100095033013,110010095033013,G11000100095033013,110010095033013,1,1
G11000100095033014,110010095033014,G11000100095033014,110010095033014,1,1
G11000100095033015,110010095033015,G11000100095033015,110010095033015,1,1
G11000100095033016,110010095033016,G11000100095033016,110010095033016,1,1
G11000100095033017,110010095033017,G11000100095033017,110010095033017,1,1
G11000100095046000,110010095046000,G11000100095041000,110010095041000,1,1
G11000100095046001,110010095046001,G11000100095041001,110010095041001,1,1
G11000100095046002,110010095046002,G11000100095041002,110010095041002,1,1
G11000100095046003,110010095046003,G11000100095041003,110010095041003,1,1
G11000100095046004,110010095046004,G11000100095041004,110010095041004,1,1
G11000100095046005,110010095046005,G11000100095041005,110010095041005,0.5100035798,0.885032538
G11000100095046005,110010095046005,G11000100095041015,110010095041015,0.4613579412,0.114967462
G11000100095046005,110010095046005,G11000100095041016,110010095041016,0.0063879718,0
G11000100095046005,110010095046005,G11000100095041022,110010095041022,0.0222505071,0
G11000100095046006,110010095046006,G11000100095041006,110010095041006,1,1
G11000100095046007,110010095046007,G11000100095041014,110010095041014,1,1
G11000100095046008,110010095046008,G11000100095041010,110010095041010,1,1
G11000100095046009,110010095046009,G11000100095041009,110010095041009,1,1
G11000100095046010,110010095046010,G11000100095041007,110010095041007,1,1
G11000100095046011,110010095046011,G11000100095041008,110010095041008,1,1
G11000100095046012,110010095046012,G11000100095041013,110010095041013,1,1
G11000100095046013,110010095046013,G11000100095041012,110010095041012,1,1
G11000100095046014,110010095046014,G11000100095041017,110010095041017,1,1
G11000100095046015,110010095046015,G11000100095041018,110010095041018,1,1
G11000100095046016,110010095046016,G11000100095041011,110010095041011,1,1
G11000100095046017,110010095046017,G11000100095041020,110010095041020,1,1
G11000100095046018,110010095046018,G11000100095041019,110010095041019,1,1
G11000100095046019,110010095046019,G11000100095041021,110010095041021,1,1
G11000100095046020,110010095046020,G11000100095041024,110010095041024,1,1
G11000100095046021,110010095046021,G11000100095041023,110010095041023,0.8638805188,0.8638805188
G11000100095046021,110010095046021,G11000100095041026,110010095041026,0.1361194812,0.1361194812
G11000100095046022,110010095046022,G11000100095041025,110010095041025,1,1
G11000100095047000,110010095047000,G11000100095042000,110010095042000,1,1
G11000100095047001,110010095047001,G11000100095042001,110010095042001,0.7943595351,0.5457066387
G11000100095047001,110010095047001,G11000100095042003,110010095042003,0.0039627404,0
G11000100095047001,110010095047001,G11000100095042005,110010095042005,0.0037818684,0.0090033289
G11000100095047001,110010095047001,G11000100095042006,110010095042006,0.0442094936,0.2271719944
G11000100095047001,110010095047001,G11000100095042008,110010095042008,0.123390308,0.1374555183
G11000100095047001,110010095047001,G11000100095042018,110010095042018,0.0302960545,0.0806625197
G11000100095047002,110010095047002,G11000100095042009,110010095042009,1,1
G11000100095047003,110010095047003,G11000100095042007,110010095042007,1,1
G11000100095047004,110010095047004,G11000100095042005,110010095042005,1,1
G11000100095047005,110010095047005,G11000100095042004,110010095042004,1,1
G11000100095047006,110010095047006,G11000100095042012,110010095042012,1,1
G11000100095047007,110010095047007,G11000100095042013,110010095042013,1,1
G11000100095047008,110010095047008,G11000100095042014,110010095042014,1,1
G11000100095047009,110010095047009,G11000100095042016,110010095042016,1,1
G11000100095047010,110010095047010,G11000100095042017,110010095042017,1,1
G11000100095047011,110010095047011,G11000100095042011,110010095042011,1,1
G11000100095047012,110010095047012,G11000100095042010,110010095042010,1,1
G11000100095047013,110010095047013,G11000100095042002,110010095042002,1,1
G11000100095047014,110010095047014,G11000100095042015,110010095042015,1,1
G11000100095052000,110010095052000,G11000100095052008,110010095052008,0.9743530231,0.9076923077
G11000100095052000,110010095052000,G11000100095052009,110010095052009,0.0256469769,0.0923076923
G11000100095052001,110010095052001,G11000100095052005,110010095052005,1,1
G11000100095052002,110010095052002,G11000100095052001,110010095052001,1,1
G11000100095052003,110010095052003,G11000100095052000,110010095052000,1,1
G11000100095052004,110010095052004,G11000100095052003,110010095052003,1,1
G11000100095052005,110010095052005,G11000100095052002,110010095052002,1,1
G11000100095052006,110010095052006,G11000100095052004,110010095052004,1,1
G11000100095052007,110010095052007,G11000100095052006,110010095052006,1,1
G11000100095052008,110010095052008,G11000100095052007,110010095052007,1,1
G11000100095052009,110010095052009,G11000100095052011,110010095052011,1,1
G11000100095052010,110010095052010,G11000100095052012,110010095052012,1,1
G11000100095052011,110010095052011,G11000100095052013,110010095052013,0.7606235438,0
G11000100095052011,110010095052011,G11000100095052016,110010095052016,0.2393764562,1
G11000100095052012,110010095052012,G11000100095052010,110010095052010,1,1
G11000100095052013,110010095052013,G11000100095052015,110010095052015,1,1
G11000100095052014,110010095052014,G11000100095052016,110010095052016,1,1
G11000100095052015,110010095052015,G11000100095052017,110010095052017,1,1
G11000100095052016,110010095052016,G11000100095052014,110010095052014,0.8418799062,0
G11000100095052016,110010095052016,G11000100095052017,110010095052017,0.1581200938,1
G11000100095052017,110010095052017,G11000100095052018,110010095052018,1,1
G11000100095052018,110010095052018,G11000100095052019,110010095052019,1,1
G11000100095052019,110010095052019,G11000100095052021,110010095052021,1,1
G11000100095052020,110010095052020,G11000100095052020,110010095052020,1,1
G11000100095052021,110010095052021,G11000100095052022,110010095052022,1,1
G11000100095054000,110010095054000,G11000100095051004,110010095051004,1,1
G11000100095054001,110010095054001,G11000100095051003,110010095051003,1,1
G11000100095054002,110010095054002,G11000100095051002,110010095051002,1,1
G11000100095054003,110010095054003,G11000100095051000,110010095051000,1,1
G11000100095054004,110010095054004,G11000100095051001,110010095051001,1,1
G11000100095054005,110010095054005,G11000100095051001,110010095051001,1,1
G11000100095054006,110010095054006,G11000100095051005,110010095051005,1,1
G11000100095054007,110010095054007,G11000100095051006,110010095051006,1,1
G11000100095054008,110010095054008,G11000100095051007,110010095051007,1,1
G11000100095054009,110010095054009,G11000100095051008,110010095051008,1,1
G11000100095054010,110010095054010,G11000100095051009,110010095051009,1,1
G11000100095056000,110010095056000,G11000100095053002,110010095053002,1,1
G11000100095056001,110010095056001,G11000100095053001,110010095053001,1,1
G11000100095056002,110010095056002,G11000100095053000,110010095053000,1,1
G11000100095056003,110010095056003,G11000100095053003,110010095053003,1,1
G11000100095056004,110010095056004,G11000100095053004,110010095053004,1,1
G11000100095056005,110010095056005,G11000100095053005,110010095053005,1,1
G11000100095056006,110010095056006,G11000100095053008,110010095053008,1,1
G11000100095056007,110010095056007,G11000100095053007,110010095053007,1,1
G11000100095056008,110010095056008,G11000100095053006,110010095053006,1,1
G11000100095056009,110010095056009,G11000100095053014,110010095053014,1,1
G11000100095056010,110010095056010,G11000100095053013,110010095053013,1,1
G11000100095056011,110010095056011,G11000100095053009,110010095053009,1,1
G11000100095056012,110010095056012,G11000100095053011,110010095053011,1,1
G11000100095056013,110010095056013,G11000100095053010,110010095053010,0.4194824509,0.3454545455
G11000100095056013,110010095056013,G11000100095053015,110010095053015,0.2903926234,0.2909090909
G11000100095056013,110010095056013,G11000100095053020,110010095053020,0.2901249256,0.3636363636
G11000100095056014,110010095056014,G11000100095053012,110010095053012,1,1
G11000100095056015,110010095056015,G11000100095053018,110010095053018,1,1
G11000100095056016,110010095056016,G11000100095053017,110010095053017,1,1
G11000100095056017,110010095056017,G11000100095053016,110010095053016,1,1
G11000100095056018,110010095056018,G11000100095053019,110010095053019,1,1
G11000100095056019,110010095056019,G11000100095053022,110010095053022,1,1
G11000100095056020,110010095056020,G11000100095053021,110010095053021,1,1
G11000100095071000,110010095071000,G11000100095071006,110010095071006,1,1
G11000100095071001,110010095071001,G11000100095071001,110010095071001,1,1
G11000100095071002,110010095071002,G11000100095071002,110010095071002,1,1
G11000100095071003,110010095071003,G11000100095071003,110010095071003,1,1
G11000100095071004,110010095071004,G11000100095071004,110010095071004,1,1
G11000100095071005,110010095071005,G11000100095071005,110010095071005,1,1
G11000100095071006,110010095071006,G11000100095071007,110010095071007,1,1
G11000100095071007,110010095071007,G11000100095071000,110010095071000,1,1
G11000100095071008,110010095071008,G11000100095071008,110010095071008,1,1
G11000100095071009,110010095071009,G11000100095071009,110010095071009,1,1
G11000100095071010,110010095071010,G11000100095071010,110010095071010,1,1
G11000100095071011,110010095071011,G11000100095071009,110010095071009,1,1
G11000100095071012,110010095071012,G11000100095071009,110010095071009,1,1
G11000100095082000,110010095082000,G11000100095082003,110010095082003,1,1
G11000100095082001,110010095082001,G11000100095082002,110010095082002,1,1
G11000100095082002,110010095082002,G11000100095082000,110010095082000,1,1
G11000100095082003,110010095082003,G11000100095082001,110010095082001,1,1
G11000100095082004,110010095082004,G11000100095082008,110010095082008,1,1
G11000100095082005,110010095082005,G11000100095082005,110010095082005,1,1
G11000100095082006,110010095082006,G11000100095082006,110010095082006,1,1
G11000100095082007,110010095082007,G11000100095082007,110010095082007,1,1
G11000100095082008,110010095082008,G11000100095082004,110010095082004,1,1
G11000100095083000,110010095083000,G11000100095083006,110010095083006,1,1
G11000100095083001,110010095083001,G11000100095083000,110010095083000,1,1
G11000100095083002,110010095083002,G11000100095083001,110010095083001,1,1
G11000100095083003,110010095083003,G11000100095083002,110010095083002,1,1
G11000100095083004,110010095083004,G11000100095083003,110010095083003,1,1
G11000100095083005,110010095083005,G11000100095083004,110010095083004,1,1
G11000100095083006,110010095083006,G11000100095083005,110010095083005,1,1
G11000100095083007,110010095083007,G11000100095083007,110010095083007,1,1
G11000100095084000,110010095084000,G11000100095081012,110010095081012,1,1
G11000100095084001,110010095084001,G11000100095081000,110010095081000,0.4306799844,0
G11000100095084001,110010095084001,G11000100095081001,110010095081001,0.0144677536,0
G11000100095084001,110010095084001,G11000100095081003,110010095081003,0.3628623894,0.6326530612
G11000100095084001,110010095084001,G11000100095081011,110010095081011,0.1919898726,0.3673469388
G11000100095084002,110010095084002,G11000100095081004,110010095081004,1,1
G11000100095084003,110010095084003,G11000100095081005,110010095081005,1,1
G11000100095084004,110010095084004,G11000100095081000,110010095081000,1,1
G11000100095084005,110010095084005,G11000100095081000,110010095081000,1,1
G11000100095084006,110010095084006,G11000100095081002,110010095081002,1,1
G11000100095084007,110010095084007,G11000100095081007,110010095081007,0.9971801393,0.9971801393
G11000100095084007,110010095084007,G11000100095081010,110010095081010,0.0028198607,0.0028198607
G11000100095084008,110010095084008,G11000100095081006,110010095081006,1,1
G11000100095084009,110010095084009,G11000100095081009,110010095081009,1,1
G11000100095084010,110010095084010,G11000100095081008,110010095081008,1,1
G11000100095091000,110010095091000,G11000100095091000,110010095091000,1,1
G11000100095091001,110010095091001,G11000100095091001,110010095091001,1,1
G11000100095091002,110010095091002,G11000100095091002,110010095091002,1,1
G11000100095091003,110010095091003,G11000100095091003,110010095091003,1,1
G11000100095091004,110010095091004,G11000100095091004,110010095091004,1,1
G11000100095091005,110010095091005,G11000100095091007,110010095091007,1,1
G11000100095091006,110010095091006,G11000100095091006,110010095091006,1,1
G11000100095091007,110010095091007,G11000100095091005,110010095091005,1,1
G11000100095091008,110010095091008,G11000100095091009,110010095091009,1,1
G11000100095091009,110010095091009,G11000100095091008,110010095091008,1,1
G11000100095092000,110010095092000,G11000100095092009,110010095092009,1,1
G11000100095092001,110010095092001,G11000100095092008,110010095092008,1,1
G11000100095092002,110010095092002,G11000100095092007,110010095092007,1,1
G11000100095092003,110010095092003,G11000100095092001,110010095092001,1,1
G11000100095092004,110010095092004,G11000100095092000,110010095092000,1,1
G11000100095092005,110010095092005,G11000100095092002,110010095092002,1,1
G11000100095092006,110010095092006,G11000100095092003,110010095092003,1,1
G11000100095092007,110010095092007,G11000100095092004,110010095092004,1,1
G11000100095092008,110010095092008,G11000100095092005,110010095092005,1,1
G11000100095092009,110010095092009,G11000100095092006,110010095092006,1,1
G11000100095092010,110010095092010,G11000100095092011,110010095092011,1,1
G11000100095092011,110010095092011,G11000100095092010,110010095092010,1,1
G11000100095092012,110010095092012,G11000100095092012,110010095092012,1,1
G11000100095098000,110010095098000,G11000100095093003,110010095093003,1,1
G11000100095098001,110010095098001,G11000100095093002,110010095093002,1,1
G11000100095098002,110010095098002,G11000100095093000,110010095093000,1,1
G11000100095098003,110010095098003,G11000100095093001,110010095093001,0.5738123041,0.1128608924
G11000100095098003,110010095098003,G11000100095093004,110010095093004,0.4014094606,0.842519685
G11000100095098003,110010095098003,G11000100095093005,110010095093005,0.0247782353,0.0446194226
G11000100096011000,110010096011000,G11000100096011044,110010096011044,1,1
G11000100096011001,110010096011001,G11000100096011037,110010096011037,1,1
G11000100096011002,110010096011002,G11000100096011039,110010096011039,0.894643115,0.9706639149
G11000100096011002,110010096011002,G11000100096011040,110010096011040,0.105356885,0.0293360851
G11000100096011003,110010096011003,G11000100096011012,110010096011012,0.6755102041,0.9911443439
G11000100096011003,110010096011003,G11000100096011036,110010096011036,0.3244897959,0.0088556561
G11000100096011004,110010096011004,G11000100096011006,110010096011006,1,1
G11000100096011005,110010096011005,G11000100096011008,110010096011008,1,1
G11000100096011006,110010096011006,G11000100096011010,110010096011010,1,1
G11000100096011007,110010096011007,G11000100096011009,110010096011009,1,1
G11000100096011008,110010096011008,G11000100096011007,110010096011007,1,1
G11000100096011009,110010096011009,G11000100096011016,110010096011016,1,1
G11000100096011010,110010096011010,G11000100096011015,110010096011015,1,1
G11000100096011011,110010096011011,G11000100096011025,110010096011025,1,1
G11000100096011012,110010096011012,G11000100096011017,110010096011017,0.9898496096,0.9898496096
G11000100096011012,110010096011012,G11000100096011020,110010096011020,0.0051396639,0.0051396639
G11000100096011012,110010096011012,G11000100096011045,110010096011045,0.0050107265,0.0050107265
G11000100096011013,110010096011013,G11000100096011019,110010096011019,1,1
G11000100096011014,110010096011014,G11000100096011021,110010096011021,1,1
G11000100096011015,110010096011015,G11000100096011026,110010096011026,1,1
G11000100096011016,110010096011016,G11000100096011027,110010096011027,1,1
G11000100096011017,110010096011017,G11000100096011014,110010096011014,1,1
G11000100096011018,110010096011018,G11000100096011012,110010096011012,0.258463555,0.89610357
G11000100096011018,110010096011018,G11000100096011033,110010096011033,0.4103057734,0.0832851407
G11000100096011018,110010096011018,G11000100096011036,110010096011036,0.319618244,0.0206112893
G11000100096011018,110010096011018,G11000100096011041,110010096011041,0.0116124276,0
G11000100096011019,110010096011019,G11000100096011011,110010096011011,0.6285796517,0.9269406393
G11000100096011019,110010096011019,G11000100096011013,110010096011013,0.3714203483,0.0730593607
G11000100096011020,110010096011020,G11000100096011038,110010096011038,0.8702432667,0.9751607029
G11000100096011020,110010096011020,G11000100096011040,110010096011040,0.1297567333,0.0248392971
G11000100096011021,110010096011021,G11000100096011037,110010096011037,1,1
G11000100096011022,110010096011022,G11000100096011037,110010096011037,0.8247224546,0.8325963173
G11000100096011022,110010096011022,G11000100096011040,110010096011040,0.1169195288,0.1674036827
G11000100096011022,110010096011022,G11000100096011043,110010096011043,0.0583580166,0
G11000100096011023,110010096011023,G11000100096011037,110010096011037,0.3980411121,1
G11000100096011023,110010096011023,G11000100096011042,110010096011042,0.0951657225,0
G11000100096011023,110010096011023,G11000100096011043,110010096011043,0.5067931654,0
G11000100096011024,110010096011024,G11000100096011048,110010096011048,0.2606438214,0.2606438214
G11000100096011024,110010096011024,G11000100096011049,110010096011049,0.7393561786,0.7393561786
G11000100096011025,110010096011025,G11000100096011046,110010096011046,0.7978090767,0.7978090767
G11000100096011025,110010096011025,G11000100096011047,110010096011047,0.2021909233,0.2021909233
G11000100096011026,110010096011026,G11000100096011022,110010096011022,1,1
G11000100096011027,110010096011027,G11000100096011018,110010096011018,1,1
G11000100096011028,110010096011028,G11000100096011032,110010096011032,1,1
G11000100096011029,110010096011029,G11000100096011035,110010096011035,1,1
G11000100096011030,110010096011030,G11000100096011034,110010096011034,1,1
G11000100096011031,110010096011031,G11000100096011028,110010096011028,1,1
G11000100096011032,110010096011032,G11000100096011029,110010096011029,1,1
G11000100096011033,110010096011033,G11000100096011030,110010096011030,1,1
G11000100096011034,110010096011034,G11000100096011031,110010096011031,1,1
G11000100096011035,110010096011035,G11000100096011024,110010096011024,1,1
G11000100096011036,110010096011036,G11000100096011005,110010096011005,1,1
G11000100096011037,110010096011037,G11000100096011002,110010096011002,1,1
G11000100096011038,110010096011038,G11000100096011003,110010096011003,1,1
G11000100096011998,110010096011998,G11000100096011001,110010096011001,0.0462019282,0.0462019282
G11000100096011998,110010096011998,G11000100096011004,110010096011004,0.4686115459,0.4686115459
G11000100096011998,110010096011998,G11000100096011023,110010096011023,0.4851865259,0.4851865259
G11000100096011999,110010096011999,G11000100096011000,110010096011000,1,1
G11000100096023000,110010096023000,G11000100096021012,110010096021012,0.0107836555,0.0107836555
G11000100096023000,110010096023000,G11000100096021013,110010096021013,0.002713277,0.002713277
G11000100096023000,110010096023000,G11000100096022000,110010096022000,0.0360458386,0.0360458386
G11000100096023000,110010096023000,G11000100096022001,110010096022001,0.9504572288,0.9504572288
G11000100096023001,110010096023001,G11000100096021000,110010096021000,0.1564308094,0.1732241939
G11000100096023001,110010096023001,G11000100096021001,110010096021001,0.0744526459,0.0146483375
G11000100096023001,110010096023001,G11000100096021002,110010096021002,0.2038521423,0.2370391193
G11000100096023001,110010096023001,G11000100096022003,110010096022003,0.2461795744,0.2577176925
G11000100096023001,110010096023001,G11000100096022004,110010096022004,0.3190848279,0.3173706568
G11000100096023002,110010096023002,G11000100096021003,110010096021003,1,1
G11000100096023003,110010096023003,G11000100096021004,110010096021004,1,1
G11000100096023004,110010096023004,G11000100096021005,110010096021005,1,1
G11000100096023005,110010096023005,G11000100096021006,110010096021006,1,1
G11000100096023006,110010096023006,G11000100096021007,110010096021007,1,1
G11000100096023007,110010096023007,G11000100096021008,110010096021008,1,1
G11000100096023008,110010096023008,G11000100096021011,110010096021011,1,1
G11000100096023009,110010096023009,G11000100096021013,110010096021013,0.0355555556,0.0355555556
G11000100096023009,110010096023009,G11000100096021014,110010096021014,0.4339784946,0.4339784946
G11000100096023009,110010096023009,G11000100096021016,110010096021016,0.5304659498,0.5304659498
G11000100096023010,110010096023010,G11000100096021020,110010096021020,0.951135673,0.951135673
G11000100096023010,110010096023010,G11000100096021021,110010096021021,0.0286387116,0.0286387116
G11000100096023010,110010096023010,G11000100096021029,110010096021029,0.0202256153,0.0202256153
G11000100096023011,110010096023011,G11000100096021015,110010096021015,0.4579313007,0.4579313007
G11000100096023011,110010096023011,G11000100096021022,110010096021022,0.0492570436,0.0492570436
G11000100096023011,110010096023011,G11000100096021023,110010096021023,0.0000964878,0.0000964878
G11000100096023011,110010096023011,G11000100096021029,110010096021029,0.4927151679,0.4927151679
G11000100096023012,110010096023012,G11000100096021028,110010096021028,1,1
G11000100096023013,110010096023013,G11000100096021024,110010096021024,1,1
G11000100096023014,110010096023014,G11000100096021026,110010096021026,1,1
G11000100096023015,110010096023015,G11000100096021019,110010096021019,1,1
G11000100096023016,110010096023016,G11000100096021018,110010096021018,1,1
G11000100096023017,110010096023017,G11000100096021017,110010096021017,1,1
G11000100096023018,110010096023018,G11000100096021010,110010096021010,1,1
G11000100096023019,110010096023019,G11000100096021009,110010096021009,1,1
G11000100096023020,110010096023020,G11000100096021025,110010096021025,1,1
G11000100096023021,110010096023021,G11000100096021027,110010096021027,1,1
G11000100096023022,110010096023022,G11000100096021023,110010096021023,1,1
G11000100096023023,110010096023023,G11000100096022007,110010096022007,1,1
G11000100096023024,110010096023024,G11000100096022002,110010096022002,1,1
G11000100096023025,110010096023025,G11000100096022001,110010096022001,1,1
G11000100096023026,110010096023026,G11000100096022001,110010096022001,1,1
G11000100096023027,110010096023027,G11000100096022008,110010096022008,1,1
G11000100096023028,110010096023028,G11000100096021022,110010096021022,1,1
G11000100096023029,110010096023029,G11000100096022006,110010096022006,1,1
G11000100096023999,110010096023999,G11000100096022005,110010096022005,1,1
G11000100096031000,110010096031000,G11000100096031000,110010096031000,1,1
G11000100096031001,110010096031001,G11000100096031001,110010096031001,0.4502256256,1
G11000100096031001,110010096031001,G11000100096031002,110010096031002,0.5497743744,0
G11000100096031002,110010096031002,G11000100096031008,110010096031008,1,1
G11000100096031003,110010096031003,G11000100096031007,110010096031007,1,1
G11000100096031004,110010096031004,G11000100096031006,110010096031006,1,1
G11000100096031005,110010096031005,G11000100096031004,110010096031004,1,1
G11000100096031006,110010096031006,G11000100096031005,110010096031005,1,1
G11000100096031007,110010096031007,G11000100096031003,110010096031003,1,1
G11000100096032000,110010096032000,G11000100096032001,110010096032001,1,1
G11000100096032001,110010096032001,G11000100096032000,110010096032000,1,1
G11000100096032002,110010096032002,G11000100096032002,110010096032002,1,1
G11000100096032003,110010096032003,G11000100096032003,110010096032003,1,1
G11000100096032004,110010096032004,G11000100096032007,110010096032007,1,1
G11000100096032005,110010096032005,G11000100096032004,110010096032004,0.9643344377,0.9312901382
G11000100096032005,110010096032005,G11000100096032009,110010096032009,0.0356655623,0.0687098618
G11000100096032006,110010096032006,G11000100096032006,110010096032006,0.518206053,0.5344877961
G11000100096032006,110010096032006,G11000100096032009,110010096032009,0.481793947,0.4655122039
G11000100096032007,110010096032007,G11000100096032009,110010096032009,1,1
G11000100096032008,110010096032008,G11000100096032005,110010096032005,1,1
G11000100096032009,110010096032009,G11000100096032008,110010096032008,1,1
G11000100096033000,110010096033000,G11000100096033000,110010096033000,1,1
G11000100096033001,110010096033001,G11000100096033003,110010096033003,1,1
G11000100096033002,110010096033002,G11000100096033002,110010096033002,1,1
G11000100096033003,110010096033003,G11000100096033005,110010096033005,1,1
G11000100096033004,110010096033004,G11000100096033001,110010096033001,1,1
G11000100096033005,110010096033005,G11000100096033004,110010096033004,1,1
G11000100096044000,110010096044000,G11000100096041008,110010096041008,0.2236975592,0.2236975592
G11000100096044000,110010096044000,G11000100096041009,110010096041009,0.7763024408,0.7763024408
G11000100096044001,110010096044001,G11000100096041000,110010096041000,1,1
G11000100096044002,110010096044002,G11000100096041005,110010096041005,1,1
G11000100096044003,110010096044003,G11000100096041011,110010096041011,1,1
G11000100096044004,110010096044004,G11000100096041010,110010096041010,1,1
G11000100096044005,110010096044005,G11000100096041004,110010096041004,1,1
G11000100096044006,110010096044006,G11000100096041012,110010096041012,1,1
G11000100096044007,110010096044007,G11000100096041001,110010096041001,1,1
G11000100096044008,110010096044008,G11000100096041002,110010096041002,1,1
G11000100096044009,110010096044009,G11000100096041006,110010096041006,1,1
G11000100096044010,110010096044010,G11000100096041003,110010096041003,1,1
G11000100096044999,110010096044999,G11000100077082020,110010077082020,0.0006076996,0.0006076996
G11000100096044999,110010096044999,G11000100096041007,110010096041007,0.9993923004,0.9993923004
G11000100096045000,110010096045000,G11000100096042010,110010096042010,0.3472255299,0.3472255299
G11000100096045000,110010096045000,G11000100096042011,110010096042011,0.6527744701,0.6527744701
G11000100096045001,110010096045001,G11000100096042000,110010096042000,0.0866077528,0
G11000100096045001,110010096045001,G11000100096042001,110010096042001,0.9133922472,1
G11000100096045002,110010096045002,G11000100096042003,110010096042003,1,1
G11000100096045003,110010096045003,G11000100096042004,110010096042004,1,1
G11000100096045004,110010096045004,G11000100096042005,110010096042005,1,1
G11000100096045005,110010096045005,G11000100096042002,110010096042002,1,1
G11000100096045006,110010096045006,G11000100096042006,110010096042006,1,1
G11000100096045007,110010096045007,G11000100096042007,110010096042007,1,1
G11000100096045008,110010096045008,G11000100096042008,110010096042008,1,1
G11000100096045009,110010096045009,G11000100096042009,110010096042009,1,1
G11000100097001000,110010097001000,G11000100097001000,110010097001000,0,0
G11000100097001000,110010097001000,G11000100097001001,110010097001001,0,0
G11000100097001000,110010097001000,G11000100097001002,110010097001002,1,1
G11000100097001001,110010097001001,G11000100097001003,110010097001003,0.7202836091,0.6154791155
G11000100097001001,110010097001001,G11000100097001004,110010097001004,0.1167384958,0.1105651106
G11000100097001001,110010097001001,G11000100097001005,110010097001005,0.0198387321,0
G11000100097001001,110010097001001,G11000100097001006,110010097001006,0.1431391631,0.273955774
G11000100097001002,110010097001002,G11000100097001007,110010097001007,0.094090847,0.0668002672
G11000100097001002,110010097001002,G11000100097001008,110010097001008,0.0180418242,0
G11000100097001002,110010097001002,G11000100097001009,110010097001009,0.1076768873,0.0948563794
G11000100097001002,110010097001002,G11000100097001010,110010097001010,0.0035172445,0.0073480294
G11000100097001002,110010097001002,G11000100097001011,110010097001011,0.1648002187,0.1396125585
G11000100097001002,110010097001002,G11000100097001012,110010097001012,0.6118729783,0.6913827655
G11000100097001003,110010097001003,G11000100097001013,110010097001013,1,1
G11000100097001004,110010097001004,G11000100097001017,110010097001017,1,1
G11000100097001005,110010097001005,G11000100097001016,110010097001016,1,1
G11000100097001006,110010097001006,G11000100097001015,110010097001015,1,1
G11000100097001007,110010097001007,G11000100097001014,110010097001014,1,1
G11000100097002000,110010097002000,G11000100097002000,110010097002000,1,1
G11000100097002001,110010097002001,G11000100097002001,110010097002001,1,1
G11000100097002002,110010097002002,G11000100097002002,110010097002002,1,1
G11000100098011000,110010098011000,G11000100098011000,110010098011000,0,0
G11000100098011000,110010098011000,G11000100098011001,110010098011001,0,0
G11000100098011000,110010098011000,G11000100098011002,110010098011002,0.5105924596,0.5105924596
G11000100098011000,110010098011000,G11000100098011006,110010098011006,0.0253227323,0.0253227323
G11000100098011000,110010098011000,G11000100098011007,110010098011007,0.4640848081,0.4640848081
G11000100098011000,110010098011000,G11000100098011008,110010098011008,0,0
G11000100098011001,110010098011001,G11000100098011003,110010098011003,1,1
G11000100098011002,110010098011002,G11000100098011004,110010098011004,1,1
G11000100098011003,110010098011003,G11000100098011005,110010098011005,1,1
G11000100098011004,110010098011004,G11000100098011012,110010098011012,1,1
G11000100098011005,110010098011005,G11000100098011013,110010098011013,1,1
G11000100098011006,110010098011006,G11000100098011009,110010098011009,1,1
G11000100098011006,110010098011006,G11000100098011010,110010098011010,0,0
G11000100098011006,110010098011006,G11000100098011011,110010098011011,0,0
G11000100098011007,110010098011007,G11000100098011014,110010098011014,1,1
G11000100098021000,110010098021000,G11000100098021000,110010098021000,1,1
G11000100098021001,110010098021001,G11000100098021001,110010098021001,1,1
G11000100098022000,110010098022000,G11000100098022000,110010098022000,1,1
G11000100098022001,110010098022001,G11000100098022001,110010098022001,1,1
G11000100098022002,110010098022002,G11000100098022002,110010098022002,1,1
G11000100098022003,110010098022003,G11000100098022003,110010098022003,1,1
G11000100098032000,110010098032000,G11000100098032000,110010098032000,1,1
G11000100098032001,110010098032001,G11000100098032001,110010098032001,1,1
G11000100098032002,110010098032002,G11000100098032002,110010098032002,1,1
G11000100098032003,110010098032003,G11000100098032003,110010098032003,1,1
G11000100098032004,110010098032004,G11000100098032004,110010098032004,1,1
G11000100098032005,110010098032005,G11000100098032005,110010098032005,1,1
G11000100098032006,110010098032006,G11000100098032006,110010098032006,1,1
G11000100098032007,110010098032007,G11000100098032005,110010098032005,1,1
G11000100098033000,110010098033000,G11000100098033000,110010098033000,1,1
G11000100098033001,110010098033001,G11000100098033001,110010098033001,1,1
G11000100098033002,110010098033002,G11000100098033002,110010098033002,1,1
G11000100098033003,110010098033003,G11000100098033003,110010098033003,1,1
G11000100098033004,110010098033004,G11000100098033004,110010098033004,1,1
G11000100098033005,110010098033005,G11000100098033005,110010098033005,1,1
G11000100098034000,110010098034000,G11000100098031000,110010098031000,1,1
G11000100098034001,110010098034001,G11000100098031001,110010098031001,1,1
G11000100098034002,110010098034002,G11000100098031002,110010098031002,1,1
G11000100098034003,110010098034003,G11000100098031003,110010098031003,1,1
G11000100098034004,110010098034004,G11000100098031004,110010098031004,1,1
G11000100098034005,110010098034005,G11000100098031005,110010098031005,1,1
G11000100098034006,110010098034006,G11000100098031006,110010098031006,1,1
G11000100098041000,110010098041000,G11000100098041000,110010098041000,0.089449859,0.1042394015
G11000100098041000,110010098041000,G11000100098041001,110010098041001,0.8583673628,0.8244389027
G11000100098041000,110010098041000,G11000100098041002,110010098041002,0.0521827782,0.0713216958
G11000100098041001,110010098041001,G11000100098041003,110010098041003,1,1
G11000100098041002,110010098041002,G11000100098041005,110010098041005,1,1
G11000100098041003,110010098041003,G11000100098041004,110010098041004,1,1
G11000100098041004,110010098041004,G11000100098041006,110010098041006,1,1
G11000100098041005,110010098041005,G11000100098042004,110010098042004,0.1777870933,0.1526610644
G11000100098041005,110010098041005,G11000100098042005,110010098042005,0.8222129067,0.8473389356
G11000100098041006,110010098041006,G11000100098042003,110010098042003,1,1
G11000100098041007,110010098041007,G11000100098042001,110010098042001,1,1
G11000100098041008,110010098041008,G11000100098042000,110010098042000,1,1
G11000100098041009,110010098041009,G11000100098042002,110010098042002,1,1
G11000100098061000,110010098061000,G11000100098112000,110010098112000,1,1
G11000100098061001,110010098061001,G11000100098112001,110010098112001,1,1
G11000100098061002,110010098061002,G11000100098112002,110010098112002,1,1
G11000100098061003,110010098061003,G11000100098112003,110010098112003,1,1
G11000100098061004,110010098061004,G11000100098112004,110010098112004,1,1
G11000100098061005,110010098061005,G11000100098112005,110010098112005,1,1
G11000100098061006,110010098061006,G11000100098112006,110010098112006,1,1
G11000100098061007,110010098061007,G11000100098112007,110010098112007,1,1
G11000100098061008,110010098061008,G11000100098112008,110010098112008,1,1
G11000100098062000,110010098062000,G11000100098111001,110010098111001,0.9939044803,1
G11000100098062000,110010098062000,G11000100098111002,110010098111002,0.0060955197,0
G11000100098062001,110010098062001,G11000100098111000,110010098111000,1,1
G11000100098062002,110010098062002,G11000100098101000,110010098101000,0.9537690384,0.8887218045
G11000100098062002,110010098062002,G11000100098101001,110010098101001,0.0462309616,0.1112781955
G11000100098062003,110010098062003,G11000100098101002,110010098101002,1,1
G11000100098062003,110010098062003,G11000100098101003,110010098101003,0,0
G11000100098062003,110010098062003,G11000100098101004,110010098101004,0,0
G11000100098062003,110010098062003,G11000100098101007,110010098101007,0,0
G11000100098062004,110010098062004,G11000100098111003,110010098111003,1,1
G11000100098062005,110010098062005,G11000100098101006,110010098101006,1,1
G11000100098062006,110010098062006,G11000100098101005,110010098101005,0.9920553122,1
G11000100098062006,110010098062006,G11000100098101006,110010098101006,0.0079446878,0
G11000100098063000,110010098063000,G11000100098102000,110010098102000,1,1
G11000100098063001,110010098063001,G11000100098102001,110010098102001,1,1
G11000100098063002,110010098063002,G11000100098102002,110010098102002,1,1
G11000100098063003,110010098063003,G11000100098102004,110010098102004,1,1
G11000100098063004,110010098063004,G11000100098102003,110010098102003,1,1
G11000100098063005,110010098063005,G11000100098102005,110010098102005,1,1
G11000100098063006,110010098063006,G11000100098102006,110010098102006,1,1
G11000100098071000,110010098071000,G11000100098071001,110010098071001,1,1
G11000100098071001,110010098071001,G11000100098071000,110010098071000,0.6516864259,0.6516864259
G11000100098071001,110010098071001,G11000100098071008,110010098071008,0.3483135741,0.3483135741
G11000100098071002,110010098071002,G11000100098071002,110010098071002,0.2011631409,0.2011631409
G11000100098071002,110010098071002,G11000100098071003,110010098071003,0.7988368591,0.7988368591
G11000100098071003,110010098071003,G11000100098071005,110010098071005,1,1
G11000100098071004,110010098071004,G11000100098071007,110010098071007,1,1
G11000100098071005,110010098071005,G11000100098071009,110010098071009,1,1
G11000100098071006,110010098071006,G11000100098071010,110010098071010,1,1
G11000100098071007,110010098071007,G11000100098071011,110010098071011,1,1
G11000100098071008,110010098071008,G11000100098071012,110010098071012,1,1
G11000100098071009,110010098071009,G11000100098071004,110010098071004,1,1
G11000100098071010,110010098071010,G11000100098071006,110010098071006,1,1
G11000100098071011,110010098071011,G11000100098071013,110010098071013,1,1
G11000100098071012,110010098071012,G11000100098071014,110010098071014,1,1
G11000100098073000,110010098073000,G11000100098072000,110010098072000,1,1
G11000100098073001,110010098073001,G11000100098072001,110010098072001,1,1
G11000100098073002,110010098073002,G11000100098072003,110010098072003,0.3695140111,0.3695140111
G11000100098073002,110010098073002,G11000100098072004,110010098072004,0.6304859889,0.6304859889
G11000100098073003,110010098073003,G11000100098072002,110010098072002,1,1
G11000100098073004,110010098073004,G11000100098072008,110010098072008,1,1
G11000100098073005,110010098073005,G11000100098072006,110010098072006,1,1
G11000100098073006,110010098073006,G11000100098072005,110010098072005,1,1
G11000100098073007,110010098073007,G11000100098072007,110010098072007,1,1
G11000100098073008,110010098073008,G11000100098072009,110010098072009,1,1
G11000100098073009,110010098073009,G11000100098072010,110010098072010,1,1
G11000100098084000,110010098084000,G11000100109002003,110010109002003,0,0
G11000100098084000,110010098084000,G11000100109002005,110010109002005,0,0
G11000100098084000,110010098084000,G11000100109002006,110010109002006,0.9992894797,0.9992894797
G11000100098084000,110010098084000,G11000100109002007,110010109002007,0,0
G11000100098084000,110010098084000,G11000100109002023,110010109002023,0.0007105203,0.0007105203
G11000100098084000,110010098084000,G11000100109002024,110010109002024,0,0
G11000100098084001,110010098084001,G11000100109002002,110010109002002,1,1
G11000100098084002,110010098084002,G11000100109002000,110010109002000,1,1
G11000100098084003,110010098084003,G11000100109001000,110010109001000,1,1
G11000100098084004,110010098084004,G11000100109001001,110010109001001,1,1
G11000100098084005,110010098084005,G11000100109001002,110010109001002,1,1
G11000100098084006,110010098084006,G11000100109002001,110010109002001,0.0102084896,0
G11000100098084006,110010098084006,G11000100109002004,110010109002004,0.9897915104,1
G11000100098084007,110010098084007,G11000100109002002,110010109002002,1,1
G11000100098091000,110010098091000,G11000100104002027,110010104002027,0.8831774311,0.5510204082
G11000100098091000,110010098091000,G11000100104002028,110010104002028,0.0543662537,0
G11000100098091000,110010098091000,G11000100104002033,110010104002033,0.0565114584,0.4489795918
G11000100098091000,110010098091000,G11000100104002035,110010104002035,0.0059448567,0
G11000100098091001,110010098091001,G11000100104002034,110010104002034,1,1
G11000100098091002,110010098091002,G11000100104002024,110010104002024,1,1
G11000100098091003,110010098091003,G11000100104002025,110010104002025,0.8971154505,0.8971154505
G11000100098091003,110010098091003,G11000100104002038,110010104002038,0.1028845495,0.1028845495
G11000100098091004,110010098091004,G11000100104002000,110010104002000,0.3476251711,0
G11000100098091004,110010098091004,G11000100104002001,110010104002001,0.480957781,1
G11000100098091004,110010098091004,G11000100104002003,110010104002003,0.0243189131,0
G11000100098091004,110010098091004,G11000100104002005,110010104002005,0.0312984375,0
G11000100098091004,110010098091004,G11000100104002006,110010104002006,0.0863080866,0
G11000100098091004,110010098091004,G11000100104002026,110010104002026,0.0294916106,0
G11000100098091005,110010098091005,G11000100104002007,110010104002007,0.2402554983,0.2402554983
G11000100098091005,110010098091005,G11000100104002008,110010104002008,0.7597445017,0.7597445017
G11000100098091006,110010098091006,G11000100104002004,110010104002004,1,1
G11000100098091007,110010098091007,G11000100104002002,110010104002002,0.5760955209,0.5760955209
G11000100098091007,110010098091007,G11000100104002023,110010104002023,0.4239044791,0.4239044791
G11000100098091008,110010098091008,G11000100104002022,110010104002022,0.3664742665,0.3664742665
G11000100098091008,110010098091008,G11000100104002031,110010104002031,0.6335257335,0.6335257335
G11000100098091009,110010098091009,G11000100104002029,110010104002029,1,1
G11000100098091010,110010098091010,G11000100104002032,110010104002032,1,1
G11000100098091011,110010098091011,G11000100104002044,110010104002044,1,1
G11000100098091012,110010098091012,G11000100104002030,110010104002030,1,1
G11000100098091013,110010098091013,G11000100104002036,110010104002036,0.7013178624,0.7013178624
G11000100098091013,110010098091013,G11000100104002037,110010104002037,0.2986821376,0.2986821376
G11000100098091014,110010098091014,G11000100104002021,110010104002021,1,1
G11000100099014000,110010099014000,G11000100099012019,110010099012019,1,1
G11000100099014001,110010099014001,G11000100099012020,110010099012020,1,1
G11000100099014002,110010099014002,G11000100099012021,110010099012021,1,1
G11000100099014003,110010099014003,G11000100099012015,110010099012015,1,1
G11000100099014004,110010099014004,G11000100099012016,110010099012016,1,1
G11000100099014005,110010099014005,G11000100099012028,110010099012028,1,1
G11000100099014006,110010099014006,G11000100099012022,110010099012022,1,1
G11000100099015000,110010099015000,G11000100099012000,110010099012000,1,1
G11000100099015001,110010099015001,G11000100099012001,110010099012001,0.4580547011,0.4580547011
G11000100099015001,110010099015001,G11000100099012002,110010099012002,0.5419452989,0.5419452989
G11000100099015002,110010099015002,G11000100099012002,110010099012002,1,1
G11000100099015003,110010099015003,G11000100099012006,110010099012006,0.4180016515,0
G11000100099015003,110010099015003,G11000100099012007,110010099012007,0.5819983485,1
G11000100099015004,110010099015004,G11000100099012008,110010099012008,1,1
G11000100099015005,110010099015005,G11000100099012005,110010099012005,1,1
G11000100099015006,110010099015006,G11000100099012004,110010099012004,1,1
G11000100099015007,110010099015007,G11000100099012003,110010099012003,1,1
G11000100099015008,110010099015008,G11000100099012011,110010099012011,1,1
G11000100099015009,110010099015009,G11000100099012010,110010099012010,0.5470873919,0.2686913799
G11000100099015009,110010099015009,G11000100099012013,110010099012013,0.0805475485,0.0969465294
G11000100099015009,110010099015009,G11000100099012014,110010099012014,0.2964521373,0.4903088268
G11000100099015009,110010099015009,G11000100099012018,110010099012018,0.0759129223,0.144053264
G11000100099015010,110010099015010,G11000100099012012,110010099012012,1,1
G11000100099015011,110010099015011,G11000100099012017,110010099012017,1,1
G11000100099015012,110010099015012,G11000100099012025,110010099012025,1,1
G11000100099015013,110010099015013,G11000100099012024,110010099012024,1,1
G11000100099015014,110010099015014,G11000100099012023,110010099012023,1,1
G11000100099015015,110010099015015,G11000100099012026,110010099012026,1,1
G11000100099015016,110010099015016,G11000100099012027,110010099012027,1,1
G11000100099015017,110010099015017,G11000100099012009,110010099012009,1,1
G11000100099016000,110010099016000,G11000100099011000,110010099011000,1,1
G11000100099016001,110010099016001,G11000100099011001,110010099011001,1,1
G11000100099016002,110010099016002,G11000100099011002,110010099011002,1,1
G11000100099016003,110010099016003,G11000100099011005,110010099011005,1,1
G11000100099016004,110010099016004,G11000100099011004,110010099011004,1,1
G11000100099016005,110010099016005,G11000100099011003,110010099011003,1,1
G11000100099016006,110010099016006,G11000100099011007,110010099011007,1,1
G11000100099016007,110010099016007,G11000100099011006,110010099011006,0.4986429269,0.5199593346
G11000100099016007,110010099016007,G11000100099011013,110010099011013,0.5013570731,0.4800406654
G11000100099016008,110010099016008,G11000100099011008,110010099011008,1,1
G11000100099016009,110010099016009,G11000100099011009,110010099011009,1,1
G11000100099016010,110010099016010,G11000100099011011,110010099011011,1,1
G11000100099016011,110010099016011,G11000100099011010,110010099011010,1,1
G11000100099016012,110010099016012,G11000100099011012,110010099011012,1,1
G11000100099021000,110010099021000,G11000100099021004,110010099021004,1,1
G11000100099021001,110010099021001,G11000100099021002,110010099021002,0.9593158587,1
G11000100099021001,110010099021001,G11000100099021003,110010099021003,0.0406841413,0
G11000100099021002,110010099021002,G11000100099021001,110010099021001,1,1
G11000100099021003,110010099021003,G11000100099021000,110010099021000,1,1
G11000100099021004,110010099021004,G11000100099021013,110010099021013,1,1
G11000100099021005,110010099021005,G11000100099021012,110010099021012,1,1
G11000100099021006,110010099021006,G11000100099021017,110010099021017,1,1
G11000100099021007,110010099021007,G11000100099021008,110010099021008,1,1
G11000100099021008,110010099021008,G11000100099021009,110010099021009,1,1
G11000100099021009,110010099021009,G11000100099021005,110010099021005,1,1
G11000100099021010,110010099021010,G11000100099021006,110010099021006,1,1
G11000100099021011,110010099021011,G11000100099021007,110010099021007,1,1
G11000100099021012,110010099021012,G11000100099021011,110010099021011,1,1
G11000100099021013,110010099021013,G11000100099021015,110010099021015,1,1
G11000100099021014,110010099021014,G11000100099021014,110010099021014,1,1
G11000100099021015,110010099021015,G11000100099021010,110010099021010,0.5357077875,0.5266770865
G11000100099021015,110010099021015,G11000100099021016,110010099021016,0.4642922125,0.4733229135
G11000100099022000,110010099022000,G11000100099022000,110010099022000,1,1
G11000100099022001,110010099022001,G11000100099022003,110010099022003,1,1
G11000100099022002,110010099022002,G11000100099022002,110010099022002,1,1
G11000100099022003,110010099022003,G11000100099022006,110010099022006,1,1
G11000100099022004,110010099022004,G11000100099022001,110010099022001,1,1
G11000100099022005,110010099022005,G11000100099022008,110010099022008,1,1
G11000100099022006,110010099022006,G11000100099022009,110010099022009,1,1
G11000100099022007,110010099022007,G11000100099022005,110010099022005,1,1
G11000100099022008,110010099022008,G11000100099022004,110010099022004,1,1
G11000100099022009,110010099022009,G11000100099022007,110010099022007,1,1
G11000100099031000,110010099031000,G11000100099031000,110010099031000,1,1
G11000100099031001,110010099031001,G11000100099031001,110010099031001,0.7732747804,0.7850287908
G11000100099031001,110010099031001,G11000100099031002,110010099031002,0.2267252196,0.2149712092
G11000100099031002,110010099031002,G11000100099031003,110010099031003,1,1
G11000100099035000,110010099035000,G11000100099032000,110010099032000,0.807585707,0.7121212121
G11000100099035000,110010099035000,G11000100099032006,110010099032006,0.192414293,0.2878787879
G11000100099035001,110010099035001,G11000100099032001,110010099032001,1,1
G11000100099035002,110010099035002,G11000100099032002,110010099032002,1,1
G11000100099035003,110010099035003,G11000100099032003,110010099032003,1,1
G11000100099035004,110010099035004,G11000100099032004,110010099032004,1,1
G11000100099035005,110010099035005,G11000100099032005,110010099032005,1,1
G11000100099035006,110010099035006,G11000100099032008,110010099032008,1,1
G11000100099035007,110010099035007,G11000100099032007,110010099032007,1,1
G11000100099043000,110010099043000,G11000100099042008,110010099042008,1,1
G11000100099043001,110010099043001,G11000100099042009,110010099042009,1,1
G11000100099044000,110010099044000,G11000100099042000,110010099042000,1,1
G11000100099044001,110010099044001,G11000100099042001,110010099042001,1,1
G11000100099044002,110010099044002,G11000100099042002,110010099042002,1,1
G11000100099044003,110010099044003,G11000100099042003,110010099042003,1,1
G11000100099044004,110010099044004,G11000100099042004,110010099042004,1,1
G11000100099044005,110010099044005,G11000100099042005,110010099042005,1,1
G11000100099044006,110010099044006,G11000100099042006,110010099042006,1,1
G11000100099044007,110010099044007,G11000100099042007,110010099042007,1,1
G11000100099046000,110010099046000,G11000100099041000,110010099041000,1,1
G11000100099046001,110010099046001,G11000100099041001,110010099041001,1,1
G11000100099046002,110010099046002,G11000100099041002,110010099041002,1,1
G11000100099046003,110010099046003,G11000100099041003,110010099041003,1,1
G11000100099046004,110010099046004,G11000100099041004,110010099041004,1,1
G11000100099046005,110010099046005,G11000100099041005,110010099041005,1,1
G11000100099046006,110010099046006,G11000100099041006,110010099041006,1,1
G11000100099046007,110010099046007,G11000100099041007,110010099041007,1,1
G11000100099046008,110010099046008,G11000100099041007,110010099041007,1,1
G11000100099046009,110010099046009,G11000100099041008,110010099041008,1,1
G11000100099046010,110010099046010,G11000100099041009,110010099041009,1,1
G11000100099052000,110010099052000,G11000100099052000,110010099052000,0.9926074148,1
G11000100099052000,110010099052000,G11000100099052001,110010099052001,0.0073925852,0
G11000100099052001,110010099052001,G11000100099052004,110010099052004,1,1
G11000100099052002,110010099052002,G11000100099052003,110010099052003,1,1
G11000100099052003,110010099052003,G11000100099052002,110010099052002,1,1
G11000100099052004,110010099052004,G11000100099052005,110010099052005,1,1
G11000100099052005,110010099052005,G11000100099052006,110010099052006,1,1
G11000100099052006,110010099052006,G11000100099052007,110010099052007,1,1
G11000100099052007,110010099052007,G11000100099052007,110010099052007,1,1
G11000100099052008,110010099052008,G11000100099052008,110010099052008,1,1
G11000100099053000,110010099053000,G11000100099053000,110010099053000,1,1
G11000100099053001,110010099053001,G11000100099053001,110010099053001,1,1
G11000100099053002,110010099053002,G11000100099053002,110010099053002,1,1
G11000100099053003,110010099053003,G11000100099053003,110010099053003,1,1
G11000100099053004,110010099053004,G11000100099053004,110010099053004,1,1
G11000100099053005,110010099053005,G11000100099053005,110010099053005,1,1
G11000100099053006,110010099053006,G11000100099053006,110010099053006,1,1
G11000100099053007,110010099053007,G11000100099053004,110010099053004,1,1
G11000100099054000,110010099054000,G11000100099051004,110010099051004,1,1
G11000100099054001,110010099054001,G11000100099051005,110010099051005,1,1
G11000100099054002,110010099054002,G11000100099051002,110010099051002,1,1
G11000100099054003,110010099054003,G11000100099051003,110010099051003,1,1
G11000100099054004,110010099054004,G11000100099051007,110010099051007,1,1
G11000100099054005,110010099054005,G11000100099051006,110010099051006,1,1
G11000100099054006,110010099054006,G11000100099051009,110010099051009,1,1
G11000100099054007,110010099054007,G11000100099051008,110010099051008,1,1
G11000100099054008,110010099054008,G11000100099051011,110010099051011,1,1
G11000100099054009,110010099054009,G11000100099051010,110010099051010,1,1
G11000100099054010,110010099054010,G11000100099051012,110010099051012,1,1
G11000100099054011,110010099054011,G11000100099051001,110010099051001,1,1
G11000100099054012,110010099054012,G11000100099051000,110010099051000,1,1
G11000100099061000,110010099061000,G11000100099061000,110010099061000,1,1
G11000100099061001,110010099061001,G11000100099061001,110010099061001,1,1
G11000100099061002,110010099061002,G11000100099061002,110010099061002,1,1
G11000100099061003,110010099061003,G11000100099061003,110010099061003,1,1
G11000100099061004,110010099061004,G11000100099061003,110010099061003,0.0071523683,0.0081341696
G11000100099061004,110010099061004,G11000100099061004,110010099061004,0.9928476317,0.9918658304
G11000100099061005,110010099061005,G11000100099061008,110010099061008,1,1
G11000100099061006,110010099061006,G11000100099061007,110010099061007,1,1
G11000100099061007,110010099061007,G11000100099061006,110010099061006,1,1
G11000100099061008,110010099061008,G11000100099061005,110010099061005,1,1
G11000100099072000,110010099072000,G11000100099072000,110010099072000,1,1
G11000100099072001,110010099072001,G11000100099072000,110010099072000,1,1
G11000100099072002,110010099072002,G11000100099072003,110010099072003,1,1
G11000100099072003,110010099072003,G11000100099072004,110010099072004,1,1
G11000100099072004,110010099072004,G11000100099072005,110010099072005,1,1
G11000100099072005,110010099072005,G11000100099071000,110010099071000,1,1
G11000100099072006,110010099072006,G11000100099071001,110010099071001,1,1
G11000100099072007,110010099072007,G11000100099072002,110010099072002,1,1
G11000100099072008,110010099072008,G11000100099072001,110010099072001,1,1
G11000100099072009,110010099072009,G11000100099072006,110010099072006,1,1
G11000100099072010,110010099072010,G11000100099071002,110010099071002,1,1
G11000100099072011,110010099072011,G11000100099071003,110010099071003,1,1
G11000100099072012,110010099072012,G11000100099071004,110010099071004,1,1
