GISJOIN,YEAR,STUSAB,REGIONA,DIVISIONA,STATE,STATEA,COUNTY,COUNTYA,COUSUBA,PLACEA,TRACTA,BLKGRPA,CONCITA,AIANHHA,RES_ONLYA,TRUSTA,AIHHTLI,AITSA,ANRCA,CBSAA,CSAA,METDIVA,CNECTA,NECTADIV,UAA,CDCURRA,SLDUA,SLDLA,ZCTA5A,SUBMCDA,SDELMA,SDSECA,SDUNIA,PCI,PUMAA,GEO_ID,BTTRA,BTBGA,TL_GEO_ID,NAME_E,ASVKE001,ASVKE002,ASVKE003,ASVKE004,ASVKE005,ASVKE006,ASVKE007,ASVKE008,ASVKE009,ASVKE010,ASVKE011,ASVKE012,ASVKE013,ASVKE014,ASVKE015,ASVKE016,ASVKE017,ASVKE018,ASVKE019,ASVKE020,ASVKE021,ASVKE022,ASVKE023,ASVKE024,ASVKE025,ASVKE026,ASVKE027,ASVKE028,ASVKE029,ASVKE030,ASVKE031,ASVKE032,ASVKE033,ASVKE034,ASVKE035,ASVKE036,ASVKE037,ASVKE038,ASVKE039,ASVKE040,ASVKE041,ASVKE042,ASVKE043,ASVKE044,ASVKE045,ASVKE046,ASVKE047,ASVKE048,ASVKE049,ASVKE050,ASVKE051,ASVKE052,ASVKE053,ASVKE054,ASVKE055,ASVKE056,ASVKE057,ASVKE058,ASVKE059,ASVKE060,ASVKE061,ASVKE062,ASVKE063,ASVKE064,NAME_M,ASVKM001,ASVKM002,ASVKM003,ASVKM004,ASVKM005,ASVKM006,ASVKM007,ASVKM008,ASVKM009,ASVKM010,ASVKM011,ASVKM012,ASVKM013,ASVKM014,ASVKM015,ASVKM016,ASVKM017,ASVKM018,ASVKM019,ASVKM020,ASVKM021,ASVKM022,ASVKM023,ASVKM024,ASVKM025,ASVKM026,ASVKM027,ASVKM028,ASVKM029,ASVKM030,ASVKM031,ASVKM032,ASVKM033,ASVKM034,ASVKM035,ASVKM036,ASVKM037,ASVKM038,ASVKM039,ASVKM040,ASVKM041,ASVKM042,ASVKM043,ASVKM044,ASVKM045,ASVKM046,ASVKM047,ASVKM048,ASVKM049,ASVKM050,ASVKM051,ASVKM052,ASVKM053,ASVKM054,ASVKM055,ASVKM056,ASVKM057,ASVKM058,ASVKM059,ASVKM060,ASVKM061,ASVKM062,ASVKM063,ASVKM064
"G11000100001011","2019-2023","DC",,,"District of Columbia","11","District of Columbia","001",,,"000101","1",,,,,,,,,,,".",".",,,,,,,,,,,,"1500000US110010001011",,,"110010001011","Block Group 1, Census Tract 1.01, District of Columbia, District of Columbia",367,7,0,0,0,0,0,0,7,0,7,0,0,0,0,0,0,7,0,20,0,0,0,0,0,0,20,0,18,0,0,0,0,0,0,18,0,32,0,0,0,12,0,20,0,0,30,0,8,0,14,0,8,0,0,253,109,76,46,22,0,0,0,0,"Block Group 1, Census Tract 1.01, District of Columbia, District of Columbia",110,11,14,14,14,14,14,14,11,14,13,14,14,14,14,14,14,13,14,32,14,14,14,14,14,14,32,14,21,14,14,14,14,14,14,21,14,36,14,14,14,19,14,30,14,14,25,14,12,14,16,14,12,14,14,115,85,78,58,33,14,14,14,14
"G11000100001021","2019-2023","DC",,,"District of Columbia","11","District of Columbia","001",,,"000102","1",,,,,,,,,,,".",".",,,,,,,,,,,,"1500000US110010001021",,,"110010001021","Block Group 1, Census Tract 1.02, District of Columbia, District of Columbia",432,0,0,0,0,0,0,0,0,0,0,0,0,0,0,0,0,0,0,11,0,0,0,0,0,11,0,0,0,0,0,0,0,0,0,0,0,8,0,0,0,8,0,0,0,0,9,9,0,0,0,0,0,0,0,404,132,56,0,72,0,135,9,0,"Block Group 1, Census Tract 1.02, District of Columbia, District of Columbia",222,14,14,14,14,14,14,14,14,14,14,14,14,14,14,14,14,14,14,17,14,14,14,14,14,17,14,14,14,14,14,14,14,14,14,14,14,13,14,14,14,13,14,14,14,14,14,14,14,14,14,14,14,14,14,221,75,52,14,79,14,203,16,14
"G11000100001022","2019-2023","DC",,,"District of Columbia","11","District of Columbia","001",,,"000102","2",,,,,,,,,,,".",".",,,,,,,,,,,,"1500000US110010001022",,,"110010001022","Block Group 2, Census Tract 1.02, District of Columbia, District of Columbia",40,0,0,0,0,0,0,0,0,0,0,0,0,0,0,0,0,0,0,0,0,0,0,0,0,0,0,0,0,0,0,0,0,0,0,0,0,0,0,0,0,0,0,0,0,0,0,0,0,0,0,0,0,0,0,40,26,0,0,0,0,14,0,0,"Block Group 2, Census Tract 1.02, District of Columbia, District of Columbia",33,14,14,14,14,14,14,14,14,14,14,14,14,14,14,14,14,14,14,14,14,14,14,14,14,14,14,14,14,14,14,14,14,14,14,14,14,14,14,14,14,14,14,14,14,14,14,14,14,14,14,14,14,14,14,33,26,14,14,14,14,22,14,14
"G11000100001023","2019-2023","DC",,,"District of Columbia","11","District of Columbia","001",,,"000102","3",,,,,,,,,,,".",".",,,,,,,,,,,,"1500000US110010001023",,,"110010001023","Block Group 3, Census Tract 1.02, District of Columbia, District of Columbia",146,0,0,0,0,0,0,0,0,0,53,0,0,0,0,0,0,0,53,0,0,0,0,0,0,0,0,0,0,0,0,0,0,0,0,0,0,0,0,0,0,0,0,0,0,0,36,0,0,0,0,0,20,16,0,57,28,29,0,0,0,0,0,0,"Block Group 3, Census Tract 1.02, District of Columbia, District of Columbia",101,14,14,14,14,14,14,14,14,14,86,14,14,14,14,14,14,14,86,14,14,14,14,14,14,14,14,14,14,14,14,14,14,14,14,14,14,14,14,14,14,14,14,14,14,14,30,14,14,14,14,14,26,26,14,46,34,33,14,14,14,14,14,14
"G11000100002011","2019-2023","DC",,,"District of Columbia","11","District of Columbia","001",,,"000201","1",,,,,,,,,,,".",".",,,,,,,,,,,,"1500000US110010002011",,,"110010002011","Block Group 1, Census Tract 2.01, District of Columbia, District of Columbia",0,0,0,0,0,0,0,0,0,0,0,0,0,0,0,0,0,0,0,0,0,0,0,0,0,0,0,0,0,0,0,0,0,0,0,0,0,0,0,0,0,0,0,0,0,0,0,0,0,0,0,0,0,0,0,0,0,0,0,0,0,0,0,0,"Block Group 1, Census Tract 2.01, District of Columbia, District of Columbia",14,14,14,14,14,14,14,14,14,14,14,14,14,14,14,14,14,14,14,14,14,14,14,14,14,14,14,14,14,14,14,14,14,14,14,14,14,14,14,14,14,14,14,14,14,14,14,14,14,14,14,14,14,14,14,14,14,14,14,14,14,14,14,14
"G11000100002012","2019-2023","DC",,,"District of Columbia","11","District of Columbia","001",,,"000201","2",,,,,,,,,,,".",".",,,,,,,,,,,,"1500000US110010002012",,,"110010002012","Block Group 2, Census Tract 2.01, District of Columbia, District of Columbia",0,0,0,0,0,0,0,0,0,0,0,0,0,0,0,0,0,0,0,0,0,0,0,0,0,0,0,0,0,0,0,0,0,0,0,0,0,0,0,0,0,0,0,0,0,0,0,0,0,0,0,0,0,0,0,0,0,0,0,0,0,0,0,0,"Block Group 2, Census Tract 2.01, District of Columbia, District of Columbia",14,14,14,14,14,14,14,14,14,14,14,14,14,14,14,14,14,14,14,14,14,14,14,14,14,14,14,14,14,14,14,14,14,14,14,14,14,14,14,14,14,14,14,14,14,14,14,14,14,14,14,14,14,14,14,14,14,14,14,14,14,14,14,14
"G11000100002021","2019-2023","DC",,,"District of Columbia","11","District of Columbia","001",,,"000202","1",,,,,,,,,,,".",".",,,,,,,,,,,,"1500000US110010002021",,,"110010002021","Block Group 1, Census Tract 2.02, District of Columbia, District of Columbia",111,8,0,0,0,0,0,0,8,0,33,0,0,0,0,0,0,33,0,0,0,0,0,0,0,0,0,0,0,0,0,0,0,0,0,0,0,24,0,0,0,14,10,0,0,0,38,0,15,0,23,0,0,0,0,8,0,0,0,0,0,0,8,0,"Block Group 1, Census Tract 2.02, District of Columbia, District of Columbia",74,14,14,14,14,14,14,14,14,14,52,14,14,14,14,14,14,52,14,14,14,14,14,14,14,14,14,14,14,14,14,14,14,14,14,14,14,34,14,14,14,25,19,14,14,14,46,14,24,14,38,14,14,14,14,14,14,14,14,14,14,14,14,14
"G11000100002022","2019-2023","DC",,,"District of Columbia","11","District of Columbia","001",,,"000202","2",,,,,,,,,,,".",".",,,,,,,,,,,,"1500000US110010002022",,,"110010002022","Block Group 2, Census Tract 2.02, District of Columbia, District of Columbia",37,0,0,0,0,0,0,0,0,0,10,0,0,0,0,0,0,10,0,0,0,0,0,0,0,0,0,0,12,0,0,0,0,0,12,0,0,0,0,0,0,0,0,0,0,0,0,0,0,0,0,0,0,0,0,15,15,0,0,0,0,0,0,0,"Block Group 2, Census Tract 2.02, District of Columbia, District of Columbia",34,14,14,14,14,14,14,14,14,14,17,14,14,14,14,14,14,17,14,14,14,14,14,14,14,14,14,14,19,14,14,14,14,14,19,14,14,14,14,14,14,14,14,14,14,14,14,14,14,14,14,14,14,14,14,24,24,14,14,14,14,14,14,14
"G11000100002023","2019-2023","DC",,,"District of Columbia","11","District of Columbia","001",,,"000202","3",,,,,,,,,,,".",".",,,,,,,,,,,,"1500000US110010002023",,,"110010002023","Block Group 3, Census Tract 2.02, District of Columbia, District of Columbia",142,56,0,0,0,0,0,0,51,5,9,0,0,0,0,0,0,9,0,15,0,0,0,0,0,0,15,0,5,0,0,0,0,0,0,5,0,0,0,0,0,0,0,0,0,0,25,0,0,0,0,0,0,14,11,32,13,19,0,0,0,0,0,0,"Block Group 3, Census Tract 2.02, District of Columbia, District of Columbia",69,57,14,14,14,14,14,14,56,9,14,14,14,14,14,14,14,14,14,20,14,14,14,14,14,14,20,14,9,14,14,14,14,14,14,9,14,14,14,14,14,14,14,14,14,14,30,14,14,14,14,14,14,22,20,37,22,29,14,14,14,14,14,14
"G11000100002024","2019-2023","DC",,,"District of Columbia","11","District of Columbia","001",,,"000202","4",,,,,,,,,,,".",".",,,,,,,,,,,,"1500000US110010002024",,,"110010002024","Block Group 4, Census Tract 2.02, District of Columbia, District of Columbia",202,0,0,0,0,0,0,0,0,0,0,0,0,0,0,0,0,0,0,0,0,0,0,0,0,0,0,0,55,0,0,0,0,0,0,55,0,0,0,0,0,0,0,0,0,0,67,0,0,0,0,13,54,0,0,80,0,0,20,10,0,35,0,15,"Block Group 4, Census Tract 2.02, District of Columbia, District of Columbia",103,14,14,14,14,14,14,14,14,14,14,14,14,14,14,14,14,14,14,14,14,14,14,14,14,14,14,14,56,14,14,14,14,14,14,56,14,14,14,14,14,14,14,14,14,14,79,14,14,14,14,21,79,14,14,61,14,14,34,15,14,42,14,23
"G11000100003001","2019-2023","DC",,,"District of Columbia","11","District of Columbia","001",,,"000300","1",,,,,,,,,,,".",".",,,,,,,,,,,,"1500000US110010003001",,,"110010003001","Block Group 1, Census Tract 3, District of Columbia, District of Columbia",189,18,0,0,0,0,0,0,18,0,38,0,0,0,0,0,0,38,0,0,0,0,0,0,0,0,0,0,15,0,0,0,0,0,0,15,0,0,0,0,0,0,0,0,0,0,23,0,0,23,0,0,0,0,0,95,45,0,0,33,0,0,0,17,"Block Group 1, Census Tract 3, District of Columbia, District of Columbia",90,26,14,14,14,14,14,14,26,14,59,14,14,14,14,14,14,59,14,14,14,14,14,14,14,14,14,14,25,14,14,14,14,14,14,25,14,14,14,14,14,14,14,14,14,14,33,14,14,33,14,14,14,14,14,76,56,14,14,43,14,14,14,29
"G11000100003002","2019-2023","DC",,,"District of Columbia","11","District of Columbia","001",,,"000300","2",,,,,,,,,,,".",".",,,,,,,,,,,,"1500000US110010003002",,,"110010003002","Block Group 2, Census Tract 3, District of Columbia, District of Columbia",542,18,0,0,0,0,0,0,0,18,0,0,0,0,0,0,0,0,0,46,0,0,0,0,0,0,46,0,0,0,0,0,0,0,0,0,0,184,0,103,0,0,66,15,0,0,67,0,19,30,0,18,0,0,0,227,172,35,0,0,20,0,0,0,"Block Group 2, Census Tract 3, District of Columbia, District of Columbia",201,28,14,14,14,14,14,14,14,28,14,14,14,14,14,14,14,14,14,52,14,14,14,14,14,14,52,14,14,14,14,14,14,14,14,14,14,171,14,154,14,14,75,25,14,14,55,14,32,34,14,31,14,14,14,122,107,40,14,14,31,14,14,14
"G11000100003003","2019-2023","DC",,,"District of Columbia","11","District of Columbia","001",,,"000300","3",,,,,,,,,,,".",".",,,,,,,,,,,,"1500000US110010003003",,,"110010003003","Block Group 3, Census Tract 3, District of Columbia, District of Columbia",168,0,0,0,0,0,0,0,0,0,0,0,0,0,0,0,0,0,0,29,0,0,0,0,0,0,29,0,0,0,0,0,0,0,0,0,0,0,0,0,0,0,0,0,0,0,0,0,0,0,0,0,0,0,0,139,55,63,0,0,0,5,0,16,"Block Group 3, Census Tract 3, District of Columbia, District of Columbia",98,14,14,14,14,14,14,14,14,14,14,14,14,14,14,14,14,14,14,33,14,14,14,14,14,14,33,14,14,14,14,14,14,14,14,14,14,14,14,14,14,14,14,14,14,14,14,14,14,14,14,14,14,14,14,95,50,89,14,14,14,9,14,27
"G11000100003004","2019-2023","DC",,,"District of Columbia","11","District of Columbia","001",,,"000300","4",,,,,,,,,,,".",".",,,,,,,,,,,,"1500000US110010003004",,,"110010003004","Block Group 4, Census Tract 3, District of Columbia, District of Columbia",89,0,0,0,0,0,0,0,0,0,8,0,0,0,0,0,0,8,0,0,0,0,0,0,0,0,0,0,0,0,0,0,0,0,0,0,0,0,0,0,0,0,0,0,0,0,0,0,0,0,0,0,0,0,0,81,17,26,0,0,0,26,12,0,"Block Group 4, Census Tract 3, District of Columbia, District of Columbia",63,14,14,14,14,14,14,14,14,14,15,14,14,14,14,14,14,15,14,14,14,14,14,14,14,14,14,14,14,14,14,14,14,14,14,14,14,14,14,14,14,14,14,14,14,14,14,14,14,14,14,14,14,14,14,62,27,30,14,14,14,42,19,14
"G11000100004001","2019-2023","DC",,,"District of Columbia","11","District of Columbia","001",,,"000400","1",,,,,,,,,,,".",".",,,,,,,,,,,,"1500000US110010004001",,,"110010004001","Block Group 1, Census Tract 4, District of Columbia, District of Columbia",69,0,0,0,0,0,0,0,0,0,0,0,0,0,0,0,0,0,0,0,0,0,0,0,0,0,0,0,0,0,0,0,0,0,0,0,0,13,0,0,0,0,6,0,7,0,0,0,0,0,0,0,0,0,0,56,14,0,7,0,0,18,17,0,"Block Group 1, Census Tract 4, District of Columbia, District of Columbia",45,14,14,14,14,14,14,14,14,14,14,14,14,14,14,14,14,14,14,14,14,14,14,14,14,14,14,14,14,14,14,14,14,14,14,14,14,14,14,14,14,14,9,14,10,14,14,14,14,14,14,14,14,14,14,44,21,14,10,14,14,26,27,14
"G11000100004002","2019-2023","DC",,,"District of Columbia","11","District of Columbia","001",,,"000400","2",,,,,,,,,,,".",".",,,,,,,,,,,,"1500000US110010004002",,,"110010004002","Block Group 2, Census Tract 4, District of Columbia, District of Columbia",248,55,0,0,0,0,0,0,39,16,0,0,0,0,0,0,0,0,0,13,0,0,0,0,0,0,13,0,23,0,0,0,0,0,0,23,0,32,0,0,0,0,5,7,20,0,1,0,0,0,0,0,0,1,0,124,56,30,18,6,7,1,0,6,"Block Group 2, Census Tract 4, District of Columbia, District of Columbia",73,49,14,14,14,14,14,14,47,15,14,14,14,14,14,14,14,14,14,19,14,14,14,14,14,14,19,14,29,14,14,14,14,14,14,29,14,25,14,14,14,14,7,9,22,14,2,14,14,14,14,14,14,2,14,41,29,22,16,9,10,2,14,8
"G11000100005011","2019-2023","DC",,,"District of Columbia","11","District of Columbia","001",,,"000501","1",,,,,,,,,,,".",".",,,,,,,,,,,,"1500000US110010005011",,,"110010005011","Block Group 1, Census Tract 5.01, District of Columbia, District of Columbia",632,54,0,0,0,0,0,36,0,18,63,0,0,0,0,0,0,63,0,51,0,0,0,0,0,0,51,0,13,0,0,0,0,0,0,13,0,121,0,0,14,40,10,35,22,0,94,0,0,11,39,33,11,0,0,236,86,62,54,34,0,0,0,0,"Block Group 1, Census Tract 5.01, District of Columbia, District of Columbia",194,69,14,14,14,14,14,61,14,32,102,14,14,14,14,14,14,102,14,83,14,14,14,14,14,14,83,14,22,14,14,14,14,14,14,22,14,83,14,14,22,44,16,61,32,14,58,14,14,18,44,38,20,14,14,99,57,62,63,42,14,14,14,14
"G11000100005012","2019-2023","DC",,,"District of Columbia","11","District of Columbia","001",,,"000501","2",,,,,,,,,,,".",".",,,,,,,,,,,,"1500000US110010005012",,,"110010005012","Block Group 2, Census Tract 5.01, District of Columbia, District of Columbia",596,19,0,0,0,0,0,0,0,19,0,0,0,0,0,0,0,0,0,92,0,0,0,0,0,0,92,0,20,0,0,0,0,0,15,5,0,48,0,0,0,0,26,22,0,0,50,0,0,38,12,0,0,0,0,367,185,182,0,0,0,0,0,0,"Block Group 2, Census Tract 5.01, District of Columbia, District of Columbia",149,29,14,14,14,14,14,14,14,29,14,14,14,14,14,14,14,14,14,119,14,14,14,14,14,14,119,14,24,14,14,14,14,14,23,8,14,38,14,14,14,14,34,19,14,14,65,14,14,63,18,14,14,14,14,110,85,104,14,14,14,14,14,14
"G11000100005013","2019-2023","DC",,,"District of Columbia","11","District of Columbia","001",,,"000501","3",,,,,,,,,,,".",".",,,,,,,,,,,,"1500000US110010005013",,,"110010005013","Block Group 3, Census Tract 5.01, District of Columbia, District of Columbia",722,13,0,0,0,0,0,0,13,0,0,0,0,0,0,0,0,0,0,12,0,0,0,0,0,0,12,0,194,0,0,0,0,0,10,184,0,10,0,0,0,10,0,0,0,0,133,0,0,64,42,0,0,27,0,360,185,66,29,0,26,14,0,40,"Block Group 3, Census Tract 5.01, District of Columbia, District of Columbia",284,20,14,14,14,14,14,14,20,14,14,14,14,14,14,14,14,14,14,19,14,14,14,14,14,14,19,14,226,14,14,14,14,14,16,226,14,16,14,14,14,16,14,14,14,14,106,14,14,82,66,14,14,32,14,146,119,51,37,14,29,23,14,66
"G11000100005021","2019-2023","DC",,,"District of Columbia","11","District of Columbia","001",,,"000502","1",,,,,,,,,,,".",".",,,,,,,,,,,,"1500000US110010005021",,,"110010005021","Block Group 1, Census Tract 5.02, District of Columbia, District of Columbia",358,0,0,0,0,0,0,0,0,0,0,0,0,0,0,0,0,0,0,17,0,0,0,0,0,0,17,0,34,0,0,14,0,0,9,11,0,19,0,0,0,11,0,8,0,0,94,0,15,32,29,9,0,9,0,194,142,4,35,0,0,13,0,0,"Block Group 1, Census Tract 5.02, District of Columbia, District of Columbia",92,14,14,14,14,14,14,14,14,14,14,14,14,14,14,14,14,14,14,21,14,14,14,14,14,14,21,14,31,14,14,21,14,14,15,17,14,21,14,14,14,17,14,13,14,14,49,14,16,29,43,14,14,13,14,80,59,7,46,14,14,21,14,14
"G11000100005022","2019-2023","DC",,,"District of Columbia","11","District of Columbia","001",,,"000502","2",,,,,,,,,,,".",".",,,,,,,,,,,,"1500000US110010005022",,,"110010005022","Block Group 2, Census Tract 5.02, District of Columbia, District of Columbia",419,30,0,0,0,0,0,0,30,0,0,0,0,0,0,0,0,0,0,34,0,0,0,0,0,0,34,0,0,0,0,0,0,0,0,0,0,51,0,0,0,18,9,0,24,0,95,0,9,0,19,3,64,0,0,209,75,44,63,27,0,0,0,0,"Block Group 2, Census Tract 5.02, District of Columbia, District of Columbia",128,28,14,14,14,14,14,14,28,14,14,14,14,14,14,14,14,14,14,50,14,14,14,14,14,14,50,14,14,14,14,14,14,14,14,14,14,37,14,14,14,20,15,14,21,14,107,14,15,14,27,9,103,14,14,79,44,37,48,28,14,14,14,14
"G11000100006001","2019-2023","DC",,,"District of Columbia","11","District of Columbia","001",,,"000600","1",,,,,,,,,,,".",".",,,,,,,,,,,,"1500000US110010006001",,,"110010006001","Block Group 1, Census Tract 6, District of Columbia, District of Columbia",276,37,0,0,0,0,19,0,18,0,81,0,0,0,0,0,0,81,0,0,0,0,0,0,0,0,0,0,0,0,0,0,0,0,0,0,0,72,0,60,0,0,0,12,0,0,56,0,37,19,0,0,0,0,0,30,14,16,0,0,0,0,0,0,"Block Group 1, Census Tract 6, District of Columbia, District of Columbia",127,35,14,14,14,14,27,14,29,14,87,14,14,14,14,14,14,87,14,14,14,14,14,14,14,14,14,14,14,14,14,14,14,14,14,14,14,101,14,97,14,14,14,25,14,14,54,14,60,24,14,14,14,14,14,34,22,25,14,14,14,14,14,14
"G11000100006002","2019-2023","DC",,,"District of Columbia","11","District of Columbia","001",,,"000600","2",,,,,,,,,,,".",".",,,,,,,,,,,,"1500000US110010006002",,,"110010006002","Block Group 2, Census Tract 6, District of Columbia, District of Columbia",96,0,0,0,0,0,0,0,0,0,0,0,0,0,0,0,0,0,0,0,0,0,0,0,0,0,0,0,0,0,0,0,0,0,0,0,0,32,15,0,0,0,0,17,0,0,0,0,0,0,0,0,0,0,0,64,35,15,14,0,0,0,0,0,"Block Group 2, Census Tract 6, District of Columbia, District of Columbia",52,14,14,14,14,14,14,14,14,14,14,14,14,14,14,14,14,14,14,14,14,14,14,14,14,14,14,14,14,14,14,14,14,14,14,14,14,35,23,14,14,14,14,26,14,14,14,14,14,14,14,14,14,14,14,47,39,24,22,14,14,14,14,14
"G11000100006003","2019-2023","DC",,,"District of Columbia","11","District of Columbia","001",,,"000600","3",,,,,,,,,,,".",".",,,,,,,,,,,,"1500000US110010006003",,,"110010006003","Block Group 3, Census Tract 6, District of Columbia, District of Columbia",250,0,0,0,0,0,0,0,0,0,58,0,0,0,0,0,0,58,0,0,0,0,0,0,0,0,0,0,0,0,0,0,0,0,0,0,0,0,0,0,0,0,0,0,0,0,34,13,21,0,0,0,0,0,0,158,96,35,0,27,0,0,0,0,"Block Group 3, Census Tract 6, District of Columbia, District of Columbia",131,14,14,14,14,14,14,14,14,14,88,14,14,14,14,14,14,88,14,14,14,14,14,14,14,14,14,14,14,14,14,14,14,14,14,14,14,14,14,14,14,14,14,14,14,14,33,21,37,14,14,14,14,14,14,91,83,42,14,42,14,14,14,14
"G11000100006004","2019-2023","DC",,,"District of Columbia","11","District of Columbia","001",,,"000600","4",,,,,,,,,,,".",".",,,,,,,,,,,,"1500000US110010006004",,,"110010006004","Block Group 4, Census Tract 6, District of Columbia, District of Columbia",53,0,0,0,0,0,0,0,0,0,0,0,0,0,0,0,0,0,0,0,0,0,0,0,0,0,0,0,0,0,0,0,0,0,0,0,0,8,0,0,0,0,0,8,0,0,15,0,0,15,0,0,0,0,0,30,0,30,0,0,0,0,0,0,"Block Group 4, Census Tract 6, District of Columbia, District of Columbia",47,14,14,14,14,14,14,14,14,14,14,14,14,14,14,14,14,14,14,14,14,14,14,14,14,14,14,14,14,14,14,14,14,14,14,14,14,16,14,14,14,14,14,16,14,14,24,14,14,24,14,14,14,14,14,36,14,36,14,14,14,14,14,14
"G11000100007021","2019-2023","DC",,,"District of Columbia","11","District of Columbia","001",,,"000702","1",,,,,,,,,,,".",".",,,,,,,,,,,,"1500000US110010007021",,,"110010007021","Block Group 1, Census Tract 7.02, District of Columbia, District of Columbia",348,43,0,0,0,0,0,0,0,43,0,0,0,0,0,0,0,0,0,0,0,0,0,0,0,0,0,0,56,0,0,0,0,11,0,45,0,32,0,0,0,19,13,0,0,0,56,0,0,42,14,0,0,0,0,161,89,72,0,0,0,0,0,0,"Block Group 1, Census Tract 7.02, District of Columbia, District of Columbia",160,67,14,14,14,14,14,14,14,67,14,14,14,14,14,14,14,14,14,14,14,14,14,14,14,14,14,14,58,14,14,14,14,17,14,56,14,27,14,14,14,30,20,14,14,14,58,14,14,54,24,14,14,14,14,123,78,93,14,14,14,14,14,14
"G11000100007022","2019-2023","DC",,,"District of Columbia","11","District of Columbia","001",,,"000702","2",,,,,,,,,,,".",".",,,,,,,,,,,,"1500000US110010007022",,,"110010007022","Block Group 2, Census Tract 7.02, District of Columbia, District of Columbia",873,85,0,0,0,0,0,0,22,63,55,0,0,0,0,0,0,55,0,182,0,0,0,0,0,0,182,0,95,0,0,0,0,21,59,15,0,231,12,84,0,38,53,0,44,0,68,1,25,42,0,0,0,0,0,157,128,17,12,0,0,0,0,0,"Block Group 2, Census Tract 7.02, District of Columbia, District of Columbia",243,75,14,14,14,14,14,14,27,72,54,14,14,14,14,14,14,54,14,169,14,14,14,14,14,14,169,14,71,14,14,14,14,34,74,26,14,157,19,128,14,37,53,14,61,14,54,3,30,42,14,14,14,14,14,131,128,29,18,14,14,14,14,14
"G11000100007023","2019-2023","DC",,,"District of Columbia","11","District of Columbia","001",,,"000702","3",,,,,,,,,,,".",".",,,,,,,,,,,,"1500000US110010007023",,,"110010007023","Block Group 3, Census Tract 7.02, District of Columbia, District of Columbia",317,51,0,0,0,0,0,0,27,24,0,0,0,0,0,0,0,0,0,0,0,0,0,0,0,0,0,0,22,0,0,0,0,0,0,22,0,67,0,0,35,13,19,0,0,0,89,0,0,29,33,16,0,11,0,88,29,48,11,0,0,0,0,0,"Block Group 3, Census Tract 7.02, District of Columbia, District of Columbia",105,48,14,14,14,14,14,14,31,37,14,14,14,14,14,14,14,14,14,14,14,14,14,14,14,14,14,14,27,14,14,14,14,14,14,27,14,65,14,14,54,20,31,14,14,14,55,14,14,23,39,25,14,17,14,71,35,57,19,14,14,14,14,14
"G11000100007031","2019-2023","DC",,,"District of Columbia","11","District of Columbia","001",,,"000703","1",,,,,,,,,,,".",".",,,,,,,,,,,,"1500000US110010007031",,,"110010007031","Block Group 1, Census Tract 7.03, District of Columbia, District of Columbia",691,55,0,0,0,0,0,0,55,0,24,0,0,0,0,0,0,24,0,35,0,0,0,0,0,0,35,0,0,0,0,0,0,0,0,0,0,43,0,0,0,12,17,14,0,0,143,0,27,23,10,56,27,0,0,391,92,161,66,37,9,0,0,26,"Block Group 1, Census Tract 7.03, District of Columbia, District of Columbia",228,86,14,14,14,14,14,14,86,14,27,14,14,14,14,14,14,27,14,28,14,14,14,14,14,14,28,14,14,14,14,14,14,14,14,14,14,38,14,14,14,18,28,17,14,14,98,14,44,27,16,87,45,14,14,197,124,120,106,50,20,14,14,42
"G11000100007032","2019-2023","DC",,,"District of Columbia","11","District of Columbia","001",,,"000703","2",,,,,,,,,,,".",".",,,,,,,,,,,,"1500000US110010007032",,,"110010007032","Block Group 2, Census Tract 7.03, District of Columbia, District of Columbia",42,0,0,0,0,0,0,0,0,0,0,0,0,0,0,0,0,0,0,0,0,0,0,0,0,0,0,0,0,0,0,0,0,0,0,0,0,0,0,0,0,0,0,0,0,0,0,0,0,0,0,0,0,0,0,42,42,0,0,0,0,0,0,0,"Block Group 2, Census Tract 7.03, District of Columbia, District of Columbia",37,14,14,14,14,14,14,14,14,14,14,14,14,14,14,14,14,14,14,14,14,14,14,14,14,14,14,14,14,14,14,14,14,14,14,14,14,14,14,14,14,14,14,14,14,14,14,14,14,14,14,14,14,14,14,37,37,14,14,14,14,14,14,14
"G11000100007041","2019-2023","DC",,,"District of Columbia","11","District of Columbia","001",,,"000704","1",,,,,,,,,,,".",".",,,,,,,,,,,,"1500000US110010007041",,,"110010007041","Block Group 1, Census Tract 7.04, District of Columbia, District of Columbia",630,15,0,0,0,0,0,0,15,0,48,0,0,0,0,0,0,48,0,33,0,0,0,0,0,0,33,0,86,0,0,16,0,0,56,14,0,224,0,27,58,139,0,0,0,0,80,0,0,78,2,0,0,0,0,144,126,0,0,0,18,0,0,0,"Block Group 1, Census Tract 7.04, District of Columbia, District of Columbia",209,24,14,14,14,14,14,14,24,14,56,14,14,14,14,14,14,56,14,34,14,14,14,14,14,14,34,14,63,14,14,25,14,14,57,22,14,183,14,29,85,205,14,14,14,14,85,14,14,85,3,14,14,14,14,80,75,14,14,14,32,14,14,14
"G11000100007042","2019-2023","DC",,,"District of Columbia","11","District of Columbia","001",,,"000704","2",,,,,,,,,,,".",".",,,,,,,,,,,,"1500000US110010007042",,,"110010007042","Block Group 2, Census Tract 7.04, District of Columbia, District of Columbia",318,44,0,0,0,0,0,0,44,0,18,0,0,0,0,0,0,18,0,0,0,0,0,0,0,0,0,0,62,0,0,0,0,0,32,30,0,37,0,0,0,0,0,0,37,0,48,0,5,0,0,0,0,43,0,109,15,54,28,0,0,12,0,0,"Block Group 2, Census Tract 7.04, District of Columbia, District of Columbia",96,53,14,14,14,14,14,14,53,14,27,14,14,14,14,14,14,27,14,14,14,14,14,14,14,14,14,14,64,14,14,14,14,14,51,38,14,42,14,14,14,14,14,14,42,14,63,14,8,14,14,14,14,62,14,78,24,47,42,14,14,19,14,14
"G11000100008021","2019-2023","DC",,,"District of Columbia","11","District of Columbia","001",,,"000802","1",,,,,,,,,,,".",".",,,,,,,,,,,,"1500000US110010008021",,,"110010008021","Block Group 1, Census Tract 8.02, District of Columbia, District of Columbia",556,147,0,0,0,0,0,0,80,67,26,0,0,0,0,0,0,26,0,53,0,0,0,0,0,40,13,0,0,0,0,0,0,0,0,0,0,12,0,0,0,12,0,0,0,0,74,0,0,57,17,0,0,0,0,244,202,42,0,0,0,0,0,0,"Block Group 1, Census Tract 8.02, District of Columbia, District of Columbia",123,101,14,14,14,14,14,14,76,78,34,14,14,14,14,14,14,34,14,61,14,14,14,14,14,59,21,14,14,14,14,14,14,14,14,14,14,19,14,14,14,19,14,14,14,14,49,14,14,44,21,14,14,14,14,125,120,50,14,14,14,14,14,14
"G11000100008022","2019-2023","DC",,,"District of Columbia","11","District of Columbia","001",,,"000802","2",,,,,,,,,,,".",".",,,,,,,,,,,,"1500000US110010008022",,,"110010008022","Block Group 2, Census Tract 8.02, District of Columbia, District of Columbia",60,0,0,0,0,0,0,0,0,0,0,0,0,0,0,0,0,0,0,0,0,0,0,0,0,0,0,0,0,0,0,0,0,0,0,0,0,0,0,0,0,0,0,0,0,0,0,0,0,0,0,0,0,0,0,60,32,0,0,0,0,0,0,28,"Block Group 2, Census Tract 8.02, District of Columbia, District of Columbia",38,14,14,14,14,14,14,14,14,14,14,14,14,14,14,14,14,14,14,14,14,14,14,14,14,14,14,14,14,14,14,14,14,14,14,14,14,14,14,14,14,14,14,14,14,14,14,14,14,14,14,14,14,14,14,38,26,14,14,14,14,14,14,33
"G11000100008031","2019-2023","DC",,,"District of Columbia","11","District of Columbia","001",,,"000803","1",,,,,,,,,,,".",".",,,,,,,,,,,,"1500000US110010008031",,,"110010008031","Block Group 1, Census Tract 8.03, District of Columbia, District of Columbia",0,0,0,0,0,0,0,0,0,0,0,0,0,0,0,0,0,0,0,0,0,0,0,0,0,0,0,0,0,0,0,0,0,0,0,0,0,0,0,0,0,0,0,0,0,0,0,0,0,0,0,0,0,0,0,0,0,0,0,0,0,0,0,0,"Block Group 1, Census Tract 8.03, District of Columbia, District of Columbia",14,14,14,14,14,14,14,14,14,14,14,14,14,14,14,14,14,14,14,14,14,14,14,14,14,14,14,14,14,14,14,14,14,14,14,14,14,14,14,14,14,14,14,14,14,14,14,14,14,14,14,14,14,14,14,14,14,14,14,14,14,14,14,14
"G11000100008032","2019-2023","DC",,,"District of Columbia","11","District of Columbia","001",,,"000803","2",,,,,,,,,,,".",".",,,,,,,,,,,,"1500000US110010008032",,,"110010008032","Block Group 2, Census Tract 8.03, District of Columbia, District of Columbia",128,53,0,0,0,0,0,0,53,0,26,0,0,0,0,0,0,26,0,0,0,0,0,0,0,0,0,0,0,0,0,0,0,0,0,0,0,12,0,0,12,0,0,0,0,0,27,0,0,0,0,0,27,0,0,10,0,0,0,0,0,10,0,0,"Block Group 2, Census Tract 8.03, District of Columbia, District of Columbia",66,56,14,14,14,14,14,14,56,14,43,14,14,14,14,14,14,43,14,14,14,14,14,14,14,14,14,14,14,14,14,14,14,14,14,14,14,20,14,14,20,14,14,14,14,14,42,14,14,14,14,14,42,14,14,17,14,14,14,14,14,17,14,14
"G11000100008033","2019-2023","DC",,,"District of Columbia","11","District of Columbia","001",,,"000803","3",,,,,,,,,,,".",".",,,,,,,,,,,,"1500000US110010008033",,,"110010008033","Block Group 3, Census Tract 8.03, District of Columbia, District of Columbia",265,87,0,0,0,0,0,0,82,5,0,0,0,0,0,0,0,0,0,0,0,0,0,0,0,0,0,0,48,0,0,0,0,0,0,48,0,25,0,0,0,0,0,25,0,0,27,0,0,0,0,0,27,0,0,78,67,11,0,0,0,0,0,0,"Block Group 3, Census Tract 8.03, District of Columbia, District of Columbia",124,79,14,14,14,14,14,14,79,17,14,14,14,14,14,14,14,14,14,14,14,14,14,14,14,14,14,14,73,14,14,14,14,14,14,73,14,28,14,14,14,14,14,28,14,14,29,14,14,14,14,14,29,14,14,72,72,18,14,14,14,14,14,14
"G11000100008041","2019-2023","DC",,,"District of Columbia","11","District of Columbia","001",,,"000804","1",,,,,,,,,,,".",".",,,,,,,,,,,,"1500000US110010008041",,,"110010008041","Block Group 1, Census Tract 8.04, District of Columbia, District of Columbia",13,0,0,0,0,0,0,0,0,0,0,0,0,0,0,0,0,0,0,0,0,0,0,0,0,0,0,0,0,0,0,0,0,0,0,0,0,0,0,0,0,0,0,0,0,0,0,0,0,0,0,0,0,0,0,13,7,0,0,0,0,6,0,0,"Block Group 1, Census Tract 8.04, District of Columbia, District of Columbia",18,14,14,14,14,14,14,14,14,14,14,14,14,14,14,14,14,14,14,14,14,14,14,14,14,14,14,14,14,14,14,14,14,14,14,14,14,14,14,14,14,14,14,14,14,14,14,14,14,14,14,14,14,14,14,18,13,14,14,14,14,12,14,14
"G11000100008042","2019-2023","DC",,,"District of Columbia","11","District of Columbia","001",,,"000804","2",,,,,,,,,,,".",".",,,,,,,,,,,,"1500000US110010008042",,,"110010008042","Block Group 2, Census Tract 8.04, District of Columbia, District of Columbia",108,0,0,0,0,0,0,0,0,0,0,0,0,0,0,0,0,0,0,0,0,0,0,0,0,0,0,0,0,0,0,0,0,0,0,0,0,0,0,0,0,0,0,0,0,0,91,0,21,70,0,0,0,0,0,17,17,0,0,0,0,0,0,0,"Block Group 2, Census Tract 8.04, District of Columbia, District of Columbia",119,14,14,14,14,14,14,14,14,14,14,14,14,14,14,14,14,14,14,14,14,14,14,14,14,14,14,14,14,14,14,14,14,14,14,14,14,14,14,14,14,14,14,14,14,14,116,14,28,113,14,14,14,14,14,20,20,14,14,14,14,14,14,14
"G11000100008043","2019-2023","DC",,,"District of Columbia","11","District of Columbia","001",,,"000804","3",,,,,,,,,,,".",".",,,,,,,,,,,,"1500000US110010008043",,,"110010008043","Block Group 3, Census Tract 8.04, District of Columbia, District of Columbia",116,25,0,0,0,0,0,0,25,0,0,0,0,0,0,0,0,0,0,0,0,0,0,0,0,0,0,0,0,0,0,0,0,0,0,0,0,0,0,0,0,0,0,0,0,0,7,0,0,0,0,0,0,0,7,84,15,5,20,0,0,0,0,44,"Block Group 3, Census Tract 8.04, District of Columbia, District of Columbia",68,34,14,14,14,14,14,14,34,14,14,14,14,14,14,14,14,14,14,14,14,14,14,14,14,14,14,14,14,14,14,14,14,14,14,14,14,14,14,14,14,14,14,14,14,14,13,14,14,14,14,14,14,14,13,68,22,9,32,14,14,14,14,55
"G11000100009021","2019-2023","DC",,,"District of Columbia","11","District of Columbia","001",,,"000902","1",,,,,,,,,,,".",".",,,,,,,,,,,,"1500000US110010009021",,,"110010009021","Block Group 1, Census Tract 9.02, District of Columbia, District of Columbia",32,0,0,0,0,0,0,0,0,0,0,0,0,0,0,0,0,0,0,0,0,0,0,0,0,0,0,0,0,0,0,0,0,0,0,0,0,0,0,0,0,0,0,0,0,0,18,0,0,0,18,0,0,0,0,14,0,0,0,14,0,0,0,0,"Block Group 1, Census Tract 9.02, District of Columbia, District of Columbia",34,14,14,14,14,14,14,14,14,14,14,14,14,14,14,14,14,14,14,14,14,14,14,14,14,14,14,14,14,14,14,14,14,14,14,14,14,14,14,14,14,14,14,14,14,14,27,14,14,14,27,14,14,14,14,20,14,14,14,20,14,14,14,14
"G11000100009022","2019-2023","DC",,,"District of Columbia","11","District of Columbia","001",,,"000902","2",,,,,,,,,,,".",".",,,,,,,,,,,,"1500000US110010009022",,,"110010009022","Block Group 2, Census Tract 9.02, District of Columbia, District of Columbia",85,10,0,0,0,0,0,0,10,0,0,0,0,0,0,0,0,0,0,5,0,0,0,0,0,0,0,5,2,0,0,0,0,0,0,0,2,18,0,0,0,0,0,0,18,0,0,0,0,0,0,0,0,0,0,50,17,0,0,5,0,0,23,5,"Block Group 2, Census Tract 9.02, District of Columbia, District of Columbia",43,9,14,14,14,14,14,14,9,14,14,14,14,14,14,14,14,14,14,7,14,14,14,14,14,14,14,7,3,14,14,14,14,14,14,14,3,26,14,14,14,14,14,14,26,14,14,14,14,14,14,14,14,14,14,33,26,14,14,8,14,14,24,7
"G11000100009031","2019-2023","DC",,,"District of Columbia","11","District of Columbia","001",,,"000903","1",,,,,,,,,,,".",".",,,,,,,,,,,,"1500000US110010009031",,,"110010009031","Block Group 1, Census Tract 9.03, District of Columbia, District of Columbia",0,0,0,0,0,0,0,0,0,0,0,0,0,0,0,0,0,0,0,0,0,0,0,0,0,0,0,0,0,0,0,0,0,0,0,0,0,0,0,0,0,0,0,0,0,0,0,0,0,0,0,0,0,0,0,0,0,0,0,0,0,0,0,0,"Block Group 1, Census Tract 9.03, District of Columbia, District of Columbia",14,14,14,14,14,14,14,14,14,14,14,14,14,14,14,14,14,14,14,14,14,14,14,14,14,14,14,14,14,14,14,14,14,14,14,14,14,14,14,14,14,14,14,14,14,14,14,14,14,14,14,14,14,14,14,14,14,14,14,14,14,14,14,14
"G11000100009032","2019-2023","DC",,,"District of Columbia","11","District of Columbia","001",,,"000903","2",,,,,,,,,,,".",".",,,,,,,,,,,,"1500000US110010009032",,,"110010009032","Block Group 2, Census Tract 9.03, District of Columbia, District of Columbia",46,10,0,0,0,0,0,0,10,0,0,0,0,0,0,0,0,0,0,0,0,0,0,0,0,0,0,0,9,0,0,0,0,0,0,9,0,14,0,14,0,0,0,0,0,0,0,0,0,0,0,0,0,0,0,13,0,0,0,0,0,0,0,13,"Block Group 2, Census Tract 9.03, District of Columbia, District of Columbia",29,15,14,14,14,14,14,14,15,14,14,14,14,14,14,14,14,14,14,14,14,14,14,14,14,14,14,14,14,14,14,14,14,14,14,14,14,19,14,19,14,14,14,14,14,14,14,14,14,14,14,14,14,14,14,12,14,14,14,14,14,14,14,12
"G11000100009041","2019-2023","DC",,,"District of Columbia","11","District of Columbia","001",,,"000904","1",,,,,,,,,,,".",".",,,,,,,,,,,,"1500000US110010009041",,,"110010009041","Block Group 1, Census Tract 9.04, District of Columbia, District of Columbia",52,0,0,0,0,0,0,0,0,0,0,0,0,0,0,0,0,0,0,0,0,0,0,0,0,0,0,0,0,0,0,0,0,0,0,0,0,6,0,0,0,0,0,0,6,0,0,0,0,0,0,0,0,0,0,46,24,0,0,0,0,0,0,22,"Block Group 1, Census Tract 9.04, District of Columbia, District of Columbia",37,14,14,14,14,14,14,14,14,14,14,14,14,14,14,14,14,14,14,14,14,14,14,14,14,14,14,14,14,14,14,14,14,14,14,14,14,9,14,14,14,14,14,14,9,14,14,14,14,14,14,14,14,14,14,37,26,14,14,14,14,14,14,25
"G11000100009042","2019-2023","DC",,,"District of Columbia","11","District of Columbia","001",,,"000904","2",,,,,,,,,,,".",".",,,,,,,,,,,,"1500000US110010009042",,,"110010009042","Block Group 2, Census Tract 9.04, District of Columbia, District of Columbia",228,17,0,0,0,0,0,0,17,0,0,0,0,0,0,0,0,0,0,36,0,0,0,0,0,36,0,0,0,0,0,0,0,0,0,0,0,50,0,12,15,0,0,23,0,0,0,0,0,0,0,0,0,0,0,125,110,4,8,3,0,0,0,0,"Block Group 2, Census Tract 9.04, District of Columbia, District of Columbia",78,28,14,14,14,14,14,14,28,14,14,14,14,14,14,14,14,14,14,53,14,14,14,14,14,53,14,14,14,14,14,14,14,14,14,14,14,48,14,18,23,14,14,37,14,14,14,14,14,14,14,14,14,14,14,74,73,8,13,7,14,14,14,14
"G11000100010021","2019-2023","DC",,,"District of Columbia","11","District of Columbia","001",,,"001002","1",,,,,,,,,,,".",".",,,,,,,,,,,,"1500000US110010010021",,,"110010010021","Block Group 1, Census Tract 10.02, District of Columbia, District of Columbia",265,63,0,0,0,0,0,0,63,0,55,0,0,0,0,0,0,55,0,47,0,0,0,0,0,0,47,0,28,0,0,0,0,0,15,13,0,12,0,0,0,0,12,0,0,0,38,0,19,0,19,0,0,0,0,22,22,0,0,0,0,0,0,0,"Block Group 1, Census Tract 10.02, District of Columbia, District of Columbia",106,64,14,14,14,14,14,14,64,14,74,14,14,14,14,14,14,74,14,44,14,14,14,14,14,14,44,14,32,14,14,14,14,14,24,21,14,19,14,14,14,14,19,14,14,14,39,14,30,14,26,14,14,14,14,34,34,14,14,14,14,14,14,14
"G11000100010022","2019-2023","DC",,,"District of Columbia","11","District of Columbia","001",,,"001002","2",,,,,,,,,,,".",".",,,,,,,,,,,,"1500000US110010010022",,,"110010010022","Block Group 2, Census Tract 10.02, District of Columbia, District of Columbia",322,60,0,0,0,0,0,0,60,0,0,0,0,0,0,0,0,0,0,0,0,0,0,0,0,0,0,0,0,0,0,0,0,0,0,0,0,60,0,0,0,0,60,0,0,0,26,0,0,14,0,0,12,0,0,176,44,132,0,0,0,0,0,0,"Block Group 2, Census Tract 10.02, District of Columbia, District of Columbia",239,66,14,14,14,14,14,14,66,14,14,14,14,14,14,14,14,14,14,14,14,14,14,14,14,14,14,14,14,14,14,14,14,14,14,14,14,100,14,14,14,14,100,14,14,14,32,14,14,25,14,14,20,14,14,190,56,179,14,14,14,14,14,14
"G11000100010023","2019-2023","DC",,,"District of Columbia","11","District of Columbia","001",,,"001002","3",,,,,,,,,,,".",".",,,,,,,,,,,,"1500000US110010010023",,,"110010010023","Block Group 3, Census Tract 10.02, District of Columbia, District of Columbia",401,1,0,0,0,0,0,0,0,1,0,0,0,0,0,0,0,0,0,0,0,0,0,0,0,0,0,0,0,0,0,0,0,0,0,0,0,81,0,0,0,0,15,46,20,0,14,0,0,0,0,14,0,0,0,305,117,86,102,0,0,0,0,0,"Block Group 3, Census Tract 10.02, District of Columbia, District of Columbia",155,5,14,14,14,14,14,14,14,5,14,14,14,14,14,14,14,14,14,14,14,14,14,14,14,14,14,14,14,14,14,14,14,14,14,14,14,71,14,14,14,14,24,76,32,14,21,14,14,14,14,21,14,14,14,145,93,84,89,14,14,14,14,14
"G11000100010024","2019-2023","DC",,,"District of Columbia","11","District of Columbia","001",,,"001002","4",,,,,,,,,,,".",".",,,,,,,,,,,,"1500000US110010010024",,,"110010010024","Block Group 4, Census Tract 10.02, District of Columbia, District of Columbia",171,0,0,0,0,0,0,0,0,0,0,0,0,0,0,0,0,0,0,0,0,0,0,0,0,0,0,0,0,0,0,0,0,0,0,0,0,15,0,0,0,0,0,15,0,0,12,0,0,12,0,0,0,0,0,144,93,0,51,0,0,0,0,0,"Block Group 4, Census Tract 10.02, District of Columbia, District of Columbia",77,14,14,14,14,14,14,14,14,14,14,14,14,14,14,14,14,14,14,14,14,14,14,14,14,14,14,14,14,14,14,14,14,14,14,14,14,24,14,14,14,14,14,24,14,14,19,14,14,19,14,14,14,14,14,71,55,14,48,14,14,14,14,14
"G11000100010031","2019-2023","DC",,,"District of Columbia","11","District of Columbia","001",,,"001003","1",,,,,,,,,,,".",".",,,,,,,,,,,,"1500000US110010010031",,,"110010010031","Block Group 1, Census Tract 10.03, District of Columbia, District of Columbia",28,0,0,0,0,0,0,0,0,0,0,0,0,0,0,0,0,0,0,0,0,0,0,0,0,0,0,0,0,0,0,0,0,0,0,0,0,0,0,0,0,0,0,0,0,0,0,0,0,0,0,0,0,0,0,28,7,9,0,12,0,0,0,0,"Block Group 1, Census Tract 10.03, District of Columbia, District of Columbia",29,14,14,14,14,14,14,14,14,14,14,14,14,14,14,14,14,14,14,14,14,14,14,14,14,14,14,14,14,14,14,14,14,14,14,14,14,14,14,14,14,14,14,14,14,14,14,14,14,14,14,14,14,14,14,29,15,16,14,19,14,14,14,14
"G11000100010032","2019-2023","DC",,,"District of Columbia","11","District of Columbia","001",,,"001003","2",,,,,,,,,,,".",".",,,,,,,,,,,,"1500000US110010010032",,,"110010010032","Block Group 2, Census Tract 10.03, District of Columbia, District of Columbia",9,0,0,0,0,0,0,0,0,0,0,0,0,0,0,0,0,0,0,0,0,0,0,0,0,0,0,0,0,0,0,0,0,0,0,0,0,0,0,0,0,0,0,0,0,0,0,0,0,0,0,0,0,0,0,9,0,0,9,0,0,0,0,0,"Block Group 2, Census Tract 10.03, District of Columbia, District of Columbia",24,14,14,14,14,14,14,14,14,14,14,14,14,14,14,14,14,14,14,14,14,14,14,14,14,14,14,14,14,14,14,14,14,14,14,14,14,14,14,14,14,14,14,14,14,14,14,14,14,14,14,14,14,14,14,24,14,14,24,14,14,14,14,14
"G11000100010033","2019-2023","DC",,,"District of Columbia","11","District of Columbia","001",,,"001003","3",,,,,,,,,,,".",".",,,,,,,,,,,,"1500000US110010010033",,,"110010010033","Block Group 3, Census Tract 10.03, District of Columbia, District of Columbia",68,32,0,0,0,0,0,0,32,0,0,0,0,0,0,0,0,0,0,0,0,0,0,0,0,0,0,0,0,0,0,0,0,0,0,0,0,12,0,0,0,0,0,0,0,12,0,0,0,0,0,0,0,0,0,24,14,0,0,0,0,0,0,10,"Block Group 3, Census Tract 10.03, District of Columbia, District of Columbia",49,42,14,14,14,14,14,14,42,14,14,14,14,14,14,14,14,14,14,14,14,14,14,14,14,14,14,14,14,14,14,14,14,14,14,14,14,19,14,14,14,14,14,14,14,19,14,14,14,14,14,14,14,14,14,26,19,14,14,14,14,14,14,18
"G11000100010041","2019-2023","DC",,,"District of Columbia","11","District of Columbia","001",,,"001004","1",,,,,,,,,,,".",".",,,,,,,,,,,,"1500000US110010010041",,,"110010010041","Block Group 1, Census Tract 10.04, District of Columbia, District of Columbia",10,0,0,0,0,0,0,0,0,0,0,0,0,0,0,0,0,0,0,0,0,0,0,0,0,0,0,0,0,0,0,0,0,0,0,0,0,0,0,0,0,0,0,0,0,0,0,0,0,0,0,0,0,0,0,10,5,5,0,0,0,0,0,0,"Block Group 1, Census Tract 10.04, District of Columbia, District of Columbia",17,14,14,14,14,14,14,14,14,14,14,14,14,14,14,14,14,14,14,14,14,14,14,14,14,14,14,14,14,14,14,14,14,14,14,14,14,14,14,14,14,14,14,14,14,14,14,14,14,14,14,14,14,14,14,17,14,11,14,14,14,14,14,14
"G11000100010042","2019-2023","DC",,,"District of Columbia","11","District of Columbia","001",,,"001004","2",,,,,,,,,,,".",".",,,,,,,,,,,,"1500000US110010010042",,,"110010010042","Block Group 2, Census Tract 10.04, District of Columbia, District of Columbia",342,212,0,0,0,0,0,0,81,131,18,0,0,0,0,0,0,18,0,29,0,0,0,0,0,0,29,0,0,0,0,0,0,0,0,0,0,65,0,21,24,15,0,0,5,0,0,0,0,0,0,0,0,0,0,18,9,2,0,0,0,7,0,0,"Block Group 2, Census Tract 10.04, District of Columbia, District of Columbia",139,141,14,14,14,14,14,14,93,116,28,14,14,14,14,14,14,28,14,35,14,14,14,14,14,14,35,14,14,14,14,14,14,14,14,14,14,55,14,33,37,22,14,14,9,14,14,14,14,14,14,14,14,14,14,21,14,6,14,14,14,12,14,14
"G11000100010043","2019-2023","DC",,,"District of Columbia","11","District of Columbia","001",,,"001004","3",,,,,,,,,,,".",".",,,,,,,,,,,,"1500000US110010010043",,,"110010010043","Block Group 3, Census Tract 10.04, District of Columbia, District of Columbia",20,0,0,0,0,0,0,0,0,0,0,0,0,0,0,0,0,0,0,0,0,0,0,0,0,0,0,0,0,0,0,0,0,0,0,0,0,0,0,0,0,0,0,0,0,0,0,0,0,0,0,0,0,0,0,20,20,0,0,0,0,0,0,0,"Block Group 3, Census Tract 10.04, District of Columbia, District of Columbia",26,14,14,14,14,14,14,14,14,14,14,14,14,14,14,14,14,14,14,14,14,14,14,14,14,14,14,14,14,14,14,14,14,14,14,14,14,14,14,14,14,14,14,14,14,14,14,14,14,14,14,14,14,14,14,26,26,14,14,14,14,14,14,14
"G11000100011001","2019-2023","DC",,,"District of Columbia","11","District of Columbia","001",,,"001100","1",,,,,,,,,,,".",".",,,,,,,,,,,,"1500000US110010011001",,,"110010011001","Block Group 1, Census Tract 11, District of Columbia, District of Columbia",206,0,0,0,0,0,0,0,0,0,18,0,0,0,0,0,0,18,0,0,0,0,0,0,0,0,0,0,131,0,0,0,0,0,0,131,0,0,0,0,0,0,0,0,0,0,4,0,0,0,4,0,0,0,0,53,53,0,0,0,0,0,0,0,"Block Group 1, Census Tract 11, District of Columbia, District of Columbia",133,14,14,14,14,14,14,14,14,14,31,14,14,14,14,14,14,31,14,14,14,14,14,14,14,14,14,14,131,14,14,14,14,14,14,131,14,14,14,14,14,14,14,14,14,14,8,14,14,14,8,14,14,14,14,63,63,14,14,14,14,14,14,14
"G11000100011002","2019-2023","DC",,,"District of Columbia","11","District of Columbia","001",,,"001100","2",,,,,,,,,,,".",".",,,,,,,,,,,,"1500000US110010011002",,,"110010011002","Block Group 2, Census Tract 11, District of Columbia, District of Columbia",98,0,0,0,0,0,0,0,0,0,0,0,0,0,0,0,0,0,0,15,0,0,0,0,0,0,15,0,22,0,0,0,22,0,0,0,0,21,0,0,0,0,21,0,0,0,0,0,0,0,0,0,0,0,0,40,21,16,3,0,0,0,0,0,"Block Group 2, Census Tract 11, District of Columbia, District of Columbia",59,14,14,14,14,14,14,14,14,14,14,14,14,14,14,14,14,14,14,19,14,14,14,14,14,14,19,14,37,14,14,14,37,14,14,14,14,34,14,14,14,14,34,14,14,14,14,14,14,14,14,14,14,14,14,41,32,26,5,14,14,14,14,14
"G11000100011003","2019-2023","DC",,,"District of Columbia","11","District of Columbia","001",,,"001100","3",,,,,,,,,,,".",".",,,,,,,,,,,,"1500000US110010011003",,,"110010011003","Block Group 3, Census Tract 11, District of Columbia, District of Columbia",139,0,0,0,0,0,0,0,0,0,0,0,0,0,0,0,0,0,0,0,0,0,0,0,0,0,0,0,0,0,0,0,0,0,0,0,0,18,0,0,0,0,0,18,0,0,0,0,0,0,0,0,0,0,0,121,63,41,17,0,0,0,0,0,"Block Group 3, Census Tract 11, District of Columbia, District of Columbia",72,14,14,14,14,14,14,14,14,14,14,14,14,14,14,14,14,14,14,14,14,14,14,14,14,14,14,14,14,14,14,14,14,14,14,14,14,28,14,14,14,14,14,28,14,14,14,14,14,14,14,14,14,14,14,68,58,51,26,14,14,14,14,14
"G11000100011004","2019-2023","DC",,,"District of Columbia","11","District of Columbia","001",,,"001100","4",,,,,,,,,,,".",".",,,,,,,,,,,,"1500000US110010011004",,,"110010011004","Block Group 4, Census Tract 11, District of Columbia, District of Columbia",419,173,0,0,0,0,0,0,0,173,35,0,0,0,0,0,0,35,0,0,0,0,0,0,0,0,0,0,26,0,0,0,0,0,0,0,26,0,0,0,0,0,0,0,0,0,15,0,0,0,0,15,0,0,0,170,150,0,0,0,0,0,0,20,"Block Group 4, Census Tract 11, District of Columbia, District of Columbia",368,243,14,14,14,14,14,14,14,243,56,14,14,14,14,14,14,56,14,14,14,14,14,14,14,14,14,14,44,14,14,14,14,14,14,14,44,14,14,14,14,14,14,14,14,14,23,14,14,14,14,23,14,14,14,224,238,14,14,14,14,14,14,32
"G11000100012001","2019-2023","DC",,,"District of Columbia","11","District of Columbia","001",,,"001200","1",,,,,,,,,,,".",".",,,,,,,,,,,,"1500000US110010012001",,,"110010012001","Block Group 1, Census Tract 12, District of Columbia, District of Columbia",618,79,0,0,0,0,0,0,37,42,12,0,0,0,0,0,0,12,0,0,0,0,0,0,0,0,0,0,32,0,0,0,0,0,15,0,17,74,0,0,0,12,33,19,10,0,185,0,32,22,131,0,0,0,0,236,188,12,17,0,0,0,0,19,"Block Group 1, Census Tract 12, District of Columbia, District of Columbia",227,82,14,14,14,14,14,14,47,67,20,14,14,14,14,14,14,20,14,14,14,14,14,14,14,14,14,14,35,14,14,14,14,14,24,14,26,62,14,14,14,21,44,32,16,14,182,14,36,33,177,14,14,14,14,135,116,22,24,14,14,14,14,31
"G11000100012002","2019-2023","DC",,,"District of Columbia","11","District of Columbia","001",,,"001200","2",,,,,,,,,,,".",".",,,,,,,,,,,,"1500000US110010012002",,,"110010012002","Block Group 2, Census Tract 12, District of Columbia, District of Columbia",325,43,0,0,0,0,0,0,43,0,0,0,0,0,0,0,0,0,0,40,0,0,0,0,0,0,40,0,0,0,0,0,0,0,0,0,0,115,0,0,0,13,70,32,0,0,14,0,0,14,0,0,0,0,0,113,97,0,16,0,0,0,0,0,"Block Group 2, Census Tract 12, District of Columbia, District of Columbia",146,66,14,14,14,14,14,14,66,14,14,14,14,14,14,14,14,14,14,40,14,14,14,14,14,14,40,14,14,14,14,14,14,14,14,14,14,116,14,14,14,21,109,41,14,14,22,14,14,22,14,14,14,14,14,79,76,14,26,14,14,14,14,14
"G11000100012003","2019-2023","DC",,,"District of Columbia","11","District of Columbia","001",,,"001200","3",,,,,,,,,,,".",".",,,,,,,,,,,,"1500000US110010012003",,,"110010012003","Block Group 3, Census Tract 12, District of Columbia, District of Columbia",114,76,0,0,0,0,0,0,76,0,0,0,0,0,0,0,0,0,0,16,0,0,0,0,0,0,16,0,0,0,0,0,0,0,0,0,0,0,0,0,0,0,0,0,0,0,22,0,0,22,0,0,0,0,0,0,0,0,0,0,0,0,0,0,"Block Group 3, Census Tract 12, District of Columbia, District of Columbia",108,117,14,14,14,14,14,14,117,14,14,14,14,14,14,14,14,14,14,27,14,14,14,14,14,14,27,14,14,14,14,14,14,14,14,14,14,14,14,14,14,14,14,14,14,14,34,14,14,34,14,14,14,14,14,14,14,14,14,14,14,14,14,14
"G11000100012004","2019-2023","DC",,,"District of Columbia","11","District of Columbia","001",,,"001200","4",,,,,,,,,,,".",".",,,,,,,,,,,,"1500000US110010012004",,,"110010012004","Block Group 4, Census Tract 12, District of Columbia, District of Columbia",64,0,0,0,0,0,0,0,0,0,7,0,0,0,0,0,0,7,0,25,0,0,0,0,0,0,25,0,0,0,0,0,0,0,0,0,0,32,0,0,0,0,32,0,0,0,0,0,0,0,0,0,0,0,0,0,0,0,0,0,0,0,0,0,"Block Group 4, Census Tract 12, District of Columbia, District of Columbia",58,14,14,14,14,14,14,14,14,14,11,14,14,14,14,14,14,11,14,30,14,14,14,14,14,14,30,14,14,14,14,14,14,14,14,14,14,46,14,14,14,14,46,14,14,14,14,14,14,14,14,14,14,14,14,14,14,14,14,14,14,14,14,14
"G11000100013011","2019-2023","DC",,,"District of Columbia","11","District of Columbia","001",,,"001301","1",,,,,,,,,,,".",".",,,,,,,,,,,,"1500000US110010013011",,,"110010013011","Block Group 1, Census Tract 13.01, District of Columbia, District of Columbia",389,17,0,0,0,0,0,0,17,0,58,0,0,0,0,0,0,58,0,7,0,0,0,0,0,0,7,0,26,0,0,0,0,26,0,0,0,54,0,0,0,27,0,27,0,0,53,0,0,53,0,0,0,0,0,174,69,69,0,14,0,22,0,0,"Block Group 1, Census Tract 13.01, District of Columbia, District of Columbia",119,27,14,14,14,14,14,14,27,14,88,14,14,14,14,14,14,88,14,23,14,14,14,14,14,14,23,14,42,14,14,14,14,42,14,14,14,60,14,14,14,43,14,35,14,14,45,14,14,45,14,14,14,14,14,81,58,58,14,23,14,36,14,14
"G11000100013012","2019-2023","DC",,,"District of Columbia","11","District of Columbia","001",,,"001301","2",,,,,,,,,,,".",".",,,,,,,,,,,,"1500000US110010013012",,,"110010013012","Block Group 2, Census Tract 13.01, District of Columbia, District of Columbia",0,0,0,0,0,0,0,0,0,0,0,0,0,0,0,0,0,0,0,0,0,0,0,0,0,0,0,0,0,0,0,0,0,0,0,0,0,0,0,0,0,0,0,0,0,0,0,0,0,0,0,0,0,0,0,0,0,0,0,0,0,0,0,0,"Block Group 2, Census Tract 13.01, District of Columbia, District of Columbia",14,14,14,14,14,14,14,14,14,14,14,14,14,14,14,14,14,14,14,14,14,14,14,14,14,14,14,14,14,14,14,14,14,14,14,14,14,14,14,14,14,14,14,14,14,14,14,14,14,14,14,14,14,14,14,14,14,14,14,14,14,14,14,14
"G11000100013013","2019-2023","DC",,,"District of Columbia","11","District of Columbia","001",,,"001301","3",,,,,,,,,,,".",".",,,,,,,,,,,,"1500000US110010013013",,,"110010013013","Block Group 3, Census Tract 13.01, District of Columbia, District of Columbia",464,29,0,0,0,0,0,0,0,29,21,0,0,0,0,0,0,21,0,23,0,0,0,0,23,0,0,0,201,0,0,0,0,0,17,184,0,49,0,0,0,0,28,21,0,0,45,0,23,0,22,0,0,0,0,96,72,24,0,0,0,0,0,0,"Block Group 3, Census Tract 13.01, District of Columbia, District of Columbia",252,46,14,14,14,14,14,14,14,46,35,14,14,14,14,14,14,35,14,37,14,14,14,14,37,14,14,14,241,14,14,14,14,14,28,241,14,57,14,14,14,14,45,35,14,14,50,14,38,14,34,14,14,14,14,74,65,38,14,14,14,14,14,14
"G11000100013014","2019-2023","DC",,,"District of Columbia","11","District of Columbia","001",,,"001301","4",,,,,,,,,,,".",".",,,,,,,,,,,,"1500000US110010013014",,,"110010013014","Block Group 4, Census Tract 13.01, District of Columbia, District of Columbia",585,59,0,0,0,0,0,0,37,22,43,0,0,0,0,0,0,43,0,0,0,0,0,0,0,0,0,0,21,21,0,0,0,0,0,0,0,18,0,0,0,0,18,0,0,0,195,0,0,58,79,58,0,0,0,249,193,19,37,0,0,0,0,0,"Block Group 4, Census Tract 13.01, District of Columbia, District of Columbia",165,67,14,14,14,14,14,14,59,35,49,14,14,14,14,14,14,49,14,14,14,14,14,14,14,14,14,14,41,41,14,14,14,14,14,14,14,28,14,14,14,14,28,14,14,14,90,14,14,68,74,90,14,14,14,124,127,30,45,14,14,14,14,14
"G11000100013031","2019-2023","DC",,,"District of Columbia","11","District of Columbia","001",,,"001303","1",,,,,,,,,,,".",".",,,,,,,,,,,,"1500000US110010013031",,,"110010013031","Block Group 1, Census Tract 13.03, District of Columbia, District of Columbia",151,0,0,0,0,0,0,0,0,0,20,0,0,0,0,0,0,20,0,0,0,0,0,0,0,0,0,0,0,0,0,0,0,0,0,0,0,67,0,0,0,0,67,0,0,0,44,0,44,0,0,0,0,0,0,20,0,20,0,0,0,0,0,0,"Block Group 1, Census Tract 13.03, District of Columbia, District of Columbia",101,14,14,14,14,14,14,14,14,14,32,14,14,14,14,14,14,32,14,14,14,14,14,14,14,14,14,14,14,14,14,14,14,14,14,14,14,107,14,14,14,14,107,14,14,14,54,14,54,14,14,14,14,14,14,32,14,32,14,14,14,14,14,14
"G11000100013032","2019-2023","DC",,,"District of Columbia","11","District of Columbia","001",,,"001303","2",,,,,,,,,,,".",".",,,,,,,,,,,,"1500000US110010013032",,,"110010013032","Block Group 2, Census Tract 13.03, District of Columbia, District of Columbia",593,0,0,0,0,0,0,0,0,0,28,0,0,0,0,0,0,28,0,118,0,0,0,0,0,0,118,0,17,0,0,0,0,0,0,17,0,69,0,0,0,45,24,0,0,0,73,0,0,28,24,21,0,0,0,288,180,88,20,0,0,0,0,0,"Block Group 2, Census Tract 13.03, District of Columbia, District of Columbia",179,14,14,14,14,14,14,14,14,14,46,14,14,14,14,14,14,46,14,141,14,14,14,14,14,14,141,14,27,14,14,14,14,14,14,27,14,64,14,14,14,52,39,14,14,14,69,14,14,46,38,32,14,14,14,154,139,70,35,14,14,14,14,14
"G11000100013033","2019-2023","DC",,,"District of Columbia","11","District of Columbia","001",,,"001303","3",,,,,,,,,,,".",".",,,,,,,,,,,,"1500000US110010013033",,,"110010013033","Block Group 3, Census Tract 13.03, District of Columbia, District of Columbia",244,19,0,0,0,0,0,0,19,0,27,0,0,0,0,0,0,27,0,0,0,0,0,0,0,0,0,0,0,0,0,0,0,0,0,0,0,28,0,0,0,28,0,0,0,0,106,0,106,0,0,0,0,0,0,64,64,0,0,0,0,0,0,0,"Block Group 3, Census Tract 13.03, District of Columbia, District of Columbia",144,32,14,14,14,14,14,14,32,14,42,14,14,14,14,14,14,42,14,14,14,14,14,14,14,14,14,14,14,14,14,14,14,14,14,14,14,43,14,14,14,43,14,14,14,14,117,14,117,14,14,14,14,14,14,78,78,14,14,14,14,14,14,14
"G11000100013034","2019-2023","DC",,,"District of Columbia","11","District of Columbia","001",,,"001303","4",,,,,,,,,,,".",".",,,,,,,,,,,,"1500000US110010013034",,,"110010013034","Block Group 4, Census Tract 13.03, District of Columbia, District of Columbia",498,39,0,0,0,0,0,0,0,39,0,0,0,0,0,0,0,0,0,0,0,0,0,0,0,0,0,0,20,0,0,0,0,0,0,20,0,103,0,0,49,0,18,36,0,0,20,0,0,0,0,0,20,0,0,316,234,25,32,25,0,0,0,0,"Block Group 4, Census Tract 13.03, District of Columbia, District of Columbia",207,64,14,14,14,14,14,14,14,64,14,14,14,14,14,14,14,14,14,14,14,14,14,14,14,14,14,14,34,14,14,14,14,14,14,34,14,86,14,14,76,14,28,41,14,14,33,14,14,14,14,14,33,14,14,210,203,41,41,39,14,14,14,14
"G11000100013041","2019-2023","DC",,,"District of Columbia","11","District of Columbia","001",,,"001304","1",,,,,,,,,,,".",".",,,,,,,,,,,,"1500000US110010013041",,,"110010013041","Block Group 1, Census Tract 13.04, District of Columbia, District of Columbia",587,0,0,0,0,0,0,0,0,0,24,0,0,0,0,0,0,24,0,23,0,0,0,0,0,0,23,0,82,0,0,0,0,0,0,82,0,51,0,0,14,15,0,22,0,0,59,0,0,59,0,0,0,0,0,348,130,118,83,17,0,0,0,0,"Block Group 1, Census Tract 13.04, District of Columbia, District of Columbia",169,14,14,14,14,14,14,14,14,14,38,14,14,14,14,14,14,38,14,34,14,14,14,14,14,14,34,14,104,14,14,14,14,14,14,104,14,54,14,14,23,25,14,40,14,14,71,14,14,71,14,14,14,14,14,136,71,72,101,28,14,14,14,14
"G11000100013042","2019-2023","DC",,,"District of Columbia","11","District of Columbia","001",,,"001304","2",,,,,,,,,,,".",".",,,,,,,,,,,,"1500000US110010013042",,,"110010013042","Block Group 2, Census Tract 13.04, District of Columbia, District of Columbia",606,0,0,0,0,0,0,0,0,0,77,0,0,0,0,0,0,77,0,0,0,0,0,0,0,0,0,0,28,0,0,0,0,0,28,0,0,132,0,32,0,0,85,15,0,0,16,0,0,16,0,0,0,0,0,353,108,54,150,41,0,0,0,0,"Block Group 2, Census Tract 13.04, District of Columbia, District of Columbia",229,14,14,14,14,14,14,14,14,14,81,14,14,14,14,14,14,81,14,14,14,14,14,14,14,14,14,14,46,14,14,14,14,14,46,14,14,139,14,52,14,14,129,30,14,14,26,14,14,26,14,14,14,14,14,191,98,69,148,62,14,14,14,14
"G11000100013043","2019-2023","DC",,,"District of Columbia","11","District of Columbia","001",,,"001304","3",,,,,,,,,,,".",".",,,,,,,,,,,,"1500000US110010013043",,,"110010013043","Block Group 3, Census Tract 13.04, District of Columbia, District of Columbia",258,0,0,0,0,0,0,0,0,0,0,0,0,0,0,0,0,0,0,15,0,0,0,0,0,0,15,0,23,0,0,0,0,0,0,23,0,0,0,0,0,0,0,0,0,0,163,0,101,21,0,41,0,0,0,57,44,1,0,0,0,0,0,12,"Block Group 3, Census Tract 13.04, District of Columbia, District of Columbia",147,14,14,14,14,14,14,14,14,14,14,14,14,14,14,14,14,14,14,24,14,14,14,14,14,14,24,14,37,14,14,14,14,14,14,37,14,14,14,14,14,14,14,14,14,14,130,14,143,33,14,50,14,14,14,46,49,2,14,14,14,14,14,23
"G11000100013044","2019-2023","DC",,,"District of Columbia","11","District of Columbia","001",,,"001304","4",,,,,,,,,,,".",".",,,,,,,,,,,,"1500000US110010013044",,,"110010013044","Block Group 4, Census Tract 13.04, District of Columbia, District of Columbia",750,0,0,0,0,0,0,0,0,0,0,0,0,0,0,0,0,0,0,25,0,0,0,0,25,0,0,0,33,0,0,0,0,0,33,0,0,162,0,0,14,59,46,43,0,0,38,0,14,24,0,0,0,0,0,492,129,119,224,20,0,0,0,0,"Block Group 4, Census Tract 13.04, District of Columbia, District of Columbia",370,14,14,14,14,14,14,14,14,14,14,14,14,14,14,14,14,14,14,40,14,14,14,14,40,14,14,14,39,14,14,14,14,14,39,14,14,98,14,14,22,56,55,48,14,14,45,14,22,40,14,14,14,14,14,386,76,71,349,33,14,14,14,14
"G11000100014011","2019-2023","DC",,,"District of Columbia","11","District of Columbia","001",,,"001401","1",,,,,,,,,,,".",".",,,,,,,,,,,,"1500000US110010014011",,,"110010014011","Block Group 1, Census Tract 14.01, District of Columbia, District of Columbia",527,26,0,0,0,0,0,0,26,0,8,0,0,0,0,0,0,8,0,50,0,0,0,0,0,0,50,0,46,0,0,0,9,0,15,22,0,85,0,35,25,15,0,10,0,0,99,0,0,90,9,0,0,0,0,213,192,21,0,0,0,0,0,0,"Block Group 1, Census Tract 14.01, District of Columbia, District of Columbia",104,27,14,14,14,14,14,14,27,14,12,14,14,14,14,14,14,12,14,48,14,14,14,14,14,14,48,14,34,14,14,14,14,14,18,25,14,61,14,53,28,19,14,16,14,14,114,14,14,114,14,14,14,14,14,68,63,19,14,14,14,14,14,14
"G11000100014012","2019-2023","DC",,,"District of Columbia","11","District of Columbia","001",,,"001401","2",,,,,,,,,,,".",".",,,,,,,,,,,,"1500000US110010014012",,,"110010014012","Block Group 2, Census Tract 14.01, District of Columbia, District of Columbia",0,0,0,0,0,0,0,0,0,0,0,0,0,0,0,0,0,0,0,0,0,0,0,0,0,0,0,0,0,0,0,0,0,0,0,0,0,0,0,0,0,0,0,0,0,0,0,0,0,0,0,0,0,0,0,0,0,0,0,0,0,0,0,0,"Block Group 2, Census Tract 14.01, District of Columbia, District of Columbia",14,14,14,14,14,14,14,14,14,14,14,14,14,14,14,14,14,14,14,14,14,14,14,14,14,14,14,14,14,14,14,14,14,14,14,14,14,14,14,14,14,14,14,14,14,14,14,14,14,14,14,14,14,14,14,14,14,14,14,14,14,14,14,14
"G11000100014021","2019-2023","DC",,,"District of Columbia","11","District of Columbia","001",,,"001402","1",,,,,,,,,,,".",".",,,,,,,,,,,,"1500000US110010014021",,,"110010014021","Block Group 1, Census Tract 14.02, District of Columbia, District of Columbia",0,0,0,0,0,0,0,0,0,0,0,0,0,0,0,0,0,0,0,0,0,0,0,0,0,0,0,0,0,0,0,0,0,0,0,0,0,0,0,0,0,0,0,0,0,0,0,0,0,0,0,0,0,0,0,0,0,0,0,0,0,0,0,0,"Block Group 1, Census Tract 14.02, District of Columbia, District of Columbia",14,14,14,14,14,14,14,14,14,14,14,14,14,14,14,14,14,14,14,14,14,14,14,14,14,14,14,14,14,14,14,14,14,14,14,14,14,14,14,14,14,14,14,14,14,14,14,14,14,14,14,14,14,14,14,14,14,14,14,14,14,14,14,14
"G11000100014022","2019-2023","DC",,,"District of Columbia","11","District of Columbia","001",,,"001402","2",,,,,,,,,,,".",".",,,,,,,,,,,,"1500000US110010014022",,,"110010014022","Block Group 2, Census Tract 14.02, District of Columbia, District of Columbia",125,0,0,0,0,0,0,0,0,0,0,0,0,0,0,0,0,0,0,0,0,0,0,0,0,0,0,0,0,0,0,0,0,0,0,0,0,0,0,0,0,0,0,0,0,0,0,0,0,0,0,0,0,0,0,125,36,0,46,0,4,0,27,12,"Block Group 2, Census Tract 14.02, District of Columbia, District of Columbia",68,14,14,14,14,14,14,14,14,14,14,14,14,14,14,14,14,14,14,14,14,14,14,14,14,14,14,14,14,14,14,14,14,14,14,14,14,14,14,14,14,14,14,14,14,14,14,14,14,14,14,14,14,14,14,68,32,14,46,14,7,14,30,20
"G11000100014023","2019-2023","DC",,,"District of Columbia","11","District of Columbia","001",,,"001402","3",,,,,,,,,,,".",".",,,,,,,,,,,,"1500000US110010014023",,,"110010014023","Block Group 3, Census Tract 14.02, District of Columbia, District of Columbia",509,25,0,0,0,0,0,0,24,1,69,0,0,30,0,0,0,39,0,44,13,0,9,0,0,0,22,0,28,0,16,0,0,0,0,12,0,105,52,0,10,20,0,23,0,0,110,52,0,10,48,0,0,0,0,128,115,13,0,0,0,0,0,0,"Block Group 3, Census Tract 14.02, District of Columbia, District of Columbia",139,27,14,14,14,14,14,14,27,2,55,14,14,46,14,14,14,31,14,39,21,14,15,14,14,14,25,14,33,14,27,14,14,14,14,19,14,68,52,14,16,16,14,37,14,14,83,59,14,16,59,14,14,14,14,96,95,19,14,14,14,14,14,14
"G11000100015001","2019-2023","DC",,,"District of Columbia","11","District of Columbia","001",,,"001500","1",,,,,,,,,,,".",".",,,,,,,,,,,,"1500000US110010015001",,,"110010015001","Block Group 1, Census Tract 15, District of Columbia, District of Columbia",0,0,0,0,0,0,0,0,0,0,0,0,0,0,0,0,0,0,0,0,0,0,0,0,0,0,0,0,0,0,0,0,0,0,0,0,0,0,0,0,0,0,0,0,0,0,0,0,0,0,0,0,0,0,0,0,0,0,0,0,0,0,0,0,"Block Group 1, Census Tract 15, District of Columbia, District of Columbia",14,14,14,14,14,14,14,14,14,14,14,14,14,14,14,14,14,14,14,14,14,14,14,14,14,14,14,14,14,14,14,14,14,14,14,14,14,14,14,14,14,14,14,14,14,14,14,14,14,14,14,14,14,14,14,14,14,14,14,14,14,14,14,14
"G11000100015002","2019-2023","DC",,,"District of Columbia","11","District of Columbia","001",,,"001500","2",,,,,,,,,,,".",".",,,,,,,,,,,,"1500000US110010015002",,,"110010015002","Block Group 2, Census Tract 15, District of Columbia, District of Columbia",0,0,0,0,0,0,0,0,0,0,0,0,0,0,0,0,0,0,0,0,0,0,0,0,0,0,0,0,0,0,0,0,0,0,0,0,0,0,0,0,0,0,0,0,0,0,0,0,0,0,0,0,0,0,0,0,0,0,0,0,0,0,0,0,"Block Group 2, Census Tract 15, District of Columbia, District of Columbia",14,14,14,14,14,14,14,14,14,14,14,14,14,14,14,14,14,14,14,14,14,14,14,14,14,14,14,14,14,14,14,14,14,14,14,14,14,14,14,14,14,14,14,14,14,14,14,14,14,14,14,14,14,14,14,14,14,14,14,14,14,14,14,14
"G11000100015003","2019-2023","DC",,,"District of Columbia","11","District of Columbia","001",,,"001500","3",,,,,,,,,,,".",".",,,,,,,,,,,,"1500000US110010015003",,,"110010015003","Block Group 3, Census Tract 15, District of Columbia, District of Columbia",73,0,0,0,0,0,0,0,0,0,0,0,0,0,0,0,0,0,0,0,0,0,0,0,0,0,0,0,19,0,0,0,0,0,0,0,19,0,0,0,0,0,0,0,0,0,9,0,0,0,0,0,0,9,0,45,0,17,0,0,28,0,0,0,"Block Group 3, Census Tract 15, District of Columbia, District of Columbia",47,14,14,14,14,14,14,14,14,14,14,14,14,14,14,14,14,14,14,14,14,14,14,14,14,14,14,14,31,14,14,14,14,14,14,14,31,14,14,14,14,14,14,14,14,14,15,14,14,14,14,14,14,15,14,46,14,28,14,14,35,14,14,14
"G11000100015004","2019-2023","DC",,,"District of Columbia","11","District of Columbia","001",,,"001500","4",,,,,,,,,,,".",".",,,,,,,,,,,,"1500000US110010015004",,,"110010015004","Block Group 4, Census Tract 15, District of Columbia, District of Columbia",13,0,0,0,0,0,0,0,0,0,0,0,0,0,0,0,0,0,0,0,0,0,0,0,0,0,0,0,0,0,0,0,0,0,0,0,0,0,0,0,0,0,0,0,0,0,0,0,0,0,0,0,0,0,0,13,13,0,0,0,0,0,0,0,"Block Group 4, Census Tract 15, District of Columbia, District of Columbia",21,14,14,14,14,14,14,14,14,14,14,14,14,14,14,14,14,14,14,14,14,14,14,14,14,14,14,14,14,14,14,14,14,14,14,14,14,14,14,14,14,14,14,14,14,14,14,14,14,14,14,14,14,14,14,21,21,14,14,14,14,14,14,14
"G11000100015005","2019-2023","DC",,,"District of Columbia","11","District of Columbia","001",,,"001500","5",,,,,,,,,,,".",".",,,,,,,,,,,,"1500000US110010015005",,,"110010015005","Block Group 5, Census Tract 15, District of Columbia, District of Columbia",12,0,0,0,0,0,0,0,0,0,0,0,0,0,0,0,0,0,0,0,0,0,0,0,0,0,0,0,0,0,0,0,0,0,0,0,0,0,0,0,0,0,0,0,0,0,0,0,0,0,0,0,0,0,0,12,0,0,0,0,12,0,0,0,"Block Group 5, Census Tract 15, District of Columbia, District of Columbia",21,14,14,14,14,14,14,14,14,14,14,14,14,14,14,14,14,14,14,14,14,14,14,14,14,14,14,14,14,14,14,14,14,14,14,14,14,14,14,14,14,14,14,14,14,14,14,14,14,14,14,14,14,14,14,21,14,14,14,14,21,14,14,14
"G11000100016001","2019-2023","DC",,,"District of Columbia","11","District of Columbia","001",,,"001600","1",,,,,,,,,,,".",".",,,,,,,,,,,,"1500000US110010016001",,,"110010016001","Block Group 1, Census Tract 16, District of Columbia, District of Columbia",0,0,0,0,0,0,0,0,0,0,0,0,0,0,0,0,0,0,0,0,0,0,0,0,0,0,0,0,0,0,0,0,0,0,0,0,0,0,0,0,0,0,0,0,0,0,0,0,0,0,0,0,0,0,0,0,0,0,0,0,0,0,0,0,"Block Group 1, Census Tract 16, District of Columbia, District of Columbia",14,14,14,14,14,14,14,14,14,14,14,14,14,14,14,14,14,14,14,14,14,14,14,14,14,14,14,14,14,14,14,14,14,14,14,14,14,14,14,14,14,14,14,14,14,14,14,14,14,14,14,14,14,14,14,14,14,14,14,14,14,14,14,14
"G11000100016002","2019-2023","DC",,,"District of Columbia","11","District of Columbia","001",,,"001600","2",,,,,,,,,,,".",".",,,,,,,,,,,,"1500000US110010016002",,,"110010016002","Block Group 2, Census Tract 16, District of Columbia, District of Columbia",62,0,0,0,0,0,0,0,0,0,0,0,0,0,0,0,0,0,0,0,0,0,0,0,0,0,0,0,0,0,0,0,0,0,0,0,0,21,0,0,0,0,0,0,0,21,41,17,0,24,0,0,0,0,0,0,0,0,0,0,0,0,0,0,"Block Group 2, Census Tract 16, District of Columbia, District of Columbia",55,14,14,14,14,14,14,14,14,14,14,14,14,14,14,14,14,14,14,14,14,14,14,14,14,14,14,14,14,14,14,14,14,14,14,14,14,35,14,14,14,14,14,14,14,35,45,28,14,36,14,14,14,14,14,14,14,14,14,14,14,14,14,14
"G11000100016003","2019-2023","DC",,,"District of Columbia","11","District of Columbia","001",,,"001600","3",,,,,,,,,,,".",".",,,,,,,,,,,,"1500000US110010016003",,,"110010016003","Block Group 3, Census Tract 16, District of Columbia, District of Columbia",0,0,0,0,0,0,0,0,0,0,0,0,0,0,0,0,0,0,0,0,0,0,0,0,0,0,0,0,0,0,0,0,0,0,0,0,0,0,0,0,0,0,0,0,0,0,0,0,0,0,0,0,0,0,0,0,0,0,0,0,0,0,0,0,"Block Group 3, Census Tract 16, District of Columbia, District of Columbia",14,14,14,14,14,14,14,14,14,14,14,14,14,14,14,14,14,14,14,14,14,14,14,14,14,14,14,14,14,14,14,14,14,14,14,14,14,14,14,14,14,14,14,14,14,14,14,14,14,14,14,14,14,14,14,14,14,14,14,14,14,14,14,14
"G11000100016004","2019-2023","DC",,,"District of Columbia","11","District of Columbia","001",,,"001600","4",,,,,,,,,,,".",".",,,,,,,,,,,,"1500000US110010016004",,,"110010016004","Block Group 4, Census Tract 16, District of Columbia, District of Columbia",41,0,0,0,0,0,0,0,0,0,0,0,0,0,0,0,0,0,0,0,0,0,0,0,0,0,0,0,0,0,0,0,0,0,0,0,0,0,0,0,0,0,0,0,0,0,0,0,0,0,0,0,0,0,0,41,13,0,0,0,0,0,0,28,"Block Group 4, Census Tract 16, District of Columbia, District of Columbia",46,14,14,14,14,14,14,14,14,14,14,14,14,14,14,14,14,14,14,14,14,14,14,14,14,14,14,14,14,14,14,14,14,14,14,14,14,14,14,14,14,14,14,14,14,14,14,14,14,14,14,14,14,14,14,46,20,14,14,14,14,14,14,42
"G11000100017021","2019-2023","DC",,,"District of Columbia","11","District of Columbia","001",,,"001702","1",,,,,,,,,,,".",".",,,,,,,,,,,,"1500000US110010017021",,,"110010017021","Block Group 1, Census Tract 17.02, District of Columbia, District of Columbia",192,0,0,0,0,0,0,0,0,0,26,0,0,0,0,0,0,26,0,14,0,0,0,0,0,0,14,0,0,0,0,0,0,0,0,0,0,18,0,0,0,0,0,18,0,0,12,0,0,12,0,0,0,0,0,122,82,24,16,0,0,0,0,0,"Block Group 1, Census Tract 17.02, District of Columbia, District of Columbia",89,14,14,14,14,14,14,14,14,14,28,14,14,14,14,14,14,28,14,19,14,14,14,14,14,14,19,14,14,14,14,14,14,14,14,14,14,27,14,14,14,14,14,27,14,14,19,14,14,19,14,14,14,14,14,82,72,27,20,14,14,14,14,14
"G11000100017022","2019-2023","DC",,,"District of Columbia","11","District of Columbia","001",,,"001702","2",,,,,,,,,,,".",".",,,,,,,,,,,,"1500000US110010017022",,,"110010017022","Block Group 2, Census Tract 17.02, District of Columbia, District of Columbia",635,20,0,0,0,0,0,0,20,0,20,0,0,0,0,0,0,20,0,35,0,0,0,0,0,35,0,0,63,0,0,0,0,0,26,37,0,102,0,0,0,84,18,0,0,0,72,0,22,16,16,0,18,0,0,323,211,41,8,0,46,0,0,17,"Block Group 2, Census Tract 17.02, District of Columbia, District of Columbia",210,31,14,14,14,14,14,14,31,14,34,14,14,14,14,14,14,34,14,48,14,14,14,14,14,48,14,14,57,14,14,14,14,14,29,50,14,133,14,14,14,130,29,14,14,14,56,14,35,25,27,14,29,14,14,138,120,37,13,14,61,14,14,22
"G11000100018031","2019-2023","DC",,,"District of Columbia","11","District of Columbia","001",,,"001803","1",,,,,,,,,,,".",".",,,,,,,,,,,,"1500000US110010018031",,,"110010018031","Block Group 1, Census Tract 18.03, District of Columbia, District of Columbia",192,30,0,0,0,0,0,0,13,17,0,0,0,0,0,0,0,0,0,0,0,0,0,0,0,0,0,0,17,17,0,0,0,0,0,0,0,7,0,0,7,0,0,0,0,0,10,0,0,10,0,0,0,0,0,128,108,20,0,0,0,0,0,0,"Block Group 1, Census Tract 18.03, District of Columbia, District of Columbia",97,34,14,14,14,14,14,14,20,27,14,14,14,14,14,14,14,14,14,14,14,14,14,14,14,14,14,14,25,25,14,14,14,14,14,14,14,11,14,14,11,14,14,14,14,14,16,14,14,16,14,14,14,14,14,97,93,31,14,14,14,14,14,14
"G11000100018032","2019-2023","DC",,,"District of Columbia","11","District of Columbia","001",,,"001803","2",,,,,,,,,,,".",".",,,,,,,,,,,,"1500000US110010018032",,,"110010018032","Block Group 2, Census Tract 18.03, District of Columbia, District of Columbia",739,76,0,0,0,0,0,0,18,58,43,0,0,0,0,0,0,43,0,197,0,0,0,0,0,13,134,50,106,0,0,0,76,18,0,12,0,221,0,84,85,0,40,12,0,0,32,0,32,0,0,0,0,0,0,64,61,0,0,0,3,0,0,0,"Block Group 2, Census Tract 18.03, District of Columbia, District of Columbia",223,100,14,14,14,14,14,14,27,92,68,14,14,14,14,14,14,68,14,148,14,14,14,14,14,20,119,77,107,14,14,14,97,35,14,19,14,162,14,130,88,14,61,19,14,14,52,14,52,14,14,14,14,14,14,49,49,14,14,14,5,14,14,14
"G11000100018033","2019-2023","DC",,,"District of Columbia","11","District of Columbia","001",,,"001803","3",,,,,,,,,,,".",".",,,,,,,,,,,,"1500000US110010018033",,,"110010018033","Block Group 3, Census Tract 18.03, District of Columbia, District of Columbia",508,73,0,0,0,0,0,0,73,0,0,0,0,0,0,0,0,0,0,102,0,0,12,0,0,0,90,0,74,0,0,25,0,35,14,0,0,81,0,0,81,0,0,0,0,0,85,85,0,0,0,0,0,0,0,93,82,11,0,0,0,0,0,0,"Block Group 3, Census Tract 18.03, District of Columbia, District of Columbia",169,82,14,14,14,14,14,14,82,14,14,14,14,14,14,14,14,14,14,94,14,14,18,14,14,14,93,14,75,14,14,37,14,59,21,14,14,111,14,14,111,14,14,14,14,14,82,82,14,14,14,14,14,14,14,65,62,22,14,14,14,14,14,14
"G11000100018041","2019-2023","DC",,,"District of Columbia","11","District of Columbia","001",,,"001804","1",,,,,,,,,,,".",".",,,,,,,,,,,,"1500000US110010018041",,,"110010018041","Block Group 1, Census Tract 18.04, District of Columbia, District of Columbia",229,114,0,0,0,0,0,0,114,0,0,0,0,0,0,0,0,0,0,44,0,0,0,0,0,44,0,0,0,0,0,0,0,0,0,0,0,71,0,0,34,37,0,0,0,0,0,0,0,0,0,0,0,0,0,0,0,0,0,0,0,0,0,0,"Block Group 1, Census Tract 18.04, District of Columbia, District of Columbia",168,152,14,14,14,14,14,14,152,14,14,14,14,14,14,14,14,14,14,52,14,14,14,14,14,52,14,14,14,14,14,14,14,14,14,14,14,78,14,14,54,58,14,14,14,14,14,14,14,14,14,14,14,14,14,14,14,14,14,14,14,14,14,14
"G11000100018042","2019-2023","DC",,,"District of Columbia","11","District of Columbia","001",,,"001804","2",,,,,,,,,,,".",".",,,,,,,,,,,,"1500000US110010018042",,,"110010018042","Block Group 2, Census Tract 18.04, District of Columbia, District of Columbia",554,0,0,0,0,0,0,0,0,0,36,0,0,0,0,0,0,36,0,65,0,0,0,0,0,32,33,0,132,0,0,0,34,0,98,0,0,186,0,31,36,46,73,0,0,0,25,25,0,0,0,0,0,0,0,110,110,0,0,0,0,0,0,0,"Block Group 2, Census Tract 18.04, District of Columbia, District of Columbia",229,14,14,14,14,14,14,14,14,14,65,14,14,14,14,14,14,65,14,73,14,14,14,14,14,50,53,14,146,14,14,14,54,14,141,14,14,163,14,50,61,80,112,14,14,14,40,40,14,14,14,14,14,14,14,102,102,14,14,14,14,14,14,14
"G11000100018043","2019-2023","DC",,,"District of Columbia","11","District of Columbia","001",,,"001804","3",,,,,,,,,,,".",".",,,,,,,,,,,,"1500000US110010018043",,,"110010018043","Block Group 3, Census Tract 18.04, District of Columbia, District of Columbia",547,77,0,0,0,0,0,0,33,44,51,0,0,0,0,0,0,51,0,88,0,0,0,0,0,34,54,0,0,0,0,0,0,0,0,0,0,87,0,0,0,1,49,37,0,0,142,84,0,58,0,0,0,0,0,102,102,0,0,0,0,0,0,0,"Block Group 3, Census Tract 18.04, District of Columbia, District of Columbia",205,85,14,14,14,14,14,14,53,70,59,14,14,14,14,14,14,59,14,74,14,14,14,14,14,58,64,14,14,14,14,14,14,14,14,14,14,100,14,14,14,2,72,57,14,14,138,130,14,84,14,14,14,14,14,84,84,14,14,14,14,14,14,14
"G11000100019011","2019-2023","DC",,,"District of Columbia","11","District of Columbia","001",,,"001901","1",,,,,,,,,,,".",".",,,,,,,,,,,,"1500000US110010019011",,,"110010019011","Block Group 1, Census Tract 19.01, District of Columbia, District of Columbia",62,15,0,0,0,0,0,0,15,0,6,0,0,0,0,0,0,6,0,0,0,0,0,0,0,0,0,0,15,0,0,7,0,0,8,0,0,9,9,0,0,0,0,0,0,0,0,0,0,0,0,0,0,0,0,17,17,0,0,0,0,0,0,0,"Block Group 1, Census Tract 19.01, District of Columbia, District of Columbia",45,22,14,14,14,14,14,14,22,14,12,14,14,14,14,14,14,12,14,14,14,14,14,14,14,14,14,14,26,14,14,14,14,14,20,14,14,13,13,14,14,14,14,14,14,14,14,14,14,14,14,14,14,14,14,29,29,14,14,14,14,14,14,14
"G11000100019012","2019-2023","DC",,,"District of Columbia","11","District of Columbia","001",,,"001901","2",,,,,,,,,,,".",".",,,,,,,,,,,,"1500000US110010019012",,,"110010019012","Block Group 2, Census Tract 19.01, District of Columbia, District of Columbia",73,0,0,0,0,0,0,0,0,0,0,0,0,0,0,0,0,0,0,8,0,0,0,0,0,0,0,8,0,0,0,0,0,0,0,0,0,0,0,0,0,0,0,0,0,0,46,0,33,13,0,0,0,0,0,19,11,8,0,0,0,0,0,0,"Block Group 2, Census Tract 19.01, District of Columbia, District of Columbia",58,14,14,14,14,14,14,14,14,14,14,14,14,14,14,14,14,14,14,12,14,14,14,14,14,14,14,12,14,14,14,14,14,14,14,14,14,14,14,14,14,14,14,14,14,14,54,14,52,21,14,14,14,14,14,21,17,13,14,14,14,14,14,14
"G11000100019013","2019-2023","DC",,,"District of Columbia","11","District of Columbia","001",,,"001901","3",,,,,,,,,,,".",".",,,,,,,,,,,,"1500000US110010019013",,,"110010019013","Block Group 3, Census Tract 19.01, District of Columbia, District of Columbia",29,0,0,0,0,0,0,0,0,0,0,0,0,0,0,0,0,0,0,7,0,0,0,0,0,0,7,0,0,0,0,0,0,0,0,0,0,0,0,0,0,0,0,0,0,0,0,0,0,0,0,0,0,0,0,22,22,0,0,0,0,0,0,0,"Block Group 3, Census Tract 19.01, District of Columbia, District of Columbia",37,14,14,14,14,14,14,14,14,14,14,14,14,14,14,14,14,14,14,12,14,14,14,14,14,14,12,14,14,14,14,14,14,14,14,14,14,14,14,14,14,14,14,14,14,14,14,14,14,14,14,14,14,14,14,38,38,14,14,14,14,14,14,14
"G11000100019014","2019-2023","DC",,,"District of Columbia","11","District of Columbia","001",,,"001901","4",,,,,,,,,,,".",".",,,,,,,,,,,,"1500000US110010019014",,,"110010019014","Block Group 4, Census Tract 19.01, District of Columbia, District of Columbia",85,0,0,0,0,0,0,0,0,0,0,0,0,0,0,0,0,0,0,0,0,0,0,0,0,0,0,0,19,19,0,0,0,0,0,0,0,0,0,0,0,0,0,0,0,0,66,0,0,66,0,0,0,0,0,0,0,0,0,0,0,0,0,0,"Block Group 4, Census Tract 19.01, District of Columbia, District of Columbia",99,14,14,14,14,14,14,14,14,14,14,14,14,14,14,14,14,14,14,14,14,14,14,14,14,14,14,14,32,32,14,14,14,14,14,14,14,14,14,14,14,14,14,14,14,14,92,14,14,92,14,14,14,14,14,14,14,14,14,14,14,14,14,14
"G11000100019021","2019-2023","DC",,,"District of Columbia","11","District of Columbia","001",,,"001902","1",,,,,,,,,,,".",".",,,,,,,,,,,,"1500000US110010019021",,,"110010019021","Block Group 1, Census Tract 19.02, District of Columbia, District of Columbia",45,0,0,0,0,0,0,0,0,0,0,0,0,0,0,0,0,0,0,4,0,0,0,0,0,0,4,0,0,0,0,0,0,0,0,0,0,0,0,0,0,0,0,0,0,0,0,0,0,0,0,0,0,0,0,41,35,0,0,0,0,6,0,0,"Block Group 1, Census Tract 19.02, District of Columbia, District of Columbia",52,14,14,14,14,14,14,14,14,14,14,14,14,14,14,14,14,14,14,7,14,14,14,14,14,14,7,14,14,14,14,14,14,14,14,14,14,14,14,14,14,14,14,14,14,14,14,14,14,14,14,14,14,14,14,52,51,14,14,14,14,10,14,14
"G11000100019022","2019-2023","DC",,,"District of Columbia","11","District of Columbia","001",,,"001902","2",,,,,,,,,,,".",".",,,,,,,,,,,,"1500000US110010019022",,,"110010019022","Block Group 2, Census Tract 19.02, District of Columbia, District of Columbia",86,0,0,0,0,0,0,0,0,0,8,0,0,0,0,0,0,0,8,4,0,0,0,0,0,0,0,4,13,0,5,0,8,0,0,0,0,37,0,30,7,0,0,0,0,0,21,15,0,0,0,0,6,0,0,3,3,0,0,0,0,0,0,0,"Block Group 2, Census Tract 19.02, District of Columbia, District of Columbia",58,14,14,14,14,14,14,14,14,14,11,14,14,14,14,14,14,14,11,7,14,14,14,14,14,14,14,7,16,14,10,14,15,14,14,14,14,41,14,43,13,14,14,14,14,14,26,25,14,14,14,14,9,14,14,5,5,14,14,14,14,14,14,14
"G11000100020011","2019-2023","DC",,,"District of Columbia","11","District of Columbia","001",,,"002001","1",,,,,,,,,,,".",".",,,,,,,,,,,,"1500000US110010020011",,,"110010020011","Block Group 1, Census Tract 20.01, District of Columbia, District of Columbia",669,0,0,0,0,0,0,0,0,0,21,0,0,0,0,0,0,21,0,154,0,0,0,0,0,25,129,0,63,0,0,0,0,0,0,63,0,235,22,53,119,9,0,19,13,0,30,12,0,0,18,0,0,0,0,166,161,0,5,0,0,0,0,0,"Block Group 1, Census Tract 20.01, District of Columbia, District of Columbia",267,14,14,14,14,14,14,14,14,14,21,14,14,14,14,14,14,21,14,125,14,14,14,14,14,31,119,14,67,14,14,14,14,14,14,67,14,214,39,56,198,16,14,28,27,14,30,20,14,14,20,14,14,14,14,83,80,14,9,14,14,14,14,14
"G11000100020012","2019-2023","DC",,,"District of Columbia","11","District of Columbia","001",,,"002001","2",,,,,,,,,,,".",".",,,,,,,,,,,,"1500000US110010020012",,,"110010020012","Block Group 2, Census Tract 20.01, District of Columbia, District of Columbia",73,1,0,0,0,0,0,0,1,0,21,0,0,0,0,0,0,21,0,0,0,0,0,0,0,0,0,0,4,0,0,0,0,0,4,0,0,26,0,0,26,0,0,0,0,0,7,7,0,0,0,0,0,0,0,14,8,0,6,0,0,0,0,0,"Block Group 2, Census Tract 20.01, District of Columbia, District of Columbia",40,2,14,14,14,14,14,14,2,14,31,14,14,14,14,14,14,31,14,14,14,14,14,14,14,14,14,14,7,14,14,14,14,14,7,14,14,27,14,14,27,14,14,14,14,14,10,10,14,14,14,14,14,14,14,16,11,14,11,14,14,14,14,14
"G11000100020021","2019-2023","DC",,,"District of Columbia","11","District of Columbia","001",,,"002002","1",,,,,,,,,,,".",".",,,,,,,,,,,,"1500000US110010020021",,,"110010020021","Block Group 1, Census Tract 20.02, District of Columbia, District of Columbia",34,0,0,0,0,0,0,0,0,0,0,0,0,0,0,0,0,0,0,26,0,0,0,0,0,0,26,0,0,0,0,0,0,0,0,0,0,0,0,0,0,0,0,0,0,0,0,0,0,0,0,0,0,0,0,8,8,0,0,0,0,0,0,0,"Block Group 1, Census Tract 20.02, District of Columbia, District of Columbia",34,14,14,14,14,14,14,14,14,14,14,14,14,14,14,14,14,14,14,30,14,14,14,14,14,14,30,14,14,14,14,14,14,14,14,14,14,14,14,14,14,14,14,14,14,14,14,14,14,14,14,14,14,14,14,12,12,14,14,14,14,14,14,14
"G11000100020022","2019-2023","DC",,,"District of Columbia","11","District of Columbia","001",,,"002002","2",,,,,,,,,,,".",".",,,,,,,,,,,,"1500000US110010020022",,,"110010020022","Block Group 2, Census Tract 20.02, District of Columbia, District of Columbia",139,65,0,0,0,0,0,0,0,65,0,0,0,0,0,0,0,0,0,5,0,0,0,0,0,0,5,0,17,0,0,0,0,0,17,0,0,16,0,0,0,0,16,0,0,0,30,0,0,30,0,0,0,0,0,6,0,0,6,0,0,0,0,0,"Block Group 2, Census Tract 20.02, District of Columbia, District of Columbia",101,85,14,14,14,14,14,14,14,85,14,14,14,14,14,14,14,14,14,9,14,14,14,14,14,14,9,14,28,14,14,14,14,14,28,14,14,28,14,14,14,14,28,14,14,14,34,14,14,34,14,14,14,14,14,10,14,14,10,14,14,14,14,14
"G11000100020023","2019-2023","DC",,,"District of Columbia","11","District of Columbia","001",,,"002002","3",,,,,,,,,,,".",".",,,,,,,,,,,,"1500000US110010020023",,,"110010020023","Block Group 3, Census Tract 20.02, District of Columbia, District of Columbia",76,0,0,0,0,0,0,0,0,0,0,0,0,0,0,0,0,0,0,0,0,0,0,0,0,0,0,0,0,0,0,0,0,0,0,0,0,0,0,0,0,0,0,0,0,0,32,32,0,0,0,0,0,0,0,44,24,0,20,0,0,0,0,0,"Block Group 3, Census Tract 20.02, District of Columbia, District of Columbia",67,14,14,14,14,14,14,14,14,14,14,14,14,14,14,14,14,14,14,14,14,14,14,14,14,14,14,14,14,14,14,14,14,14,14,14,14,14,14,14,14,14,14,14,14,14,50,50,14,14,14,14,14,14,14,47,33,14,27,14,14,14,14,14
"G11000100021011","2019-2023","DC",,,"District of Columbia","11","District of Columbia","001",,,"002101","1",,,,,,,,,,,".",".",,,,,,,,,,,,"1500000US110010021011",,,"110010021011","Block Group 1, Census Tract 21.01, District of Columbia, District of Columbia",408,0,0,0,0,0,0,0,0,0,12,12,0,0,0,0,0,0,0,0,0,0,0,0,0,0,0,0,34,0,0,34,0,0,0,0,0,132,0,39,0,0,0,0,93,0,70,70,0,0,0,0,0,0,0,160,0,141,19,0,0,0,0,0,"Block Group 1, Census Tract 21.01, District of Columbia, District of Columbia",313,14,14,14,14,14,14,14,14,14,19,19,14,14,14,14,14,14,14,14,14,14,14,14,14,14,14,14,55,14,14,55,14,14,14,14,14,159,14,62,14,14,14,14,139,14,102,102,14,14,14,14,14,14,14,219,14,213,49,14,14,14,14,14
"G11000100021012","2019-2023","DC",,,"District of Columbia","11","District of Columbia","001",,,"002101","2",,,,,,,,,,,".",".",,,,,,,,,,,,"1500000US110010021012",,,"110010021012","Block Group 2, Census Tract 21.01, District of Columbia, District of Columbia",320,0,0,0,0,0,0,0,0,0,0,0,0,0,0,0,0,0,0,0,0,0,0,0,0,0,0,0,122,0,0,0,0,49,0,73,0,83,0,83,0,0,0,0,0,0,13,13,0,0,0,0,0,0,0,102,46,56,0,0,0,0,0,0,"Block Group 2, Census Tract 21.01, District of Columbia, District of Columbia",204,14,14,14,14,14,14,14,14,14,14,14,14,14,14,14,14,14,14,14,14,14,14,14,14,14,14,14,128,14,14,14,14,79,14,109,14,125,14,125,14,14,14,14,14,14,30,30,14,14,14,14,14,14,14,113,66,90,14,14,14,14,14,14
"G11000100021013","2019-2023","DC",,,"District of Columbia","11","District of Columbia","001",,,"002101","3",,,,,,,,,,,".",".",,,,,,,,,,,,"1500000US110010021013",,,"110010021013","Block Group 3, Census Tract 21.01, District of Columbia, District of Columbia",159,0,0,0,0,0,0,0,0,0,0,0,0,0,0,0,0,0,0,41,0,0,0,0,0,0,0,41,0,0,0,0,0,0,0,0,0,26,0,0,0,26,0,0,0,0,39,0,0,0,0,25,0,14,0,53,0,53,0,0,0,0,0,0,"Block Group 3, Census Tract 21.01, District of Columbia, District of Columbia",119,14,14,14,14,14,14,14,14,14,14,14,14,14,14,14,14,14,14,69,14,14,14,14,14,14,14,69,14,14,14,14,14,14,14,14,14,42,14,14,14,42,14,14,14,14,46,14,14,14,14,37,14,30,14,83,14,83,14,14,14,14,14,14
"G11000100021014","2019-2023","DC",,,"District of Columbia","11","District of Columbia","001",,,"002101","4",,,,,,,,,,,".",".",,,,,,,,,,,,"1500000US110010021014",,,"110010021014","Block Group 4, Census Tract 21.01, District of Columbia, District of Columbia",80,0,0,0,0,0,0,0,0,0,49,0,0,0,0,0,0,49,0,0,0,0,0,0,0,0,0,0,0,0,0,0,0,0,0,0,0,0,0,0,0,0,0,0,0,0,0,0,0,0,0,0,0,0,0,31,31,0,0,0,0,0,0,0,"Block Group 4, Census Tract 21.01, District of Columbia, District of Columbia",73,14,14,14,14,14,14,14,14,14,56,14,14,14,14,14,14,56,14,14,14,14,14,14,14,14,14,14,14,14,14,14,14,14,14,14,14,14,14,14,14,14,14,14,14,14,14,14,14,14,14,14,14,14,14,49,49,14,14,14,14,14,14,14
"G11000100021015","2019-2023","DC",,,"District of Columbia","11","District of Columbia","001",,,"002101","5",,,,,,,,,,,".",".",,,,,,,,,,,,"1500000US110010021015",,,"110010021015","Block Group 5, Census Tract 21.01, District of Columbia, District of Columbia",207,0,0,0,0,0,0,0,0,0,0,0,0,0,0,0,0,0,0,100,0,0,0,100,0,0,0,0,0,0,0,0,0,0,0,0,0,107,0,43,23,0,0,0,0,41,0,0,0,0,0,0,0,0,0,0,0,0,0,0,0,0,0,0,"Block Group 5, Census Tract 21.01, District of Columbia, District of Columbia",144,14,14,14,14,14,14,14,14,14,14,14,14,14,14,14,14,14,14,121,14,14,14,121,14,14,14,14,14,14,14,14,14,14,14,14,14,99,14,68,37,14,14,14,14,65,14,14,14,14,14,14,14,14,14,14,14,14,14,14,14,14,14,14
"G11000100021021","2019-2023","DC",,,"District of Columbia","11","District of Columbia","001",,,"002102","1",,,,,,,,,,,".",".",,,,,,,,,,,,"1500000US110010021021",,,"110010021021","Block Group 1, Census Tract 21.02, District of Columbia, District of Columbia",44,0,0,0,0,0,0,0,0,0,0,0,0,0,0,0,0,0,0,0,0,0,0,0,0,0,0,0,0,0,0,0,0,0,0,0,0,0,0,0,0,0,0,0,0,0,0,0,0,0,0,0,0,0,0,44,34,0,0,0,0,0,0,10,"Block Group 1, Census Tract 21.02, District of Columbia, District of Columbia",45,14,14,14,14,14,14,14,14,14,14,14,14,14,14,14,14,14,14,14,14,14,14,14,14,14,14,14,14,14,14,14,14,14,14,14,14,14,14,14,14,14,14,14,14,14,14,14,14,14,14,14,14,14,14,45,40,14,14,14,14,14,14,18
"G11000100021022","2019-2023","DC",,,"District of Columbia","11","District of Columbia","001",,,"002102","2",,,,,,,,,,,".",".",,,,,,,,,,,,"1500000US110010021022",,,"110010021022","Block Group 2, Census Tract 21.02, District of Columbia, District of Columbia",441,0,0,0,0,0,0,0,0,0,58,0,0,0,0,0,0,58,0,31,0,0,0,0,0,0,31,0,60,0,0,0,0,0,0,60,0,0,0,0,0,0,0,0,0,0,187,93,0,94,0,0,0,0,0,105,105,0,0,0,0,0,0,0,"Block Group 2, Census Tract 21.02, District of Columbia, District of Columbia",248,14,14,14,14,14,14,14,14,14,68,14,14,14,14,14,14,68,14,49,14,14,14,14,14,14,49,14,88,14,14,14,14,14,14,88,14,14,14,14,14,14,14,14,14,14,208,161,14,136,14,14,14,14,14,84,84,14,14,14,14,14,14,14
"G11000100021023","2019-2023","DC",,,"District of Columbia","11","District of Columbia","001",,,"002102","3",,,,,,,,,,,".",".",,,,,,,,,,,,"1500000US110010021023",,,"110010021023","Block Group 3, Census Tract 21.02, District of Columbia, District of Columbia",78,0,0,0,0,0,0,0,0,0,0,0,0,0,0,0,0,0,0,23,0,0,0,0,0,0,23,0,0,0,0,0,0,0,0,0,0,24,0,24,0,0,0,0,0,0,0,0,0,0,0,0,0,0,0,31,20,11,0,0,0,0,0,0,"Block Group 3, Census Tract 21.02, District of Columbia, District of Columbia",60,14,14,14,14,14,14,14,14,14,14,14,14,14,14,14,14,14,14,35,14,14,14,14,14,14,35,14,14,14,14,14,14,14,14,14,14,39,14,39,14,14,14,14,14,14,14,14,14,14,14,14,14,14,14,34,29,17,14,14,14,14,14,14
"G11000100021024","2019-2023","DC",,,"District of Columbia","11","District of Columbia","001",,,"002102","4",,,,,,,,,,,".",".",,,,,,,,,,,,"1500000US110010021024",,,"110010021024","Block Group 4, Census Tract 21.02, District of Columbia, District of Columbia",31,0,0,0,0,0,0,0,0,0,21,0,0,0,0,0,0,21,0,0,0,0,0,0,0,0,0,0,0,0,0,0,0,0,0,0,0,0,0,0,0,0,0,0,0,0,0,0,0,0,0,0,0,0,0,10,0,0,10,0,0,0,0,0,"Block Group 4, Census Tract 21.02, District of Columbia, District of Columbia",40,14,14,14,14,14,14,14,14,14,35,14,14,14,14,14,14,35,14,14,14,14,14,14,14,14,14,14,14,14,14,14,14,14,14,14,14,14,14,14,14,14,14,14,14,14,14,14,14,14,14,14,14,14,14,17,14,14,17,14,14,14,14,14
"G11000100021025","2019-2023","DC",,,"District of Columbia","11","District of Columbia","001",,,"002102","5",,,,,,,,,,,".",".",,,,,,,,,,,,"1500000US110010021025",,,"110010021025","Block Group 5, Census Tract 21.02, District of Columbia, District of Columbia",324,0,0,0,0,0,0,0,0,0,0,0,0,0,0,0,0,0,0,22,0,0,0,0,0,0,22,0,0,0,0,0,0,0,0,0,0,167,0,136,31,0,0,0,0,0,15,15,0,0,0,0,0,0,0,120,105,0,15,0,0,0,0,0,"Block Group 5, Census Tract 21.02, District of Columbia, District of Columbia",156,14,14,14,14,14,14,14,14,14,14,14,14,14,14,14,14,14,14,38,14,14,14,14,14,14,38,14,14,14,14,14,14,14,14,14,14,152,14,142,44,14,14,14,14,14,26,26,14,14,14,14,14,14,14,56,49,14,25,14,14,14,14,14
"G11000100021026","2019-2023","DC",,,"District of Columbia","11","District of Columbia","001",,,"002102","6",,,,,,,,,,,".",".",,,,,,,,,,,,"1500000US110010021026",,,"110010021026","Block Group 6, Census Tract 21.02, District of Columbia, District of Columbia",117,0,0,0,0,0,0,0,0,0,0,0,0,0,0,0,0,0,0,59,0,0,0,0,0,0,59,0,0,0,0,0,0,0,0,0,0,38,0,0,38,0,0,0,0,0,0,0,0,0,0,0,0,0,0,20,0,20,0,0,0,0,0,0,"Block Group 6, Census Tract 21.02, District of Columbia, District of Columbia",73,14,14,14,14,14,14,14,14,14,14,14,14,14,14,14,14,14,14,72,14,14,14,14,14,14,72,14,14,14,14,14,14,14,14,14,14,61,14,14,61,14,14,14,14,14,14,14,14,14,14,14,14,14,14,29,14,29,14,14,14,14,14,14
"G11000100022011","2019-2023","DC",,,"District of Columbia","11","District of Columbia","001",,,"002201","1",,,,,,,,,,,".",".",,,,,,,,,,,,"1500000US110010022011",,,"110010022011","Block Group 1, Census Tract 22.01, District of Columbia, District of Columbia",42,0,0,0,0,0,0,0,0,0,11,0,0,11,0,0,0,0,0,14,0,0,0,0,0,14,0,0,0,0,0,0,0,0,0,0,0,0,0,0,0,0,0,0,0,0,0,0,0,0,0,0,0,0,0,17,0,0,0,0,17,0,0,0,"Block Group 1, Census Tract 22.01, District of Columbia, District of Columbia",36,14,14,14,14,14,14,14,14,14,17,14,14,17,14,14,14,14,14,20,14,14,14,14,14,20,14,14,14,14,14,14,14,14,14,14,14,14,14,14,14,14,14,14,14,14,14,14,14,14,14,14,14,14,14,27,14,14,14,14,27,14,14,14
"G11000100022012","2019-2023","DC",,,"District of Columbia","11","District of Columbia","001",,,"002201","2",,,,,,,,,,,".",".",,,,,,,,,,,,"1500000US110010022012",,,"110010022012","Block Group 2, Census Tract 22.01, District of Columbia, District of Columbia",9,0,0,0,0,0,0,0,0,0,0,0,0,0,0,0,0,0,0,0,0,0,0,0,0,0,0,0,0,0,0,0,0,0,0,0,0,0,0,0,0,0,0,0,0,0,0,0,0,0,0,0,0,0,0,9,9,0,0,0,0,0,0,0,"Block Group 2, Census Tract 22.01, District of Columbia, District of Columbia",15,14,14,14,14,14,14,14,14,14,14,14,14,14,14,14,14,14,14,14,14,14,14,14,14,14,14,14,14,14,14,14,14,14,14,14,14,14,14,14,14,14,14,14,14,14,14,14,14,14,14,14,14,14,14,15,15,14,14,14,14,14,14,14
"G11000100022013","2019-2023","DC",,,"District of Columbia","11","District of Columbia","001",,,"002201","3",,,,,,,,,,,".",".",,,,,,,,,,,,"1500000US110010022013",,,"110010022013","Block Group 3, Census Tract 22.01, District of Columbia, District of Columbia",20,0,0,0,0,0,0,0,0,0,14,0,0,14,0,0,0,0,0,0,0,0,0,0,0,0,0,0,0,0,0,0,0,0,0,0,0,0,0,0,0,0,0,0,0,0,6,6,0,0,0,0,0,0,0,0,0,0,0,0,0,0,0,0,"Block Group 3, Census Tract 22.01, District of Columbia, District of Columbia",21,14,14,14,14,14,14,14,14,14,17,14,14,17,14,14,14,14,14,14,14,14,14,14,14,14,14,14,14,14,14,14,14,14,14,14,14,14,14,14,14,14,14,14,14,14,12,12,14,14,14,14,14,14,14,14,14,14,14,14,14,14,14,14
"G11000100022021","2019-2023","DC",,,"District of Columbia","11","District of Columbia","001",,,"002202","1",,,,,,,,,,,".",".",,,,,,,,,,,,"1500000US110010022021",,,"110010022021","Block Group 1, Census Tract 22.02, District of Columbia, District of Columbia",353,0,0,0,0,0,0,0,0,0,34,0,0,0,0,0,0,34,0,97,0,0,0,0,0,0,97,0,14,0,0,0,0,14,0,0,0,19,0,19,0,0,0,0,0,0,123,16,18,89,0,0,0,0,0,66,66,0,0,0,0,0,0,0,"Block Group 1, Census Tract 22.02, District of Columbia, District of Columbia",208,14,14,14,14,14,14,14,14,14,56,14,14,14,14,14,14,56,14,130,14,14,14,14,14,14,130,14,23,14,14,14,14,23,14,14,14,22,14,22,14,14,14,14,14,14,145,24,19,139,14,14,14,14,14,82,82,14,14,14,14,14,14,14
"G11000100022022","2019-2023","DC",,,"District of Columbia","11","District of Columbia","001",,,"002202","2",,,,,,,,,,,".",".",,,,,,,,,,,,"1500000US110010022022",,,"110010022022","Block Group 2, Census Tract 22.02, District of Columbia, District of Columbia",108,0,0,0,0,0,0,0,0,0,26,0,0,0,0,0,0,26,0,12,0,0,0,0,0,0,12,0,39,0,0,0,0,0,39,0,0,0,0,0,0,0,0,0,0,0,0,0,0,0,0,0,0,0,0,31,31,0,0,0,0,0,0,0,"Block Group 2, Census Tract 22.02, District of Columbia, District of Columbia",70,14,14,14,14,14,14,14,14,14,26,14,14,14,14,14,14,26,14,20,14,14,14,14,14,14,20,14,61,14,14,14,14,14,61,14,14,14,14,14,14,14,14,14,14,14,14,14,14,14,14,14,14,14,14,33,33,14,14,14,14,14,14,14
"G11000100022023","2019-2023","DC",,,"District of Columbia","11","District of Columbia","001",,,"002202","3",,,,,,,,,,,".",".",,,,,,,,,,,,"1500000US110010022023",,,"110010022023","Block Group 3, Census Tract 22.02, District of Columbia, District of Columbia",106,35,0,0,0,0,0,0,35,0,0,0,0,0,0,0,0,0,0,0,0,0,0,0,0,0,0,0,0,0,0,0,0,0,0,0,0,27,0,27,0,0,0,0,0,0,44,44,0,0,0,0,0,0,0,0,0,0,0,0,0,0,0,0,"Block Group 3, Census Tract 22.02, District of Columbia, District of Columbia",76,59,14,14,14,14,14,14,59,14,14,14,14,14,14,14,14,14,14,14,14,14,14,14,14,14,14,14,14,14,14,14,14,14,14,14,14,43,14,43,14,14,14,14,14,14,65,65,14,14,14,14,14,14,14,14,14,14,14,14,14,14,14,14
"G11000100023011","2019-2023","DC",,,"District of Columbia","11","District of Columbia","001",,,"002301","1",,,,,,,,,,,".",".",,,,,,,,,,,,"1500000US110010023011",,,"110010023011","Block Group 1, Census Tract 23.01, District of Columbia, District of Columbia",122,59,0,0,0,0,0,0,59,0,0,0,0,0,0,0,0,0,0,0,0,0,0,0,0,0,0,0,0,0,0,0,0,0,0,0,0,19,0,0,0,0,10,9,0,0,14,0,0,0,14,0,0,0,0,30,30,0,0,0,0,0,0,0,"Block Group 1, Census Tract 23.01, District of Columbia, District of Columbia",85,85,14,14,14,14,14,14,85,14,14,14,14,14,14,14,14,14,14,14,14,14,14,14,14,14,14,14,14,14,14,14,14,14,14,14,14,23,14,14,14,14,16,16,14,14,22,14,14,14,22,14,14,14,14,31,31,14,14,14,14,14,14,14
"G11000100023012","2019-2023","DC",,,"District of Columbia","11","District of Columbia","001",,,"002301","2",,,,,,,,,,,".",".",,,,,,,,,,,,"1500000US110010023012",,,"110010023012","Block Group 2, Census Tract 23.01, District of Columbia, District of Columbia",166,102,0,0,0,0,35,0,42,25,11,0,0,0,0,0,0,11,0,0,0,0,0,0,0,0,0,0,27,0,0,0,0,27,0,0,0,23,0,0,0,0,0,0,23,0,0,0,0,0,0,0,0,0,0,3,0,0,3,0,0,0,0,0,"Block Group 2, Census Tract 23.01, District of Columbia, District of Columbia",97,88,14,14,14,14,54,14,63,38,17,14,14,14,14,14,14,17,14,14,14,14,14,14,14,14,14,14,30,14,14,14,14,30,14,14,14,37,14,14,14,14,14,14,37,14,14,14,14,14,14,14,14,14,14,6,14,14,6,14,14,14,14,14
"G11000100023021","2019-2023","DC",,,"District of Columbia","11","District of Columbia","001",,,"002302","1",,,,,,,,,,,".",".",,,,,,,,,,,,"1500000US110010023021",,,"110010023021","Block Group 1, Census Tract 23.02, District of Columbia, District of Columbia",0,0,0,0,0,0,0,0,0,0,0,0,0,0,0,0,0,0,0,0,0,0,0,0,0,0,0,0,0,0,0,0,0,0,0,0,0,0,0,0,0,0,0,0,0,0,0,0,0,0,0,0,0,0,0,0,0,0,0,0,0,0,0,0,"Block Group 1, Census Tract 23.02, District of Columbia, District of Columbia",14,14,14,14,14,14,14,14,14,14,14,14,14,14,14,14,14,14,14,14,14,14,14,14,14,14,14,14,14,14,14,14,14,14,14,14,14,14,14,14,14,14,14,14,14,14,14,14,14,14,14,14,14,14,14,14,14,14,14,14,14,14,14,14
"G11000100023022","2019-2023","DC",,,"District of Columbia","11","District of Columbia","001",,,"002302","2",,,,,,,,,,,".",".",,,,,,,,,,,,"1500000US110010023022",,,"110010023022","Block Group 2, Census Tract 23.02, District of Columbia, District of Columbia",274,5,0,0,0,0,0,0,5,0,16,0,0,0,0,0,6,0,10,4,0,0,0,0,0,0,0,4,16,0,0,0,0,0,0,16,0,27,0,0,0,0,27,0,0,0,44,0,0,0,37,7,0,0,0,162,91,29,0,42,0,0,0,0,"Block Group 2, Census Tract 23.02, District of Columbia, District of Columbia",119,9,14,14,14,14,14,14,9,14,18,14,14,14,14,14,13,14,14,7,14,14,14,14,14,14,14,7,20,14,14,14,14,14,14,20,14,44,14,14,14,14,44,14,14,14,34,14,14,14,24,15,14,14,14,108,90,28,14,67,14,14,14,14
"G11000100023023","2019-2023","DC",,,"District of Columbia","11","District of Columbia","001",,,"002302","3",,,,,,,,,,,".",".",,,,,,,,,,,,"1500000US110010023023",,,"110010023023","Block Group 3, Census Tract 23.02, District of Columbia, District of Columbia",359,20,0,0,0,0,0,0,0,20,27,0,0,0,0,0,0,27,0,0,0,0,0,0,0,0,0,0,115,0,0,0,0,0,67,48,0,25,0,25,0,0,0,0,0,0,25,0,25,0,0,0,0,0,0,147,37,83,0,27,0,0,0,0,"Block Group 3, Census Tract 23.02, District of Columbia, District of Columbia",161,33,14,14,14,14,14,14,14,33,42,14,14,14,14,14,14,42,14,14,14,14,14,14,14,14,14,14,81,14,14,14,14,14,59,56,14,40,14,40,14,14,14,14,14,14,40,14,40,14,14,14,14,14,14,130,43,121,14,43,14,14,14,14
"G11000100024001","2019-2023","DC",,,"District of Columbia","11","District of Columbia","001",,,"002400","1",,,,,,,,,,,".",".",,,,,,,,,,,,"1500000US110010024001",,,"110010024001","Block Group 1, Census Tract 24, District of Columbia, District of Columbia",232,13,0,0,0,0,0,0,13,0,0,0,0,0,0,0,0,0,0,10,0,0,0,0,0,0,10,0,0,0,0,0,0,0,0,0,0,32,0,0,0,2,17,0,13,0,26,0,0,0,11,0,15,0,0,151,96,55,0,0,0,0,0,0,"Block Group 1, Census Tract 24, District of Columbia, District of Columbia",89,20,14,14,14,14,14,14,20,14,14,14,14,14,14,14,14,14,14,17,14,14,14,14,14,14,17,14,14,14,14,14,14,14,14,14,14,33,14,14,14,4,26,14,19,14,28,14,14,14,18,14,23,14,14,85,74,51,14,14,14,14,14,14
"G11000100024002","2019-2023","DC",,,"District of Columbia","11","District of Columbia","001",,,"002400","2",,,,,,,,,,,".",".",,,,,,,,,,,,"1500000US110010024002",,,"110010024002","Block Group 2, Census Tract 24, District of Columbia, District of Columbia",67,0,0,0,0,0,0,0,0,0,0,0,0,0,0,0,0,0,0,12,0,0,0,0,0,0,12,0,38,0,0,0,23,0,15,0,0,0,0,0,0,0,0,0,0,0,2,0,0,0,2,0,0,0,0,15,15,0,0,0,0,0,0,0,"Block Group 2, Census Tract 24, District of Columbia, District of Columbia",51,14,14,14,14,14,14,14,14,14,14,14,14,14,14,14,14,14,14,21,14,14,14,14,14,14,21,14,40,14,14,14,35,14,22,14,14,14,14,14,14,14,14,14,14,14,5,14,14,14,5,14,14,14,14,24,24,14,14,14,14,14,14,14
"G11000100024003","2019-2023","DC",,,"District of Columbia","11","District of Columbia","001",,,"002400","3",,,,,,,,,,,".",".",,,,,,,,,,,,"1500000US110010024003",,,"110010024003","Block Group 3, Census Tract 24, District of Columbia, District of Columbia",55,0,0,0,0,0,0,0,0,0,0,0,0,0,0,0,0,0,0,0,0,0,0,0,0,0,0,0,0,0,0,0,0,0,0,0,0,0,0,0,0,0,0,0,0,0,0,0,0,0,0,0,0,0,0,55,9,46,0,0,0,0,0,0,"Block Group 3, Census Tract 24, District of Columbia, District of Columbia",45,14,14,14,14,14,14,14,14,14,14,14,14,14,14,14,14,14,14,14,14,14,14,14,14,14,14,14,14,14,14,14,14,14,14,14,14,14,14,14,14,14,14,14,14,14,14,14,14,14,14,14,14,14,14,45,14,43,14,14,14,14,14,14
"G11000100024004","2019-2023","DC",,,"District of Columbia","11","District of Columbia","001",,,"002400","4",,,,,,,,,,,".",".",,,,,,,,,,,,"1500000US110010024004",,,"110010024004","Block Group 4, Census Tract 24, District of Columbia, District of Columbia",88,0,0,0,0,0,0,0,0,0,22,0,0,0,0,0,0,22,0,14,0,0,0,0,0,14,0,0,0,0,0,0,0,0,0,0,0,0,0,0,0,0,0,0,0,0,0,0,0,0,0,0,0,0,0,52,52,0,0,0,0,0,0,0,"Block Group 4, Census Tract 24, District of Columbia, District of Columbia",68,14,14,14,14,14,14,14,14,14,34,14,14,14,14,14,14,34,14,21,14,14,14,14,14,21,14,14,14,14,14,14,14,14,14,14,14,14,14,14,14,14,14,14,14,14,14,14,14,14,14,14,14,14,14,56,56,14,14,14,14,14,14,14
"G11000100025011","2019-2023","DC",,,"District of Columbia","11","District of Columbia","001",,,"002501","1",,,,,,,,,,,".",".",,,,,,,,,,,,"1500000US110010025011",,,"110010025011","Block Group 1, Census Tract 25.01, District of Columbia, District of Columbia",315,10,0,0,0,0,0,0,10,0,65,0,0,20,35,0,0,10,0,0,0,0,0,0,0,0,0,0,0,0,0,0,0,0,0,0,0,40,14,0,0,0,26,0,0,0,11,0,0,11,0,0,0,0,0,189,178,11,0,0,0,0,0,0,"Block Group 1, Census Tract 25.01, District of Columbia, District of Columbia",261,16,14,14,14,14,14,14,16,14,38,14,14,21,34,14,14,17,14,14,14,14,14,14,14,14,14,14,14,14,14,14,14,14,14,14,14,43,22,14,14,14,40,14,14,14,19,14,14,19,14,14,14,14,14,258,259,18,14,14,14,14,14,14
"G11000100025012","2019-2023","DC",,,"District of Columbia","11","District of Columbia","001",,,"002501","2",,,,,,,,,,,".",".",,,,,,,,,,,,"1500000US110010025012",,,"110010025012","Block Group 2, Census Tract 25.01, District of Columbia, District of Columbia",111,0,0,0,0,0,0,0,0,0,0,0,0,0,0,0,0,0,0,0,0,0,0,0,0,0,0,0,0,0,0,0,0,0,0,0,0,0,0,0,0,0,0,0,0,0,30,0,30,0,0,0,0,0,0,81,0,0,0,2,0,79,0,0,"Block Group 2, Census Tract 25.01, District of Columbia, District of Columbia",81,14,14,14,14,14,14,14,14,14,14,14,14,14,14,14,14,14,14,14,14,14,14,14,14,14,14,14,14,14,14,14,14,14,14,14,14,14,14,14,14,14,14,14,14,14,40,14,40,14,14,14,14,14,14,69,14,14,14,5,14,69,14,14
"G11000100025031","2019-2023","DC",,,"District of Columbia","11","District of Columbia","001",,,"002503","1",,,,,,,,,,,".",".",,,,,,,,,,,,"1500000US110010025031",,,"110010025031","Block Group 1, Census Tract 25.03, District of Columbia, District of Columbia",713,0,0,0,0,0,0,0,0,0,18,0,0,0,0,0,0,18,0,0,0,0,0,0,0,0,0,0,0,0,0,0,0,0,0,0,0,419,0,0,0,370,0,49,0,0,11,0,11,0,0,0,0,0,0,265,199,0,0,0,24,0,0,42,"Block Group 1, Census Tract 25.03, District of Columbia, District of Columbia",544,14,14,14,14,14,14,14,14,14,32,14,14,14,14,14,14,32,14,14,14,14,14,14,14,14,14,14,14,14,14,14,14,14,14,14,14,529,14,14,14,525,14,61,14,14,19,14,19,14,14,14,14,14,14,171,157,14,14,14,36,14,14,65
"G11000100025032","2019-2023","DC",,,"District of Columbia","11","District of Columbia","001",,,"002503","2",,,,,,,,,,,".",".",,,,,,,,,,,,"1500000US110010025032",,,"110010025032","Block Group 2, Census Tract 25.03, District of Columbia, District of Columbia",516,0,0,0,0,0,0,0,0,0,52,0,0,0,0,0,0,52,0,15,0,0,0,0,0,15,0,0,0,0,0,0,0,0,0,0,0,40,0,0,20,20,0,0,0,0,77,0,0,39,38,0,0,0,0,332,156,87,89,0,0,0,0,0,"Block Group 2, Census Tract 25.03, District of Columbia, District of Columbia",138,14,14,14,14,14,14,14,14,14,70,14,14,14,14,14,14,70,14,24,14,14,14,14,14,24,14,14,14,14,14,14,14,14,14,14,14,48,14,14,31,38,14,14,14,14,56,14,14,42,41,14,14,14,14,113,70,52,91,14,14,14,14,14
"G11000100025041","2019-2023","DC",,,"District of Columbia","11","District of Columbia","001",,,"002504","1",,,,,,,,,,,".",".",,,,,,,,,,,,"1500000US110010025041",,,"110010025041","Block Group 1, Census Tract 25.04, District of Columbia, District of Columbia",113,0,0,0,0,0,0,0,0,0,0,0,0,0,0,0,0,0,0,0,0,0,0,0,0,0,0,0,36,0,14,0,22,0,0,0,0,50,0,0,0,50,0,0,0,0,0,0,0,0,0,0,0,0,0,27,19,8,0,0,0,0,0,0,"Block Group 1, Census Tract 25.04, District of Columbia, District of Columbia",84,14,14,14,14,14,14,14,14,14,14,14,14,14,14,14,14,14,14,14,14,14,14,14,14,14,14,14,36,14,23,14,37,14,14,14,14,77,14,14,14,77,14,14,14,14,14,14,14,14,14,14,14,14,14,25,22,12,14,14,14,14,14,14
"G11000100025042","2019-2023","DC",,,"District of Columbia","11","District of Columbia","001",,,"002504","2",,,,,,,,,,,".",".",,,,,,,,,,,,"1500000US110010025042",,,"110010025042","Block Group 2, Census Tract 25.04, District of Columbia, District of Columbia",442,74,25,0,0,18,0,0,31,0,0,0,0,0,0,0,0,0,0,33,0,0,0,17,0,0,16,0,22,0,0,0,0,15,7,0,0,31,23,0,8,0,0,0,0,0,104,45,10,13,14,22,0,0,0,178,153,25,0,0,0,0,0,0,"Block Group 2, Census Tract 25.04, District of Columbia, District of Columbia",137,66,40,14,14,30,14,14,40,14,14,14,14,14,14,14,14,14,14,42,14,14,14,29,14,14,29,14,28,14,14,14,14,26,11,14,14,40,37,14,13,14,14,14,14,14,83,72,18,18,21,36,14,14,14,92,90,27,14,14,14,14,14,14
"G11000100026001","2019-2023","DC",,,"District of Columbia","11","District of Columbia","001",,,"002600","1",,,,,,,,,,,".",".",,,,,,,,,,,,"1500000US110010026001",,,"110010026001","Block Group 1, Census Tract 26, District of Columbia, District of Columbia",168,24,0,0,0,0,0,0,18,6,14,0,0,0,0,0,0,14,0,0,0,0,0,0,0,0,0,0,5,0,0,0,0,5,0,0,0,27,0,0,8,1,18,0,0,0,42,0,6,8,28,0,0,0,0,56,51,5,0,0,0,0,0,0,"Block Group 1, Census Tract 26, District of Columbia, District of Columbia",50,28,14,14,14,14,14,14,27,10,22,14,14,14,14,14,14,22,14,14,14,14,14,14,14,14,14,14,8,14,14,14,14,8,14,14,14,24,14,14,13,2,21,14,14,14,42,14,10,10,42,14,14,14,14,38,37,8,14,14,14,14,14,14
"G11000100026002","2019-2023","DC",,,"District of Columbia","11","District of Columbia","001",,,"002600","2",,,,,,,,,,,".",".",,,,,,,,,,,,"1500000US110010026002",,,"110010026002","Block Group 2, Census Tract 26, District of Columbia, District of Columbia",74,0,0,0,0,0,0,0,0,0,0,0,0,0,0,0,0,0,0,0,0,0,0,0,0,0,0,0,0,0,0,0,0,0,0,0,0,16,0,0,0,9,0,0,0,7,0,0,0,0,0,0,0,0,0,58,44,0,14,0,0,0,0,0,"Block Group 2, Census Tract 26, District of Columbia, District of Columbia",49,14,14,14,14,14,14,14,14,14,14,14,14,14,14,14,14,14,14,14,14,14,14,14,14,14,14,14,14,14,14,14,14,14,14,14,14,18,14,14,14,13,14,14,14,12,14,14,14,14,14,14,14,14,14,47,48,14,20,14,14,14,14,14
"G11000100027021","2019-2023","DC",,,"District of Columbia","11","District of Columbia","001",,,"002702","1",,,,,,,,,,,".",".",,,,,,,,,,,,"1500000US110010027021",,,"110010027021","Block Group 1, Census Tract 27.02, District of Columbia, District of Columbia",545,0,0,0,0,0,0,0,0,0,22,0,0,0,0,0,0,22,0,58,0,0,0,0,32,26,0,0,22,0,0,14,0,0,8,0,0,132,0,0,17,70,35,0,10,0,111,0,61,34,16,0,0,0,0,200,109,11,71,9,0,0,0,0,"Block Group 1, Census Tract 27.02, District of Columbia, District of Columbia",135,14,14,14,14,14,14,14,14,14,32,14,14,14,14,14,14,32,14,66,14,14,14,14,52,42,14,14,37,14,14,27,14,14,15,14,14,106,14,14,27,90,56,14,20,14,69,14,50,38,25,14,14,14,14,86,69,22,65,16,14,14,14,14
"G11000100027022","2019-2023","DC",,,"District of Columbia","11","District of Columbia","001",,,"002702","2",,,,,,,,,,,".",".",,,,,,,,,,,,"1500000US110010027022",,,"110010027022","Block Group 2, Census Tract 27.02, District of Columbia, District of Columbia",137,0,0,0,0,0,0,0,0,0,0,0,0,0,0,0,0,0,0,12,0,0,0,0,0,0,12,0,0,0,0,0,0,0,0,0,0,18,0,0,0,0,0,18,0,0,12,0,0,12,0,0,0,0,0,95,26,69,0,0,0,0,0,0,"Block Group 2, Census Tract 27.02, District of Columbia, District of Columbia",91,14,14,14,14,14,14,14,14,14,14,14,14,14,14,14,14,14,14,18,14,14,14,14,14,14,18,14,14,14,14,14,14,14,14,14,14,27,14,14,14,14,14,27,14,14,19,14,14,19,14,14,14,14,14,78,35,70,14,14,14,14,14,14
"G11000100027023","2019-2023","DC",,,"District of Columbia","11","District of Columbia","001",,,"002702","3",,,,,,,,,,,".",".",,,,,,,,,,,,"1500000US110010027023",,,"110010027023","Block Group 3, Census Tract 27.02, District of Columbia, District of Columbia",302,0,0,0,0,0,0,0,0,0,0,0,0,0,0,0,0,0,0,26,0,0,0,0,0,0,26,0,53,0,0,0,0,0,0,53,0,10,0,0,0,10,0,0,0,0,76,0,20,56,0,0,0,0,0,137,76,44,17,0,0,0,0,0,"Block Group 3, Census Tract 27.02, District of Columbia, District of Columbia",110,14,14,14,14,14,14,14,14,14,14,14,14,14,14,14,14,14,14,40,14,14,14,14,14,14,40,14,71,14,14,14,14,14,14,71,14,16,14,14,14,16,14,14,14,14,55,14,34,47,14,14,14,14,14,104,83,51,29,14,14,14,14,14
"G11000100027024","2019-2023","DC",,,"District of Columbia","11","District of Columbia","001",,,"002702","4",,,,,,,,,,,".",".",,,,,,,,,,,,"1500000US110010027024",,,"110010027024","Block Group 4, Census Tract 27.02, District of Columbia, District of Columbia",236,45,0,0,0,0,0,0,45,0,49,0,0,22,0,0,0,27,0,0,0,0,0,0,0,0,0,0,1,1,0,0,0,0,0,0,0,0,0,0,0,0,0,0,0,0,33,0,0,0,15,18,0,0,0,108,23,47,0,38,0,0,0,0,"Block Group 4, Census Tract 27.02, District of Columbia, District of Columbia",163,97,14,14,14,14,14,14,97,14,61,14,14,34,14,14,14,63,14,14,14,14,14,14,14,14,14,14,2,2,14,14,14,14,14,14,14,14,14,14,14,14,14,14,14,14,37,14,14,14,24,28,14,14,14,81,27,58,14,45,14,14,14,14
"G11000100027031","2019-2023","DC",,,"District of Columbia","11","District of Columbia","001",,,"002703","1",,,,,,,,,,,".",".",,,,,,,,,,,,"1500000US110010027031",,,"110010027031","Block Group 1, Census Tract 27.03, District of Columbia, District of Columbia",164,0,0,0,0,0,0,0,0,0,25,0,0,0,0,0,0,25,0,0,0,0,0,0,0,0,0,0,0,0,0,0,0,0,0,0,0,6,0,0,0,0,0,6,0,0,48,3,3,0,0,0,42,0,0,85,59,26,0,0,0,0,0,0,"Block Group 1, Census Tract 27.03, District of Columbia, District of Columbia",87,14,14,14,14,14,14,14,14,14,42,14,14,14,14,14,14,42,14,14,14,14,14,14,14,14,14,14,14,14,14,14,14,14,14,14,14,13,14,14,14,14,14,13,14,14,67,19,16,14,14,14,73,14,14,48,42,31,14,14,14,14,14,14
"G11000100027032","2019-2023","DC",,,"District of Columbia","11","District of Columbia","001",,,"002703","2",,,,,,,,,,,".",".",,,,,,,,,,,,"1500000US110010027032",,,"110010027032","Block Group 2, Census Tract 27.03, District of Columbia, District of Columbia",445,1,0,0,0,0,0,0,1,0,15,0,0,0,0,0,0,15,0,48,0,0,0,0,0,0,48,0,74,0,0,0,0,46,0,28,0,102,0,0,23,58,21,0,0,0,33,0,16,17,0,0,0,0,0,172,122,15,35,0,0,0,0,0,"Block Group 2, Census Tract 27.03, District of Columbia, District of Columbia",88,2,14,14,14,14,14,14,2,14,24,14,14,14,14,14,14,24,14,43,14,14,14,14,14,14,43,14,68,14,14,14,14,54,14,39,14,67,14,14,37,48,34,14,14,14,34,14,25,25,14,14,14,14,14,82,70,22,45,14,14,14,14,14
"G11000100027041","2019-2023","DC",,,"District of Columbia","11","District of Columbia","001",,,"002704","1",,,,,,,,,,,".",".",,,,,,,,,,,,"1500000US110010027041",,,"110010027041","Block Group 1, Census Tract 27.04, District of Columbia, District of Columbia",279,0,0,0,0,0,0,0,0,0,0,0,0,0,0,0,0,0,0,0,0,0,0,0,0,0,0,0,0,0,0,0,0,0,0,0,0,0,0,0,0,0,0,0,0,0,0,0,0,0,0,0,0,0,0,279,57,123,31,49,0,19,0,0,"Block Group 1, Census Tract 27.04, District of Columbia, District of Columbia",208,14,14,14,14,14,14,14,14,14,14,14,14,14,14,14,14,14,14,14,14,14,14,14,14,14,14,14,14,14,14,14,14,14,14,14,14,14,14,14,14,14,14,14,14,14,14,14,14,14,14,14,14,14,14,208,49,190,50,56,14,27,14,14
"G11000100027042","2019-2023","DC",,,"District of Columbia","11","District of Columbia","001",,,"002704","2",,,,,,,,,,,".",".",,,,,,,,,,,,"1500000US110010027042",,,"110010027042","Block Group 2, Census Tract 27.04, District of Columbia, District of Columbia",1083,16,0,0,0,0,0,0,16,0,109,0,0,0,0,0,0,109,0,73,0,0,0,0,0,0,73,0,154,0,0,0,0,137,0,17,0,385,0,0,177,110,85,13,0,0,128,24,38,66,0,0,0,0,0,218,218,0,0,0,0,0,0,0,"Block Group 2, Census Tract 27.04, District of Columbia, District of Columbia",300,27,14,14,14,14,14,14,27,14,119,14,14,14,14,14,14,119,14,72,14,14,14,14,14,14,72,14,170,14,14,14,14,177,14,26,14,212,14,14,124,130,86,19,14,14,113,36,59,99,14,14,14,14,14,147,147,14,14,14,14,14,14,14
"G11000100028011","2019-2023","DC",,,"District of Columbia","11","District of Columbia","001",,,"002801","1",,,,,,,,,,,".",".",,,,,,,,,,,,"1500000US110010028011",,,"110010028011","Block Group 1, Census Tract 28.01, District of Columbia, District of Columbia",739,95,0,0,0,0,0,0,95,0,21,0,0,0,0,0,0,21,0,57,36,0,0,0,0,0,21,0,28,0,0,0,9,0,0,19,0,143,0,0,0,102,0,41,0,0,62,0,3,0,59,0,0,0,0,333,215,85,33,0,0,0,0,0,"Block Group 1, Census Tract 28.01, District of Columbia, District of Columbia",198,84,14,14,14,14,14,14,84,14,24,14,14,14,14,14,14,24,14,45,42,14,14,14,14,14,24,14,29,14,14,14,16,14,14,23,14,114,14,14,14,107,14,46,14,14,54,14,6,14,54,14,14,14,14,126,81,90,38,14,14,14,14,14
"G11000100028012","2019-2023","DC",,,"District of Columbia","11","District of Columbia","001",,,"002801","2",,,,,,,,,,,".",".",,,,,,,,,,,,"1500000US110010028012",,,"110010028012","Block Group 2, Census Tract 28.01, District of Columbia, District of Columbia",637,20,0,0,0,0,0,0,20,0,67,0,0,0,0,18,9,40,0,11,0,0,0,11,0,0,0,0,56,0,0,0,18,30,0,8,0,251,64,0,52,9,71,0,0,55,77,7,7,37,14,0,0,12,0,155,92,63,0,0,0,0,0,0,"Block Group 2, Census Tract 28.01, District of Columbia, District of Columbia",171,31,14,14,14,14,14,14,31,14,71,14,14,14,14,29,16,65,14,18,14,14,14,18,14,14,14,14,46,14,14,14,23,40,14,8,14,157,101,14,51,12,91,14,14,75,59,11,10,56,19,14,14,19,14,74,52,53,14,14,14,14,14,14
"G11000100028021","2019-2023","DC",,,"District of Columbia","11","District of Columbia","001",,,"002802","1",,,,,,,,,,,".",".",,,,,,,,,,,,"1500000US110010028021",,,"110010028021","Block Group 1, Census Tract 28.02, District of Columbia, District of Columbia",688,186,0,0,0,0,0,0,186,0,135,66,0,62,0,0,0,7,0,0,0,0,0,0,0,0,0,0,69,0,0,0,0,0,0,69,0,102,0,0,0,102,0,0,0,0,62,0,37,9,16,0,0,0,0,134,47,48,14,25,0,0,0,0,"Block Group 1, Census Tract 28.02, District of Columbia, District of Columbia",258,135,14,14,14,14,14,14,135,14,123,83,14,91,14,14,14,13,14,14,14,14,14,14,14,14,14,14,108,14,14,14,14,14,14,108,14,95,14,14,14,95,14,14,14,14,67,14,59,15,26,14,14,14,14,92,61,67,24,32,14,14,14,14
"G11000100028022","2019-2023","DC",,,"District of Columbia","11","District of Columbia","001",,,"002802","2",,,,,,,,,,,".",".",,,,,,,,,,,,"1500000US110010028022",,,"110010028022","Block Group 2, Census Tract 28.02, District of Columbia, District of Columbia",490,92,0,0,0,0,0,0,0,92,135,0,93,0,0,0,0,42,0,14,14,0,0,0,0,0,0,0,91,0,70,0,0,0,0,21,0,26,0,0,0,14,0,12,0,0,59,0,0,59,0,0,0,0,0,73,46,27,0,0,0,0,0,0,"Block Group 2, Census Tract 28.02, District of Columbia, District of Columbia",169,80,14,14,14,14,14,14,14,80,84,14,77,14,14,14,14,87,14,21,21,14,14,14,14,14,14,14,139,14,137,14,14,14,14,35,14,35,14,14,14,30,14,19,14,14,86,14,14,86,14,14,14,14,14,84,71,42,14,14,14,14,14,14
"G11000100028023","2019-2023","DC",,,"District of Columbia","11","District of Columbia","001",,,"002802","3",,,,,,,,,,,".",".",,,,,,,,,,,,"1500000US110010028023",,,"110010028023","Block Group 3, Census Tract 28.02, District of Columbia, District of Columbia",961,19,0,0,0,0,0,0,0,19,71,0,0,0,0,71,0,0,0,37,0,0,0,18,0,0,19,0,0,0,0,0,0,0,0,0,0,126,77,0,0,7,11,31,0,0,520,0,289,74,96,49,12,0,0,188,45,47,87,9,0,0,0,0,"Block Group 3, Census Tract 28.02, District of Columbia, District of Columbia",326,32,14,14,14,14,14,14,14,32,115,14,14,14,14,115,14,14,14,51,14,14,14,29,14,14,41,14,14,14,14,14,14,14,14,14,14,114,106,14,14,18,18,49,14,14,296,14,257,86,165,80,21,14,14,111,43,55,91,15,14,14,14,14
"G11000100029001","2019-2023","DC",,,"District of Columbia","11","District of Columbia","001",,,"002900","1",,,,,,,,,,,".",".",,,,,,,,,,,,"1500000US110010029001",,,"110010029001","Block Group 1, Census Tract 29, District of Columbia, District of Columbia",422,0,0,0,0,0,0,0,0,0,15,0,0,0,0,0,0,15,0,0,0,0,0,0,0,0,0,0,26,0,0,0,0,0,0,26,0,31,0,0,19,0,12,0,0,0,31,0,18,13,0,0,0,0,0,319,108,104,49,14,6,0,0,38,"Block Group 1, Census Tract 29, District of Columbia, District of Columbia",108,14,14,14,14,14,14,14,14,14,24,14,14,14,14,14,14,24,14,14,14,14,14,14,14,14,14,14,29,14,14,14,14,14,14,29,14,34,14,14,30,14,17,14,14,14,36,14,28,20,14,14,14,14,14,103,65,67,45,15,9,14,14,41
"G11000100029002","2019-2023","DC",,,"District of Columbia","11","District of Columbia","001",,,"002900","2",,,,,,,,,,,".",".",,,,,,,,,,,,"1500000US110010029002",,,"110010029002","Block Group 2, Census Tract 29, District of Columbia, District of Columbia",339,15,0,0,0,0,0,0,15,0,52,0,0,0,0,0,42,10,0,0,0,0,0,0,0,0,0,0,0,0,0,0,0,0,0,0,0,79,0,0,0,16,47,16,0,0,10,0,0,0,10,0,0,0,0,183,94,37,37,15,0,0,0,0,"Block Group 2, Census Tract 29, District of Columbia, District of Columbia",118,24,14,14,14,14,14,14,24,14,71,14,14,14,14,14,68,16,14,14,14,14,14,14,14,14,14,14,14,14,14,14,14,14,14,14,14,67,14,14,14,23,62,20,14,14,15,14,14,14,15,14,14,14,14,94,76,43,35,26,14,14,14,14
"G11000100030001","2019-2023","DC",,,"District of Columbia","11","District of Columbia","001",,,"003000","1",,,,,,,,,,,".",".",,,,,,,,,,,,"1500000US110010030001",,,"110010030001","Block Group 1, Census Tract 30, District of Columbia, District of Columbia",582,84,0,0,0,0,0,0,74,10,50,10,14,0,0,0,0,26,0,21,21,0,0,0,0,0,0,0,50,0,0,0,0,0,40,10,0,33,8,0,22,0,3,0,0,0,14,0,0,0,7,0,7,0,0,330,141,109,40,15,12,0,0,13,"Block Group 1, Census Tract 30, District of Columbia, District of Columbia",138,89,14,14,14,14,14,14,87,16,42,16,22,14,14,14,14,35,14,23,23,14,14,14,14,14,14,14,45,14,14,14,14,14,42,16,14,37,12,14,34,14,6,14,14,14,15,14,14,14,10,14,11,14,14,111,78,70,28,24,14,14,14,23
"G11000100030002","2019-2023","DC",,,"District of Columbia","11","District of Columbia","001",,,"003000","2",,,,,,,,,,,".",".",,,,,,,,,,,,"1500000US110010030002",,,"110010030002","Block Group 2, Census Tract 30, District of Columbia, District of Columbia",579,162,0,0,0,0,0,94,45,23,65,0,0,0,0,0,0,65,0,28,0,0,0,0,0,0,28,0,14,0,0,0,0,0,14,0,0,109,0,83,0,0,0,26,0,0,73,15,14,6,12,0,9,17,0,128,91,19,0,18,0,0,0,0,"Block Group 2, Census Tract 30, District of Columbia, District of Columbia",189,159,14,14,14,14,14,150,52,40,51,14,14,14,14,14,14,51,14,32,14,14,14,14,14,14,32,14,23,14,14,14,14,14,23,14,14,119,14,115,14,14,14,29,14,14,66,29,23,11,19,14,14,33,14,67,68,21,14,21,14,14,14,14
"G11000100031001","2019-2023","DC",,,"District of Columbia","11","District of Columbia","001",,,"003100","1",,,,,,,,,,,".",".",,,,,,,,,,,,"1500000US110010031001",,,"110010031001","Block Group 1, Census Tract 31, District of Columbia, District of Columbia",317,0,0,0,0,0,0,0,0,0,0,0,0,0,0,0,0,0,0,13,0,0,13,0,0,0,0,0,0,0,0,0,0,0,0,0,0,38,0,0,38,0,0,0,0,0,24,0,0,12,0,0,0,12,0,242,163,58,21,0,0,0,0,0,"Block Group 1, Census Tract 31, District of Columbia, District of Columbia",164,14,14,14,14,14,14,14,14,14,14,14,14,14,14,14,14,14,14,20,14,14,20,14,14,14,14,14,14,14,14,14,14,14,14,14,14,58,14,14,58,14,14,14,14,14,27,14,14,17,14,14,14,19,14,154,145,53,34,14,14,14,14,14
"G11000100031002","2019-2023","DC",,,"District of Columbia","11","District of Columbia","001",,,"003100","2",,,,,,,,,,,".",".",,,,,,,,,,,,"1500000US110010031002",,,"110010031002","Block Group 2, Census Tract 31, District of Columbia, District of Columbia",581,39,0,0,0,0,0,0,0,39,0,0,0,0,0,0,0,0,0,62,0,0,0,0,0,0,62,0,51,0,0,0,0,0,51,0,0,112,0,0,0,27,75,10,0,0,26,0,0,9,17,0,0,0,0,291,185,78,28,0,0,0,0,0,"Block Group 2, Census Tract 31, District of Columbia, District of Columbia",163,57,14,14,14,14,14,14,14,57,14,14,14,14,14,14,14,14,14,89,14,14,14,14,14,14,89,14,63,14,14,14,14,14,63,14,14,97,14,14,14,45,86,14,14,14,30,14,14,13,27,14,14,14,14,113,101,45,30,14,14,14,14,14
"G11000100032001","2019-2023","DC",,,"District of Columbia","11","District of Columbia","001",,,"003200","1",,,,,,,,,,,".",".",,,,,,,,,,,,"1500000US110010032001",,,"110010032001","Block Group 1, Census Tract 32, District of Columbia, District of Columbia",195,0,0,0,0,0,0,0,0,0,121,0,0,0,0,121,0,0,0,0,0,0,0,0,0,0,0,0,0,0,0,0,0,0,0,0,0,18,0,0,18,0,0,0,0,0,6,0,0,0,0,0,6,0,0,50,24,0,26,0,0,0,0,0,"Block Group 1, Census Tract 32, District of Columbia, District of Columbia",203,14,14,14,14,14,14,14,14,14,191,14,14,14,14,191,14,14,14,14,14,14,14,14,14,14,14,14,14,14,14,14,14,14,14,14,14,27,14,14,27,14,14,14,14,14,10,14,14,14,14,14,10,14,14,52,29,14,40,14,14,14,14,14
"G11000100032002","2019-2023","DC",,,"District of Columbia","11","District of Columbia","001",,,"003200","2",,,,,,,,,,,".",".",,,,,,,,,,,,"1500000US110010032002",,,"110010032002","Block Group 2, Census Tract 32, District of Columbia, District of Columbia",64,0,0,0,0,0,0,0,0,0,0,0,0,0,0,0,0,0,0,29,0,29,0,0,0,0,0,0,0,0,0,0,0,0,0,0,0,0,0,0,0,0,0,0,0,0,9,0,0,9,0,0,0,0,0,26,22,0,0,4,0,0,0,0,"Block Group 2, Census Tract 32, District of Columbia, District of Columbia",60,14,14,14,14,14,14,14,14,14,14,14,14,14,14,14,14,14,14,50,14,50,14,14,14,14,14,14,14,14,14,14,14,14,14,14,14,14,14,14,14,14,14,14,14,14,13,14,14,13,14,14,14,14,14,33,33,14,14,7,14,14,14,14
"G11000100032003","2019-2023","DC",,,"District of Columbia","11","District of Columbia","001",,,"003200","3",,,,,,,,,,,".",".",,,,,,,,,,,,"1500000US110010032003",,,"110010032003","Block Group 3, Census Tract 32, District of Columbia, District of Columbia",215,14,0,0,0,0,0,0,14,0,0,0,0,0,0,0,0,0,0,78,33,0,0,0,0,0,45,0,0,0,0,0,0,0,0,0,0,0,0,0,0,0,0,0,0,0,18,0,0,18,0,0,0,0,0,105,61,44,0,0,0,0,0,0,"Block Group 3, Census Tract 32, District of Columbia, District of Columbia",106,23,14,14,14,14,14,14,23,14,14,14,14,14,14,14,14,14,14,80,55,14,14,14,14,14,53,14,14,14,14,14,14,14,14,14,14,14,14,14,14,14,14,14,14,14,31,14,14,31,14,14,14,14,14,76,59,68,14,14,14,14,14,14
"G11000100032004","2019-2023","DC",,,"District of Columbia","11","District of Columbia","001",,,"003200","4",,,,,,,,,,,".",".",,,,,,,,,,,,"1500000US110010032004",,,"110010032004","Block Group 4, Census Tract 32, District of Columbia, District of Columbia",78,0,0,0,0,0,0,0,0,0,0,0,0,0,0,0,0,0,0,0,0,0,0,0,0,0,0,0,0,0,0,0,0,0,0,0,0,5,0,0,0,0,5,0,0,0,42,0,12,30,0,0,0,0,0,31,18,2,11,0,0,0,0,0,"Block Group 4, Census Tract 32, District of Columbia, District of Columbia",67,14,14,14,14,14,14,14,14,14,14,14,14,14,14,14,14,14,14,14,14,14,14,14,14,14,14,14,14,14,14,14,14,14,14,14,14,9,14,14,14,14,9,14,14,14,52,14,20,48,14,14,14,14,14,35,27,5,19,14,14,14,14,14
"G11000100033011","2019-2023","DC",,,"District of Columbia","11","District of Columbia","001",,,"003301","1",,,,,,,,,,,".",".",,,,,,,,,,,,"1500000US110010033011",,,"110010033011","Block Group 1, Census Tract 33.01, District of Columbia, District of Columbia",137,0,0,0,0,0,0,0,0,0,0,0,0,0,0,0,0,0,0,7,0,0,0,0,0,0,7,0,0,0,0,0,0,0,0,0,0,0,0,0,0,0,0,0,0,0,0,0,0,0,0,0,0,0,0,130,102,16,0,12,0,0,0,0,"Block Group 1, Census Tract 33.01, District of Columbia, District of Columbia",88,14,14,14,14,14,14,14,14,14,14,14,14,14,14,14,14,14,14,12,14,14,14,14,14,14,12,14,14,14,14,14,14,14,14,14,14,14,14,14,14,14,14,14,14,14,14,14,14,14,14,14,14,14,14,87,82,24,14,18,14,14,14,14
"G11000100033012","2019-2023","DC",,,"District of Columbia","11","District of Columbia","001",,,"003301","2",,,,,,,,,,,".",".",,,,,,,,,,,,"1500000US110010033012",,,"110010033012","Block Group 2, Census Tract 33.01, District of Columbia, District of Columbia",234,22,0,0,0,0,0,0,0,22,0,0,0,0,0,0,0,0,0,0,0,0,0,0,0,0,0,0,16,0,0,0,0,0,9,7,0,0,0,0,0,0,0,0,0,0,0,0,0,0,0,0,0,0,0,196,120,41,0,35,0,0,0,0,"Block Group 2, Census Tract 33.01, District of Columbia, District of Columbia",112,34,14,14,14,14,14,14,14,34,14,14,14,14,14,14,14,14,14,14,14,14,14,14,14,14,14,14,18,14,14,14,14,14,14,11,14,14,14,14,14,14,14,14,14,14,14,14,14,14,14,14,14,14,14,106,90,50,14,28,14,14,14,14
"G11000100033013","2019-2023","DC",,,"District of Columbia","11","District of Columbia","001",,,"003301","3",,,,,,,,,,,".",".",,,,,,,,,,,,"1500000US110010033013",,,"110010033013","Block Group 3, Census Tract 33.01, District of Columbia, District of Columbia",88,0,0,0,0,0,0,0,0,0,0,0,0,0,0,0,0,0,0,0,0,0,0,0,0,0,0,0,0,0,0,0,0,0,0,0,0,9,0,0,0,0,0,0,9,0,21,0,0,10,0,0,11,0,0,58,43,15,0,0,0,0,0,0,"Block Group 3, Census Tract 33.01, District of Columbia, District of Columbia",44,14,14,14,14,14,14,14,14,14,14,14,14,14,14,14,14,14,14,14,14,14,14,14,14,14,14,14,14,14,14,14,14,14,14,14,14,14,14,14,14,14,14,14,14,14,24,14,14,17,14,14,17,14,14,46,40,25,14,14,14,14,14,14
"G11000100033021","2019-2023","DC",,,"District of Columbia","11","District of Columbia","001",,,"003302","1",,,,,,,,,,,".",".",,,,,,,,,,,,"1500000US110010033021",,,"110010033021","Block Group 1, Census Tract 33.02, District of Columbia, District of Columbia",319,58,0,0,0,0,0,0,0,58,19,0,0,0,0,0,0,19,0,0,0,0,0,0,0,0,0,0,54,0,0,0,0,0,0,54,0,20,0,0,0,14,6,0,0,0,12,2,0,0,10,0,0,0,0,156,62,73,14,0,0,0,7,0,"Block Group 1, Census Tract 33.02, District of Columbia, District of Columbia",103,51,14,14,14,14,14,14,14,51,30,14,14,14,14,14,14,30,14,14,14,14,14,14,14,14,14,14,75,14,14,14,14,14,14,75,14,28,14,14,14,25,11,14,14,14,14,3,14,14,13,14,14,14,14,69,34,58,17,14,14,14,11,14
"G11000100033022","2019-2023","DC",,,"District of Columbia","11","District of Columbia","001",,,"003302","2",,,,,,,,,,,".",".",,,,,,,,,,,,"1500000US110010033022",,,"110010033022","Block Group 2, Census Tract 33.02, District of Columbia, District of Columbia",133,0,0,0,0,0,0,0,0,0,0,0,0,0,0,0,0,0,0,0,0,0,0,0,0,0,0,0,8,0,0,0,0,0,0,8,0,31,0,0,0,0,26,5,0,0,26,3,6,10,7,0,0,0,0,68,14,19,35,0,0,0,0,0,"Block Group 2, Census Tract 33.02, District of Columbia, District of Columbia",62,14,14,14,14,14,14,14,14,14,14,14,14,14,14,14,14,14,14,14,14,14,14,14,14,14,14,14,13,14,14,14,14,14,14,13,14,45,14,14,14,14,45,9,14,14,25,6,10,17,12,14,14,14,14,40,16,21,31,14,14,14,14,14
"G11000100034001","2019-2023","DC",,,"District of Columbia","11","District of Columbia","001",,,"003400","1",,,,,,,,,,,".",".",,,,,,,,,,,,"1500000US110010034001",,,"110010034001","Block Group 1, Census Tract 34, District of Columbia, District of Columbia",360,31,0,0,0,0,0,0,31,0,124,28,0,12,76,0,0,8,0,33,0,0,0,0,33,0,0,0,27,27,0,0,0,0,0,0,0,32,16,0,0,13,0,0,0,3,32,0,0,0,19,13,0,0,0,81,36,4,41,0,0,0,0,0,"Block Group 1, Census Tract 34, District of Columbia, District of Columbia",125,45,14,14,14,14,14,14,45,14,102,33,14,17,99,14,14,12,14,50,14,14,14,14,50,14,14,14,37,37,14,14,14,14,14,14,14,38,25,14,14,22,14,14,14,15,37,14,14,14,29,22,14,14,14,45,34,7,35,14,14,14,14,14
"G11000100034002","2019-2023","DC",,,"District of Columbia","11","District of Columbia","001",,,"003400","2",,,,,,,,,,,".",".",,,,,,,,,,,,"1500000US110010034002",,,"110010034002","Block Group 2, Census Tract 34, District of Columbia, District of Columbia",0,0,0,0,0,0,0,0,0,0,0,0,0,0,0,0,0,0,0,0,0,0,0,0,0,0,0,0,0,0,0,0,0,0,0,0,0,0,0,0,0,0,0,0,0,0,0,0,0,0,0,0,0,0,0,0,0,0,0,0,0,0,0,0,"Block Group 2, Census Tract 34, District of Columbia, District of Columbia",14,14,14,14,14,14,14,14,14,14,14,14,14,14,14,14,14,14,14,14,14,14,14,14,14,14,14,14,14,14,14,14,14,14,14,14,14,14,14,14,14,14,14,14,14,14,14,14,14,14,14,14,14,14,14,14,14,14,14,14,14,14,14,14
"G11000100034003","2019-2023","DC",,,"District of Columbia","11","District of Columbia","001",,,"003400","3",,,,,,,,,,,".",".",,,,,,,,,,,,"1500000US110010034003",,,"110010034003","Block Group 3, Census Tract 34, District of Columbia, District of Columbia",341,0,0,0,0,0,0,0,0,0,35,0,0,0,0,0,0,35,0,53,0,0,26,0,0,0,27,0,0,0,0,0,0,0,0,0,0,38,0,0,0,13,0,0,25,0,3,0,0,0,0,0,0,3,0,212,102,6,4,45,42,0,0,13,"Block Group 3, Census Tract 34, District of Columbia, District of Columbia",140,14,14,14,14,14,14,14,14,14,53,14,14,14,14,14,14,53,14,59,14,14,40,14,14,14,42,14,14,14,14,14,14,14,14,14,14,35,14,14,14,19,14,14,30,14,5,14,14,14,14,14,14,5,14,117,103,12,7,47,37,14,14,18
"G11000100034004","2019-2023","DC",,,"District of Columbia","11","District of Columbia","001",,,"003400","4",,,,,,,,,,,".",".",,,,,,,,,,,,"1500000US110010034004",,,"110010034004","Block Group 4, Census Tract 34, District of Columbia, District of Columbia",38,0,0,0,0,0,0,0,0,0,0,0,0,0,0,0,0,0,0,0,0,0,0,0,0,0,0,0,16,0,0,0,0,0,0,16,0,0,0,0,0,0,0,0,0,0,0,0,0,0,0,0,0,0,0,22,10,0,0,0,12,0,0,0,"Block Group 4, Census Tract 34, District of Columbia, District of Columbia",28,14,14,14,14,14,14,14,14,14,14,14,14,14,14,14,14,14,14,14,14,14,14,14,14,14,14,14,24,14,14,14,14,14,14,24,14,14,14,14,14,14,14,14,14,14,14,14,14,14,14,14,14,14,14,18,16,14,14,14,18,14,14,14
"G11000100034005","2019-2023","DC",,,"District of Columbia","11","District of Columbia","001",,,"003400","5",,,,,,,,,,,".",".",,,,,,,,,,,,"1500000US110010034005",,,"110010034005","Block Group 5, Census Tract 34, District of Columbia, District of Columbia",0,0,0,0,0,0,0,0,0,0,0,0,0,0,0,0,0,0,0,0,0,0,0,0,0,0,0,0,0,0,0,0,0,0,0,0,0,0,0,0,0,0,0,0,0,0,0,0,0,0,0,0,0,0,0,0,0,0,0,0,0,0,0,0,"Block Group 5, Census Tract 34, District of Columbia, District of Columbia",14,14,14,14,14,14,14,14,14,14,14,14,14,14,14,14,14,14,14,14,14,14,14,14,14,14,14,14,14,14,14,14,14,14,14,14,14,14,14,14,14,14,14,14,14,14,14,14,14,14,14,14,14,14,14,14,14,14,14,14,14,14,14,14
"G11000100035001","2019-2023","DC",,,"District of Columbia","11","District of Columbia","001",,,"003500","1",,,,,,,,,,,".",".",,,,,,,,,,,,"1500000US110010035001",,,"110010035001","Block Group 1, Census Tract 35, District of Columbia, District of Columbia",338,59,0,0,0,0,0,0,44,15,0,0,0,0,0,0,0,0,0,25,0,0,0,0,0,0,14,11,0,0,0,0,0,0,0,0,0,25,0,0,9,0,0,0,16,0,15,0,0,10,0,0,0,5,0,214,111,63,40,0,0,0,0,0,"Block Group 1, Census Tract 35, District of Columbia, District of Columbia",109,62,14,14,14,14,14,14,70,23,14,14,14,14,14,14,14,14,14,29,14,14,14,14,14,14,23,18,14,14,14,14,14,14,14,14,14,28,14,14,13,14,14,14,24,14,18,14,14,15,14,14,14,9,14,78,57,54,38,14,14,14,14,14
"G11000100035002","2019-2023","DC",,,"District of Columbia","11","District of Columbia","001",,,"003500","2",,,,,,,,,,,".",".",,,,,,,,,,,,"1500000US110010035002",,,"110010035002","Block Group 2, Census Tract 35, District of Columbia, District of Columbia",656,110,0,0,0,0,0,0,45,65,44,0,0,0,29,0,15,0,0,18,0,0,0,0,0,0,18,0,87,0,0,0,0,19,0,68,0,68,13,0,0,0,0,30,25,0,104,0,41,20,43,0,0,0,0,225,115,32,49,9,9,11,0,0,"Block Group 2, Census Tract 35, District of Columbia, District of Columbia",175,76,14,14,14,14,14,14,51,56,41,14,14,14,47,14,23,14,14,28,14,14,14,14,14,14,28,14,115,14,14,14,14,30,14,114,14,49,21,14,14,14,14,36,29,14,75,14,65,30,42,14,14,14,14,81,76,29,34,13,15,16,14,14
"G11000100035003","2019-2023","DC",,,"District of Columbia","11","District of Columbia","001",,,"003500","3",,,,,,,,,,,".",".",,,,,,,,,,,,"1500000US110010035003",,,"110010035003","Block Group 3, Census Tract 35, District of Columbia, District of Columbia",418,0,0,0,0,0,0,0,0,0,0,0,0,0,0,0,0,0,0,51,0,0,0,0,0,0,51,0,2,0,0,0,0,0,0,2,0,51,0,0,0,0,0,0,51,0,77,0,0,21,0,0,31,25,0,237,121,23,28,21,44,0,0,0,"Block Group 3, Census Tract 35, District of Columbia, District of Columbia",126,14,14,14,14,14,14,14,14,14,14,14,14,14,14,14,14,14,14,81,14,14,14,14,14,14,81,14,3,14,14,14,14,14,14,3,14,62,14,14,14,14,14,14,62,14,63,14,14,23,14,14,47,36,14,95,77,26,27,23,70,14,14,14
"G11000100036001","2019-2023","DC",,,"District of Columbia","11","District of Columbia","001",,,"003600","1",,,,,,,,,,,".",".",,,,,,,,,,,,"1500000US110010036001",,,"110010036001","Block Group 1, Census Tract 36, District of Columbia, District of Columbia",786,35,0,0,0,0,0,0,35,0,0,0,0,0,0,0,0,0,0,0,0,0,0,0,0,0,0,0,0,0,0,0,0,0,0,0,0,181,0,0,14,167,0,0,0,0,54,0,0,9,0,45,0,0,0,516,267,44,49,156,0,0,0,0,"Block Group 1, Census Tract 36, District of Columbia, District of Columbia",205,54,14,14,14,14,14,14,54,14,14,14,14,14,14,14,14,14,14,14,14,14,14,14,14,14,14,14,14,14,14,14,14,14,14,14,14,174,14,14,22,172,14,14,14,14,74,14,14,23,14,69,14,14,14,191,147,54,48,147,14,14,14,14
"G11000100036002","2019-2023","DC",,,"District of Columbia","11","District of Columbia","001",,,"003600","2",,,,,,,,,,,".",".",,,,,,,,,,,,"1500000US110010036002",,,"110010036002","Block Group 2, Census Tract 36, District of Columbia, District of Columbia",536,47,0,0,0,0,0,0,21,26,199,0,0,95,0,0,31,73,0,17,0,0,17,0,0,0,0,0,0,0,0,0,0,0,0,0,0,108,0,0,20,88,0,0,0,0,13,0,0,13,0,0,0,0,0,152,77,63,0,12,0,0,0,0,"Block Group 2, Census Tract 36, District of Columbia, District of Columbia",155,54,14,14,14,14,14,14,33,41,107,14,14,86,14,14,49,102,14,29,14,14,29,14,14,14,14,14,14,14,14,14,14,14,14,14,14,61,14,14,33,53,14,14,14,14,22,14,14,22,14,14,14,14,14,87,60,60,14,21,14,14,14,14
"G11000100036003","2019-2023","DC",,,"District of Columbia","11","District of Columbia","001",,,"003600","3",,,,,,,,,,,".",".",,,,,,,,,,,,"1500000US110010036003",,,"110010036003","Block Group 3, Census Tract 36, District of Columbia, District of Columbia",267,0,0,0,0,0,0,0,0,0,0,0,0,0,0,0,0,0,0,0,0,0,0,0,0,0,0,0,0,0,0,0,0,0,0,0,0,42,0,0,25,0,0,0,17,0,21,0,21,0,0,0,0,0,0,204,136,31,37,0,0,0,0,0,"Block Group 3, Census Tract 36, District of Columbia, District of Columbia",124,14,14,14,14,14,14,14,14,14,14,14,14,14,14,14,14,14,14,14,14,14,14,14,14,14,14,14,14,14,14,14,14,14,14,14,14,49,14,14,40,14,14,14,29,14,34,14,34,14,14,14,14,14,14,133,127,36,42,14,14,14,14,14
"G11000100037011","2019-2023","DC",,,"District of Columbia","11","District of Columbia","001",,,"003701","1",,,,,,,,,,,".",".",,,,,,,,,,,,"1500000US110010037011",,,"110010037011","Block Group 1, Census Tract 37.01, District of Columbia, District of Columbia",301,38,0,0,0,0,38,0,0,0,11,0,0,0,0,0,0,11,0,0,0,0,0,0,0,0,0,0,22,0,0,0,0,0,22,0,0,83,0,0,0,10,73,0,0,0,51,0,7,0,16,0,28,0,0,96,60,21,5,0,0,0,0,10,"Block Group 1, Census Tract 37.01, District of Columbia, District of Columbia",124,62,14,14,14,14,62,14,14,14,17,14,14,14,14,14,14,17,14,14,14,14,14,14,14,14,14,14,34,14,14,14,14,14,34,14,14,66,14,14,14,16,64,14,14,14,48,14,11,14,18,14,45,14,14,58,50,19,10,14,14,14,14,16
"G11000100037012","2019-2023","DC",,,"District of Columbia","11","District of Columbia","001",,,"003701","2",,,,,,,,,,,".",".",,,,,,,,,,,,"1500000US110010037012",,,"110010037012","Block Group 2, Census Tract 37.01, District of Columbia, District of Columbia",595,0,0,0,0,0,0,0,0,0,7,0,0,0,0,0,0,7,0,67,0,0,0,0,0,0,67,0,89,0,0,0,0,0,0,89,0,86,0,0,0,24,14,48,0,0,50,0,49,0,0,0,1,0,0,296,153,49,38,56,0,0,0,0,"Block Group 2, Census Tract 37.01, District of Columbia, District of Columbia",174,14,14,14,14,14,14,14,14,14,12,14,14,14,14,14,14,12,14,81,14,14,14,14,14,14,81,14,59,14,14,14,14,14,14,59,14,96,14,14,14,30,22,80,14,14,60,14,59,14,14,14,2,14,14,116,101,48,46,63,14,14,14,14
"G11000100037021","2019-2023","DC",,,"District of Columbia","11","District of Columbia","001",,,"003702","1",,,,,,,,,,,".",".",,,,,,,,,,,,"1500000US110010037021",,,"110010037021","Block Group 1, Census Tract 37.02, District of Columbia, District of Columbia",592,0,0,0,0,0,0,0,0,0,0,0,0,0,0,0,0,0,0,0,0,0,0,0,0,0,0,0,13,0,0,0,0,0,13,0,0,78,0,0,0,17,13,48,0,0,82,0,52,0,0,17,13,0,0,419,280,87,43,0,0,9,0,0,"Block Group 1, Census Tract 37.02, District of Columbia, District of Columbia",175,14,14,14,14,14,14,14,14,14,14,14,14,14,14,14,14,14,14,14,14,14,14,14,14,14,14,14,21,14,14,14,14,14,21,14,14,66,14,14,14,28,20,57,14,14,88,14,81,14,14,29,20,14,14,156,144,61,40,14,14,15,14,14
"G11000100037022","2019-2023","DC",,,"District of Columbia","11","District of Columbia","001",,,"003702","2",,,,,,,,,,,".",".",,,,,,,,,,,,"1500000US110010037022",,,"110010037022","Block Group 2, Census Tract 37.02, District of Columbia, District of Columbia",623,106,0,0,0,0,11,0,74,21,40,0,0,0,22,0,0,18,0,122,0,0,25,0,0,0,97,0,185,12,0,0,157,0,16,0,0,36,0,0,0,36,0,0,0,0,29,20,9,0,0,0,0,0,0,105,63,12,30,0,0,0,0,0,"Block Group 2, Census Tract 37.02, District of Columbia, District of Columbia",269,80,14,14,14,14,17,14,71,33,45,14,14,14,34,14,14,29,14,78,14,14,35,14,14,14,70,14,236,20,14,14,234,14,25,14,14,39,14,14,14,39,14,14,14,14,36,31,16,14,14,14,14,14,14,64,50,20,32,14,14,14,14,14
"G11000100038011","2019-2023","DC",,,"District of Columbia","11","District of Columbia","001",,,"003801","1",,,,,,,,,,,".",".",,,,,,,,,,,,"1500000US110010038011",,,"110010038011","Block Group 1, Census Tract 38.01, District of Columbia, District of Columbia",402,0,0,0,0,0,0,0,0,0,0,0,0,0,0,0,0,0,0,8,0,0,0,0,0,0,8,0,9,0,0,0,0,0,9,0,0,84,0,0,0,0,32,52,0,0,92,0,41,45,0,6,0,0,0,209,65,95,49,0,0,0,0,0,"Block Group 1, Census Tract 38.01, District of Columbia, District of Columbia",120,14,14,14,14,14,14,14,14,14,14,14,14,14,14,14,14,14,14,15,14,14,14,14,14,14,15,14,15,14,14,14,14,14,15,14,14,57,14,14,14,14,42,36,14,14,62,14,40,52,14,10,14,14,14,89,50,79,58,14,14,14,14,14
"G11000100038012","2019-2023","DC",,,"District of Columbia","11","District of Columbia","001",,,"003801","2",,,,,,,,,,,".",".",,,,,,,,,,,,"1500000US110010038012",,,"110010038012","Block Group 2, Census Tract 38.01, District of Columbia, District of Columbia",169,0,0,0,0,0,0,0,0,0,27,0,0,0,0,0,0,27,0,0,0,0,0,0,0,0,0,0,0,0,0,0,0,0,0,0,0,0,0,0,0,0,0,0,0,0,10,0,0,0,10,0,0,0,0,132,53,36,31,0,0,0,12,0,"Block Group 2, Census Tract 38.01, District of Columbia, District of Columbia",78,14,14,14,14,14,14,14,14,14,29,14,14,14,14,14,14,29,14,14,14,14,14,14,14,14,14,14,14,14,14,14,14,14,14,14,14,14,14,14,14,14,14,14,14,14,15,14,14,14,15,14,14,14,14,70,40,30,44,14,14,14,19,14
"G11000100038021","2019-2023","DC",,,"District of Columbia","11","District of Columbia","001",,,"003802","1",,,,,,,,,,,".",".",,,,,,,,,,,,"1500000US110010038021",,,"110010038021","Block Group 1, Census Tract 38.02, District of Columbia, District of Columbia",347,62,0,0,0,0,0,0,0,62,13,0,0,0,0,0,0,13,0,18,0,0,0,0,0,0,18,0,0,0,0,0,0,0,0,0,0,0,0,0,0,0,0,0,0,0,72,48,0,13,0,0,11,0,0,182,116,0,0,0,0,66,0,0,"Block Group 1, Census Tract 38.02, District of Columbia, District of Columbia",175,96,14,14,14,14,14,14,14,96,20,14,14,14,14,14,14,20,14,29,14,14,14,14,14,14,29,14,14,14,14,14,14,14,14,14,14,14,14,14,14,14,14,14,14,14,68,63,14,19,14,14,18,14,14,160,146,14,14,14,14,74,14,14
"G11000100038022","2019-2023","DC",,,"District of Columbia","11","District of Columbia","001",,,"003802","2",,,,,,,,,,,".",".",,,,,,,,,,,,"1500000US110010038022",,,"110010038022","Block Group 2, Census Tract 38.02, District of Columbia, District of Columbia",538,57,0,0,0,0,0,0,57,0,0,0,0,0,0,0,0,0,0,34,0,0,0,0,0,0,34,0,20,0,0,0,0,0,20,0,0,112,18,0,76,0,0,18,0,0,0,0,0,0,0,0,0,0,0,315,92,178,45,0,0,0,0,0,"Block Group 2, Census Tract 38.02, District of Columbia, District of Columbia",174,65,14,14,14,14,14,14,65,14,14,14,14,14,14,14,14,14,14,42,14,14,14,14,14,14,42,14,34,14,14,14,14,14,34,14,14,109,27,14,103,14,14,28,14,14,14,14,14,14,14,14,14,14,14,147,70,117,49,14,14,14,14,14
"G11000100038023","2019-2023","DC",,,"District of Columbia","11","District of Columbia","001",,,"003802","3",,,,,,,,,,,".",".",,,,,,,,,,,,"1500000US110010038023",,,"110010038023","Block Group 3, Census Tract 38.02, District of Columbia, District of Columbia",583,65,0,0,0,0,0,0,65,0,12,0,0,0,0,0,0,12,0,52,0,0,0,0,0,0,52,0,24,0,0,0,0,0,0,24,0,73,0,0,0,53,20,0,0,0,65,0,15,0,0,0,50,0,0,292,171,80,41,0,0,0,0,0,"Block Group 3, Census Tract 38.02, District of Columbia, District of Columbia",161,104,14,14,14,14,14,14,104,14,19,14,14,14,14,14,14,19,14,64,14,14,14,14,14,14,64,14,39,14,14,14,14,14,14,39,14,89,14,14,14,84,33,14,14,14,62,14,23,14,14,14,58,14,14,111,101,61,41,14,14,14,14,14
"G11000100039011","2019-2023","DC",,,"District of Columbia","11","District of Columbia","001",,,"003901","1",,,,,,,,,,,".",".",,,,,,,,,,,,"1500000US110010039011",,,"110010039011","Block Group 1, Census Tract 39.01, District of Columbia, District of Columbia",714,23,0,0,0,0,0,0,23,0,13,0,0,0,0,0,0,13,0,51,0,0,0,0,0,0,51,0,81,0,0,31,0,0,17,33,0,76,0,0,19,17,40,0,0,0,119,13,0,46,60,0,0,0,0,351,133,122,77,19,0,0,0,0,"Block Group 1, Census Tract 39.01, District of Columbia, District of Columbia",178,35,14,14,14,14,14,14,35,14,21,14,14,14,14,14,14,21,14,43,14,14,14,14,14,14,43,14,69,14,14,51,14,14,27,38,14,59,14,14,30,26,43,14,14,14,80,21,14,48,53,14,14,14,14,144,93,90,93,31,14,14,14,14
"G11000100039012","2019-2023","DC",,,"District of Columbia","11","District of Columbia","001",,,"003901","2",,,,,,,,,,,".",".",,,,,,,,,,,,"1500000US110010039012",,,"110010039012","Block Group 2, Census Tract 39.01, District of Columbia, District of Columbia",821,0,0,0,0,0,0,0,0,0,18,0,0,0,0,0,0,18,0,38,0,0,0,0,0,0,38,0,15,0,15,0,0,0,0,0,0,19,0,0,0,0,19,0,0,0,138,39,25,0,43,31,0,0,0,593,458,122,13,0,0,0,0,0,"Block Group 2, Census Tract 39.01, District of Columbia, District of Columbia",510,14,14,14,14,14,14,14,14,14,28,14,14,14,14,14,14,28,14,44,14,14,14,14,14,14,44,14,25,14,25,14,14,14,14,14,14,31,14,14,14,14,31,14,14,14,80,60,37,14,46,50,14,14,14,515,506,69,20,14,14,14,14,14
"G11000100039021","2019-2023","DC",,,"District of Columbia","11","District of Columbia","001",,,"003902","1",,,,,,,,,,,".",".",,,,,,,,,,,,"1500000US110010039021",,,"110010039021","Block Group 1, Census Tract 39.02, District of Columbia, District of Columbia",360,53,0,0,0,0,0,0,53,0,7,0,0,0,0,0,0,7,0,7,0,0,0,0,0,0,7,0,10,0,0,0,0,0,10,0,0,23,0,0,0,8,15,0,0,0,91,0,0,0,91,0,0,0,0,169,54,61,0,25,0,29,0,0,"Block Group 1, Census Tract 39.02, District of Columbia, District of Columbia",126,82,14,14,14,14,14,14,82,14,11,14,14,14,14,14,14,11,14,11,14,14,14,14,14,14,11,14,16,14,14,14,14,14,16,14,14,22,14,14,14,14,24,14,14,14,90,14,14,14,90,14,14,14,14,84,34,56,14,25,14,47,14,14
"G11000100039022","2019-2023","DC",,,"District of Columbia","11","District of Columbia","001",,,"003902","2",,,,,,,,,,,".",".",,,,,,,,,,,,"1500000US110010039022",,,"110010039022","Block Group 2, Census Tract 39.02, District of Columbia, District of Columbia",118,0,0,0,0,0,0,0,0,0,0,0,0,0,0,0,0,0,0,0,0,0,0,0,0,0,0,0,9,0,0,9,0,0,0,0,0,11,0,0,0,0,0,0,11,0,8,0,0,0,8,0,0,0,0,90,32,8,30,20,0,0,0,0,"Block Group 2, Census Tract 39.02, District of Columbia, District of Columbia",63,14,14,14,14,14,14,14,14,14,14,14,14,14,14,14,14,14,14,14,14,14,14,14,14,14,14,14,15,14,14,15,14,14,14,14,14,16,14,14,14,14,14,14,16,14,13,14,14,14,13,14,14,14,14,61,40,12,33,23,14,14,14,14
"G11000100040011","2019-2023","DC",,,"District of Columbia","11","District of Columbia","001",,,"004001","1",,,,,,,,,,,".",".",,,,,,,,,,,,"1500000US110010040011",,,"110010040011","Block Group 1, Census Tract 40.01, District of Columbia, District of Columbia",761,11,0,0,0,0,0,0,11,0,10,0,0,0,0,0,0,10,0,0,0,0,0,0,0,0,0,0,13,0,0,0,0,0,0,13,0,271,0,0,32,67,141,31,0,0,50,0,33,0,0,17,0,0,0,406,351,55,0,0,0,0,0,0,"Block Group 1, Census Tract 40.01, District of Columbia, District of Columbia",412,19,14,14,14,14,14,14,19,14,16,14,14,14,14,14,14,16,14,14,14,14,14,14,14,14,14,14,20,14,14,14,14,14,14,20,14,223,14,14,48,78,203,41,14,14,47,14,37,14,14,27,14,14,14,396,338,68,14,14,14,14,14,14
"G11000100040012","2019-2023","DC",,,"District of Columbia","11","District of Columbia","001",,,"004001","2",,,,,,,,,,,".",".",,,,,,,,,,,,"1500000US110010040012",,,"110010040012","Block Group 2, Census Tract 40.01, District of Columbia, District of Columbia",192,0,0,0,0,0,0,0,0,0,0,0,0,0,0,0,0,0,0,0,0,0,0,0,0,0,0,0,0,0,0,0,0,0,0,0,0,0,0,0,0,0,0,0,0,0,15,0,0,15,0,0,0,0,0,177,54,115,8,0,0,0,0,0,"Block Group 2, Census Tract 40.01, District of Columbia, District of Columbia",152,14,14,14,14,14,14,14,14,14,14,14,14,14,14,14,14,14,14,14,14,14,14,14,14,14,14,14,14,14,14,14,14,14,14,14,14,14,14,14,14,14,14,14,14,14,25,14,14,25,14,14,14,14,14,150,55,139,15,14,14,14,14,14
"G11000100040013","2019-2023","DC",,,"District of Columbia","11","District of Columbia","001",,,"004001","3",,,,,,,,,,,".",".",,,,,,,,,,,,"1500000US110010040013",,,"110010040013","Block Group 3, Census Tract 40.01, District of Columbia, District of Columbia",183,0,0,0,0,0,0,0,0,0,0,0,0,0,0,0,0,0,0,0,0,0,0,0,0,0,0,0,0,0,0,0,0,0,0,0,0,0,0,0,0,0,0,0,0,0,93,0,15,30,14,0,34,0,0,90,43,16,14,11,0,0,0,6,"Block Group 3, Census Tract 40.01, District of Columbia, District of Columbia",83,14,14,14,14,14,14,14,14,14,14,14,14,14,14,14,14,14,14,14,14,14,14,14,14,14,14,14,14,14,14,14,14,14,14,14,14,14,14,14,14,14,14,14,14,14,69,14,24,34,18,14,56,14,14,54,41,25,23,17,14,14,14,12
"G11000100040014","2019-2023","DC",,,"District of Columbia","11","District of Columbia","001",,,"004001","4",,,,,,,,,,,".",".",,,,,,,,,,,,"1500000US110010040014",,,"110010040014","Block Group 4, Census Tract 40.01, District of Columbia, District of Columbia",162,0,0,0,0,0,0,0,0,0,0,0,0,0,0,0,0,0,0,0,0,0,0,0,0,0,0,0,0,0,0,0,0,0,0,0,0,0,0,0,0,0,0,0,0,0,0,0,0,0,0,0,0,0,0,162,93,54,15,0,0,0,0,0,"Block Group 4, Census Tract 40.01, District of Columbia, District of Columbia",79,14,14,14,14,14,14,14,14,14,14,14,14,14,14,14,14,14,14,14,14,14,14,14,14,14,14,14,14,14,14,14,14,14,14,14,14,14,14,14,14,14,14,14,14,14,14,14,14,14,14,14,14,14,14,79,75,43,25,14,14,14,14,14
"G11000100040021","2019-2023","DC",,,"District of Columbia","11","District of Columbia","001",,,"004002","1",,,,,,,,,,,".",".",,,,,,,,,,,,"1500000US110010040021",,,"110010040021","Block Group 1, Census Tract 40.02, District of Columbia, District of Columbia",542,9,0,0,0,0,0,0,9,0,68,0,0,0,0,0,0,68,0,7,0,0,0,0,0,0,7,0,0,0,0,0,0,0,0,0,0,56,0,0,0,15,23,18,0,0,58,0,58,0,0,0,0,0,0,344,286,41,0,17,0,0,0,0,"Block Group 1, Census Tract 40.02, District of Columbia, District of Columbia",332,14,14,14,14,14,14,14,14,14,74,14,14,14,14,14,14,74,14,11,14,14,14,14,14,14,11,14,14,14,14,14,14,14,14,14,14,43,14,14,14,18,25,28,14,14,88,14,88,14,14,14,14,14,14,320,318,49,14,26,14,14,14,14
"G11000100040022","2019-2023","DC",,,"District of Columbia","11","District of Columbia","001",,,"004002","2",,,,,,,,,,,".",".",,,,,,,,,,,,"1500000US110010040022",,,"110010040022","Block Group 2, Census Tract 40.02, District of Columbia, District of Columbia",382,10,0,0,0,0,0,0,10,0,0,0,0,0,0,0,0,0,0,0,0,0,0,0,0,0,0,0,29,0,0,14,0,0,15,0,0,14,0,0,0,14,0,0,0,0,57,0,26,19,0,12,0,0,0,272,195,29,48,0,0,0,0,0,"Block Group 2, Census Tract 40.02, District of Columbia, District of Columbia",127,16,14,14,14,14,14,14,16,14,14,14,14,14,14,14,14,14,14,14,14,14,14,14,14,14,14,14,29,14,14,27,14,14,25,14,14,23,14,14,14,23,14,14,14,14,45,14,32,23,14,20,14,14,14,107,93,33,66,14,14,14,14,14
"G11000100040023","2019-2023","DC",,,"District of Columbia","11","District of Columbia","001",,,"004002","3",,,,,,,,,,,".",".",,,,,,,,,,,,"1500000US110010040023",,,"110010040023","Block Group 3, Census Tract 40.02, District of Columbia, District of Columbia",460,53,0,0,0,0,0,0,47,6,0,0,0,0,0,0,0,0,0,0,0,0,0,0,0,0,0,0,55,0,0,0,0,0,0,55,0,38,0,0,0,21,0,17,0,0,21,0,0,0,21,0,0,0,0,293,179,12,40,0,0,62,0,0,"Block Group 3, Census Tract 40.02, District of Columbia, District of Columbia",175,69,14,14,14,14,14,14,68,11,14,14,14,14,14,14,14,14,14,14,14,14,14,14,14,14,14,14,71,14,14,14,14,14,14,71,14,47,14,14,14,25,14,38,14,14,34,14,14,14,34,14,14,14,14,153,118,19,49,14,14,93,14,14
"G11000100041001","2019-2023","DC",,,"District of Columbia","11","District of Columbia","001",,,"004100","1",,,,,,,,,,,".",".",,,,,,,,,,,,"1500000US110010041001",,,"110010041001","Block Group 1, Census Tract 41, District of Columbia, District of Columbia",400,0,0,0,0,0,0,0,0,0,1,0,0,0,0,0,0,1,0,30,0,0,0,0,0,0,30,0,8,0,0,0,0,0,0,8,0,13,0,0,0,0,0,0,13,0,94,9,0,20,38,0,0,27,0,254,163,9,24,33,0,25,0,0,"Block Group 1, Census Tract 41, District of Columbia, District of Columbia",95,14,14,14,14,14,14,14,14,14,2,14,14,14,14,14,14,2,14,34,14,14,14,14,14,14,34,14,14,14,14,14,14,14,14,14,14,18,14,14,14,14,14,14,18,14,56,14,14,22,35,14,14,42,14,82,73,16,37,27,14,30,14,14
"G11000100041002","2019-2023","DC",,,"District of Columbia","11","District of Columbia","001",,,"004100","2",,,,,,,,,,,".",".",,,,,,,,,,,,"1500000US110010041002",,,"110010041002","Block Group 2, Census Tract 41, District of Columbia, District of Columbia",129,0,0,0,0,0,0,0,0,0,0,0,0,0,0,0,0,0,0,0,0,0,0,0,0,0,0,0,11,0,0,0,0,0,0,11,0,54,0,0,16,38,0,0,0,0,13,0,13,0,0,0,0,0,0,51,5,46,0,0,0,0,0,0,"Block Group 2, Census Tract 41, District of Columbia, District of Columbia",59,14,14,14,14,14,14,14,14,14,14,14,14,14,14,14,14,14,14,14,14,14,14,14,14,14,14,14,17,14,14,14,14,14,14,17,14,41,14,14,25,33,14,14,14,14,20,14,20,14,14,14,14,14,14,41,6,41,14,14,14,14,14,14
"G11000100041003","2019-2023","DC",,,"District of Columbia","11","District of Columbia","001",,,"004100","3",,,,,,,,,,,".",".",,,,,,,,,,,,"1500000US110010041003",,,"110010041003","Block Group 3, Census Tract 41, District of Columbia, District of Columbia",211,24,0,0,0,0,0,0,24,0,0,0,0,0,0,0,0,0,0,0,0,0,0,0,0,0,0,0,53,0,0,0,0,0,0,33,20,48,0,0,0,0,0,0,0,48,0,0,0,0,0,0,0,0,0,86,60,4,11,11,0,0,0,0,"Block Group 3, Census Tract 41, District of Columbia, District of Columbia",108,38,14,14,14,14,14,14,38,14,14,14,14,14,14,14,14,14,14,14,14,14,14,14,14,14,14,14,61,14,14,14,14,14,14,46,37,77,14,14,14,14,14,14,14,77,14,14,14,14,14,14,14,14,14,51,47,6,17,17,14,14,14,14
"G11000100042011","2019-2023","DC",,,"District of Columbia","11","District of Columbia","001",,,"004201","1",,,,,,,,,,,".",".",,,,,,,,,,,,"1500000US110010042011",,,"110010042011","Block Group 1, Census Tract 42.01, District of Columbia, District of Columbia",532,28,0,0,0,0,0,0,9,19,54,0,0,0,0,0,0,54,0,0,0,0,0,0,0,0,0,0,37,0,0,0,0,0,15,22,0,57,0,0,12,45,0,0,0,0,89,0,33,7,24,0,0,25,0,267,182,46,39,0,0,0,0,0,"Block Group 1, Census Tract 42.01, District of Columbia, District of Columbia",152,26,14,14,14,14,14,14,14,22,85,14,14,14,14,14,14,85,14,14,14,14,14,14,14,14,14,14,35,14,14,14,14,14,24,25,14,43,14,14,19,47,14,14,14,14,61,14,38,8,28,14,14,38,14,140,134,34,29,14,14,14,14,14
"G11000100042012","2019-2023","DC",,,"District of Columbia","11","District of Columbia","001",,,"004201","2",,,,,,,,,,,".",".",,,,,,,,,,,,"1500000US110010042012",,,"110010042012","Block Group 2, Census Tract 42.01, District of Columbia, District of Columbia",262,25,0,0,0,0,0,0,25,0,0,0,0,0,0,0,0,0,0,15,0,0,0,0,0,0,15,0,0,0,0,0,0,0,0,0,0,0,0,0,0,0,0,0,0,0,0,0,0,0,0,0,0,0,0,222,115,47,0,36,18,6,0,0,"Block Group 2, Census Tract 42.01, District of Columbia, District of Columbia",129,42,14,14,14,14,14,14,42,14,14,14,14,14,14,14,14,14,14,24,14,14,14,14,14,14,24,14,14,14,14,14,14,14,14,14,14,14,14,14,14,14,14,14,14,14,14,14,14,14,14,14,14,14,14,123,89,59,14,47,30,10,14,14
"G11000100042013","2019-2023","DC",,,"District of Columbia","11","District of Columbia","001",,,"004201","3",,,,,,,,,,,".",".",,,,,,,,,,,,"1500000US110010042013",,,"110010042013","Block Group 3, Census Tract 42.01, District of Columbia, District of Columbia",526,0,0,0,0,0,0,0,0,0,0,0,0,0,0,0,0,0,0,1,0,0,0,0,0,0,1,0,0,0,0,0,0,0,0,0,0,0,0,0,0,0,0,0,0,0,25,0,0,17,8,0,0,0,0,500,151,292,57,0,0,0,0,0,"Block Group 3, Census Tract 42.01, District of Columbia, District of Columbia",328,14,14,14,14,14,14,14,14,14,14,14,14,14,14,14,14,14,14,2,14,14,14,14,14,14,2,14,14,14,14,14,14,14,14,14,14,14,14,14,14,14,14,14,14,14,24,14,14,20,13,14,14,14,14,328,95,326,45,14,14,14,14,14
"G11000100042021","2019-2023","DC",,,"District of Columbia","11","District of Columbia","001",,,"004202","1",,,,,,,,,,,".",".",,,,,,,,,,,,"1500000US110010042021",,,"110010042021","Block Group 1, Census Tract 42.02, District of Columbia, District of Columbia",533,10,0,0,0,0,0,0,0,10,24,0,0,0,0,0,0,24,0,0,0,0,0,0,0,0,0,0,22,0,0,0,0,0,11,11,0,87,0,0,15,29,29,0,14,0,164,13,62,48,33,0,0,0,8,226,131,72,12,11,0,0,0,0,"Block Group 1, Census Tract 42.02, District of Columbia, District of Columbia",107,14,14,14,14,14,14,14,14,14,36,14,14,14,14,14,14,36,14,14,14,14,14,14,14,14,14,14,22,14,14,14,14,14,15,17,14,54,14,14,25,30,33,14,22,14,89,19,58,55,52,14,14,14,13,81,66,60,19,17,14,14,14,14
"G11000100042022","2019-2023","DC",,,"District of Columbia","11","District of Columbia","001",,,"004202","2",,,,,,,,,,,".",".",,,,,,,,,,,,"1500000US110010042022",,,"110010042022","Block Group 2, Census Tract 42.02, District of Columbia, District of Columbia",713,0,0,0,0,0,0,0,0,0,60,0,0,0,0,0,0,20,40,19,0,0,0,8,0,0,11,0,35,0,0,0,0,0,13,22,0,91,0,0,62,0,0,8,21,0,183,12,81,20,31,39,0,0,0,325,160,18,121,15,0,0,0,11,"Block Group 2, Census Tract 42.02, District of Columbia, District of Columbia",117,14,14,14,14,14,14,14,14,14,58,14,14,14,14,14,14,23,53,22,14,14,14,14,14,14,18,14,24,14,14,14,14,14,21,22,14,65,14,14,64,14,14,13,24,14,80,19,43,23,29,59,14,14,14,108,67,21,78,22,14,14,14,17
"G11000100043001","2019-2023","DC",,,"District of Columbia","11","District of Columbia","001",,,"004300","1",,,,,,,,,,,".",".",,,,,,,,,,,,"1500000US110010043001",,,"110010043001","Block Group 1, Census Tract 43, District of Columbia, District of Columbia",166,0,0,0,0,0,0,0,0,0,0,0,0,0,0,0,0,0,0,0,0,0,0,0,0,0,0,0,0,0,0,0,0,0,0,0,0,17,0,17,0,0,0,0,0,0,76,0,16,0,60,0,0,0,0,73,53,15,5,0,0,0,0,0,"Block Group 1, Census Tract 43, District of Columbia, District of Columbia",111,14,14,14,14,14,14,14,14,14,14,14,14,14,14,14,14,14,14,14,14,14,14,14,14,14,14,14,14,14,14,14,14,14,14,14,14,28,14,28,14,14,14,14,14,14,99,14,26,14,97,14,14,14,14,57,55,25,8,14,14,14,14,14
"G11000100043002","2019-2023","DC",,,"District of Columbia","11","District of Columbia","001",,,"004300","2",,,,,,,,,,,".",".",,,,,,,,,,,,"1500000US110010043002",,,"110010043002","Block Group 2, Census Tract 43, District of Columbia, District of Columbia",633,11,0,0,0,10,0,0,1,0,45,0,27,0,0,0,0,18,0,11,0,0,0,11,0,0,0,0,0,0,0,0,0,0,0,0,0,69,10,9,0,18,0,32,0,0,114,0,0,0,15,45,0,54,0,383,223,24,80,0,0,56,0,0,"Block Group 2, Census Tract 43, District of Columbia, District of Columbia",274,20,14,14,14,20,14,14,2,14,59,14,50,14,14,14,14,31,14,20,14,14,14,20,14,14,14,14,14,14,14,14,14,14,14,14,14,91,54,19,14,29,14,53,14,14,105,14,14,14,25,52,14,88,14,178,143,52,98,14,14,66,14,14
"G11000100043003","2019-2023","DC",,,"District of Columbia","11","District of Columbia","001",,,"004300","3",,,,,,,,,,,".",".",,,,,,,,,,,,"1500000US110010043003",,,"110010043003","Block Group 3, Census Tract 43, District of Columbia, District of Columbia",608,0,0,0,0,0,0,0,0,0,22,0,0,0,0,0,0,22,0,14,0,0,0,0,0,0,14,0,0,0,0,0,0,0,0,0,0,110,0,0,19,0,18,14,59,0,125,0,37,41,30,0,17,0,0,337,87,120,12,34,0,19,65,0,"Block Group 3, Census Tract 43, District of Columbia, District of Columbia",164,14,14,14,14,14,14,14,14,14,35,14,14,14,14,14,14,35,14,21,14,14,14,14,14,14,21,14,14,14,14,14,14,14,14,14,14,75,14,14,30,14,30,23,75,14,73,14,31,48,34,14,29,14,14,151,66,99,19,39,14,29,102,14
"G11000100043004","2019-2023","DC",,,"District of Columbia","11","District of Columbia","001",,,"004300","4",,,,,,,,,,,".",".",,,,,,,,,,,,"1500000US110010043004",,,"110010043004","Block Group 4, Census Tract 43, District of Columbia, District of Columbia",379,0,0,0,0,0,0,0,0,0,0,0,0,0,0,0,0,0,0,0,0,0,0,0,0,0,0,0,0,0,0,0,0,0,0,0,0,23,0,0,0,0,8,0,15,0,43,0,18,0,25,0,0,0,0,313,132,129,52,0,0,0,0,0,"Block Group 4, Census Tract 43, District of Columbia, District of Columbia",144,14,14,14,14,14,14,14,14,14,14,14,14,14,14,14,14,14,14,14,14,14,14,14,14,14,14,14,14,14,14,14,14,14,14,14,14,29,14,14,14,14,14,14,26,14,46,14,30,14,35,14,14,14,14,142,112,112,80,14,14,14,14,14
"G11000100044011","2019-2023","DC",,,"District of Columbia","11","District of Columbia","001",,,"004401","1",,,,,,,,,,,".",".",,,,,,,,,,,,"1500000US110010044011",,,"110010044011","Block Group 1, Census Tract 44.01, District of Columbia, District of Columbia",122,0,0,0,0,0,0,0,0,0,0,0,0,0,0,0,0,0,0,0,0,0,0,0,0,0,0,0,16,0,0,0,0,0,0,16,0,0,0,0,0,0,0,0,0,0,0,0,0,0,0,0,0,0,0,106,48,0,43,0,0,15,0,0,"Block Group 1, Census Tract 44.01, District of Columbia, District of Columbia",69,14,14,14,14,14,14,14,14,14,14,14,14,14,14,14,14,14,14,14,14,14,14,14,14,14,14,14,28,14,14,14,14,14,14,28,14,14,14,14,14,14,14,14,14,14,14,14,14,14,14,14,14,14,14,62,40,14,58,14,14,24,14,14
"G11000100044012","2019-2023","DC",,,"District of Columbia","11","District of Columbia","001",,,"004401","2",,,,,,,,,,,".",".",,,,,,,,,,,,"1500000US110010044012",,,"110010044012","Block Group 2, Census Tract 44.01, District of Columbia, District of Columbia",600,0,0,0,0,0,0,0,0,0,0,0,0,0,0,0,0,0,0,41,0,0,0,0,0,0,41,0,20,0,0,0,0,0,0,20,0,40,0,0,0,0,0,0,40,0,63,0,0,0,0,38,25,0,0,436,239,59,121,17,0,0,0,0,"Block Group 2, Census Tract 44.01, District of Columbia, District of Columbia",215,14,14,14,14,14,14,14,14,14,14,14,14,14,14,14,14,14,14,46,14,14,14,14,14,14,46,14,31,14,14,14,14,14,14,31,14,44,14,14,14,14,14,14,44,14,56,14,14,14,14,43,37,14,14,202,93,53,181,28,14,14,14,14
"G11000100044013","2019-2023","DC",,,"District of Columbia","11","District of Columbia","001",,,"004401","3",,,,,,,,,,,".",".",,,,,,,,,,,,"1500000US110010044013",,,"110010044013","Block Group 3, Census Tract 44.01, District of Columbia, District of Columbia",204,0,0,0,0,0,0,0,0,0,0,0,0,0,0,0,0,0,0,0,0,0,0,0,0,0,0,0,0,0,0,0,0,0,0,0,0,0,0,0,0,0,0,0,0,0,54,0,0,0,0,13,41,0,0,150,73,26,27,8,16,0,0,0,"Block Group 3, Census Tract 44.01, District of Columbia, District of Columbia",106,14,14,14,14,14,14,14,14,14,14,14,14,14,14,14,14,14,14,14,14,14,14,14,14,14,14,14,14,14,14,14,14,14,14,14,14,14,14,14,14,14,14,14,14,14,56,14,14,14,14,20,52,14,14,91,65,41,43,13,25,14,14,14
"G11000100044021","2019-2023","DC",,,"District of Columbia","11","District of Columbia","001",,,"004402","1",,,,,,,,,,,".",".",,,,,,,,,,,,"1500000US110010044021",,,"110010044021","Block Group 1, Census Tract 44.02, District of Columbia, District of Columbia",460,0,0,0,0,0,0,0,0,0,0,0,0,0,0,0,0,0,0,0,0,0,0,0,0,0,0,0,39,0,0,0,0,0,0,39,0,99,0,0,57,0,19,13,10,0,43,0,28,0,0,0,15,0,0,279,118,88,13,24,18,18,0,0,"Block Group 1, Census Tract 44.02, District of Columbia, District of Columbia",130,14,14,14,14,14,14,14,14,14,14,14,14,14,14,14,14,14,14,14,14,14,14,14,14,14,14,14,55,14,14,14,14,14,14,55,14,98,14,14,90,14,22,19,18,14,39,14,33,14,14,14,23,14,14,87,67,62,21,29,29,26,14,14
"G11000100044022","2019-2023","DC",,,"District of Columbia","11","District of Columbia","001",,,"004402","2",,,,,,,,,,,".",".",,,,,,,,,,,,"1500000US110010044022",,,"110010044022","Block Group 2, Census Tract 44.02, District of Columbia, District of Columbia",235,0,0,0,0,0,0,0,0,0,0,0,0,0,0,0,0,0,0,0,0,0,0,0,0,0,0,0,0,0,0,0,0,0,0,0,0,0,0,0,0,0,0,0,0,0,43,0,0,24,14,5,0,0,0,192,50,59,40,43,0,0,0,0,"Block Group 2, Census Tract 44.02, District of Columbia, District of Columbia",100,14,14,14,14,14,14,14,14,14,14,14,14,14,14,14,14,14,14,14,14,14,14,14,14,14,14,14,14,14,14,14,14,14,14,14,14,14,14,14,14,14,14,14,14,14,45,14,14,39,21,10,14,14,14,95,51,64,37,62,14,14,14,14
"G11000100046001","2019-2023","DC",,,"District of Columbia","11","District of Columbia","001",,,"004600","1",,,,,,,,,,,".",".",,,,,,,,,,,,"1500000US110010046001",,,"110010046001","Block Group 1, Census Tract 46, District of Columbia, District of Columbia",223,8,0,0,0,0,0,0,8,0,75,75,0,0,0,0,0,0,0,10,0,0,0,0,0,0,10,0,0,0,0,0,0,0,0,0,0,0,0,0,0,0,0,0,0,0,0,0,0,0,0,0,0,0,0,130,48,20,41,10,11,0,0,0,"Block Group 1, Census Tract 46, District of Columbia, District of Columbia",107,11,14,14,14,14,14,14,11,14,77,77,14,14,14,14,14,14,14,16,14,14,14,14,14,14,16,14,14,14,14,14,14,14,14,14,14,14,14,14,14,14,14,14,14,14,14,14,14,14,14,14,14,14,14,78,56,23,45,16,18,14,14,14
"G11000100046002","2019-2023","DC",,,"District of Columbia","11","District of Columbia","001",,,"004600","2",,,,,,,,,,,".",".",,,,,,,,,,,,"1500000US110010046002",,,"110010046002","Block Group 2, Census Tract 46, District of Columbia, District of Columbia",640,23,0,0,0,0,0,0,23,0,0,0,0,0,0,0,0,0,0,138,0,0,0,13,0,37,88,0,70,0,0,64,0,0,0,6,0,46,0,0,15,31,0,0,0,0,98,24,32,31,11,0,0,0,0,265,176,9,14,30,13,9,0,14,"Block Group 2, Census Tract 46, District of Columbia, District of Columbia",230,28,14,14,14,14,14,14,28,14,14,14,14,14,14,14,14,14,14,111,14,14,14,20,14,53,94,14,85,14,14,84,14,14,14,11,14,29,14,14,22,18,14,14,14,14,74,43,48,45,18,14,14,14,14,164,149,15,21,32,21,14,14,18
"G11000100047021","2019-2023","DC",,,"District of Columbia","11","District of Columbia","001",,,"004702","1",,,,,,,,,,,".",".",,,,,,,,,,,,"1500000US110010047021",,,"110010047021","Block Group 1, Census Tract 47.02, District of Columbia, District of Columbia",354,9,0,0,0,0,0,0,0,9,45,0,0,31,5,0,0,9,0,80,0,0,30,0,0,0,50,0,18,0,0,0,0,0,0,18,0,42,0,0,0,0,14,0,28,0,37,0,18,10,9,0,0,0,0,123,64,0,8,0,51,0,0,0,"Block Group 1, Census Tract 47.02, District of Columbia, District of Columbia",89,13,14,14,14,14,14,14,14,13,44,14,14,41,10,14,14,13,14,62,14,14,40,14,14,14,36,14,27,14,14,14,14,14,14,27,14,39,14,14,14,14,22,14,32,14,35,14,27,15,15,14,14,14,14,83,55,14,11,14,73,14,14,14
"G11000100047022","2019-2023","DC",,,"District of Columbia","11","District of Columbia","001",,,"004702","2",,,,,,,,,,,".",".",,,,,,,,,,,,"1500000US110010047022",,,"110010047022","Block Group 2, Census Tract 47.02, District of Columbia, District of Columbia",170,3,0,0,0,0,0,0,3,0,26,0,0,0,26,0,0,0,0,57,0,27,0,0,0,0,30,0,0,0,0,0,0,0,0,0,0,18,0,0,0,0,0,18,0,0,27,0,14,13,0,0,0,0,0,39,9,30,0,0,0,0,0,0,"Block Group 2, Census Tract 47.02, District of Columbia, District of Columbia",83,8,14,14,14,14,14,14,8,14,37,14,14,14,37,14,14,14,14,57,14,34,14,14,14,14,46,14,14,14,14,14,14,14,14,14,14,28,14,14,14,14,14,28,14,14,30,14,21,21,14,14,14,14,14,36,13,33,14,14,14,14,14,14
"G11000100047023","2019-2023","DC",,,"District of Columbia","11","District of Columbia","001",,,"004702","3",,,,,,,,,,,".",".",,,,,,,,,,,,"1500000US110010047023",,,"110010047023","Block Group 3, Census Tract 47.02, District of Columbia, District of Columbia",430,6,0,0,0,0,0,0,0,6,0,0,0,0,0,0,0,0,0,0,0,0,0,0,0,0,0,0,0,0,0,0,0,0,0,0,0,6,0,0,0,0,0,0,6,0,70,0,0,18,0,0,52,0,0,348,135,104,44,65,0,0,0,0,"Block Group 3, Census Tract 47.02, District of Columbia, District of Columbia",112,11,14,14,14,14,14,14,14,11,14,14,14,14,14,14,14,14,14,14,14,14,14,14,14,14,14,14,14,14,14,14,14,14,14,14,14,11,14,14,14,14,14,14,11,14,63,14,14,30,14,14,56,14,14,116,78,59,44,52,14,14,14,14
"G11000100047024","2019-2023","DC",,,"District of Columbia","11","District of Columbia","001",,,"004702","4",,,,,,,,,,,".",".",,,,,,,,,,,,"1500000US110010047024",,,"110010047024","Block Group 4, Census Tract 47.02, District of Columbia, District of Columbia",410,8,0,0,0,0,0,0,0,8,0,0,0,0,0,0,0,0,0,0,0,0,0,0,0,0,0,0,20,0,0,0,0,0,0,20,0,41,0,0,0,0,0,32,9,0,23,0,0,0,8,0,15,0,0,318,109,97,10,51,51,0,0,0,"Block Group 4, Census Tract 47.02, District of Columbia, District of Columbia",95,13,14,14,14,14,14,14,14,13,14,14,14,14,14,14,14,14,14,14,14,14,14,14,14,14,14,14,27,14,14,14,14,14,14,27,14,39,14,14,14,14,14,37,14,14,23,14,14,14,14,14,18,14,14,91,60,57,14,32,70,14,14,14
"G11000100047025","2019-2023","DC",,,"District of Columbia","11","District of Columbia","001",,,"004702","5",,,,,,,,,,,".",".",,,,,,,,,,,,"1500000US110010047025",,,"110010047025","Block Group 5, Census Tract 47.02, District of Columbia, District of Columbia",658,25,0,0,0,0,0,0,25,0,0,0,0,0,0,0,0,0,0,17,0,0,0,0,0,0,17,0,0,0,0,0,0,0,0,0,0,40,0,0,0,0,0,25,15,0,98,0,0,0,4,60,34,0,0,478,108,61,38,265,6,0,0,0,"Block Group 5, Census Tract 47.02, District of Columbia, District of Columbia",362,34,14,14,14,14,14,14,34,14,14,14,14,14,14,14,14,14,14,26,14,14,14,14,14,14,26,14,14,14,14,14,14,14,14,14,14,36,14,14,14,14,14,29,23,14,72,14,14,14,6,60,41,14,14,373,60,68,45,364,10,14,14,14
"G11000100047031","2019-2023","DC",,,"District of Columbia","11","District of Columbia","001",,,"004703","1",,,,,,,,,,,".",".",,,,,,,,,,,,"1500000US110010047031",,,"110010047031","Block Group 1, Census Tract 47.03, District of Columbia, District of Columbia",258,104,0,0,0,22,0,0,60,22,147,0,118,29,0,0,0,0,0,0,0,0,0,0,0,0,0,0,0,0,0,0,0,0,0,0,0,0,0,0,0,0,0,0,0,0,0,0,0,0,0,0,0,0,0,7,7,0,0,0,0,0,0,0,"Block Group 1, Census Tract 47.03, District of Columbia, District of Columbia",180,55,14,14,14,38,14,14,44,35,161,14,150,47,14,14,14,14,14,14,14,14,14,14,14,14,14,14,14,14,14,14,14,14,14,14,14,14,14,14,14,14,14,14,14,14,14,14,14,14,14,14,14,14,14,11,11,14,14,14,14,14,14,14
"G11000100047032","2019-2023","DC",,,"District of Columbia","11","District of Columbia","001",,,"004703","2",,,,,,,,,,,".",".",,,,,,,,,,,,"1500000US110010047032",,,"110010047032","Block Group 2, Census Tract 47.03, District of Columbia, District of Columbia",285,88,0,0,0,0,0,0,88,0,0,0,0,0,0,0,0,0,0,0,0,0,0,0,0,0,0,0,15,0,0,0,0,0,15,0,0,29,0,0,0,0,0,8,21,0,0,0,0,0,0,0,0,0,0,153,64,55,12,22,0,0,0,0,"Block Group 2, Census Tract 47.03, District of Columbia, District of Columbia",154,140,14,14,14,14,14,14,140,14,14,14,14,14,14,14,14,14,14,14,14,14,14,14,14,14,14,14,26,14,14,14,14,14,26,14,14,35,14,14,14,14,14,13,33,14,14,14,14,14,14,14,14,14,14,89,57,76,18,34,14,14,14,14
"G11000100047033","2019-2023","DC",,,"District of Columbia","11","District of Columbia","001",,,"004703","3",,,,,,,,,,,".",".",,,,,,,,,,,,"1500000US110010047033",,,"110010047033","Block Group 3, Census Tract 47.03, District of Columbia, District of Columbia",462,26,0,0,0,0,0,0,0,26,0,0,0,0,0,0,0,0,0,0,0,0,0,0,0,0,0,0,0,0,0,0,0,0,0,0,0,54,0,0,0,0,0,14,40,0,62,0,0,0,50,0,0,12,0,320,139,102,24,55,0,0,0,0,"Block Group 3, Census Tract 47.03, District of Columbia, District of Columbia",115,38,14,14,14,14,14,14,14,38,14,14,14,14,14,14,14,14,14,14,14,14,14,14,14,14,14,14,14,14,14,14,14,14,14,14,14,64,14,14,14,14,14,24,57,14,54,14,14,14,52,14,14,17,14,92,78,54,30,48,14,14,14,14
"G11000100047034","2019-2023","DC",,,"District of Columbia","11","District of Columbia","001",,,"004703","4",,,,,,,,,,,".",".",,,,,,,,,,,,"1500000US110010047034",,,"110010047034","Block Group 4, Census Tract 47.03, District of Columbia, District of Columbia",527,166,0,0,0,0,0,0,0,166,54,3,0,0,0,0,0,51,0,125,0,0,0,0,0,103,22,0,15,0,0,0,0,0,0,15,0,73,0,0,53,0,0,20,0,0,26,0,0,26,0,0,0,0,0,68,59,9,0,0,0,0,0,0,"Block Group 4, Census Tract 47.03, District of Columbia, District of Columbia",262,231,14,14,14,14,14,14,14,231,65,5,14,14,14,14,14,65,14,36,14,14,14,14,14,7,34,14,25,14,14,14,14,14,14,25,14,57,14,14,48,14,14,31,14,14,40,14,14,40,14,14,14,14,14,71,68,24,14,14,14,14,14,14
"G11000100047041","2019-2023","DC",,,"District of Columbia","11","District of Columbia","001",,,"004704","1",,,,,,,,,,,".",".",,,,,,,,,,,,"1500000US110010047041",,,"110010047041","Block Group 1, Census Tract 47.04, District of Columbia, District of Columbia",420,158,0,0,0,21,0,0,58,79,161,10,0,0,0,0,0,151,0,51,18,0,0,0,0,0,33,0,50,0,28,22,0,0,0,0,0,0,0,0,0,0,0,0,0,0,0,0,0,0,0,0,0,0,0,0,0,0,0,0,0,0,0,0,"Block Group 1, Census Tract 47.04, District of Columbia, District of Columbia",130,65,14,14,14,31,14,14,25,62,125,22,14,14,14,14,14,127,14,48,29,14,14,14,14,14,42,14,61,14,50,37,14,14,14,14,14,14,14,14,14,14,14,14,14,14,14,14,14,14,14,14,14,14,14,14,14,14,14,14,14,14,14,14
"G11000100047042","2019-2023","DC",,,"District of Columbia","11","District of Columbia","001",,,"004704","2",,,,,,,,,,,".",".",,,,,,,,,,,,"1500000US110010047042",,,"110010047042","Block Group 2, Census Tract 47.04, District of Columbia, District of Columbia",256,150,0,0,0,0,0,0,9,141,16,0,16,0,0,0,0,0,0,72,72,0,0,0,0,0,0,0,0,0,0,0,0,0,0,0,0,10,10,0,0,0,0,0,0,0,0,0,0,0,0,0,0,0,0,8,4,0,0,0,4,0,0,0,"Block Group 2, Census Tract 47.04, District of Columbia, District of Columbia",133,69,14,14,14,14,14,14,19,63,27,14,27,14,14,14,14,14,14,112,112,14,14,14,14,14,14,14,14,14,14,14,14,14,14,14,14,17,17,14,14,14,14,14,14,14,14,14,14,14,14,14,14,14,14,11,6,14,14,14,8,14,14,14
"G11000100048011","2019-2023","DC",,,"District of Columbia","11","District of Columbia","001",,,"004801","1",,,,,,,,,,,".",".",,,,,,,,,,,,"1500000US110010048011",,,"110010048011","Block Group 1, Census Tract 48.01, District of Columbia, District of Columbia",210,0,0,0,0,0,0,0,0,0,80,0,0,15,42,0,0,23,0,35,17,0,0,0,0,0,18,0,0,0,0,0,0,0,0,0,0,9,9,0,0,0,0,0,0,0,0,0,0,0,0,0,0,0,0,86,32,18,36,0,0,0,0,0,"Block Group 1, Census Tract 48.01, District of Columbia, District of Columbia",81,14,14,14,14,14,14,14,14,14,58,14,14,24,59,14,14,29,14,37,28,14,14,14,14,14,27,14,14,14,14,14,14,14,14,14,14,14,14,14,14,14,14,14,14,14,14,14,14,14,14,14,14,14,14,62,25,20,57,14,14,14,14,14
"G11000100048012","2019-2023","DC",,,"District of Columbia","11","District of Columbia","001",,,"004801","2",,,,,,,,,,,".",".",,,,,,,,,,,,"1500000US110010048012",,,"110010048012","Block Group 2, Census Tract 48.01, District of Columbia, District of Columbia",367,52,0,0,0,0,0,0,0,52,8,0,0,0,0,0,0,8,0,0,0,0,0,0,0,0,0,0,0,0,0,0,0,0,0,0,0,62,0,39,0,15,0,8,0,0,87,56,10,9,0,12,0,0,0,158,114,19,17,1,0,7,0,0,"Block Group 2, Census Tract 48.01, District of Columbia, District of Columbia",149,68,14,14,14,14,14,14,14,68,13,14,14,14,14,14,14,13,14,14,14,14,14,14,14,14,14,14,14,14,14,14,14,14,14,14,14,63,14,59,14,24,14,12,14,14,96,92,16,13,14,18,14,14,14,70,65,23,21,2,14,12,14,14
"G11000100048013","2019-2023","DC",,,"District of Columbia","11","District of Columbia","001",,,"004801","3",,,,,,,,,,,".",".",,,,,,,,,,,,"1500000US110010048013",,,"110010048013","Block Group 3, Census Tract 48.01, District of Columbia, District of Columbia",361,12,0,0,0,0,0,0,0,12,0,0,0,0,0,0,0,0,0,46,0,0,0,0,0,0,46,0,0,0,0,0,0,0,0,0,0,0,0,0,0,0,0,0,0,0,36,0,3,0,11,0,22,0,0,267,218,39,10,0,0,0,0,0,"Block Group 3, Census Tract 48.01, District of Columbia, District of Columbia",277,18,14,14,14,14,14,14,14,18,14,14,14,14,14,14,14,14,14,58,14,14,14,14,14,14,58,14,14,14,14,14,14,14,14,14,14,14,14,14,14,14,14,14,14,14,42,14,7,14,19,14,37,14,14,243,244,30,16,14,14,14,14,14
"G11000100048021","2019-2023","DC",,,"District of Columbia","11","District of Columbia","001",,,"004802","1",,,,,,,,,,,".",".",,,,,,,,,,,,"1500000US110010048021",,,"110010048021","Block Group 1, Census Tract 48.02, District of Columbia, District of Columbia",628,7,0,0,0,0,0,0,7,0,0,0,0,0,0,0,0,0,0,27,0,0,0,0,27,0,0,0,48,0,0,0,0,45,0,3,0,83,0,0,0,37,22,24,0,0,53,0,0,37,0,16,0,0,0,410,204,89,58,30,29,0,0,0,"Block Group 1, Census Tract 48.02, District of Columbia, District of Columbia",152,14,14,14,14,14,14,14,14,14,14,14,14,14,14,14,14,14,14,32,14,14,14,14,32,14,14,14,66,14,14,14,14,66,14,6,14,75,14,14,14,61,35,29,14,14,52,14,14,48,14,24,14,14,14,128,88,51,55,34,48,14,14,14
"G11000100048022","2019-2023","DC",,,"District of Columbia","11","District of Columbia","001",,,"004802","2",,,,,,,,,,,".",".",,,,,,,,,,,,"1500000US110010048022",,,"110010048022","Block Group 2, Census Tract 48.02, District of Columbia, District of Columbia",598,82,0,0,0,0,0,0,16,66,35,0,0,8,0,10,0,17,0,16,0,7,0,0,9,0,0,0,89,0,0,34,0,0,10,45,0,144,108,0,13,8,0,0,15,0,68,36,4,12,16,0,0,0,0,164,89,50,25,0,0,0,0,0,"Block Group 2, Census Tract 48.02, District of Columbia, District of Columbia",157,83,14,14,14,14,14,14,20,80,26,14,14,14,14,14,14,21,14,18,14,13,14,14,14,14,14,14,64,14,14,57,14,14,24,44,14,108,106,14,20,14,14,14,26,14,53,39,8,19,28,14,14,14,14,83,62,68,30,14,14,14,14,14
"G11000100049011","2019-2023","DC",,,"District of Columbia","11","District of Columbia","001",,,"004901","1",,,,,,,,,,,".",".",,,,,,,,,,,,"1500000US110010049011",,,"110010049011","Block Group 1, Census Tract 49.01, District of Columbia, District of Columbia",250,0,0,0,0,0,0,0,0,0,63,0,0,15,0,0,15,0,33,42,0,13,0,0,18,0,11,0,0,0,0,0,0,0,0,0,0,62,0,0,19,0,43,0,0,0,6,0,6,0,0,0,0,0,0,77,49,11,9,0,8,0,0,0,"Block Group 1, Census Tract 49.01, District of Columbia, District of Columbia",89,14,14,14,14,14,14,14,14,14,50,14,14,26,14,14,22,14,50,32,14,21,14,14,28,14,17,14,14,14,14,14,14,14,14,14,14,68,14,14,28,14,62,14,14,14,22,14,22,14,14,14,14,14,14,59,54,14,16,14,13,14,14,14
"G11000100049012","2019-2023","DC",,,"District of Columbia","11","District of Columbia","001",,,"004901","2",,,,,,,,,,,".",".",,,,,,,,,,,,"1500000US110010049012",,,"110010049012","Block Group 2, Census Tract 49.01, District of Columbia, District of Columbia",1084,156,0,0,0,0,0,0,149,7,33,0,0,27,0,0,0,6,0,102,0,11,0,0,0,0,91,0,42,0,0,0,8,0,13,21,0,81,13,0,0,12,0,32,24,0,87,0,10,0,53,10,0,14,0,583,226,157,111,24,16,37,12,0,"Block Group 2, Census Tract 49.01, District of Columbia, District of Columbia",252,210,14,14,14,14,14,14,210,11,45,14,14,43,14,14,14,10,14,91,14,17,14,14,14,14,88,14,34,14,14,14,14,14,23,24,14,66,21,14,14,18,14,56,28,14,70,14,15,14,63,17,14,22,14,131,98,90,56,21,25,41,20,14
"G11000100049013","2019-2023","DC",,,"District of Columbia","11","District of Columbia","001",,,"004901","3",,,,,,,,,,,".",".",,,,,,,,,,,,"1500000US110010049013",,,"110010049013","Block Group 3, Census Tract 49.01, District of Columbia, District of Columbia",141,0,0,0,0,0,0,0,0,0,13,0,0,0,0,13,0,0,0,15,0,0,0,0,0,0,15,0,0,0,0,0,0,0,0,0,0,31,0,0,0,0,0,0,31,0,0,0,0,0,0,0,0,0,0,82,44,0,0,38,0,0,0,0,"Block Group 3, Census Tract 49.01, District of Columbia, District of Columbia",102,14,14,14,14,14,14,14,14,14,20,14,14,14,14,20,14,14,14,24,14,14,14,14,14,14,24,14,14,14,14,14,14,14,14,14,14,49,14,14,14,14,14,14,49,14,14,14,14,14,14,14,14,14,14,67,42,14,14,54,14,14,14,14
"G11000100049021","2019-2023","DC",,,"District of Columbia","11","District of Columbia","001",,,"004902","1",,,,,,,,,,,".",".",,,,,,,,,,,,"1500000US110010049021",,,"110010049021","Block Group 1, Census Tract 49.02, District of Columbia, District of Columbia",252,29,0,0,0,0,0,0,29,0,25,0,0,0,11,0,0,14,0,64,0,0,0,64,0,0,0,0,0,0,0,0,0,0,0,0,0,0,0,0,0,0,0,0,0,0,0,0,0,0,0,0,0,0,0,134,106,20,0,8,0,0,0,0,"Block Group 1, Census Tract 49.02, District of Columbia, District of Columbia",104,43,14,14,14,14,14,14,43,14,32,14,14,14,18,14,14,23,14,37,14,14,14,37,14,14,14,14,14,14,14,14,14,14,14,14,14,14,14,14,14,14,14,14,14,14,14,14,14,14,14,14,14,14,14,97,83,23,14,11,14,14,14,14
"G11000100049022","2019-2023","DC",,,"District of Columbia","11","District of Columbia","001",,,"004902","2",,,,,,,,,,,".",".",,,,,,,,,,,,"1500000US110010049022",,,"110010049022","Block Group 2, Census Tract 49.02, District of Columbia, District of Columbia",345,0,0,0,0,0,0,0,0,0,16,0,0,0,0,0,0,16,0,0,0,0,0,0,0,0,0,0,53,0,0,14,0,0,0,39,0,11,11,0,0,0,0,0,0,0,29,11,18,0,0,0,0,0,0,236,164,20,19,10,0,23,0,0,"Block Group 2, Census Tract 49.02, District of Columbia, District of Columbia",139,14,14,14,14,14,14,14,14,14,26,14,14,14,14,14,14,26,14,14,14,14,14,14,14,14,14,14,65,14,14,22,14,14,14,62,14,20,20,14,14,14,14,14,14,14,36,16,32,14,14,14,14,14,14,111,116,22,24,17,14,36,14,14
"G11000100049023","2019-2023","DC",,,"District of Columbia","11","District of Columbia","001",,,"004902","3",,,,,,,,,,,".",".",,,,,,,,,,,,"1500000US110010049023",,,"110010049023","Block Group 3, Census Tract 49.02, District of Columbia, District of Columbia",853,19,0,0,0,0,0,0,19,0,24,0,0,0,0,0,0,14,10,0,0,0,0,0,0,0,0,0,160,0,0,0,0,0,0,160,0,30,0,0,0,0,20,0,10,0,21,0,0,6,0,0,15,0,0,599,367,43,100,77,0,12,0,0,"Block Group 3, Census Tract 49.02, District of Columbia, District of Columbia",210,30,14,14,14,14,14,14,30,14,27,14,14,14,14,14,14,21,17,14,14,14,14,14,14,14,14,14,182,14,14,14,14,14,14,182,14,28,14,14,14,14,23,14,15,14,22,14,14,9,14,14,19,14,14,151,125,33,76,77,14,17,14,14
"G11000100050011","2019-2023","DC",,,"District of Columbia","11","District of Columbia","001",,,"005001","1",,,,,,,,,,,".",".",,,,,,,,,,,,"1500000US110010050011",,,"110010050011","Block Group 1, Census Tract 50.01, District of Columbia, District of Columbia",169,0,0,0,0,0,0,0,0,0,0,0,0,0,0,0,0,0,0,0,0,0,0,0,0,0,0,0,0,0,0,0,0,0,0,0,0,8,0,0,0,0,0,8,0,0,0,0,0,0,0,0,0,0,0,161,85,35,15,9,9,8,0,0,"Block Group 1, Census Tract 50.01, District of Columbia, District of Columbia",55,14,14,14,14,14,14,14,14,14,14,14,14,14,14,14,14,14,14,14,14,14,14,14,14,14,14,14,14,14,14,14,14,14,14,14,14,13,14,14,14,14,14,13,14,14,14,14,14,14,14,14,14,14,14,56,44,32,18,14,14,13,14,14
"G11000100050012","2019-2023","DC",,,"District of Columbia","11","District of Columbia","001",,,"005001","2",,,,,,,,,,,".",".",,,,,,,,,,,,"1500000US110010050012",,,"110010050012","Block Group 2, Census Tract 50.01, District of Columbia, District of Columbia",245,0,0,0,0,0,0,0,0,0,5,0,0,0,0,0,0,5,0,0,0,0,0,0,0,0,0,0,15,0,0,0,15,0,0,0,0,24,0,0,0,0,16,0,8,0,2,0,0,0,2,0,0,0,0,199,66,77,22,18,0,6,0,10,"Block Group 2, Census Tract 50.01, District of Columbia, District of Columbia",77,14,14,14,14,14,14,14,14,14,9,14,14,14,14,14,14,9,14,14,14,14,14,14,14,14,14,14,22,14,14,14,22,14,14,14,14,22,14,14,14,14,17,14,12,14,3,14,14,14,3,14,14,14,14,73,42,50,27,20,14,11,14,15
"G11000100050031","2019-2023","DC",,,"District of Columbia","11","District of Columbia","001",,,"005003","1",,,,,,,,,,,".",".",,,,,,,,,,,,"1500000US110010050031",,,"110010050031","Block Group 1, Census Tract 50.03, District of Columbia, District of Columbia",325,0,0,0,0,0,0,0,0,0,62,0,0,0,0,0,0,62,0,40,0,0,0,0,0,0,18,22,0,0,0,0,0,0,0,0,0,14,0,0,0,0,14,0,0,0,22,0,0,12,0,0,0,0,10,187,54,56,43,0,0,0,0,34,"Block Group 1, Census Tract 50.03, District of Columbia, District of Columbia",105,14,14,14,14,14,14,14,14,14,11,14,14,14,14,14,14,11,14,45,14,14,14,14,14,14,27,37,14,14,14,14,14,14,14,14,14,18,14,14,14,14,18,14,14,14,26,14,14,20,14,14,14,14,16,96,43,61,33,14,14,14,14,52
"G11000100050032","2019-2023","DC",,,"District of Columbia","11","District of Columbia","001",,,"005003","2",,,,,,,,,,,".",".",,,,,,,,,,,,"1500000US110010050032",,,"110010050032","Block Group 2, Census Tract 50.03, District of Columbia, District of Columbia",482,18,0,0,0,0,0,0,13,5,5,0,0,0,0,0,0,5,0,9,0,0,0,0,0,0,9,0,0,0,0,0,0,0,0,0,0,41,0,0,0,15,0,12,14,0,17,0,0,0,17,0,0,0,0,392,209,42,101,40,0,0,0,0,"Block Group 2, Census Tract 50.03, District of Columbia, District of Columbia",93,23,14,14,14,14,14,14,22,8,9,14,14,14,14,14,14,9,14,15,14,14,14,14,14,14,15,14,14,14,14,14,14,14,14,14,14,37,14,14,14,24,14,21,17,14,27,14,14,14,27,14,14,14,14,97,90,40,68,38,14,14,14,14
"G11000100050041","2019-2023","DC",,,"District of Columbia","11","District of Columbia","001",,,"005004","1",,,,,,,,,,,".",".",,,,,,,,,,,,"1500000US110010050041",,,"110010050041","Block Group 1, Census Tract 50.04, District of Columbia, District of Columbia",656,18,0,0,0,0,0,0,0,18,139,15,17,52,0,0,0,55,0,35,0,0,0,0,0,35,0,0,165,44,0,0,58,0,0,63,0,15,0,0,0,0,0,0,15,0,35,0,0,21,0,0,0,14,0,249,131,20,49,49,0,0,0,0,"Block Group 1, Census Tract 50.04, District of Columbia, District of Columbia",205,32,14,14,14,14,14,14,14,32,117,23,31,84,14,14,14,70,14,38,14,14,14,14,14,38,14,14,145,74,14,14,94,14,14,98,14,26,14,14,14,14,14,14,26,14,40,14,14,33,14,14,14,24,14,121,101,33,42,57,14,14,14,14
"G11000100050042","2019-2023","DC",,,"District of Columbia","11","District of Columbia","001",,,"005004","2",,,,,,,,,,,".",".",,,,,,,,,,,,"1500000US110010050042",,,"110010050042","Block Group 2, Census Tract 50.04, District of Columbia, District of Columbia",261,0,0,0,0,0,0,0,0,0,66,0,0,0,0,0,0,66,0,15,0,0,0,0,0,0,15,0,12,0,0,0,0,0,0,12,0,0,0,0,0,0,0,0,0,0,42,0,0,0,0,42,0,0,0,126,71,44,0,0,11,0,0,0,"Block Group 2, Census Tract 50.04, District of Columbia, District of Columbia",136,14,14,14,14,14,14,14,14,14,94,14,14,14,14,14,14,94,14,24,14,14,14,14,14,14,24,14,19,14,14,14,14,14,14,19,14,14,14,14,14,14,14,14,14,14,68,14,14,14,14,68,14,14,14,93,76,46,14,14,18,14,14,14
"G11000100050043","2019-2023","DC",,,"District of Columbia","11","District of Columbia","001",,,"005004","3",,,,,,,,,,,".",".",,,,,,,,,,,,"1500000US110010050043",,,"110010050043","Block Group 3, Census Tract 50.04, District of Columbia, District of Columbia",657,105,0,0,0,0,0,0,105,0,52,0,0,0,0,0,0,52,0,66,0,0,0,0,0,0,66,0,66,0,0,0,0,66,0,0,0,115,0,0,63,24,28,0,0,0,188,0,0,87,101,0,0,0,0,65,65,0,0,0,0,0,0,0,"Block Group 3, Census Tract 50.04, District of Columbia, District of Columbia",200,118,14,14,14,14,14,14,118,14,66,14,14,14,14,14,14,66,14,63,14,14,14,14,14,14,63,14,89,14,14,14,14,89,14,14,14,113,14,14,95,39,33,14,14,14,168,14,14,110,120,14,14,14,14,52,52,14,14,14,14,14,14,14
"G11000100052021","2019-2023","DC",,,"District of Columbia","11","District of Columbia","001",,,"005202","1",,,,,,,,,,,".",".",,,,,,,,,,,,"1500000US110010052021",,,"110010052021","Block Group 1, Census Tract 52.02, District of Columbia, District of Columbia",132,0,0,0,0,0,0,0,0,0,15,0,0,0,0,0,0,15,0,25,0,0,0,0,0,0,25,0,0,0,0,0,0,0,0,0,0,0,0,0,0,0,0,0,0,0,0,0,0,0,0,0,0,0,0,92,42,50,0,0,0,0,0,0,"Block Group 1, Census Tract 52.02, District of Columbia, District of Columbia",84,14,14,14,14,14,14,14,14,14,26,14,14,14,14,14,14,26,14,41,14,14,14,14,14,14,41,14,14,14,14,14,14,14,14,14,14,14,14,14,14,14,14,14,14,14,14,14,14,14,14,14,14,14,14,75,47,54,14,14,14,14,14,14
"G11000100052022","2019-2023","DC",,,"District of Columbia","11","District of Columbia","001",,,"005202","2",,,,,,,,,,,".",".",,,,,,,,,,,,"1500000US110010052022",,,"110010052022","Block Group 2, Census Tract 52.02, District of Columbia, District of Columbia",484,0,0,0,0,0,0,0,0,0,48,0,0,0,0,0,0,48,0,0,0,0,0,0,0,0,0,0,34,0,0,0,0,0,0,34,0,19,0,0,0,0,0,19,0,0,63,12,24,27,0,0,0,0,0,320,165,21,0,134,0,0,0,0,"Block Group 2, Census Tract 52.02, District of Columbia, District of Columbia",250,14,14,14,14,14,14,14,14,14,70,14,14,14,14,14,14,70,14,14,14,14,14,14,14,14,14,14,52,14,14,14,14,14,14,52,14,34,14,14,14,14,14,34,14,14,45,20,38,38,14,14,14,14,14,235,102,36,14,193,14,14,14,14
"G11000100052023","2019-2023","DC",,,"District of Columbia","11","District of Columbia","001",,,"005202","3",,,,,,,,,,,".",".",,,,,,,,,,,,"1500000US110010052023",,,"110010052023","Block Group 3, Census Tract 52.02, District of Columbia, District of Columbia",277,0,0,0,0,0,0,0,0,0,67,0,0,52,0,0,0,15,0,0,0,0,0,0,0,0,0,0,23,0,0,0,0,0,23,0,0,0,0,0,0,0,0,0,0,0,0,0,0,0,0,0,0,0,0,187,47,68,72,0,0,0,0,0,"Block Group 3, Census Tract 52.02, District of Columbia, District of Columbia",167,14,14,14,14,14,14,14,14,14,84,14,14,80,14,14,14,24,14,14,14,14,14,14,14,14,14,14,37,14,14,14,14,14,37,14,14,14,14,14,14,14,14,14,14,14,14,14,14,14,14,14,14,14,14,153,45,108,109,14,14,14,14,14
"G11000100052031","2019-2023","DC",,,"District of Columbia","11","District of Columbia","001",,,"005203","1",,,,,,,,,,,".",".",,,,,,,,,,,,"1500000US110010052031",,,"110010052031","Block Group 1, Census Tract 52.03, District of Columbia, District of Columbia",955,0,0,0,0,0,0,0,0,0,131,0,131,0,0,0,0,0,0,7,0,0,0,0,0,0,7,0,45,0,0,0,0,0,30,15,0,376,281,0,0,16,22,34,0,23,28,0,0,0,28,0,0,0,0,368,198,127,17,26,0,0,0,0,"Block Group 1, Census Tract 52.03, District of Columbia, District of Columbia",332,14,14,14,14,14,14,14,14,14,198,14,198,14,14,14,14,14,14,12,14,14,14,14,14,14,12,14,53,14,14,14,14,14,47,25,14,256,258,14,14,26,36,53,14,36,46,14,14,14,46,14,14,14,14,171,103,150,29,42,14,14,14,14
"G11000100052032","2019-2023","DC",,,"District of Columbia","11","District of Columbia","001",,,"005203","2",,,,,,,,,,,".",".",,,,,,,,,,,,"1500000US110010052032",,,"110010052032","Block Group 2, Census Tract 52.03, District of Columbia, District of Columbia",347,79,0,0,0,0,0,0,79,0,0,0,0,0,0,0,0,0,0,0,0,0,0,0,0,0,0,0,0,0,0,0,0,0,0,0,0,0,0,0,0,0,0,0,0,0,86,0,0,0,86,0,0,0,0,182,112,29,17,0,24,0,0,0,"Block Group 2, Census Tract 52.03, District of Columbia, District of Columbia",203,127,14,14,14,14,14,14,127,14,14,14,14,14,14,14,14,14,14,14,14,14,14,14,14,14,14,14,14,14,14,14,14,14,14,14,14,14,14,14,14,14,14,14,14,14,138,14,14,14,138,14,14,14,14,94,84,35,27,14,39,14,14,14
"G11000100052033","2019-2023","DC",,,"District of Columbia","11","District of Columbia","001",,,"005203","3",,,,,,,,,,,".",".",,,,,,,,,,,,"1500000US110010052033",,,"110010052033","Block Group 3, Census Tract 52.03, District of Columbia, District of Columbia",625,13,0,0,0,0,0,0,0,13,0,0,0,0,0,0,0,0,0,22,0,0,0,0,0,0,22,0,0,0,0,0,0,0,0,0,0,92,0,0,0,68,24,0,0,0,38,0,18,20,0,0,0,0,0,460,159,160,0,0,81,13,0,47,"Block Group 3, Census Tract 52.03, District of Columbia, District of Columbia",205,21,14,14,14,14,14,14,14,21,14,14,14,14,14,14,14,14,14,37,14,14,14,14,14,14,37,14,14,14,14,14,14,14,14,14,14,121,14,14,14,115,38,14,14,14,33,14,30,32,14,14,14,14,14,161,140,108,14,14,94,20,14,71
"G11000100053021","2019-2023","DC",,,"District of Columbia","11","District of Columbia","001",,,"005302","1",,,,,,,,,,,".",".",,,,,,,,,,,,"1500000US110010053021",,,"110010053021","Block Group 1, Census Tract 53.02, District of Columbia, District of Columbia",417,10,0,0,0,0,0,0,0,10,0,0,0,0,0,0,0,0,0,0,0,0,0,0,0,0,0,0,0,0,0,0,0,0,0,0,0,19,0,0,11,0,8,0,0,0,25,0,9,16,0,0,0,0,0,363,189,76,87,11,0,0,0,0,"Block Group 1, Census Tract 53.02, District of Columbia, District of Columbia",153,17,14,14,14,14,14,14,14,17,14,14,14,14,14,14,14,14,14,14,14,14,14,14,14,14,14,14,14,14,14,14,14,14,14,14,14,22,14,14,18,14,14,14,14,14,31,14,14,27,14,14,14,14,14,163,144,65,81,16,14,14,14,14
"G11000100053022","2019-2023","DC",,,"District of Columbia","11","District of Columbia","001",,,"005302","2",,,,,,,,,,,".",".",,,,,,,,,,,,"1500000US110010053022",,,"110010053022","Block Group 2, Census Tract 53.02, District of Columbia, District of Columbia",388,0,0,0,0,0,0,0,0,0,0,0,0,0,0,0,0,0,0,19,0,0,0,0,0,0,19,0,44,0,0,0,0,0,0,44,0,48,0,0,0,26,11,0,11,0,34,0,0,0,34,0,0,0,0,243,121,116,0,0,0,6,0,0,"Block Group 2, Census Tract 53.02, District of Columbia, District of Columbia",149,14,14,14,14,14,14,14,14,14,14,14,14,14,14,14,14,14,14,30,14,14,14,14,14,14,30,14,60,14,14,14,14,14,14,60,14,39,14,14,14,30,17,14,21,14,61,14,14,14,61,14,14,14,14,116,52,105,14,14,14,10,14,14
"G11000100053023","2019-2023","DC",,,"District of Columbia","11","District of Columbia","001",,,"005302","3",,,,,,,,,,,".",".",,,,,,,,,,,,"1500000US110010053023",,,"110010053023","Block Group 3, Census Tract 53.02, District of Columbia, District of Columbia",270,0,0,0,0,0,0,0,0,0,65,0,0,0,0,0,0,65,0,0,0,0,0,0,0,0,0,0,39,0,0,0,0,0,17,22,0,35,0,0,0,0,9,18,8,0,92,47,0,29,0,0,0,0,16,39,24,0,0,0,15,0,0,0,"Block Group 3, Census Tract 53.02, District of Columbia, District of Columbia",143,14,14,14,14,14,14,14,14,14,103,14,14,14,14,14,14,103,14,14,14,14,14,14,14,14,14,14,36,14,14,14,14,14,26,24,14,34,14,14,14,14,14,28,14,14,96,76,14,46,14,14,14,14,26,43,34,14,14,14,24,14,14,14
"G11000100053031","2019-2023","DC",,,"District of Columbia","11","District of Columbia","001",,,"005303","1",,,,,,,,,,,".",".",,,,,,,,,,,,"1500000US110010053031",,,"110010053031","Block Group 1, Census Tract 53.03, District of Columbia, District of Columbia",134,0,0,0,0,0,0,0,0,0,0,0,0,0,0,0,0,0,0,0,0,0,0,0,0,0,0,0,0,0,0,0,0,0,0,0,0,39,0,0,0,0,6,21,12,0,0,0,0,0,0,0,0,0,0,95,52,14,13,16,0,0,0,0,"Block Group 1, Census Tract 53.03, District of Columbia, District of Columbia",54,14,14,14,14,14,14,14,14,14,14,14,14,14,14,14,14,14,14,14,14,14,14,14,14,14,14,14,14,14,14,14,14,14,14,14,14,39,14,14,14,14,9,34,19,14,14,14,14,14,14,14,14,14,14,63,48,22,20,26,14,14,14,14
"G11000100053032","2019-2023","DC",,,"District of Columbia","11","District of Columbia","001",,,"005303","2",,,,,,,,,,,".",".",,,,,,,,,,,,"1500000US110010053032",,,"110010053032","Block Group 2, Census Tract 53.03, District of Columbia, District of Columbia",208,25,0,0,0,0,0,0,16,9,12,0,0,0,0,0,0,12,0,17,0,0,0,0,0,0,17,0,14,0,0,0,0,0,0,14,0,29,4,0,25,0,0,0,0,0,38,13,12,13,0,0,0,0,0,73,43,0,30,0,0,0,0,0,"Block Group 2, Census Tract 53.03, District of Columbia, District of Columbia",84,32,14,14,14,14,14,14,27,15,20,14,14,14,14,14,14,20,14,29,14,14,14,14,14,14,29,14,24,14,14,14,14,14,14,24,14,31,7,14,28,14,14,14,14,14,36,22,19,20,14,14,14,14,14,51,39,14,34,14,14,14,14,14
"G11000100053033","2019-2023","DC",,,"District of Columbia","11","District of Columbia","001",,,"005303","3",,,,,,,,,,,".",".",,,,,,,,,,,,"1500000US110010053033",,,"110010053033","Block Group 3, Census Tract 53.03, District of Columbia, District of Columbia",549,73,0,0,0,0,0,0,0,73,0,0,0,0,0,0,0,0,0,0,0,0,0,0,0,0,0,0,32,0,0,0,0,14,0,18,0,211,0,0,0,15,168,28,0,0,85,0,0,63,13,9,0,0,0,148,90,32,0,0,0,26,0,0,"Block Group 3, Census Tract 53.03, District of Columbia, District of Columbia",140,86,14,14,14,14,14,14,14,86,14,14,14,14,14,14,14,14,14,14,14,14,14,14,14,14,14,14,36,14,14,14,14,22,14,28,14,138,14,14,14,21,134,33,14,14,72,14,14,71,21,16,14,14,14,96,82,35,14,14,14,38,14,14
"G11000100055011","2019-2023","DC",,,"District of Columbia","11","District of Columbia","001",,,"005501","1",,,,,,,,,,,".",".",,,,,,,,,,,,"1500000US110010055011",,,"110010055011","Block Group 1, Census Tract 55.01, District of Columbia, District of Columbia",513,23,0,0,0,0,0,0,16,7,0,0,0,0,0,0,0,0,0,18,0,0,0,0,0,0,18,0,0,0,0,0,0,0,0,0,0,21,0,0,0,0,9,0,12,0,77,0,0,11,59,0,7,0,0,374,109,174,27,9,55,0,0,0,"Block Group 1, Census Tract 55.01, District of Columbia, District of Columbia",160,28,14,14,14,14,14,14,25,11,14,14,14,14,14,14,14,14,14,20,14,14,14,14,14,14,20,14,14,14,14,14,14,14,14,14,14,24,14,14,14,14,15,14,18,14,67,14,14,19,63,14,11,14,14,156,89,122,30,15,82,14,14,14
"G11000100055012","2019-2023","DC",,,"District of Columbia","11","District of Columbia","001",,,"005501","2",,,,,,,,,,,".",".",,,,,,,,,,,,"1500000US110010055012",,,"110010055012","Block Group 2, Census Tract 55.01, District of Columbia, District of Columbia",199,0,0,0,0,0,0,0,0,0,14,0,0,0,0,0,0,14,0,10,0,0,0,0,0,0,10,0,0,0,0,0,0,0,0,0,0,22,0,0,0,0,0,14,8,0,27,0,0,27,0,0,0,0,0,126,47,0,38,0,10,0,31,0,"Block Group 2, Census Tract 55.01, District of Columbia, District of Columbia",99,14,14,14,14,14,14,14,14,14,22,14,14,14,14,14,14,22,14,12,14,14,14,14,14,14,12,14,14,14,14,14,14,14,14,14,14,28,14,14,14,14,14,25,12,14,41,14,14,41,14,14,14,14,14,90,45,14,58,14,16,14,51,14
"G11000100055021","2019-2023","DC",,,"District of Columbia","11","District of Columbia","001",,,"005502","1",,,,,,,,,,,".",".",,,,,,,,,,,,"1500000US110010055021",,,"110010055021","Block Group 1, Census Tract 55.02, District of Columbia, District of Columbia",364,8,0,0,0,0,0,0,8,0,49,0,0,0,0,0,0,49,0,26,0,0,0,0,0,0,26,0,35,0,13,0,0,8,14,0,0,67,0,0,0,41,0,26,0,0,12,0,0,0,0,12,0,0,0,167,125,7,23,12,0,0,0,0,"Block Group 1, Census Tract 55.02, District of Columbia, District of Columbia",142,14,14,14,14,14,14,14,14,14,29,14,14,14,14,14,14,29,14,38,14,14,14,14,14,14,38,14,36,14,22,14,14,13,23,14,14,68,14,14,14,49,14,45,14,14,20,14,14,14,14,20,14,14,14,126,122,11,35,19,14,14,14,14
"G11000100055022","2019-2023","DC",,,"District of Columbia","11","District of Columbia","001",,,"005502","2",,,,,,,,,,,".",".",,,,,,,,,,,,"1500000US110010055022",,,"110010055022","Block Group 2, Census Tract 55.02, District of Columbia, District of Columbia",331,13,0,0,0,0,0,0,6,7,0,0,0,0,0,0,0,0,0,7,0,0,0,0,0,0,7,0,51,0,0,0,13,0,0,38,0,12,0,0,12,0,0,0,0,0,44,30,0,0,7,7,0,0,0,204,41,40,123,0,0,0,0,0,"Block Group 2, Census Tract 55.02, District of Columbia, District of Columbia",157,15,14,14,14,14,14,14,10,11,14,14,14,14,14,14,14,14,14,12,14,14,14,14,14,14,12,14,52,14,14,14,23,14,14,47,14,20,14,14,20,14,14,14,14,14,50,47,14,14,13,12,14,14,14,148,32,51,134,14,14,14,14,14
"G11000100055023","2019-2023","DC",,,"District of Columbia","11","District of Columbia","001",,,"005502","3",,,,,,,,,,,".",".",,,,,,,,,,,,"1500000US110010055023",,,"110010055023","Block Group 3, Census Tract 55.02, District of Columbia, District of Columbia",405,11,0,0,0,0,0,0,11,0,12,0,0,0,0,0,0,12,0,54,0,0,0,0,0,0,54,0,16,0,0,0,0,0,0,16,0,30,0,0,0,0,0,0,30,0,14,0,0,14,0,0,0,0,0,268,105,35,85,10,0,33,0,0,"Block Group 3, Census Tract 55.02, District of Columbia, District of Columbia",122,18,14,14,14,14,14,14,18,14,19,14,14,14,14,14,14,19,14,84,14,14,14,14,14,14,84,14,25,14,14,14,14,14,14,25,14,47,14,14,14,14,14,14,47,14,18,14,14,18,14,14,14,14,14,104,72,53,88,15,14,53,14,14
"G11000100055031","2019-2023","DC",,,"District of Columbia","11","District of Columbia","001",,,"005503","1",,,,,,,,,,,".",".",,,,,,,,,,,,"1500000US110010055031",,,"110010055031","Block Group 1, Census Tract 55.03, District of Columbia, District of Columbia",315,113,0,0,0,0,0,0,48,65,0,0,0,0,0,0,0,0,0,4,0,0,0,0,0,0,4,0,47,0,0,0,0,0,0,47,0,18,0,0,0,0,0,0,18,0,32,0,0,24,0,0,8,0,0,101,17,0,0,52,0,0,32,0,"Block Group 1, Census Tract 55.03, District of Columbia, District of Columbia",135,111,14,14,14,14,14,14,72,86,14,14,14,14,14,14,14,14,14,7,14,14,14,14,14,14,7,14,69,14,14,14,14,14,14,69,14,21,14,14,14,14,14,14,21,14,42,14,14,39,14,14,14,14,14,82,28,14,14,57,14,14,53,14
"G11000100055032","2019-2023","DC",,,"District of Columbia","11","District of Columbia","001",,,"005503","2",,,,,,,,,,,".",".",,,,,,,,,,,,"1500000US110010055032",,,"110010055032","Block Group 2, Census Tract 55.03, District of Columbia, District of Columbia",428,165,0,0,0,0,0,0,138,27,0,0,0,0,0,0,0,0,0,16,0,0,0,0,0,0,16,0,0,0,0,0,0,0,0,0,0,0,0,0,0,0,0,0,0,0,17,0,0,0,0,0,17,0,0,230,96,116,0,11,0,0,7,0,"Block Group 2, Census Tract 55.03, District of Columbia, District of Columbia",159,111,14,14,14,14,14,14,108,33,14,14,14,14,14,14,14,14,14,27,14,14,14,14,14,14,27,14,14,14,14,14,14,14,14,14,14,14,14,14,14,14,14,14,14,14,27,14,14,14,14,14,27,14,14,116,69,95,14,20,14,14,12,14
"G11000100056011","2019-2023","DC",,,"District of Columbia","11","District of Columbia","001",,,"005601","1",,,,,,,,,,,".",".",,,,,,,,,,,,"1500000US110010056011",,,"110010056011","Block Group 1, Census Tract 56.01, District of Columbia, District of Columbia",738,96,0,0,0,0,0,0,42,54,46,0,0,0,0,0,0,46,0,38,0,0,0,0,0,0,28,10,39,0,0,0,0,0,30,9,0,8,0,0,0,0,8,0,0,0,347,0,38,195,15,99,0,0,0,164,102,4,0,58,0,0,0,0,"Block Group 1, Census Tract 56.01, District of Columbia, District of Columbia",328,63,14,14,14,14,14,14,38,50,70,14,14,14,14,14,14,70,14,37,14,14,14,14,14,14,32,18,40,14,14,14,14,14,36,16,14,13,14,14,14,14,13,14,14,14,298,14,46,245,23,154,14,14,14,110,74,7,14,87,14,14,14,14
"G11000100056012","2019-2023","DC",,,"District of Columbia","11","District of Columbia","001",,,"005601","2",,,,,,,,,,,".",".",,,,,,,,,,,,"1500000US110010056012",,,"110010056012","Block Group 2, Census Tract 56.01, District of Columbia, District of Columbia",261,13,0,0,0,0,0,0,13,0,50,0,0,0,0,0,0,50,0,0,0,0,0,0,0,0,0,0,49,0,0,16,0,0,0,33,0,58,0,0,0,58,0,0,0,0,12,0,12,0,0,0,0,0,0,79,79,0,0,0,0,0,0,0,"Block Group 2, Census Tract 56.01, District of Columbia, District of Columbia",104,21,14,14,14,14,14,14,21,14,46,14,14,14,14,14,14,46,14,14,14,14,14,14,14,14,14,14,56,14,14,25,14,14,14,51,14,61,14,14,14,61,14,14,14,14,19,14,19,14,14,14,14,14,14,64,64,14,14,14,14,14,14,14
"G11000100056013","2019-2023","DC",,,"District of Columbia","11","District of Columbia","001",,,"005601","3",,,,,,,,,,,".",".",,,,,,,,,,,,"1500000US110010056013",,,"110010056013","Block Group 3, Census Tract 56.01, District of Columbia, District of Columbia",501,72,0,0,0,0,0,0,15,57,36,0,0,0,0,0,0,36,0,57,0,0,0,0,0,0,57,0,126,0,0,0,0,0,36,90,0,0,0,0,0,0,0,0,0,0,105,0,0,65,13,9,18,0,0,105,84,13,0,8,0,0,0,0,"Block Group 3, Census Tract 56.01, District of Columbia, District of Columbia",186,47,14,14,14,14,14,14,23,42,58,14,14,14,14,14,14,58,14,48,14,14,14,14,14,14,48,14,83,14,14,14,14,14,55,69,14,14,14,14,14,14,14,14,14,14,74,14,14,60,22,15,29,14,14,140,137,24,14,14,14,14,14,14
"G11000100056021","2019-2023","DC",,,"District of Columbia","11","District of Columbia","001",,,"005602","1",,,,,,,,,,,".",".",,,,,,,,,,,,"1500000US110010056021",,,"110010056021","Block Group 1, Census Tract 56.02, District of Columbia, District of Columbia",237,13,0,0,0,0,0,0,0,13,51,5,0,0,0,11,35,0,0,22,0,0,0,12,0,0,10,0,17,0,0,0,0,0,0,17,0,33,0,0,0,9,14,0,0,10,101,101,0,0,0,0,0,0,0,0,0,0,0,0,0,0,0,0,"Block Group 1, Census Tract 56.02, District of Columbia, District of Columbia",110,21,14,14,14,14,14,14,14,21,49,8,14,14,14,17,45,14,14,26,14,14,14,20,14,14,16,14,29,14,14,14,14,14,14,29,14,32,14,14,14,14,24,14,14,16,88,88,14,14,14,14,14,14,14,14,14,14,14,14,14,14,14,14
"G11000100056022","2019-2023","DC",,,"District of Columbia","11","District of Columbia","001",,,"005602","2",,,,,,,,,,,".",".",,,,,,,,,,,,"1500000US110010056022",,,"110010056022","Block Group 2, Census Tract 56.02, District of Columbia, District of Columbia",765,108,0,0,0,0,0,0,81,27,45,0,0,0,0,0,0,45,0,18,0,0,0,0,0,0,18,0,36,0,0,0,0,0,0,36,0,85,0,0,0,10,0,75,0,0,46,0,9,8,0,29,0,0,0,427,269,50,12,26,58,12,0,0,"Block Group 2, Census Tract 56.02, District of Columbia, District of Columbia",205,75,14,14,14,14,14,14,70,26,42,14,14,14,14,14,14,42,14,21,14,14,14,14,14,14,21,14,35,14,14,14,14,14,14,35,14,100,14,14,14,16,14,93,14,14,39,14,15,14,14,33,14,14,14,159,142,42,19,42,81,18,14,14
"G11000100056023","2019-2023","DC",,,"District of Columbia","11","District of Columbia","001",,,"005602","3",,,,,,,,,,,".",".",,,,,,,,,,,,"1500000US110010056023",,,"110010056023","Block Group 3, Census Tract 56.02, District of Columbia, District of Columbia",129,19,0,0,0,0,0,0,19,0,73,0,0,0,0,0,0,73,0,0,0,0,0,0,0,0,0,0,0,0,0,0,0,0,0,0,0,8,0,0,0,0,8,0,0,0,0,0,0,0,0,0,0,0,0,29,0,18,0,0,0,0,0,11,"Block Group 3, Census Tract 56.02, District of Columbia, District of Columbia",81,30,14,14,14,14,14,14,30,14,65,14,14,14,14,14,14,65,14,14,14,14,14,14,14,14,14,14,14,14,14,14,14,14,14,14,14,14,14,14,14,14,14,14,14,14,14,14,14,14,14,14,14,14,14,32,14,29,14,14,14,14,14,17
"G11000100058011","2019-2023","DC",,,"District of Columbia","11","District of Columbia","001",,,"005801","1",,,,,,,,,,,".",".",,,,,,,,,,,,"1500000US110010058011",,,"110010058011","Block Group 1, Census Tract 58.01, District of Columbia, District of Columbia",243,0,0,0,0,0,0,0,0,0,0,0,0,0,0,0,0,0,0,0,0,0,0,0,0,0,0,0,7,0,0,0,0,0,0,7,0,12,0,0,0,0,0,0,12,0,0,0,0,0,0,0,0,0,0,224,73,43,30,78,0,0,0,0,"Block Group 1, Census Tract 58.01, District of Columbia, District of Columbia",139,14,14,14,14,14,14,14,14,14,14,14,14,14,14,14,14,14,14,14,14,14,14,14,14,14,14,14,11,14,14,14,14,14,14,11,14,18,14,14,14,14,14,14,18,14,14,14,14,14,14,14,14,14,14,137,45,37,30,124,14,14,14,14
"G11000100058012","2019-2023","DC",,,"District of Columbia","11","District of Columbia","001",,,"005801","2",,,,,,,,,,,".",".",,,,,,,,,,,,"1500000US110010058012",,,"110010058012","Block Group 2, Census Tract 58.01, District of Columbia, District of Columbia",334,43,0,0,0,4,0,11,21,7,81,0,0,36,10,26,0,9,0,0,0,0,0,0,0,0,0,0,7,0,0,0,0,0,0,7,0,22,0,0,0,0,0,11,11,0,0,0,0,0,0,0,0,0,0,181,82,57,29,0,13,0,0,0,"Block Group 2, Census Tract 58.01, District of Columbia, District of Columbia",111,34,14,14,14,10,14,18,26,12,55,14,14,34,17,35,14,15,14,14,14,14,14,14,14,14,14,14,12,14,14,14,14,14,14,12,14,17,14,14,14,14,14,18,16,14,14,14,14,14,14,14,14,14,14,99,91,38,26,14,20,14,14,14
"G11000100058021","2019-2023","DC",,,"District of Columbia","11","District of Columbia","001",,,"005802","1",,,,,,,,,,,".",".",,,,,,,,,,,,"1500000US110010058021",,,"110010058021","Block Group 1, Census Tract 58.02, District of Columbia, District of Columbia",0,0,0,0,0,0,0,0,0,0,0,0,0,0,0,0,0,0,0,0,0,0,0,0,0,0,0,0,0,0,0,0,0,0,0,0,0,0,0,0,0,0,0,0,0,0,0,0,0,0,0,0,0,0,0,0,0,0,0,0,0,0,0,0,"Block Group 1, Census Tract 58.02, District of Columbia, District of Columbia",14,14,14,14,14,14,14,14,14,14,14,14,14,14,14,14,14,14,14,14,14,14,14,14,14,14,14,14,14,14,14,14,14,14,14,14,14,14,14,14,14,14,14,14,14,14,14,14,14,14,14,14,14,14,14,14,14,14,14,14,14,14,14,14
"G11000100058022","2019-2023","DC",,,"District of Columbia","11","District of Columbia","001",,,"005802","2",,,,,,,,,,,".",".",,,,,,,,,,,,"1500000US110010058022",,,"110010058022","Block Group 2, Census Tract 58.02, District of Columbia, District of Columbia",0,0,0,0,0,0,0,0,0,0,0,0,0,0,0,0,0,0,0,0,0,0,0,0,0,0,0,0,0,0,0,0,0,0,0,0,0,0,0,0,0,0,0,0,0,0,0,0,0,0,0,0,0,0,0,0,0,0,0,0,0,0,0,0,"Block Group 2, Census Tract 58.02, District of Columbia, District of Columbia",14,14,14,14,14,14,14,14,14,14,14,14,14,14,14,14,14,14,14,14,14,14,14,14,14,14,14,14,14,14,14,14,14,14,14,14,14,14,14,14,14,14,14,14,14,14,14,14,14,14,14,14,14,14,14,14,14,14,14,14,14,14,14,14
"G11000100058023","2019-2023","DC",,,"District of Columbia","11","District of Columbia","001",,,"005802","3",,,,,,,,,,,".",".",,,,,,,,,,,,"1500000US110010058023",,,"110010058023","Block Group 3, Census Tract 58.02, District of Columbia, District of Columbia",0,0,0,0,0,0,0,0,0,0,0,0,0,0,0,0,0,0,0,0,0,0,0,0,0,0,0,0,0,0,0,0,0,0,0,0,0,0,0,0,0,0,0,0,0,0,0,0,0,0,0,0,0,0,0,0,0,0,0,0,0,0,0,0,"Block Group 3, Census Tract 58.02, District of Columbia, District of Columbia",14,14,14,14,14,14,14,14,14,14,14,14,14,14,14,14,14,14,14,14,14,14,14,14,14,14,14,14,14,14,14,14,14,14,14,14,14,14,14,14,14,14,14,14,14,14,14,14,14,14,14,14,14,14,14,14,14,14,14,14,14,14,14,14
"G11000100058024","2019-2023","DC",,,"District of Columbia","11","District of Columbia","001",,,"005802","4",,,,,,,,,,,".",".",,,,,,,,,,,,"1500000US110010058024",,,"110010058024","Block Group 4, Census Tract 58.02, District of Columbia, District of Columbia",451,19,0,0,0,0,0,0,19,0,0,0,0,0,0,0,0,0,0,14,0,0,0,0,0,0,14,0,8,0,0,0,0,0,0,8,0,99,0,0,0,0,0,32,67,0,42,0,0,0,13,29,0,0,0,269,167,23,27,23,0,12,17,0,"Block Group 4, Census Tract 58.02, District of Columbia, District of Columbia",141,20,14,14,14,14,14,14,20,14,14,14,14,14,14,14,14,14,14,22,14,14,14,14,14,14,22,14,12,14,14,14,14,14,14,12,14,107,14,14,14,14,14,45,106,14,48,14,14,14,20,45,14,14,14,109,100,25,28,24,14,19,25,14
"G11000100058025","2019-2023","DC",,,"District of Columbia","11","District of Columbia","001",,,"005802","5",,,,,,,,,,,".",".",,,,,,,,,,,,"1500000US110010058025",,,"110010058025","Block Group 5, Census Tract 58.02, District of Columbia, District of Columbia",486,23,0,0,0,0,0,0,13,10,14,0,0,0,0,0,0,14,0,87,0,0,0,0,0,0,87,0,0,0,0,0,0,0,0,0,0,21,0,0,0,11,0,0,10,0,15,0,15,0,0,0,0,0,0,326,178,65,29,31,0,23,0,0,"Block Group 5, Census Tract 58.02, District of Columbia, District of Columbia",144,25,14,14,14,14,14,14,20,15,22,14,14,14,14,14,14,22,14,87,14,14,14,14,14,14,87,14,14,14,14,14,14,14,14,14,14,23,14,14,14,17,14,14,16,14,24,14,24,14,14,14,14,14,14,107,66,68,33,36,14,26,14,14
"G11000100059001","2019-2023","DC",,,"District of Columbia","11","District of Columbia","001",,,"005900","1",,,,,,,,,,,".",".",,,,,,,,,,,,"1500000US110010059001",,,"110010059001","Block Group 1, Census Tract 59, District of Columbia, District of Columbia",647,85,0,0,35,0,0,4,29,17,23,0,0,12,0,0,11,0,0,55,11,0,44,0,0,0,0,0,0,0,0,0,0,0,0,0,0,39,14,0,0,0,13,0,12,0,6,0,0,0,6,0,0,0,0,439,139,172,63,44,21,0,0,0,"Block Group 1, Census Tract 59, District of Columbia, District of Columbia",153,69,14,14,39,14,14,9,37,27,28,14,14,20,14,14,17,14,14,75,19,14,70,14,14,14,14,14,14,14,14,14,14,14,14,14,14,29,10,14,14,14,20,14,19,14,9,14,14,14,9,14,14,14,14,130,58,111,54,47,23,14,14,14
"G11000100059002","2019-2023","DC",,,"District of Columbia","11","District of Columbia","001",,,"005900","2",,,,,,,,,,,".",".",,,,,,,,,,,,"1500000US110010059002",,,"110010059002","Block Group 2, Census Tract 59, District of Columbia, District of Columbia",630,40,0,0,0,0,0,0,18,22,9,0,0,0,0,0,0,9,0,17,0,0,0,0,0,0,17,0,29,0,13,0,0,0,0,16,0,75,0,0,0,0,18,22,35,0,97,0,0,2,47,11,8,29,0,363,166,23,21,140,13,0,0,0,"Block Group 2, Census Tract 59, District of Columbia, District of Columbia",228,31,14,14,14,14,14,14,22,22,15,14,14,14,14,14,14,15,14,23,14,14,14,14,14,14,23,14,27,14,20,14,14,14,14,19,14,49,14,14,14,14,28,23,31,14,66,14,14,3,45,17,14,34,14,220,66,30,24,197,20,14,14,14
"G11000100064001","2019-2023","DC",,,"District of Columbia","11","District of Columbia","001",,,"006400","1",,,,,,,,,,,".",".",,,,,,,,,,,,"1500000US110010064001",,,"110010064001","Block Group 1, Census Tract 64, District of Columbia, District of Columbia",680,121,0,0,0,0,0,0,75,46,145,23,0,39,71,0,12,0,0,134,25,13,18,21,0,14,43,0,38,0,0,18,0,0,0,20,0,26,0,0,0,0,26,0,0,0,33,0,0,0,11,11,11,0,0,183,91,43,0,31,5,0,13,0,"Block Group 1, Census Tract 64, District of Columbia, District of Columbia",147,92,14,14,14,14,14,14,81,53,83,37,14,48,59,14,20,14,14,92,40,22,29,33,14,22,69,14,41,14,14,27,14,14,14,32,14,19,14,14,14,14,19,14,14,14,25,14,14,14,18,17,18,14,14,78,61,41,14,37,8,14,20,14
"G11000100064002","2019-2023","DC",,,"District of Columbia","11","District of Columbia","001",,,"006400","2",,,,,,,,,,,".",".",,,,,,,,,,,,"1500000US110010064002",,,"110010064002","Block Group 2, Census Tract 64, District of Columbia, District of Columbia",718,85,0,0,0,0,0,0,59,26,68,0,0,0,0,0,0,68,0,42,0,0,0,0,12,0,30,0,0,0,0,0,0,0,0,0,0,77,14,18,0,0,45,0,0,0,53,0,0,15,28,0,10,0,0,393,131,139,104,19,0,0,0,0,"Block Group 2, Census Tract 64, District of Columbia, District of Columbia",171,67,14,14,14,14,14,14,54,42,75,14,14,14,14,14,14,75,14,51,14,14,14,14,18,14,48,14,14,14,14,14,14,14,14,14,14,74,22,28,14,14,67,14,14,14,47,14,14,24,41,14,16,14,14,163,107,122,74,23,14,14,14,14
"G11000100065001","2019-2023","DC",,,"District of Columbia","11","District of Columbia","001",,,"006500","1",,,,,,,,,,,".",".",,,,,,,,,,,,"1500000US110010065001",,,"110010065001","Block Group 1, Census Tract 65, District of Columbia, District of Columbia",193,51,0,0,0,0,0,0,11,40,0,0,0,0,0,0,0,0,0,0,0,0,0,0,0,0,0,0,11,0,0,0,0,0,0,11,0,0,0,0,0,0,0,0,0,0,29,0,0,29,0,0,0,0,0,102,63,29,2,8,0,0,0,0,"Block Group 1, Census Tract 65, District of Columbia, District of Columbia",83,65,14,14,14,14,14,14,16,64,14,14,14,14,14,14,14,14,14,14,14,14,14,14,14,14,14,14,18,14,14,14,14,14,14,18,14,14,14,14,14,14,14,14,14,14,45,14,14,45,14,14,14,14,14,52,46,27,4,15,14,14,14,14
"G11000100065002","2019-2023","DC",,,"District of Columbia","11","District of Columbia","001",,,"006500","2",,,,,,,,,,,".",".",,,,,,,,,,,,"1500000US110010065002",,,"110010065002","Block Group 2, Census Tract 65, District of Columbia, District of Columbia",234,0,0,0,0,0,0,0,0,0,30,0,0,0,0,0,0,30,0,13,0,0,0,0,0,0,13,0,23,0,0,0,0,0,0,23,0,22,0,0,11,0,11,0,0,0,19,0,0,0,19,0,0,0,0,127,95,22,10,0,0,0,0,0,"Block Group 2, Census Tract 65, District of Columbia, District of Columbia",79,14,14,14,14,14,14,14,14,14,44,14,14,14,14,14,14,44,14,20,14,14,14,14,14,14,20,14,26,14,14,14,14,14,14,26,14,24,14,14,17,14,17,14,14,14,24,14,14,14,24,14,14,14,14,59,48,25,16,14,14,14,14,14
"G11000100066001","2019-2023","DC",,,"District of Columbia","11","District of Columbia","001",,,"006600","1",,,,,,,,,,,".",".",,,,,,,,,,,,"1500000US110010066001",,,"110010066001","Block Group 1, Census Tract 66, District of Columbia, District of Columbia",235,68,0,0,0,0,0,0,21,47,0,0,0,0,0,0,0,0,0,8,0,0,0,0,0,0,8,0,0,0,0,0,0,0,0,0,0,10,0,0,10,0,0,0,0,0,0,0,0,0,0,0,0,0,0,149,53,35,58,3,0,0,0,0,"Block Group 1, Census Tract 66, District of Columbia, District of Columbia",92,68,14,14,14,14,14,14,32,61,14,14,14,14,14,14,14,14,14,13,14,14,14,14,14,14,13,14,14,14,14,14,14,14,14,14,14,15,14,14,15,14,14,14,14,14,14,14,14,14,14,14,14,14,14,68,34,28,55,5,14,14,14,14
"G11000100066002","2019-2023","DC",,,"District of Columbia","11","District of Columbia","001",,,"006600","2",,,,,,,,,,,".",".",,,,,,,,,,,,"1500000US110010066002",,,"110010066002","Block Group 2, Census Tract 66, District of Columbia, District of Columbia",406,4,0,0,0,0,0,0,0,4,0,0,0,0,0,0,0,0,0,0,0,0,0,0,0,0,0,0,36,0,0,0,0,0,36,0,0,71,0,0,0,9,0,43,19,0,8,0,0,8,0,0,0,0,0,287,87,160,22,10,8,0,0,0,"Block Group 2, Census Tract 66, District of Columbia, District of Columbia",216,8,14,14,14,14,14,14,14,8,14,14,14,14,14,14,14,14,14,14,14,14,14,14,14,14,14,14,58,14,14,14,14,14,58,14,14,73,14,14,14,14,14,67,25,14,13,14,14,13,14,14,14,14,14,206,40,208,24,15,13,14,14,14
"G11000100067001","2019-2023","DC",,,"District of Columbia","11","District of Columbia","001",,,"006700","1",,,,,,,,,,,".",".",,,,,,,,,,,,"1500000US110010067001",,,"110010067001","Block Group 1, Census Tract 67, District of Columbia, District of Columbia",252,0,0,0,0,0,0,0,0,0,0,0,0,0,0,0,0,0,0,13,0,0,0,0,0,0,0,13,96,0,0,0,0,0,0,96,0,30,8,0,0,0,4,18,0,0,44,0,0,18,0,26,0,0,0,69,37,13,0,0,0,19,0,0,"Block Group 1, Census Tract 67, District of Columbia, District of Columbia",167,14,14,14,14,14,14,14,14,14,14,14,14,14,14,14,14,14,14,19,14,14,14,14,14,14,14,19,152,14,14,14,14,14,14,152,14,34,13,14,14,14,6,29,14,14,47,14,14,21,14,41,14,14,14,43,27,21,14,14,14,21,14,14
"G11000100067002","2019-2023","DC",,,"District of Columbia","11","District of Columbia","001",,,"006700","2",,,,,,,,,,,".",".",,,,,,,,,,,,"1500000US110010067002",,,"110010067002","Block Group 2, Census Tract 67, District of Columbia, District of Columbia",174,0,0,0,0,0,0,0,0,0,0,0,0,0,0,0,0,0,0,8,0,0,0,0,0,0,8,0,10,0,0,0,10,0,0,0,0,36,0,0,0,0,11,0,0,25,47,0,12,35,0,0,0,0,0,73,63,0,10,0,0,0,0,0,"Block Group 2, Census Tract 67, District of Columbia, District of Columbia",72,14,14,14,14,14,14,14,14,14,14,14,14,14,14,14,14,14,14,13,14,14,14,14,14,14,13,14,15,14,14,14,15,14,14,14,14,42,14,14,14,14,18,14,14,38,46,14,20,41,14,14,14,14,14,45,43,14,15,14,14,14,14,14
"G11000100067003","2019-2023","DC",,,"District of Columbia","11","District of Columbia","001",,,"006700","3",,,,,,,,,,,".",".",,,,,,,,,,,,"1500000US110010067003",,,"110010067003","Block Group 3, Census Tract 67, District of Columbia, District of Columbia",249,0,0,0,0,0,0,0,0,0,0,0,0,0,0,0,0,0,0,0,0,0,0,0,0,0,0,0,0,0,0,0,0,0,0,0,0,17,0,0,0,8,0,9,0,0,127,0,0,14,9,0,0,0,104,105,56,11,28,10,0,0,0,0,"Block Group 3, Census Tract 67, District of Columbia, District of Columbia",176,14,14,14,14,14,14,14,14,14,14,14,14,14,14,14,14,14,14,14,14,14,14,14,14,14,14,14,14,14,14,14,14,14,14,14,14,19,14,14,14,13,14,14,14,14,158,14,14,22,14,14,14,14,156,61,41,17,36,15,14,14,14,14
"G11000100068011","2019-2023","DC",,,"District of Columbia","11","District of Columbia","001",,,"006801","1",,,,,,,,,,,".",".",,,,,,,,,,,,"1500000US110010068011",,,"110010068011","Block Group 1, Census Tract 68.01, District of Columbia, District of Columbia",284,32,0,21,0,0,0,0,0,11,23,0,0,0,0,0,0,23,0,15,0,0,0,0,0,0,15,0,16,16,0,0,0,0,0,0,0,0,0,0,0,0,0,0,0,0,36,0,0,26,0,0,0,0,10,162,114,32,0,16,0,0,0,0,"Block Group 1, Census Tract 68.01, District of Columbia, District of Columbia",102,38,14,33,14,14,14,14,14,17,35,14,14,14,14,14,14,35,14,24,14,14,14,14,14,14,24,14,18,18,14,14,14,14,14,14,14,14,14,14,14,14,14,14,14,14,39,14,14,37,14,14,14,14,16,90,72,39,14,26,14,14,14,14
"G11000100068012","2019-2023","DC",,,"District of Columbia","11","District of Columbia","001",,,"006801","2",,,,,,,,,,,".",".",,,,,,,,,,,,"1500000US110010068012",,,"110010068012","Block Group 2, Census Tract 68.01, District of Columbia, District of Columbia",127,0,0,0,0,0,0,0,0,0,40,0,0,14,0,0,0,26,0,0,0,0,0,0,0,0,0,0,0,0,0,0,0,0,0,0,0,40,0,0,0,0,40,0,0,0,0,0,0,0,0,0,0,0,0,47,35,12,0,0,0,0,0,0,"Block Group 2, Census Tract 68.01, District of Columbia, District of Columbia",69,14,14,14,14,14,14,14,14,14,35,14,14,21,14,14,14,27,14,14,14,14,14,14,14,14,14,14,14,14,14,14,14,14,14,14,14,52,14,14,14,14,52,14,14,14,14,14,14,14,14,14,14,14,14,40,34,19,14,14,14,14,14,14
"G11000100068021","2019-2023","DC",,,"District of Columbia","11","District of Columbia","001",,,"006802","1",,,,,,,,,,,".",".",,,,,,,,,,,,"1500000US110010068021",,,"110010068021","Block Group 1, Census Tract 68.02, District of Columbia, District of Columbia",211,0,0,0,0,0,0,0,0,0,3,0,0,0,0,0,0,3,0,0,0,0,0,0,0,0,0,0,0,0,0,0,0,0,0,0,0,17,0,0,0,17,0,0,0,0,0,0,0,0,0,0,0,0,0,191,17,12,136,26,0,0,0,0,"Block Group 1, Census Tract 68.02, District of Columbia, District of Columbia",209,14,14,14,14,14,14,14,14,14,6,14,14,14,14,14,14,6,14,14,14,14,14,14,14,14,14,14,14,14,14,14,14,14,14,14,14,26,14,14,14,26,14,14,14,14,14,14,14,14,14,14,14,14,14,208,26,22,198,23,14,14,14,14
"G11000100068022","2019-2023","DC",,,"District of Columbia","11","District of Columbia","001",,,"006802","2",,,,,,,,,,,".",".",,,,,,,,,,,,"1500000US110010068022",,,"110010068022","Block Group 2, Census Tract 68.02, District of Columbia, District of Columbia",242,23,0,0,0,0,0,0,23,0,0,0,0,0,0,0,0,0,0,2,0,0,0,0,0,0,2,0,0,0,0,0,0,0,0,0,0,8,0,0,0,0,0,8,0,0,92,19,1,0,57,0,15,0,0,117,86,30,1,0,0,0,0,0,"Block Group 2, Census Tract 68.02, District of Columbia, District of Columbia",98,28,14,14,14,14,14,14,28,14,14,14,14,14,14,14,14,14,14,4,14,14,14,14,14,14,4,14,14,14,14,14,14,14,14,14,14,13,14,14,14,14,14,13,14,14,75,27,2,14,66,14,22,14,14,70,56,45,4,14,14,14,14,14
"G11000100068041","2019-2023","DC",,,"District of Columbia","11","District of Columbia","001",,,"006804","1",,,,,,,,,,,".",".",,,,,,,,,,,,"1500000US110010068041",,,"110010068041","Block Group 1, Census Tract 68.04, District of Columbia, District of Columbia",30,0,0,0,0,0,0,0,0,0,0,0,0,0,0,0,0,0,0,0,0,0,0,0,0,0,0,0,0,0,0,0,0,0,0,0,0,0,0,0,0,0,0,0,0,0,0,0,0,0,0,0,0,0,0,30,0,0,19,11,0,0,0,0,"Block Group 1, Census Tract 68.04, District of Columbia, District of Columbia",27,14,14,14,14,14,14,14,14,14,14,14,14,14,14,14,14,14,14,14,14,14,14,14,14,14,14,14,14,14,14,14,14,14,14,14,14,14,14,14,14,14,14,14,14,14,14,14,14,14,14,14,14,14,14,27,14,14,30,18,14,14,14,14
"G11000100069001","2019-2023","DC",,,"District of Columbia","11","District of Columbia","001",,,"006900","1",,,,,,,,,,,".",".",,,,,,,,,,,,"1500000US110010069001",,,"110010069001","Block Group 1, Census Tract 69, District of Columbia, District of Columbia",430,51,0,0,0,0,0,0,0,51,0,0,0,0,0,0,0,0,0,8,0,0,0,8,0,0,0,0,0,0,0,0,0,0,0,0,0,57,0,0,8,0,43,6,0,0,52,8,0,9,21,0,14,0,0,262,152,31,64,15,0,0,0,0,"Block Group 1, Census Tract 69, District of Columbia, District of Columbia",125,80,14,14,14,14,14,14,14,80,14,14,14,14,14,14,14,14,14,12,14,14,14,12,14,14,14,14,14,14,14,14,14,14,14,14,14,66,14,14,15,14,64,9,14,14,41,12,14,14,31,14,19,14,14,123,66,24,106,23,14,14,14,14
"G11000100069002","2019-2023","DC",,,"District of Columbia","11","District of Columbia","001",,,"006900","2",,,,,,,,,,,".",".",,,,,,,,,,,,"1500000US110010069002",,,"110010069002","Block Group 2, Census Tract 69, District of Columbia, District of Columbia",203,0,0,0,0,0,0,0,0,0,0,0,0,0,0,0,0,0,0,14,0,0,0,0,0,0,14,0,0,0,0,0,0,0,0,0,0,19,0,0,0,0,0,0,19,0,24,0,0,9,9,6,0,0,0,146,88,27,22,0,9,0,0,0,"Block Group 2, Census Tract 69, District of Columbia, District of Columbia",66,14,14,14,14,14,14,14,14,14,14,14,14,14,14,14,14,14,14,23,14,14,14,14,14,14,23,14,14,14,14,14,14,14,14,14,14,25,14,14,14,14,14,14,25,14,23,14,14,14,14,10,14,14,14,54,46,25,23,14,14,14,14,14
"G11000100070001","2019-2023","DC",,,"District of Columbia","11","District of Columbia","001",,,"007000","1",,,,,,,,,,,".",".",,,,,,,,,,,,"1500000US110010070001",,,"110010070001","Block Group 1, Census Tract 70, District of Columbia, District of Columbia",345,62,0,0,0,0,0,0,35,27,0,0,0,0,0,0,0,0,0,0,0,0,0,0,0,0,0,0,0,0,0,0,0,0,0,0,0,54,9,0,11,8,0,17,9,0,79,0,79,0,0,0,0,0,0,150,102,23,5,2,9,9,0,0,"Block Group 1, Census Tract 70, District of Columbia, District of Columbia",110,70,14,14,14,14,14,14,53,45,14,14,14,14,14,14,14,14,14,14,14,14,14,14,14,14,14,14,14,14,14,14,14,14,14,14,14,41,15,14,18,14,14,28,14,14,83,14,83,14,14,14,14,14,14,63,48,31,9,6,14,15,14,14
"G11000100070002","2019-2023","DC",,,"District of Columbia","11","District of Columbia","001",,,"007000","2",,,,,,,,,,,".",".",,,,,,,,,,,,"1500000US110010070002",,,"110010070002","Block Group 2, Census Tract 70, District of Columbia, District of Columbia",110,0,0,0,0,0,0,0,0,0,6,0,0,0,0,0,0,6,0,0,0,0,0,0,0,0,0,0,0,0,0,0,0,0,0,0,0,10,0,0,10,0,0,0,0,0,14,0,8,0,0,0,6,0,0,80,61,0,19,0,0,0,0,0,"Block Group 2, Census Tract 70, District of Columbia, District of Columbia",56,14,14,14,14,14,14,14,14,14,9,14,14,14,14,14,14,9,14,14,14,14,14,14,14,14,14,14,14,14,14,14,14,14,14,14,14,16,14,14,16,14,14,14,14,14,17,14,13,14,14,14,10,14,14,50,42,14,30,14,14,14,14,14
"G11000100071001","2019-2023","DC",,,"District of Columbia","11","District of Columbia","001",,,"007100","1",,,,,,,,,,,".",".",,,,,,,,,,,,"1500000US110010071001",,,"110010071001","Block Group 1, Census Tract 71, District of Columbia, District of Columbia",207,0,0,0,0,0,0,0,0,0,50,0,0,16,0,0,0,34,0,0,0,0,0,0,0,0,0,0,58,11,0,0,0,0,47,0,0,0,0,0,0,0,0,0,0,0,54,0,0,0,54,0,0,0,0,45,25,20,0,0,0,0,0,0,"Block Group 1, Census Tract 71, District of Columbia, District of Columbia",117,14,14,14,14,14,14,14,14,14,64,14,14,26,14,14,14,55,14,14,14,14,14,14,14,14,14,14,75,17,14,14,14,14,72,14,14,14,14,14,14,14,14,14,14,14,72,14,14,14,72,14,14,14,14,43,31,33,14,14,14,14,14,14
"G11000100071002","2019-2023","DC",,,"District of Columbia","11","District of Columbia","001",,,"007100","2",,,,,,,,,,,".",".",,,,,,,,,,,,"1500000US110010071002",,,"110010071002","Block Group 2, Census Tract 71, District of Columbia, District of Columbia",348,38,0,0,0,0,0,0,38,0,116,6,16,62,0,0,31,1,0,42,34,0,8,0,0,0,0,0,93,0,12,0,0,0,40,41,0,0,0,0,0,0,0,0,0,0,0,0,0,0,0,0,0,0,0,59,44,0,0,15,0,0,0,0,"Block Group 2, Census Tract 71, District of Columbia, District of Columbia",104,47,14,14,14,14,14,14,47,14,74,14,27,49,14,14,46,2,14,47,44,14,13,14,14,14,14,14,95,14,19,14,14,14,62,67,14,14,14,14,14,14,14,14,14,14,14,14,14,14,14,14,14,14,14,44,38,14,14,18,14,14,14,14
"G11000100071003","2019-2023","DC",,,"District of Columbia","11","District of Columbia","001",,,"007100","3",,,,,,,,,,,".",".",,,,,,,,,,,,"1500000US110010071003",,,"110010071003","Block Group 3, Census Tract 71, District of Columbia, District of Columbia",247,0,0,0,0,0,0,0,0,0,0,0,0,0,0,0,0,0,0,0,0,0,0,0,0,0,0,0,0,0,0,0,0,0,0,0,0,0,0,0,0,0,0,0,0,0,31,0,0,2,0,0,29,0,0,216,118,45,8,0,26,19,0,0,"Block Group 3, Census Tract 71, District of Columbia, District of Columbia",94,14,14,14,14,14,14,14,14,14,14,14,14,14,14,14,14,14,14,14,14,14,14,14,14,14,14,14,14,14,14,14,14,14,14,14,14,14,14,14,14,14,14,14,14,14,50,14,14,6,14,14,49,14,14,83,63,48,14,14,40,29,14,14
"G11000100072011","2019-2023","DC",,,"District of Columbia","11","District of Columbia","001",,,"007201","1",,,,,,,,,,,".",".",,,,,,,,,,,,"1500000US110010072011",,,"110010072011","Block Group 1, Census Tract 72.01, District of Columbia, District of Columbia",888,33,0,0,0,0,0,0,15,18,21,0,0,0,0,0,0,21,0,6,0,0,0,0,0,0,6,0,0,0,0,0,0,0,0,0,0,72,0,0,0,39,0,16,17,0,238,0,0,17,173,13,35,0,0,518,229,198,56,35,0,0,0,0,"Block Group 1, Census Tract 72.01, District of Columbia, District of Columbia",188,38,14,14,14,14,14,14,24,30,35,14,14,14,14,14,14,35,14,13,14,14,14,14,14,14,13,14,14,14,14,14,14,14,14,14,14,60,14,14,14,46,14,26,27,14,122,14,14,26,122,19,34,14,14,157,93,132,69,55,14,14,14,14
"G11000100072012","2019-2023","DC",,,"District of Columbia","11","District of Columbia","001",,,"007201","2",,,,,,,,,,,".",".",,,,,,,,,,,,"1500000US110010072012",,,"110010072012","Block Group 2, Census Tract 72.01, District of Columbia, District of Columbia",610,0,0,0,0,0,0,0,0,0,0,0,0,0,0,0,0,0,0,0,0,0,0,0,0,0,0,0,115,0,0,0,0,0,0,115,0,103,0,8,0,91,0,0,4,0,27,0,0,0,0,27,0,0,0,365,201,91,69,4,0,0,0,0,"Block Group 2, Census Tract 72.01, District of Columbia, District of Columbia",185,14,14,14,14,14,14,14,14,14,14,14,14,14,14,14,14,14,14,14,14,14,14,14,14,14,14,14,105,14,14,14,14,14,14,105,14,141,14,13,14,140,14,14,6,14,33,14,14,14,14,33,14,14,14,147,124,65,59,13,14,14,14,14
"G11000100072013","2019-2023","DC",,,"District of Columbia","11","District of Columbia","001",,,"007201","3",,,,,,,,,,,".",".",,,,,,,,,,,,"1500000US110010072013",,,"110010072013","Block Group 3, Census Tract 72.01, District of Columbia, District of Columbia",0,0,0,0,0,0,0,0,0,0,0,0,0,0,0,0,0,0,0,0,0,0,0,0,0,0,0,0,0,0,0,0,0,0,0,0,0,0,0,0,0,0,0,0,0,0,0,0,0,0,0,0,0,0,0,0,0,0,0,0,0,0,0,0,"Block Group 3, Census Tract 72.01, District of Columbia, District of Columbia",14,14,14,14,14,14,14,14,14,14,14,14,14,14,14,14,14,14,14,14,14,14,14,14,14,14,14,14,14,14,14,14,14,14,14,14,14,14,14,14,14,14,14,14,14,14,14,14,14,14,14,14,14,14,14,14,14,14,14,14,14,14,14,14
"G11000100072014","2019-2023","DC",,,"District of Columbia","11","District of Columbia","001",,,"007201","4",,,,,,,,,,,".",".",,,,,,,,,,,,"1500000US110010072014",,,"110010072014","Block Group 4, Census Tract 72.01, District of Columbia, District of Columbia",304,0,0,0,0,0,0,0,0,0,22,0,0,0,0,0,0,22,0,0,0,0,0,0,0,0,0,0,0,0,0,0,0,0,0,0,0,15,0,0,0,15,0,0,0,0,35,0,0,21,0,0,14,0,0,232,105,88,0,12,2,25,0,0,"Block Group 4, Census Tract 72.01, District of Columbia, District of Columbia",125,14,14,14,14,14,14,14,14,14,35,14,14,14,14,14,14,35,14,14,14,14,14,14,14,14,14,14,14,14,14,14,14,14,14,14,14,26,14,14,14,26,14,14,14,14,44,14,14,33,14,14,28,14,14,114,76,63,14,19,13,39,14,14
"G11000100072021","2019-2023","DC",,,"District of Columbia","11","District of Columbia","001",,,"007202","1",,,,,,,,,,,".",".",,,,,,,,,,,,"1500000US110010072021",,,"110010072021","Block Group 1, Census Tract 72.02, District of Columbia, District of Columbia",673,118,0,0,0,0,0,0,118,0,0,0,0,0,0,0,0,0,0,0,0,0,0,0,0,0,0,0,0,0,0,0,0,0,0,0,0,25,0,0,0,25,0,0,0,0,68,0,0,0,20,30,18,0,0,462,305,121,36,0,0,0,0,0,"Block Group 1, Census Tract 72.02, District of Columbia, District of Columbia",273,180,14,14,14,14,14,14,180,14,14,14,14,14,14,14,14,14,14,14,14,14,14,14,14,14,14,14,14,14,14,14,14,14,14,14,14,40,14,14,14,40,14,14,14,14,64,14,14,14,32,49,30,14,14,231,208,108,56,14,14,14,14,14
"G11000100072022","2019-2023","DC",,,"District of Columbia","11","District of Columbia","001",,,"007202","2",,,,,,,,,,,".",".",,,,,,,,,,,,"1500000US110010072022",,,"110010072022","Block Group 2, Census Tract 72.02, District of Columbia, District of Columbia",1427,26,0,0,0,0,0,0,0,26,0,0,0,0,0,0,0,0,0,18,0,0,0,0,0,0,18,0,52,0,0,0,0,0,0,52,0,219,0,0,0,26,13,178,2,0,21,0,0,21,0,0,0,0,0,1091,495,175,224,69,108,20,0,0,"Block Group 2, Census Tract 72.02, District of Columbia, District of Columbia",282,43,14,14,14,14,14,14,14,43,14,14,14,14,14,14,14,14,14,29,14,14,14,14,14,14,29,14,64,14,14,14,14,14,14,64,14,180,14,14,14,41,20,175,4,14,34,14,14,34,14,14,14,14,14,289,237,111,164,57,55,32,14,14
"G11000100072023","2019-2023","DC",,,"District of Columbia","11","District of Columbia","001",,,"007202","3",,,,,,,,,,,".",".",,,,,,,,,,,,"1500000US110010072023",,,"110010072023","Block Group 3, Census Tract 72.02, District of Columbia, District of Columbia",1197,50,0,0,0,0,0,0,50,0,0,0,0,0,0,0,0,0,0,42,0,0,0,0,0,0,42,0,27,0,0,0,0,0,0,27,0,162,0,0,0,55,24,66,17,0,182,0,0,73,44,21,44,0,0,734,263,219,102,134,3,13,0,0,"Block Group 3, Census Tract 72.02, District of Columbia, District of Columbia",252,82,14,14,14,14,14,14,82,14,14,14,14,14,14,14,14,14,14,71,14,14,14,14,14,14,71,14,45,14,14,14,14,14,14,45,14,106,14,14,14,64,38,75,28,14,100,14,14,71,50,34,50,14,14,226,141,117,91,108,5,23,14,14
"G11000100072031","2019-2023","DC",,,"District of Columbia","11","District of Columbia","001",,,"007203","1",,,,,,,,,,,".",".",,,,,,,,,,,,"1500000US110010072031",,,"110010072031","Block Group 1, Census Tract 72.03, District of Columbia, District of Columbia",396,27,0,0,0,15,0,0,12,0,65,0,0,17,0,0,19,29,0,111,0,0,85,0,0,0,26,0,0,0,0,0,0,0,0,0,0,0,0,0,0,0,0,0,0,0,24,0,0,0,24,0,0,0,0,169,169,0,0,0,0,0,0,0,"Block Group 1, Census Tract 72.03, District of Columbia, District of Columbia",157,30,14,14,14,22,14,14,23,14,44,14,14,28,14,14,29,37,14,94,14,14,106,14,14,14,23,14,14,14,14,14,14,14,14,14,14,14,14,14,14,14,14,14,14,14,38,14,14,14,38,14,14,14,14,142,142,14,14,14,14,14,14,14
"G11000100072032","2019-2023","DC",,,"District of Columbia","11","District of Columbia","001",,,"007203","2",,,,,,,,,,,".",".",,,,,,,,,,,,"1500000US110010072032",,,"110010072032","Block Group 2, Census Tract 72.03, District of Columbia, District of Columbia",151,43,0,0,0,0,0,0,26,17,32,0,0,32,0,0,0,0,0,0,0,0,0,0,0,0,0,0,0,0,0,0,0,0,0,0,0,13,13,0,0,0,0,0,0,0,33,20,0,0,0,13,0,0,0,30,30,0,0,0,0,0,0,0,"Block Group 2, Census Tract 72.03, District of Columbia, District of Columbia",74,48,14,14,14,14,14,14,40,28,52,14,14,52,14,14,14,14,14,14,14,14,14,14,14,14,14,14,14,14,14,14,14,14,14,14,14,21,21,14,14,14,14,14,14,14,38,31,14,14,14,22,14,14,14,44,44,14,14,14,14,14,14,14
"G11000100072033","2019-2023","DC",,,"District of Columbia","11","District of Columbia","001",,,"007203","3",,,,,,,,,,,".",".",,,,,,,,,,,,"1500000US110010072033",,,"110010072033","Block Group 3, Census Tract 72.03, District of Columbia, District of Columbia",803,0,0,0,0,0,0,0,0,0,0,0,0,0,0,0,0,0,0,0,0,0,0,0,0,0,0,0,0,0,0,0,0,0,0,0,0,0,0,0,0,0,0,0,0,0,47,0,0,0,0,32,15,0,0,756,452,179,85,23,0,17,0,0,"Block Group 3, Census Tract 72.03, District of Columbia, District of Columbia",168,14,14,14,14,14,14,14,14,14,14,14,14,14,14,14,14,14,14,14,14,14,14,14,14,14,14,14,14,14,14,14,14,14,14,14,14,14,14,14,14,14,14,14,14,14,45,14,14,14,14,39,24,14,14,171,161,100,57,28,14,29,14,14
"G11000100072034","2019-2023","DC",,,"District of Columbia","11","District of Columbia","001",,,"007203","4",,,,,,,,,,,".",".",,,,,,,,,,,,"1500000US110010072034",,,"110010072034","Block Group 4, Census Tract 72.03, District of Columbia, District of Columbia",180,24,0,0,0,0,0,0,0,24,0,0,0,0,0,0,0,0,0,0,0,0,0,0,0,0,0,0,0,0,0,0,0,0,0,0,0,19,0,0,0,0,0,0,0,19,0,0,0,0,0,0,0,0,0,137,97,25,15,0,0,0,0,0,"Block Group 4, Census Tract 72.03, District of Columbia, District of Columbia",82,45,14,14,14,14,14,14,14,45,14,14,14,14,14,14,14,14,14,14,14,14,14,14,14,14,14,14,14,14,14,14,14,14,14,14,14,30,14,14,14,14,14,14,14,30,14,14,14,14,14,14,14,14,14,67,65,31,24,14,14,14,14,14
"G11000100073011","2019-2023","DC",,,"District of Columbia","11","District of Columbia","001",,,"007301","1",,,,,,,,,,,".",".",,,,,,,,,,,,"1500000US110010073011",,,"110010073011","Block Group 1, Census Tract 73.01, District of Columbia, District of Columbia",351,0,0,0,0,0,0,0,0,0,0,0,0,0,0,0,0,0,0,0,0,0,0,0,0,0,0,0,7,0,0,0,0,0,0,7,0,55,0,0,0,0,0,0,0,55,20,0,0,0,0,0,0,20,0,269,61,69,57,64,0,18,0,0,"Block Group 1, Census Tract 73.01, District of Columbia, District of Columbia",87,14,14,14,14,14,14,14,14,14,14,14,14,14,14,14,14,14,14,14,14,14,14,14,14,14,14,14,12,14,14,14,14,14,14,12,14,74,14,14,14,14,14,14,14,74,24,14,14,14,14,14,14,24,14,116,34,66,54,93,14,18,14,14
"G11000100073012","2019-2023","DC",,,"District of Columbia","11","District of Columbia","001",,,"007301","2",,,,,,,,,,,".",".",,,,,,,,,,,,"1500000US110010073012",,,"110010073012","Block Group 2, Census Tract 73.01, District of Columbia, District of Columbia",602,14,0,0,0,0,0,0,0,14,0,0,0,0,0,0,0,0,0,0,0,0,0,0,0,0,0,0,24,0,0,0,0,0,0,24,0,94,0,0,0,0,0,15,64,15,69,0,0,0,0,10,59,0,0,401,281,36,45,18,5,8,0,8,"Block Group 2, Census Tract 73.01, District of Columbia, District of Columbia",209,23,14,14,14,14,14,14,14,23,14,14,14,14,14,14,14,14,14,14,14,14,14,14,14,14,14,14,29,14,14,14,14,14,14,29,14,105,14,14,14,14,14,23,101,23,63,14,14,14,14,14,63,14,14,163,152,35,47,21,7,14,14,14
"G11000100073013","2019-2023","DC",,,"District of Columbia","11","District of Columbia","001",,,"007301","3",,,,,,,,,,,".",".",,,,,,,,,,,,"1500000US110010073013",,,"110010073013","Block Group 3, Census Tract 73.01, District of Columbia, District of Columbia",380,10,0,0,0,0,0,0,0,10,0,0,0,0,0,0,0,0,0,22,0,0,0,0,0,0,9,13,99,0,0,0,0,0,0,99,0,10,0,0,0,0,0,0,0,10,6,0,0,0,0,0,6,0,0,233,63,36,0,108,26,0,0,0,"Block Group 3, Census Tract 73.01, District of Columbia, District of Columbia",167,17,14,14,14,14,14,14,14,17,14,14,14,14,14,14,14,14,14,25,14,14,14,14,14,14,13,21,80,14,14,14,14,14,14,80,14,16,14,14,14,14,14,14,14,16,10,14,14,14,14,14,10,14,14,152,53,45,14,127,32,14,14,14
"G11000100073041","2019-2023","DC",,,"District of Columbia","11","District of Columbia","001",,,"007304","1",,,,,,,,,,,".",".",,,,,,,,,,,,"1500000US110010073041",,,"110010073041","Block Group 1, Census Tract 73.04, District of Columbia, District of Columbia",141,0,0,0,0,0,0,0,0,0,0,0,0,0,0,0,0,0,0,0,0,0,0,0,0,0,0,0,67,0,0,26,27,0,0,14,0,50,0,0,0,0,50,0,0,0,0,0,0,0,0,0,0,0,0,24,24,0,0,0,0,0,0,0,"Block Group 1, Census Tract 73.04, District of Columbia, District of Columbia",93,14,14,14,14,14,14,14,14,14,14,14,14,14,14,14,14,14,14,14,14,14,14,14,14,14,14,14,55,14,14,39,41,14,14,21,14,79,14,14,14,14,79,14,14,14,14,14,14,14,14,14,14,14,14,37,37,14,14,14,14,14,14,14
"G11000100073042","2019-2023","DC",,,"District of Columbia","11","District of Columbia","001",,,"007304","2",,,,,,,,,,,".",".",,,,,,,,,,,,"1500000US110010073042",,,"110010073042","Block Group 2, Census Tract 73.04, District of Columbia, District of Columbia",328,146,0,0,0,0,0,0,146,0,0,0,0,0,0,0,0,0,0,27,0,0,0,0,0,0,27,0,55,0,0,0,0,0,33,22,0,55,0,0,0,0,55,0,0,0,45,0,0,45,0,0,0,0,0,0,0,0,0,0,0,0,0,0,"Block Group 2, Census Tract 73.04, District of Columbia, District of Columbia",142,106,14,14,14,14,14,14,106,14,14,14,14,14,14,14,14,14,14,44,14,14,14,14,14,14,44,14,62,14,14,14,14,14,52,34,14,85,14,14,14,14,85,14,14,14,56,14,14,56,14,14,14,14,14,14,14,14,14,14,14,14,14,14
"G11000100073043","2019-2023","DC",,,"District of Columbia","11","District of Columbia","001",,,"007304","3",,,,,,,,,,,".",".",,,,,,,,,,,,"1500000US110010073043",,,"110010073043","Block Group 3, Census Tract 73.04, District of Columbia, District of Columbia",357,115,0,0,0,0,0,0,115,0,23,0,0,23,0,0,0,0,0,78,0,0,0,0,0,0,78,0,110,0,96,0,0,14,0,0,0,31,31,0,0,0,0,0,0,0,0,0,0,0,0,0,0,0,0,0,0,0,0,0,0,0,0,0,"Block Group 3, Census Tract 73.04, District of Columbia, District of Columbia",140,87,14,14,14,14,14,14,87,14,35,14,14,35,14,14,14,14,14,82,14,14,14,14,14,14,82,14,100,14,98,14,14,22,14,14,14,51,51,14,14,14,14,14,14,14,14,14,14,14,14,14,14,14,14,14,14,14,14,14,14,14,14,14
"G11000100073044","2019-2023","DC",,,"District of Columbia","11","District of Columbia","001",,,"007304","4",,,,,,,,,,,".",".",,,,,,,,,,,,"1500000US110010073044",,,"110010073044","Block Group 4, Census Tract 73.04, District of Columbia, District of Columbia",714,0,0,0,0,0,0,0,0,0,44,0,0,44,0,0,0,0,0,42,0,0,0,0,42,0,0,0,421,0,0,0,0,0,52,369,0,84,0,0,0,84,0,0,0,0,71,20,51,0,0,0,0,0,0,52,52,0,0,0,0,0,0,0,"Block Group 4, Census Tract 73.04, District of Columbia, District of Columbia",500,14,14,14,14,14,14,14,14,14,71,14,14,71,14,14,14,14,14,62,14,14,14,14,62,14,14,14,490,14,14,14,14,14,57,488,14,85,14,14,14,85,14,14,14,14,70,30,62,14,14,14,14,14,14,86,86,14,14,14,14,14,14,14
"G11000100074011","2019-2023","DC",,,"District of Columbia","11","District of Columbia","001",,,"007401","1",,,,,,,,,,,".",".",,,,,,,,,,,,"1500000US110010074011",,,"110010074011","Block Group 1, Census Tract 74.01, District of Columbia, District of Columbia",33,0,0,0,0,0,0,0,0,0,0,0,0,0,0,0,0,0,0,0,0,0,0,0,0,0,0,0,33,0,0,0,7,20,0,0,6,0,0,0,0,0,0,0,0,0,0,0,0,0,0,0,0,0,0,0,0,0,0,0,0,0,0,0,"Block Group 1, Census Tract 74.01, District of Columbia, District of Columbia",35,14,14,14,14,14,14,14,14,14,14,14,14,14,14,14,14,14,14,14,14,14,14,14,14,14,14,14,35,14,14,14,10,32,14,14,9,14,14,14,14,14,14,14,14,14,14,14,14,14,14,14,14,14,14,14,14,14,14,14,14,14,14,14
"G11000100074012","2019-2023","DC",,,"District of Columbia","11","District of Columbia","001",,,"007401","2",,,,,,,,,,,".",".",,,,,,,,,,,,"1500000US110010074012",,,"110010074012","Block Group 2, Census Tract 74.01, District of Columbia, District of Columbia",607,143,0,0,0,0,0,0,103,40,250,0,0,0,0,56,13,132,49,100,0,0,0,0,11,11,78,0,33,0,0,8,13,12,0,0,0,8,0,0,0,8,0,0,0,0,15,15,0,0,0,0,0,0,0,58,56,0,0,0,2,0,0,0,"Block Group 2, Census Tract 74.01, District of Columbia, District of Columbia",177,106,14,14,14,14,14,14,97,44,124,14,14,14,14,57,21,115,69,107,14,14,14,14,18,20,112,14,29,14,14,13,15,17,14,14,14,13,14,14,14,13,14,14,14,14,15,15,14,14,14,14,14,14,14,64,63,14,14,14,13,14,14,14
"G11000100074031","2019-2023","DC",,,"District of Columbia","11","District of Columbia","001",,,"007403","1",,,,,,,,,,,".",".",,,,,,,,,,,,"1500000US110010074031",,,"110010074031","Block Group 1, Census Tract 74.03, District of Columbia, District of Columbia",413,75,0,0,0,0,0,8,67,0,87,0,9,0,0,0,3,75,0,94,0,0,0,0,0,0,94,0,99,0,0,0,0,0,99,0,0,44,0,13,31,0,0,0,0,0,14,0,14,0,0,0,0,0,0,0,0,0,0,0,0,0,0,0,"Block Group 1, Census Tract 74.03, District of Columbia, District of Columbia",163,64,14,14,14,14,14,14,62,14,115,14,15,14,14,14,5,112,14,95,14,14,14,14,14,14,95,14,125,14,14,14,14,14,125,14,14,55,14,21,49,14,14,14,14,14,23,14,23,14,14,14,14,14,14,14,14,14,14,14,14,14,14,14
"G11000100074032","2019-2023","DC",,,"District of Columbia","11","District of Columbia","001",,,"007403","2",,,,,,,,,,,".",".",,,,,,,,,,,,"1500000US110010074032",,,"110010074032","Block Group 2, Census Tract 74.03, District of Columbia, District of Columbia",519,90,0,0,0,0,0,0,0,90,196,0,0,0,39,0,0,127,30,101,9,0,0,0,0,31,61,0,15,0,0,0,0,15,0,0,0,88,13,0,0,0,75,0,0,0,14,0,14,0,0,0,0,0,0,15,15,0,0,0,0,0,0,0,"Block Group 2, Census Tract 74.03, District of Columbia, District of Columbia",159,102,14,14,14,14,14,14,14,102,148,14,14,14,48,14,14,125,47,92,15,14,14,14,14,48,85,14,28,14,14,14,14,28,14,14,14,101,23,14,14,14,106,14,14,14,25,14,25,14,14,14,14,14,14,24,24,14,14,14,14,14,14,14
"G11000100074041","2019-2023","DC",,,"District of Columbia","11","District of Columbia","001",,,"007404","1",,,,,,,,,,,".",".",,,,,,,,,,,,"1500000US110010074041",,,"110010074041","Block Group 1, Census Tract 74.04, District of Columbia, District of Columbia",535,94,0,0,17,0,0,0,12,65,48,5,0,0,8,0,16,19,0,19,0,0,0,0,0,19,0,0,145,32,0,0,0,50,63,0,0,130,0,0,0,0,10,0,91,29,83,10,0,0,0,73,0,0,0,16,16,0,0,0,0,0,0,0,"Block Group 1, Census Tract 74.04, District of Columbia, District of Columbia",234,107,14,14,28,14,14,14,19,101,41,8,14,14,13,14,26,28,14,33,14,14,14,14,14,33,14,14,128,46,14,14,14,74,98,14,14,144,14,14,14,14,16,14,134,45,126,20,14,14,14,127,14,14,14,27,27,14,14,14,14,14,14,14
"G11000100074042","2019-2023","DC",,,"District of Columbia","11","District of Columbia","001",,,"007404","2",,,,,,,,,,,".",".",,,,,,,,,,,,"1500000US110010074042",,,"110010074042","Block Group 2, Census Tract 74.04, District of Columbia, District of Columbia",229,102,0,0,0,0,0,0,74,28,0,0,0,0,0,0,0,0,0,0,0,0,0,0,0,0,0,0,0,0,0,0,0,0,0,0,0,20,0,0,0,20,0,0,0,0,42,0,0,0,0,42,0,0,0,65,0,0,65,0,0,0,0,0,"Block Group 2, Census Tract 74.04, District of Columbia, District of Columbia",73,64,14,14,14,14,14,14,67,44,14,14,14,14,14,14,14,14,14,14,14,14,14,14,14,14,14,14,14,14,14,14,14,14,14,14,14,35,14,14,14,35,14,14,14,14,63,14,14,14,14,63,14,14,14,72,14,14,72,14,14,14,14,14
"G11000100074043","2019-2023","DC",,,"District of Columbia","11","District of Columbia","001",,,"007404","3",,,,,,,,,,,".",".",,,,,,,,,,,,"1500000US110010074043",,,"110010074043","Block Group 3, Census Tract 74.04, District of Columbia, District of Columbia",195,24,0,0,0,0,0,6,18,0,0,0,0,0,0,0,0,0,0,0,0,0,0,0,0,0,0,0,66,0,0,0,0,0,66,0,0,37,0,0,0,37,0,0,0,0,13,13,0,0,0,0,0,0,0,55,28,0,0,0,0,0,0,27,"Block Group 3, Census Tract 74.04, District of Columbia, District of Columbia",96,31,14,14,14,14,14,9,29,14,14,14,14,14,14,14,14,14,14,14,14,14,14,14,14,14,14,14,77,14,14,14,14,14,77,14,14,53,14,14,14,53,14,14,14,14,23,23,14,14,14,14,14,14,14,59,42,14,14,14,14,14,14,45
"G11000100074061","2019-2023","DC",,,"District of Columbia","11","District of Columbia","001",,,"007406","1",,,,,,,,,,,".",".",,,,,,,,,,,,"1500000US110010074061",,,"110010074061","Block Group 1, Census Tract 74.06, District of Columbia, District of Columbia",735,26,0,0,0,0,0,0,0,26,77,0,0,0,0,0,0,77,0,166,0,0,0,0,0,0,130,36,0,0,0,0,0,0,0,0,0,295,0,0,111,184,0,0,0,0,105,0,60,45,0,0,0,0,0,66,0,66,0,0,0,0,0,0,"Block Group 1, Census Tract 74.06, District of Columbia, District of Columbia",248,40,14,14,14,14,14,14,14,40,98,14,14,14,14,14,14,98,14,127,14,14,14,14,14,14,140,65,14,14,14,14,14,14,14,14,14,209,14,14,170,146,14,14,14,14,107,14,97,54,14,14,14,14,14,105,14,105,14,14,14,14,14,14
"G11000100074062","2019-2023","DC",,,"District of Columbia","11","District of Columbia","001",,,"007406","2",,,,,,,,,,,".",".",,,,,,,,,,,,"1500000US110010074062",,,"110010074062","Block Group 2, Census Tract 74.06, District of Columbia, District of Columbia",406,174,0,0,0,0,0,0,174,0,59,0,45,0,0,0,0,14,0,0,0,0,0,0,0,0,0,0,81,0,0,0,0,53,28,0,0,0,0,0,0,0,0,0,0,0,92,92,0,0,0,0,0,0,0,0,0,0,0,0,0,0,0,0,"Block Group 2, Census Tract 74.06, District of Columbia, District of Columbia",201,121,14,14,14,14,14,14,121,14,75,14,71,14,14,14,14,22,14,14,14,14,14,14,14,14,14,14,95,14,14,14,14,83,43,14,14,14,14,14,14,14,14,14,14,14,157,157,14,14,14,14,14,14,14,14,14,14,14,14,14,14,14,14
"G11000100074071","2019-2023","DC",,,"District of Columbia","11","District of Columbia","001",,,"007407","1",,,,,,,,,,,".",".",,,,,,,,,,,,"1500000US110010074071",,,"110010074071","Block Group 1, Census Tract 74.07, District of Columbia, District of Columbia",104,2,0,0,0,0,0,0,2,0,57,0,0,0,0,0,0,57,0,0,0,0,0,0,0,0,0,0,0,0,0,0,0,0,0,0,0,30,0,0,30,0,0,0,0,0,15,0,15,0,0,0,0,0,0,0,0,0,0,0,0,0,0,0,"Block Group 1, Census Tract 74.07, District of Columbia, District of Columbia",74,3,14,14,14,14,14,14,3,14,63,14,14,14,14,14,14,63,14,14,14,14,14,14,14,14,14,14,14,14,14,14,14,14,14,14,14,36,14,14,36,14,14,14,14,14,24,14,24,14,14,14,14,14,14,14,14,14,14,14,14,14,14,14
"G11000100074072","2019-2023","DC",,,"District of Columbia","11","District of Columbia","001",,,"007407","2",,,,,,,,,,,".",".",,,,,,,,,,,,"1500000US110010074072",,,"110010074072","Block Group 2, Census Tract 74.07, District of Columbia, District of Columbia",171,49,0,0,0,0,0,0,49,0,23,0,0,0,0,0,0,14,9,35,0,0,0,0,0,0,35,0,0,0,0,0,0,0,0,0,0,18,0,0,0,0,0,18,0,0,10,0,0,10,0,0,0,0,0,36,0,0,0,36,0,0,0,0,"Block Group 2, Census Tract 74.07, District of Columbia, District of Columbia",103,78,14,14,14,14,14,14,78,14,26,14,14,14,14,14,14,22,13,58,14,14,14,14,14,14,58,14,14,14,14,14,14,14,14,14,14,27,14,14,14,14,14,27,14,14,18,14,14,18,14,14,14,14,14,56,14,14,14,56,14,14,14,14
"G11000100074073","2019-2023","DC",,,"District of Columbia","11","District of Columbia","001",,,"007407","3",,,,,,,,,,,".",".",,,,,,,,,,,,"1500000US110010074073",,,"110010074073","Block Group 3, Census Tract 74.07, District of Columbia, District of Columbia",535,168,0,0,0,0,0,0,153,15,37,10,0,0,15,0,0,12,0,41,41,0,0,0,0,0,0,0,172,73,0,0,0,0,32,67,0,12,0,12,0,0,0,0,0,0,41,41,0,0,0,0,0,0,0,64,64,0,0,0,0,0,0,0,"Block Group 3, Census Tract 74.07, District of Columbia, District of Columbia",163,121,14,14,14,14,14,14,118,23,37,16,14,14,26,14,14,19,14,63,63,14,14,14,14,14,14,14,114,74,14,14,14,14,51,78,14,19,14,19,14,14,14,14,14,14,45,45,14,14,14,14,14,14,14,63,63,14,14,14,14,14,14,14
"G11000100074081","2019-2023","DC",,,"District of Columbia","11","District of Columbia","001",,,"007408","1",,,,,,,,,,,".",".",,,,,,,,,,,,"1500000US110010074081",,,"110010074081","Block Group 1, Census Tract 74.08, District of Columbia, District of Columbia",741,199,0,0,0,0,0,0,115,84,0,0,0,0,0,0,0,0,0,228,21,53,0,0,0,0,154,0,37,25,0,0,0,12,0,0,0,13,0,13,0,0,0,0,0,0,104,85,19,0,0,0,0,0,0,160,147,13,0,0,0,0,0,0,"Block Group 1, Census Tract 74.08, District of Columbia, District of Columbia",248,104,14,14,14,14,14,14,102,82,14,14,14,14,14,14,14,14,14,224,54,75,14,14,14,14,209,14,57,54,14,14,14,19,14,14,14,20,14,20,14,14,14,14,14,14,110,107,32,14,14,14,14,14,14,108,103,32,14,14,14,14,14,14
"G11000100074082","2019-2023","DC",,,"District of Columbia","11","District of Columbia","001",,,"007408","2",,,,,,,,,,,".",".",,,,,,,,,,,,"1500000US110010074082",,,"110010074082","Block Group 2, Census Tract 74.08, District of Columbia, District of Columbia",666,318,0,0,0,0,0,0,216,102,0,0,0,0,0,0,0,0,0,78,0,0,0,78,0,0,0,0,245,139,0,0,0,0,59,47,0,14,14,0,0,0,0,0,0,0,0,0,0,0,0,0,0,0,0,11,11,0,0,0,0,0,0,0,"Block Group 2, Census Tract 74.08, District of Columbia, District of Columbia",321,184,14,14,14,14,14,14,153,82,14,14,14,14,14,14,14,14,14,89,14,14,14,89,14,14,14,14,230,216,14,14,14,14,50,54,14,24,24,14,14,14,14,14,14,14,14,14,14,14,14,14,14,14,14,18,18,14,14,14,14,14,14,14
"G11000100074091","2019-2023","DC",,,"District of Columbia","11","District of Columbia","001",,,"007409","1",,,,,,,,,,,".",".",,,,,,,,,,,,"1500000US110010074091",,,"110010074091","Block Group 1, Census Tract 74.09, District of Columbia, District of Columbia",279,8,0,0,0,0,0,0,8,0,29,0,0,0,0,0,0,29,0,91,0,0,0,0,0,0,51,40,0,0,0,0,0,0,0,0,0,82,0,0,31,51,0,0,0,0,69,0,0,0,0,0,69,0,0,0,0,0,0,0,0,0,0,0,"Block Group 1, Census Tract 74.09, District of Columbia, District of Columbia",167,12,14,14,14,14,14,14,12,14,43,14,14,14,14,14,14,43,14,76,14,14,14,14,14,14,52,60,14,14,14,14,14,14,14,14,14,95,14,14,45,82,14,14,14,14,109,14,14,14,14,14,109,14,14,14,14,14,14,14,14,14,14,14
"G11000100074092","2019-2023","DC",,,"District of Columbia","11","District of Columbia","001",,,"007409","2",,,,,,,,,,,".",".",,,,,,,,,,,,"1500000US110010074092",,,"110010074092","Block Group 2, Census Tract 74.09, District of Columbia, District of Columbia",377,93,0,57,0,0,0,0,36,0,83,0,20,29,0,0,0,34,0,70,0,0,70,0,0,0,0,0,49,0,0,0,0,0,0,49,0,67,16,26,0,0,25,0,0,0,0,0,0,0,0,0,0,0,0,15,15,0,0,0,0,0,0,0,"Block Group 2, Census Tract 74.09, District of Columbia, District of Columbia",142,110,14,92,14,14,14,14,61,14,86,14,33,45,14,14,14,54,14,108,14,14,108,14,14,14,14,14,77,14,14,14,14,14,14,77,14,62,28,42,14,14,35,14,14,14,14,14,14,14,14,14,14,14,14,23,23,14,14,14,14,14,14,14
"G11000100074093","2019-2023","DC",,,"District of Columbia","11","District of Columbia","001",,,"007409","3",,,,,,,,,,,".",".",,,,,,,,,,,,"1500000US110010074093",,,"110010074093","Block Group 3, Census Tract 74.09, District of Columbia, District of Columbia",641,310,0,0,0,0,203,0,107,0,51,0,29,0,0,0,0,22,0,40,0,0,0,0,0,40,0,0,84,0,0,0,0,0,84,0,0,83,54,29,0,0,0,0,0,0,34,34,0,0,0,0,0,0,0,39,39,0,0,0,0,0,0,0,"Block Group 3, Census Tract 74.09, District of Columbia, District of Columbia",366,315,14,14,14,14,298,14,91,14,56,14,45,14,14,14,14,33,14,67,14,14,14,14,14,67,14,14,145,14,14,14,14,14,145,14,14,72,61,46,14,14,14,14,14,14,54,54,14,14,14,14,14,14,14,63,63,14,14,14,14,14,14,14
"G11000100075021","2019-2023","DC",,,"District of Columbia","11","District of Columbia","001",,,"007502","1",,,,,,,,,,,".",".",,,,,,,,,,,,"1500000US110010075021",,,"110010075021","Block Group 1, Census Tract 75.02, District of Columbia, District of Columbia",1088,203,0,0,0,0,0,0,135,68,201,52,11,37,0,0,0,101,0,21,0,0,0,0,0,0,21,0,131,0,0,11,51,47,22,0,0,137,0,0,37,68,32,0,0,0,155,77,39,0,0,0,39,0,0,240,224,0,0,0,16,0,0,0,"Block Group 1, Census Tract 75.02, District of Columbia, District of Columbia",182,141,14,14,14,14,14,14,117,85,132,60,18,56,14,14,14,105,14,34,14,14,14,14,14,14,34,14,103,14,14,19,63,68,34,14,14,118,14,14,62,81,55,14,14,14,96,84,59,14,14,14,61,14,14,173,177,14,14,14,24,14,14,14
"G11000100075022","2019-2023","DC",,,"District of Columbia","11","District of Columbia","001",,,"007502","2",,,,,,,,,,,".",".",,,,,,,,,,,,"1500000US110010075022",,,"110010075022","Block Group 2, Census Tract 75.02, District of Columbia, District of Columbia",290,24,0,0,0,0,0,0,1,23,86,0,0,0,0,0,0,86,0,1,0,0,0,0,0,1,0,0,59,0,0,0,0,15,44,0,0,94,92,0,2,0,0,0,0,0,0,0,0,0,0,0,0,0,0,26,26,0,0,0,0,0,0,0,"Block Group 2, Census Tract 75.02, District of Columbia, District of Columbia",125,38,14,14,14,14,14,14,2,38,86,14,14,14,14,14,14,86,14,2,14,14,14,14,14,2,14,14,51,14,14,14,14,24,46,14,14,111,111,14,9,14,14,14,14,14,14,14,14,14,14,14,14,14,14,43,43,14,14,14,14,14,14,14
"G11000100075023","2019-2023","DC",,,"District of Columbia","11","District of Columbia","001",,,"007502","3",,,,,,,,,,,".",".",,,,,,,,,,,,"1500000US110010075023",,,"110010075023","Block Group 3, Census Tract 75.02, District of Columbia, District of Columbia",159,0,0,0,0,0,0,0,0,0,32,0,0,0,0,0,14,18,0,28,8,20,0,0,0,0,0,0,29,15,0,0,0,0,14,0,0,46,0,8,0,0,0,38,0,0,0,0,0,0,0,0,0,0,0,24,24,0,0,0,0,0,0,0,"Block Group 3, Census Tract 75.02, District of Columbia, District of Columbia",91,14,14,14,14,14,14,14,14,14,34,14,14,14,14,14,21,28,14,34,13,32,14,14,14,14,14,14,36,27,14,14,14,14,21,14,14,58,14,13,14,14,14,57,14,14,14,14,14,14,14,14,14,14,14,40,40,14,14,14,14,14,14,14
"G11000100075031","2019-2023","DC",,,"District of Columbia","11","District of Columbia","001",,,"007503","1",,,,,,,,,,,".",".",,,,,,,,,,,,"1500000US110010075031",,,"110010075031","Block Group 1, Census Tract 75.03, District of Columbia, District of Columbia",264,13,0,0,0,0,0,0,13,0,33,10,0,0,0,0,0,23,0,43,0,0,0,3,0,0,40,0,49,0,0,0,0,0,41,8,0,21,0,0,0,0,21,0,0,0,53,39,0,0,0,0,7,0,7,52,33,19,0,0,0,0,0,0,"Block Group 1, Census Tract 75.03, District of Columbia, District of Columbia",102,22,14,14,14,14,14,14,22,14,40,14,14,14,14,14,14,36,14,41,14,14,14,5,14,14,41,14,49,14,14,14,14,14,47,12,14,34,14,14,14,14,34,14,14,14,59,57,14,14,14,14,10,14,10,41,31,29,14,14,14,14,14,14
"G11000100075032","2019-2023","DC",,,"District of Columbia","11","District of Columbia","001",,,"007503","2",,,,,,,,,,,".",".",,,,,,,,,,,,"1500000US110010075032",,,"110010075032","Block Group 2, Census Tract 75.03, District of Columbia, District of Columbia",408,100,0,0,0,0,9,21,44,26,131,17,0,51,13,0,0,50,0,4,0,0,0,0,0,0,4,0,42,0,0,0,0,21,21,0,0,48,10,0,0,0,20,18,0,0,55,0,0,55,0,0,0,0,0,28,17,11,0,0,0,0,0,0,"Block Group 2, Census Tract 75.03, District of Columbia, District of Columbia",121,72,14,14,14,14,13,33,50,38,97,19,14,55,20,14,14,76,14,6,14,14,14,14,14,14,6,14,44,14,14,14,14,31,33,14,14,46,15,14,14,14,30,30,14,14,78,14,14,78,14,14,14,14,14,32,27,18,14,14,14,14,14,14
"G11000100075041","2019-2023","DC",,,"District of Columbia","11","District of Columbia","001",,,"007504","1",,,,,,,,,,,".",".",,,,,,,,,,,,"1500000US110010075041",,,"110010075041","Block Group 1, Census Tract 75.04, District of Columbia, District of Columbia",415,164,0,0,0,0,14,0,27,123,57,32,0,0,0,0,0,25,0,0,0,0,0,0,0,0,0,0,118,18,0,0,0,28,72,0,0,41,0,0,0,41,0,0,0,0,0,0,0,0,0,0,0,0,0,35,35,0,0,0,0,0,0,0,"Block Group 1, Census Tract 75.04, District of Columbia, District of Columbia",185,130,14,14,14,14,22,14,43,119,50,54,14,14,14,14,14,27,14,14,14,14,14,14,14,14,14,14,131,29,14,14,14,43,120,14,14,65,14,14,14,65,14,14,14,14,14,14,14,14,14,14,14,14,14,55,55,14,14,14,14,14,14,14
"G11000100075042","2019-2023","DC",,,"District of Columbia","11","District of Columbia","001",,,"007504","2",,,,,,,,,,,".",".",,,,,,,,,,,,"1500000US110010075042",,,"110010075042","Block Group 2, Census Tract 75.04, District of Columbia, District of Columbia",508,112,32,0,0,0,0,0,53,27,141,17,0,21,0,0,0,103,0,0,0,0,0,0,0,0,0,0,97,0,0,0,0,52,45,0,0,67,0,38,0,0,0,0,29,0,0,0,0,0,0,0,0,0,0,91,91,0,0,0,0,0,0,0,"Block Group 2, Census Tract 75.04, District of Columbia, District of Columbia",157,85,50,14,14,14,14,14,60,41,121,27,14,34,14,14,14,114,14,14,14,14,14,14,14,14,14,14,95,14,14,14,14,84,48,14,14,77,14,62,14,14,14,14,47,14,14,14,14,14,14,14,14,14,14,104,104,14,14,14,14,14,14,14
"G11000100076011","2019-2023","DC",,,"District of Columbia","11","District of Columbia","001",,,"007601","1",,,,,,,,,,,".",".",,,,,,,,,,,,"1500000US110010076011",,,"110010076011","Block Group 1, Census Tract 76.01, District of Columbia, District of Columbia",193,3,0,0,0,0,0,0,3,0,14,0,0,14,0,0,0,0,0,1,0,0,0,0,0,0,1,0,33,0,0,0,0,33,0,0,0,56,0,0,0,28,0,0,28,0,86,0,86,0,0,0,0,0,0,0,0,0,0,0,0,0,0,0,"Block Group 1, Census Tract 76.01, District of Columbia, District of Columbia",161,6,14,14,14,14,14,14,6,14,22,14,14,22,14,14,14,14,14,3,14,14,14,14,14,14,3,14,48,14,14,14,14,48,14,14,14,63,14,14,14,43,14,14,42,14,141,14,141,14,14,14,14,14,14,14,14,14,14,14,14,14,14,14
"G11000100076012","2019-2023","DC",,,"District of Columbia","11","District of Columbia","001",,,"007601","2",,,,,,,,,,,".",".",,,,,,,,,,,,"1500000US110010076012",,,"110010076012","Block Group 2, Census Tract 76.01, District of Columbia, District of Columbia",89,0,0,0,0,0,0,0,0,0,51,0,0,0,0,0,0,51,0,0,0,0,0,0,0,0,0,0,18,0,0,0,0,0,18,0,0,0,0,0,0,0,0,0,0,0,0,0,0,0,0,0,0,0,0,20,20,0,0,0,0,0,0,0,"Block Group 2, Census Tract 76.01, District of Columbia, District of Columbia",84,14,14,14,14,14,14,14,14,14,80,14,14,14,14,14,14,80,14,14,14,14,14,14,14,14,14,14,34,14,14,14,14,14,34,14,14,14,14,14,14,14,14,14,14,14,14,14,14,14,14,14,14,14,14,37,37,14,14,14,14,14,14,14
"G11000100076013","2019-2023","DC",,,"District of Columbia","11","District of Columbia","001",,,"007601","3",,,,,,,,,,,".",".",,,,,,,,,,,,"1500000US110010076013",,,"110010076013","Block Group 3, Census Tract 76.01, District of Columbia, District of Columbia",447,0,0,0,0,0,0,0,0,0,132,91,0,0,30,0,0,11,0,16,0,0,0,0,0,0,16,0,43,0,0,0,43,0,0,0,0,152,85,56,0,0,0,0,0,11,83,83,0,0,0,0,0,0,0,21,21,0,0,0,0,0,0,0,"Block Group 3, Census Tract 76.01, District of Columbia, District of Columbia",199,14,14,14,14,14,14,14,14,14,153,147,14,14,50,14,14,30,14,26,14,14,14,14,14,14,26,14,72,14,14,14,72,14,14,14,14,77,76,64,14,14,14,14,14,19,99,99,14,14,14,14,14,14,14,33,33,14,14,14,14,14,14,14
"G11000100076014","2019-2023","DC",,,"District of Columbia","11","District of Columbia","001",,,"007601","4",,,,,,,,,,,".",".",,,,,,,,,,,,"1500000US110010076014",,,"110010076014","Block Group 4, Census Tract 76.01, District of Columbia, District of Columbia",506,144,0,0,0,0,0,0,144,0,27,0,0,0,0,0,0,27,0,164,0,0,0,0,0,0,164,0,74,0,74,0,0,0,0,0,0,97,97,0,0,0,0,0,0,0,0,0,0,0,0,0,0,0,0,0,0,0,0,0,0,0,0,0,"Block Group 4, Census Tract 76.01, District of Columbia, District of Columbia",267,132,14,14,14,14,14,14,132,14,38,14,14,14,14,14,14,38,14,159,14,14,14,14,14,14,159,14,122,14,122,14,14,14,14,14,14,151,151,14,14,14,14,14,14,14,14,14,14,14,14,14,14,14,14,14,14,14,14,14,14,14,14,14
"G11000100076015","2019-2023","DC",,,"District of Columbia","11","District of Columbia","001",,,"007601","5",,,,,,,,,,,".",".",,,,,,,,,,,,"1500000US110010076015",,,"110010076015","Block Group 5, Census Tract 76.01, District of Columbia, District of Columbia",159,0,0,0,0,0,0,0,0,0,52,0,0,0,0,0,0,0,52,0,0,0,0,0,0,0,0,0,0,0,0,0,0,0,0,0,0,14,0,0,0,0,0,0,14,0,78,0,78,0,0,0,0,0,0,15,0,0,0,0,15,0,0,0,"Block Group 5, Census Tract 76.01, District of Columbia, District of Columbia",150,14,14,14,14,14,14,14,14,14,73,14,14,14,14,14,14,14,73,14,14,14,14,14,14,14,14,14,14,14,14,14,14,14,14,14,14,23,14,14,14,14,14,14,23,14,127,14,127,14,14,14,14,14,14,26,14,14,14,14,26,14,14,14
"G11000100076031","2019-2023","DC",,,"District of Columbia","11","District of Columbia","001",,,"007603","1",,,,,,,,,,,".",".",,,,,,,,,,,,"1500000US110010076031",,,"110010076031","Block Group 1, Census Tract 76.03, District of Columbia, District of Columbia",387,17,0,0,0,0,0,0,17,0,31,0,0,0,0,0,0,31,0,0,0,0,0,0,0,0,0,0,0,0,0,0,0,0,0,0,0,193,0,193,0,0,0,0,0,0,146,0,22,0,124,0,0,0,0,0,0,0,0,0,0,0,0,0,"Block Group 1, Census Tract 76.03, District of Columbia, District of Columbia",301,55,14,14,14,14,14,14,55,14,54,14,14,14,14,14,14,54,14,14,14,14,14,14,14,14,14,14,14,14,14,14,14,14,14,14,14,288,14,288,14,14,14,14,14,14,184,14,50,14,196,14,14,14,14,14,14,14,14,14,14,14,14,14
"G11000100076032","2019-2023","DC",,,"District of Columbia","11","District of Columbia","001",,,"007603","2",,,,,,,,,,,".",".",,,,,,,,,,,,"1500000US110010076032",,,"110010076032","Block Group 2, Census Tract 76.03, District of Columbia, District of Columbia",133,66,0,0,0,0,0,0,66,0,0,0,0,0,0,0,0,0,0,0,0,0,0,0,0,0,0,0,20,0,0,0,20,0,0,0,0,0,0,0,0,0,0,0,0,0,26,26,0,0,0,0,0,0,0,21,7,0,0,0,0,14,0,0,"Block Group 2, Census Tract 76.03, District of Columbia, District of Columbia",76,62,14,14,14,14,14,14,62,14,14,14,14,14,14,14,14,14,14,14,14,14,14,14,14,14,14,14,37,14,14,14,37,14,14,14,14,14,14,14,14,14,14,14,14,14,39,39,14,14,14,14,14,14,14,27,12,14,14,14,14,24,14,14
"G11000100076033","2019-2023","DC",,,"District of Columbia","11","District of Columbia","001",,,"007603","3",,,,,,,,,,,".",".",,,,,,,,,,,,"1500000US110010076033",,,"110010076033","Block Group 3, Census Tract 76.03, District of Columbia, District of Columbia",0,0,0,0,0,0,0,0,0,0,0,0,0,0,0,0,0,0,0,0,0,0,0,0,0,0,0,0,0,0,0,0,0,0,0,0,0,0,0,0,0,0,0,0,0,0,0,0,0,0,0,0,0,0,0,0,0,0,0,0,0,0,0,0,"Block Group 3, Census Tract 76.03, District of Columbia, District of Columbia",14,14,14,14,14,14,14,14,14,14,14,14,14,14,14,14,14,14,14,14,14,14,14,14,14,14,14,14,14,14,14,14,14,14,14,14,14,14,14,14,14,14,14,14,14,14,14,14,14,14,14,14,14,14,14,14,14,14,14,14,14,14,14,14
"G11000100076034","2019-2023","DC",,,"District of Columbia","11","District of Columbia","001",,,"007603","4",,,,,,,,,,,".",".",,,,,,,,,,,,"1500000US110010076034",,,"110010076034","Block Group 4, Census Tract 76.03, District of Columbia, District of Columbia",912,0,0,0,0,0,0,0,0,0,15,0,0,0,0,0,0,15,0,41,0,0,0,0,0,0,41,0,128,0,0,36,49,43,0,0,0,88,37,37,14,0,0,0,0,0,153,57,96,0,0,0,0,0,0,487,487,0,0,0,0,0,0,0,"Block Group 4, Census Tract 76.03, District of Columbia, District of Columbia",366,14,14,14,14,14,14,14,14,14,51,14,14,14,14,14,14,51,14,64,14,14,14,14,14,14,64,14,125,14,14,62,80,67,14,14,14,87,57,63,17,14,14,14,14,14,175,88,148,14,14,14,14,14,14,351,351,14,14,14,14,14,14,14
"G11000100076041","2019-2023","DC",,,"District of Columbia","11","District of Columbia","001",,,"007604","1",,,,,,,,,,,".",".",,,,,,,,,,,,"1500000US110010076041",,,"110010076041","Block Group 1, Census Tract 76.04, District of Columbia, District of Columbia",399,101,0,0,0,0,0,0,74,27,63,0,0,0,0,0,0,63,0,57,0,0,0,0,57,0,0,0,72,2,0,33,0,21,16,0,0,7,0,7,0,0,0,0,0,0,60,13,0,47,0,0,0,0,0,39,39,0,0,0,0,0,0,0,"Block Group 1, Census Tract 76.04, District of Columbia, District of Columbia",130,92,14,14,14,14,14,14,81,32,67,14,14,14,14,14,14,67,14,48,14,14,14,14,48,14,14,14,66,4,14,51,14,32,24,14,14,13,14,13,14,14,14,14,14,14,76,20,14,71,14,14,14,14,14,61,61,14,14,14,14,14,14,14
"G11000100076042","2019-2023","DC",,,"District of Columbia","11","District of Columbia","001",,,"007604","2",,,,,,,,,,,".",".",,,,,,,,,,,,"1500000US110010076042",,,"110010076042","Block Group 2, Census Tract 76.04, District of Columbia, District of Columbia",330,12,0,0,0,6,0,0,6,0,37,18,0,0,19,0,0,0,0,20,0,0,0,0,0,20,0,0,141,0,28,0,26,0,31,56,0,86,0,21,54,0,11,0,0,0,21,0,0,21,0,0,0,0,0,13,13,0,0,0,0,0,0,0,"Block Group 2, Census Tract 76.04, District of Columbia, District of Columbia",123,10,14,14,14,10,14,14,9,14,43,29,14,14,32,14,14,14,14,31,14,14,14,14,14,31,14,14,98,14,44,14,32,14,48,77,14,73,14,34,65,14,17,14,14,14,32,14,14,32,14,14,14,14,14,21,21,14,14,14,14,14,14,14
"G11000100076043","2019-2023","DC",,,"District of Columbia","11","District of Columbia","001",,,"007604","3",,,,,,,,,,,".",".",,,,,,,,,,,,"1500000US110010076043",,,"110010076043","Block Group 3, Census Tract 76.04, District of Columbia, District of Columbia",456,0,0,0,0,0,0,0,0,0,38,0,0,0,0,0,0,38,0,58,58,0,0,0,0,0,0,0,0,0,0,0,0,0,0,0,0,40,0,0,26,0,14,0,0,0,143,0,0,143,0,0,0,0,0,177,27,145,5,0,0,0,0,0,"Block Group 3, Census Tract 76.04, District of Columbia, District of Columbia",200,14,14,14,14,14,14,14,14,14,66,14,14,14,14,14,14,66,14,89,89,14,14,14,14,14,14,14,14,14,14,14,14,14,14,14,14,43,14,14,38,14,22,14,14,14,199,14,14,199,14,14,14,14,14,109,42,102,23,14,14,14,14,14
"G11000100076044","2019-2023","DC",,,"District of Columbia","11","District of Columbia","001",,,"007604","4",,,,,,,,,,,".",".",,,,,,,,,,,,"1500000US110010076044",,,"110010076044","Block Group 4, Census Tract 76.04, District of Columbia, District of Columbia",77,0,0,0,0,0,0,0,0,0,0,0,0,0,0,0,0,0,0,23,0,0,0,0,0,0,23,0,0,0,0,0,0,0,0,0,0,37,0,13,0,0,0,0,24,0,0,0,0,0,0,0,0,0,0,17,0,0,0,0,0,0,0,17,"Block Group 4, Census Tract 76.04, District of Columbia, District of Columbia",64,14,14,14,14,14,14,14,14,14,14,14,14,14,14,14,14,14,14,37,14,14,14,14,14,14,37,14,14,14,14,14,14,14,14,14,14,41,14,16,14,14,14,14,40,14,14,14,14,14,14,14,14,14,14,29,14,14,14,14,14,14,14,29
"G11000100076051","2019-2023","DC",,,"District of Columbia","11","District of Columbia","001",,,"007605","1",,,,,,,,,,,".",".",,,,,,,,,,,,"1500000US110010076051",,,"110010076051","Block Group 1, Census Tract 76.05, District of Columbia, District of Columbia",28,0,0,0,0,0,0,0,0,0,0,0,0,0,0,0,0,0,0,0,0,0,0,0,0,0,0,0,11,0,11,0,0,0,0,0,0,17,0,0,0,0,0,0,17,0,0,0,0,0,0,0,0,0,0,0,0,0,0,0,0,0,0,0,"Block Group 1, Census Tract 76.05, District of Columbia, District of Columbia",32,14,14,14,14,14,14,14,14,14,14,14,14,14,14,14,14,14,14,14,14,14,14,14,14,14,14,14,17,14,17,14,14,14,14,14,14,28,14,14,14,14,14,14,28,14,14,14,14,14,14,14,14,14,14,14,14,14,14,14,14,14,14,14
"G11000100076052","2019-2023","DC",,,"District of Columbia","11","District of Columbia","001",,,"007605","2",,,,,,,,,,,".",".",,,,,,,,,,,,"1500000US110010076052",,,"110010076052","Block Group 2, Census Tract 76.05, District of Columbia, District of Columbia",256,0,0,0,0,0,0,0,0,0,0,0,0,0,0,0,0,0,0,60,0,0,0,0,0,0,50,10,57,0,0,0,0,0,57,0,0,26,26,0,0,0,0,0,0,0,99,99,0,0,0,0,0,0,0,14,14,0,0,0,0,0,0,0,"Block Group 2, Census Tract 76.05, District of Columbia, District of Columbia",138,14,14,14,14,14,14,14,14,14,14,14,14,14,14,14,14,14,14,75,14,14,14,14,14,14,73,16,69,14,14,14,14,14,69,14,14,39,39,14,14,14,14,14,14,14,106,106,14,14,14,14,14,14,14,23,23,14,14,14,14,14,14,14
"G11000100076053","2019-2023","DC",,,"District of Columbia","11","District of Columbia","001",,,"007605","3",,,,,,,,,,,".",".",,,,,,,,,,,,"1500000US110010076053",,,"110010076053","Block Group 3, Census Tract 76.05, District of Columbia, District of Columbia",750,230,0,0,0,0,0,0,230,0,5,0,0,0,0,0,0,5,0,77,0,0,0,0,0,42,35,0,80,31,0,0,17,0,32,0,0,132,0,56,76,0,0,0,0,0,67,43,24,0,0,0,0,0,0,159,159,0,0,0,0,0,0,0,"Block Group 3, Census Tract 76.05, District of Columbia, District of Columbia",335,283,14,14,14,14,14,14,283,14,8,14,14,14,14,14,14,8,14,75,14,14,14,14,14,53,57,14,66,40,14,14,26,14,39,14,14,98,14,92,88,14,14,14,14,14,68,57,35,14,14,14,14,14,14,123,123,14,14,14,14,14,14,14
"G11000100076054","2019-2023","DC",,,"District of Columbia","11","District of Columbia","001",,,"007605","4",,,,,,,,,,,".",".",,,,,,,,,,,,"1500000US110010076054",,,"110010076054","Block Group 4, Census Tract 76.05, District of Columbia, District of Columbia",290,56,0,0,0,0,0,0,56,0,0,0,0,0,0,0,0,0,0,124,0,0,0,0,0,65,59,0,53,33,0,0,0,0,20,0,0,35,0,0,35,0,0,0,0,0,22,22,0,0,0,0,0,0,0,0,0,0,0,0,0,0,0,0,"Block Group 4, Census Tract 76.05, District of Columbia, District of Columbia",131,67,14,14,14,14,14,14,67,14,14,14,14,14,14,14,14,14,14,97,14,14,14,14,14,74,66,14,63,54,14,14,14,14,32,14,14,39,14,14,39,14,14,14,14,14,36,36,14,14,14,14,14,14,14,14,14,14,14,14,14,14,14,14
"G11000100077031","2019-2023","DC",,,"District of Columbia","11","District of Columbia","001",,,"007703","1",,,,,,,,,,,".",".",,,,,,,,,,,,"1500000US110010077031",,,"110010077031","Block Group 1, Census Tract 77.03, District of Columbia, District of Columbia",232,0,0,0,0,0,0,0,0,0,0,0,0,0,0,0,0,0,0,65,0,0,0,0,0,0,65,0,19,0,0,0,0,19,0,0,0,12,0,0,0,12,0,0,0,0,0,0,0,0,0,0,0,0,0,136,136,0,0,0,0,0,0,0,"Block Group 1, Census Tract 77.03, District of Columbia, District of Columbia",187,14,14,14,14,14,14,14,14,14,14,14,14,14,14,14,14,14,14,80,14,14,14,14,14,14,80,14,32,14,14,14,14,32,14,14,14,25,14,14,14,25,14,14,14,14,14,14,14,14,14,14,14,14,14,157,157,14,14,14,14,14,14,14
"G11000100077032","2019-2023","DC",,,"District of Columbia","11","District of Columbia","001",,,"007703","2",,,,,,,,,,,".",".",,,,,,,,,,,,"1500000US110010077032",,,"110010077032","Block Group 2, Census Tract 77.03, District of Columbia, District of Columbia",165,55,0,0,0,0,0,0,55,0,38,0,0,0,0,0,0,38,0,22,0,22,0,0,0,0,0,0,0,0,0,0,0,0,0,0,0,35,0,35,0,0,0,0,0,0,0,0,0,0,0,0,0,0,0,15,15,0,0,0,0,0,0,0,"Block Group 2, Census Tract 77.03, District of Columbia, District of Columbia",132,90,14,14,14,14,14,14,90,14,61,14,14,14,14,14,14,61,14,40,14,40,14,14,14,14,14,14,14,14,14,14,14,14,14,14,14,68,14,68,14,14,14,14,14,14,14,14,14,14,14,14,14,14,14,25,25,14,14,14,14,14,14,14
"G11000100077033","2019-2023","DC",,,"District of Columbia","11","District of Columbia","001",,,"007703","3",,,,,,,,,,,".",".",,,,,,,,,,,,"1500000US110010077033",,,"110010077033","Block Group 3, Census Tract 77.03, District of Columbia, District of Columbia",750,190,0,0,0,0,0,0,179,11,110,0,0,22,23,65,0,0,0,28,0,0,0,0,0,28,0,0,78,0,0,0,78,0,0,0,0,164,23,0,28,113,0,0,0,0,126,126,0,0,0,0,0,0,0,54,54,0,0,0,0,0,0,0,"Block Group 3, Census Tract 77.03, District of Columbia, District of Columbia",278,188,14,14,14,14,14,14,186,17,85,14,14,36,44,96,14,14,14,39,14,14,14,14,14,39,14,14,96,14,14,14,96,14,14,14,14,156,32,14,49,154,14,14,14,14,120,120,14,14,14,14,14,14,14,65,65,14,14,14,14,14,14,14
"G11000100077034","2019-2023","DC",,,"District of Columbia","11","District of Columbia","001",,,"007703","4",,,,,,,,,,,".",".",,,,,,,,,,,,"1500000US110010077034",,,"110010077034","Block Group 4, Census Tract 77.03, District of Columbia, District of Columbia",295,98,45,0,0,0,0,0,8,45,36,0,0,0,0,0,0,36,0,0,0,0,0,0,0,0,0,0,31,0,31,0,0,0,0,0,0,0,0,0,0,0,0,0,0,0,116,113,0,0,3,0,0,0,0,14,14,0,0,0,0,0,0,0,"Block Group 4, Census Tract 77.03, District of Columbia, District of Columbia",152,87,68,14,14,14,14,14,14,65,45,14,14,14,14,14,14,45,14,14,14,14,14,14,14,14,14,14,54,14,54,14,14,14,14,14,14,14,14,14,14,14,14,14,14,14,129,128,14,14,19,14,14,14,14,26,26,14,14,14,14,14,14,14
"G11000100077071","2019-2023","DC",,,"District of Columbia","11","District of Columbia","001",,,"007707","1",,,,,,,,,,,".",".",,,,,,,,,,,,"1500000US110010077071",,,"110010077071","Block Group 1, Census Tract 77.07, District of Columbia, District of Columbia",131,25,0,0,0,0,0,0,0,25,14,0,0,0,0,0,0,0,14,30,0,0,0,0,0,0,30,0,0,0,0,0,0,0,0,0,0,15,0,0,0,0,15,0,0,0,0,0,0,0,0,0,0,0,0,47,47,0,0,0,0,0,0,0,"Block Group 1, Census Tract 77.07, District of Columbia, District of Columbia",81,24,14,14,14,14,14,14,14,24,15,14,14,14,14,14,14,14,15,46,14,14,14,14,14,14,46,14,14,14,14,14,14,14,14,14,14,23,14,14,14,14,23,14,14,14,14,14,14,14,14,14,14,14,14,65,65,14,14,14,14,14,14,14
"G11000100077072","2019-2023","DC",,,"District of Columbia","11","District of Columbia","001",,,"007707","2",,,,,,,,,,,".",".",,,,,,,,,,,,"1500000US110010077072",,,"110010077072","Block Group 2, Census Tract 77.07, District of Columbia, District of Columbia",302,109,0,0,0,0,0,0,26,83,150,0,0,0,0,0,0,150,0,34,0,0,0,0,0,0,34,0,0,0,0,0,0,0,0,0,0,0,0,0,0,0,0,0,0,0,9,0,9,0,0,0,0,0,0,0,0,0,0,0,0,0,0,0,"Block Group 2, Census Tract 77.07, District of Columbia, District of Columbia",223,94,14,14,14,14,14,14,42,86,177,14,14,14,14,14,14,177,14,54,14,14,14,14,14,14,54,14,14,14,14,14,14,14,14,14,14,14,14,14,14,14,14,14,14,14,14,14,14,14,14,14,14,14,14,14,14,14,14,14,14,14,14,14
"G11000100077073","2019-2023","DC",,,"District of Columbia","11","District of Columbia","001",,,"007707","3",,,,,,,,,,,".",".",,,,,,,,,,,,"1500000US110010077073",,,"110010077073","Block Group 3, Census Tract 77.07, District of Columbia, District of Columbia",550,48,0,0,0,0,0,0,24,24,82,0,0,0,16,0,40,26,0,65,54,0,0,0,0,0,11,0,30,0,0,0,0,30,0,0,0,202,0,0,30,0,98,74,0,0,80,80,0,0,0,0,0,0,0,43,43,0,0,0,0,0,0,0,"Block Group 3, Census Tract 77.07, District of Columbia, District of Columbia",183,48,14,14,14,14,14,14,37,33,77,14,14,14,26,14,60,43,14,70,69,14,14,14,14,14,19,14,46,14,14,14,14,46,14,14,14,141,14,14,41,14,108,118,14,14,58,58,14,14,14,14,14,14,14,55,55,14,14,14,14,14,14,14
"G11000100077081","2019-2023","DC",,,"District of Columbia","11","District of Columbia","001",,,"007708","1",,,,,,,,,,,".",".",,,,,,,,,,,,"1500000US110010077081",,,"110010077081","Block Group 1, Census Tract 77.08, District of Columbia, District of Columbia",342,163,0,0,0,0,0,0,27,136,19,0,0,0,0,0,2,17,0,29,0,0,0,0,0,0,29,0,29,0,0,29,0,0,0,0,0,79,72,0,0,7,0,0,0,0,0,0,0,0,0,0,0,0,0,23,23,0,0,0,0,0,0,0,"Block Group 1, Census Tract 77.08, District of Columbia, District of Columbia",168,142,14,14,14,14,14,14,41,140,37,14,14,14,14,14,4,37,14,45,14,14,14,14,14,14,45,14,48,14,14,48,14,14,14,14,14,117,116,14,14,13,14,14,14,14,14,14,14,14,14,14,14,14,14,36,36,14,14,14,14,14,14,14
"G11000100077082","2019-2023","DC",,,"District of Columbia","11","District of Columbia","001",,,"007708","2",,,,,,,,,,,".",".",,,,,,,,,,,,"1500000US110010077082",,,"110010077082","Block Group 2, Census Tract 77.08, District of Columbia, District of Columbia",645,34,0,0,0,0,0,0,0,34,46,0,1,0,0,0,1,44,0,166,0,0,0,0,30,39,97,0,43,13,0,0,30,0,0,0,0,300,46,68,82,58,46,0,0,0,2,2,0,0,0,0,0,0,0,54,1,53,0,0,0,0,0,0,"Block Group 2, Census Tract 77.08, District of Columbia, District of Columbia",250,55,14,14,14,14,14,14,14,55,72,14,12,14,14,14,4,69,14,165,14,14,14,14,46,37,155,14,51,20,14,14,47,14,14,14,14,188,53,70,121,86,72,14,14,14,24,24,14,14,14,14,14,14,14,67,3,67,14,14,14,14,14,14
"G11000100077091","2019-2023","DC",,,"District of Columbia","11","District of Columbia","001",,,"007709","1",,,,,,,,,,,".",".",,,,,,,,,,,,"1500000US110010077091",,,"110010077091","Block Group 1, Census Tract 77.09, District of Columbia, District of Columbia",335,38,0,0,0,0,0,0,38,0,51,22,0,0,0,0,0,29,0,46,0,0,0,0,5,9,32,0,72,1,0,0,36,0,35,0,0,72,0,22,0,0,0,50,0,0,6,6,0,0,0,0,0,0,0,50,50,0,0,0,0,0,0,0,"Block Group 1, Census Tract 77.09, District of Columbia, District of Columbia",111,38,14,14,14,14,14,14,38,14,71,41,14,14,14,14,14,61,14,40,14,14,14,14,8,15,39,14,54,2,14,14,32,14,41,14,14,82,14,35,14,14,14,78,14,14,10,10,14,14,14,14,14,14,14,47,47,14,14,14,14,14,14,14
"G11000100077092","2019-2023","DC",,,"District of Columbia","11","District of Columbia","001",,,"007709","2",,,,,,,,,,,".",".",,,,,,,,,,,,"1500000US110010077092",,,"110010077092","Block Group 2, Census Tract 77.09, District of Columbia, District of Columbia",710,231,0,0,0,0,0,0,231,0,59,0,22,0,0,0,0,37,0,102,34,0,0,0,6,0,62,0,0,0,0,0,0,0,0,0,0,142,0,76,66,0,0,0,0,0,78,35,0,43,0,0,0,0,0,98,0,78,0,0,0,0,0,20,"Block Group 2, Census Tract 77.09, District of Columbia, District of Columbia",329,293,14,14,14,14,14,14,293,14,73,14,37,14,14,14,14,58,14,76,51,14,14,14,9,14,87,14,14,14,14,14,14,14,14,14,14,131,14,74,100,14,14,14,14,14,90,58,14,68,14,14,14,14,14,62,14,50,14,14,14,14,14,32
"G11000100078031","2019-2023","DC",,,"District of Columbia","11","District of Columbia","001",,,"007803","1",,,,,,,,,,,".",".",,,,,,,,,,,,"1500000US110010078031",,,"110010078031","Block Group 1, Census Tract 78.03, District of Columbia, District of Columbia",681,221,0,0,0,0,0,0,109,112,79,0,0,0,0,0,0,79,0,2,0,0,0,0,0,2,0,0,0,0,0,0,0,0,0,0,0,181,0,13,60,63,0,45,0,0,18,0,18,0,0,0,0,0,0,180,180,0,0,0,0,0,0,0,"Block Group 1, Census Tract 78.03, District of Columbia, District of Columbia",247,179,14,14,14,14,14,14,117,139,108,14,14,14,14,14,14,108,14,4,14,14,14,14,14,4,14,14,14,14,14,14,14,14,14,14,14,146,14,24,94,97,14,72,14,14,30,14,30,14,14,14,14,14,14,176,176,14,14,14,14,14,14,14
"G11000100078032","2019-2023","DC",,,"District of Columbia","11","District of Columbia","001",,,"007803","2",,,,,,,,,,,".",".",,,,,,,,,,,,"1500000US110010078032",,,"110010078032","Block Group 2, Census Tract 78.03, District of Columbia, District of Columbia",99,48,0,0,0,0,0,0,48,0,0,0,0,0,0,0,0,0,0,17,0,0,0,0,0,0,17,0,0,0,0,0,0,0,0,0,0,0,0,0,0,0,0,0,0,0,24,0,24,0,0,0,0,0,0,10,0,10,0,0,0,0,0,0,"Block Group 2, Census Tract 78.03, District of Columbia, District of Columbia",69,55,14,14,14,14,14,14,55,14,14,14,14,14,14,14,14,14,14,28,14,14,14,14,14,14,28,14,14,14,14,14,14,14,14,14,14,14,14,14,14,14,14,14,14,14,38,14,38,14,14,14,14,14,14,22,14,22,14,14,14,14,14,14
"G11000100078033","2019-2023","DC",,,"District of Columbia","11","District of Columbia","001",,,"007803","3",,,,,,,,,,,".",".",,,,,,,,,,,,"1500000US110010078033",,,"110010078033","Block Group 3, Census Tract 78.03, District of Columbia, District of Columbia",337,160,0,0,0,0,0,0,61,99,54,0,0,29,0,0,0,0,25,36,36,0,0,0,0,0,0,0,38,0,0,0,38,0,0,0,0,0,0,0,0,0,0,0,0,0,0,0,0,0,0,0,0,0,0,49,49,0,0,0,0,0,0,0,"Block Group 3, Census Tract 78.03, District of Columbia, District of Columbia",159,139,14,14,14,14,14,14,86,119,53,14,14,35,14,14,14,14,39,49,49,14,14,14,14,14,14,14,63,14,14,14,63,14,14,14,14,14,14,14,14,14,14,14,14,14,14,14,14,14,14,14,14,14,14,77,77,14,14,14,14,14,14,14
"G11000100078034","2019-2023","DC",,,"District of Columbia","11","District of Columbia","001",,,"007803","4",,,,,,,,,,,".",".",,,,,,,,,,,,"1500000US110010078034",,,"110010078034","Block Group 4, Census Tract 78.03, District of Columbia, District of Columbia",417,40,0,0,0,0,0,0,35,5,55,0,0,0,0,0,0,55,0,40,0,0,0,0,0,0,40,0,32,0,0,3,0,29,0,0,0,125,21,54,0,50,0,0,0,0,19,0,19,0,0,0,0,0,0,106,37,0,0,69,0,0,0,0,"Block Group 4, Census Tract 78.03, District of Columbia, District of Columbia",187,62,14,14,14,14,14,14,61,8,78,14,14,14,14,14,14,78,14,46,14,14,14,14,14,14,46,14,49,14,14,5,14,48,14,14,14,109,32,90,14,69,14,14,14,14,32,14,32,14,14,14,14,14,14,123,55,14,14,108,14,14,14,14
"G11000100078041","2019-2023","DC",,,"District of Columbia","11","District of Columbia","001",,,"007804","1",,,,,,,,,,,".",".",,,,,,,,,,,,"1500000US110010078041",,,"110010078041","Block Group 1, Census Tract 78.04, District of Columbia, District of Columbia",619,59,0,0,0,0,0,0,59,0,100,0,12,54,0,0,0,34,0,0,0,0,0,0,0,0,0,0,97,97,0,0,0,0,0,0,0,336,0,101,0,0,235,0,0,0,0,0,0,0,0,0,0,0,0,27,15,12,0,0,0,0,0,0,"Block Group 1, Census Tract 78.04, District of Columbia, District of Columbia",416,88,14,14,14,14,14,14,88,14,62,14,19,52,14,14,14,41,14,14,14,14,14,14,14,14,14,14,114,114,14,14,14,14,14,14,14,385,14,97,14,14,340,14,14,14,14,14,14,14,14,14,14,14,14,44,24,36,14,14,14,14,14,14
"G11000100078042","2019-2023","DC",,,"District of Columbia","11","District of Columbia","001",,,"007804","2",,,,,,,,,,,".",".",,,,,,,,,,,,"1500000US110010078042",,,"110010078042","Block Group 2, Census Tract 78.04, District of Columbia, District of Columbia",348,0,0,0,0,0,0,0,0,0,111,0,53,36,16,0,0,6,0,106,76,0,0,30,0,0,0,0,119,0,0,0,0,0,0,119,0,0,0,0,0,0,0,0,0,0,0,0,0,0,0,0,0,0,0,12,12,0,0,0,0,0,0,0,"Block Group 2, Census Tract 78.04, District of Columbia, District of Columbia",203,14,14,14,14,14,14,14,14,14,101,14,82,59,31,14,14,18,14,88,73,14,14,50,14,14,14,14,182,14,14,14,14,14,14,182,14,14,14,14,14,14,14,14,14,14,14,14,14,14,14,14,14,14,14,25,25,14,14,14,14,14,14,14
"G11000100078043","2019-2023","DC",,,"District of Columbia","11","District of Columbia","001",,,"007804","3",,,,,,,,,,,".",".",,,,,,,,,,,,"1500000US110010078043",,,"110010078043","Block Group 3, Census Tract 78.04, District of Columbia, District of Columbia",197,42,0,0,0,0,0,0,42,0,79,3,0,0,7,36,18,15,0,35,0,7,20,0,0,0,8,0,23,23,0,0,0,0,0,0,0,0,0,0,0,0,0,0,0,0,0,0,0,0,0,0,0,0,0,18,18,0,0,0,0,0,0,0,"Block Group 3, Census Tract 78.04, District of Columbia, District of Columbia",111,50,14,14,14,14,14,14,50,14,72,6,14,14,11,56,31,17,14,37,14,11,32,14,14,14,12,14,41,41,14,14,14,14,14,14,14,14,14,14,14,14,14,14,14,14,14,14,14,14,14,14,14,14,14,24,24,14,14,14,14,14,14,14
"G11000100078061","2019-2023","DC",,,"District of Columbia","11","District of Columbia","001",,,"007806","1",,,,,,,,,,,".",".",,,,,,,,,,,,"1500000US110010078061",,,"110010078061","Block Group 1, Census Tract 78.06, District of Columbia, District of Columbia",230,40,0,0,0,0,0,0,0,40,10,0,0,0,0,0,0,10,0,27,0,0,0,0,0,27,0,0,86,0,0,0,59,27,0,0,0,64,0,0,29,0,0,0,35,0,3,3,0,0,0,0,0,0,0,0,0,0,0,0,0,0,0,0,"Block Group 1, Census Tract 78.06, District of Columbia, District of Columbia",102,63,14,14,14,14,14,14,14,63,18,14,14,14,14,14,14,18,14,48,14,14,14,14,14,48,14,14,88,14,14,14,88,24,14,14,14,67,14,14,36,14,14,14,55,14,6,6,14,14,14,14,14,14,14,14,14,14,14,14,14,14,14,14
"G11000100078062","2019-2023","DC",,,"District of Columbia","11","District of Columbia","001",,,"007806","2",,,,,,,,,,,".",".",,,,,,,,,,,,"1500000US110010078062",,,"110010078062","Block Group 2, Census Tract 78.06, District of Columbia, District of Columbia",413,60,0,0,0,0,0,0,60,0,141,0,0,0,0,0,0,96,45,39,0,0,0,0,0,39,0,0,81,0,0,0,68,0,13,0,0,44,0,27,0,0,0,0,17,0,28,28,0,0,0,0,0,0,0,20,20,0,0,0,0,0,0,0,"Block Group 2, Census Tract 78.06, District of Columbia, District of Columbia",201,66,14,14,14,14,14,14,66,14,167,14,14,14,14,14,14,155,73,63,14,14,14,14,14,63,14,14,111,14,14,14,107,14,22,14,14,47,14,40,14,14,14,14,29,14,44,44,14,14,14,14,14,14,14,30,30,14,14,14,14,14,14,14
"G11000100078071","2019-2023","DC",,,"District of Columbia","11","District of Columbia","001",,,"007807","1",,,,,,,,,,,".",".",,,,,,,,,,,,"1500000US110010078071",,,"110010078071","Block Group 1, Census Tract 78.07, District of Columbia, District of Columbia",258,82,6,0,0,0,0,0,76,0,0,0,0,0,0,0,0,0,0,33,0,14,0,0,0,18,1,0,93,0,0,43,0,0,0,50,0,7,0,0,7,0,0,0,0,0,11,11,0,0,0,0,0,0,0,32,20,0,0,0,0,0,0,12,"Block Group 1, Census Tract 78.07, District of Columbia, District of Columbia",88,56,9,14,14,14,14,14,56,14,14,14,14,14,14,14,14,14,14,28,14,23,14,14,14,19,2,14,69,14,14,39,14,14,14,52,14,12,14,14,12,14,14,14,14,14,18,18,14,14,14,14,14,14,14,34,28,14,14,14,14,14,14,17
"G11000100078072","2019-2023","DC",,,"District of Columbia","11","District of Columbia","001",,,"007807","2",,,,,,,,,,,".",".",,,,,,,,,,,,"1500000US110010078072",,,"110010078072","Block Group 2, Census Tract 78.07, District of Columbia, District of Columbia",138,32,0,0,0,0,0,22,0,10,1,0,0,0,0,0,0,1,0,14,0,0,0,0,14,0,0,0,48,0,0,2,0,0,0,32,14,16,0,16,0,0,0,0,0,0,15,0,11,4,0,0,0,0,0,12,0,0,12,0,0,0,0,0,"Block Group 2, Census Tract 78.07, District of Columbia, District of Columbia",68,37,14,14,14,14,14,33,14,16,2,14,14,14,14,14,14,2,14,23,14,14,14,14,23,14,14,14,51,14,14,6,14,14,14,47,21,16,14,16,14,14,14,14,14,14,20,14,16,14,14,14,14,14,14,23,14,14,23,14,14,14,14,14
"G11000100078081","2019-2023","DC",,,"District of Columbia","11","District of Columbia","001",,,"007808","1",,,,,,,,,,,".",".",,,,,,,,,,,,"1500000US110010078081",,,"110010078081","Block Group 1, Census Tract 78.08, District of Columbia, District of Columbia",253,119,0,0,0,53,0,0,32,34,17,0,0,0,0,0,0,17,0,36,0,29,0,0,0,0,0,7,0,0,0,0,0,0,0,0,0,58,0,58,0,0,0,0,0,0,0,0,0,0,0,0,0,0,0,23,23,0,0,0,0,0,0,0,"Block Group 1, Census Tract 78.08, District of Columbia, District of Columbia",138,94,14,14,14,62,14,14,51,50,26,14,14,14,14,14,14,26,14,47,14,45,14,14,14,14,14,25,14,14,14,14,14,14,14,14,14,89,14,89,14,14,14,14,14,14,14,14,14,14,14,14,14,14,14,37,37,14,14,14,14,14,14,14
"G11000100078082","2019-2023","DC",,,"District of Columbia","11","District of Columbia","001",,,"007808","2",,,,,,,,,,,".",".",,,,,,,,,,,,"1500000US110010078082",,,"110010078082","Block Group 2, Census Tract 78.08, District of Columbia, District of Columbia",383,106,0,0,0,0,11,0,95,0,53,0,0,0,53,0,0,0,0,12,0,0,0,0,12,0,0,0,92,17,0,75,0,0,0,0,0,120,18,0,0,14,0,0,74,14,0,0,0,0,0,0,0,0,0,0,0,0,0,0,0,0,0,0,"Block Group 2, Census Tract 78.08, District of Columbia, District of Columbia",184,97,14,14,14,14,19,14,96,14,83,14,14,14,83,14,14,14,14,21,14,14,14,14,21,14,14,14,117,25,14,116,14,14,14,14,14,125,27,14,14,25,14,14,118,22,14,14,14,14,14,14,14,14,14,14,14,14,14,14,14,14,14,14
"G11000100078083","2019-2023","DC",,,"District of Columbia","11","District of Columbia","001",,,"007808","3",,,,,,,,,,,".",".",,,,,,,,,,,,"1500000US110010078083",,,"110010078083","Block Group 3, Census Tract 78.08, District of Columbia, District of Columbia",43,43,0,0,0,0,0,0,43,0,0,0,0,0,0,0,0,0,0,0,0,0,0,0,0,0,0,0,0,0,0,0,0,0,0,0,0,0,0,0,0,0,0,0,0,0,0,0,0,0,0,0,0,0,0,0,0,0,0,0,0,0,0,0,"Block Group 3, Census Tract 78.08, District of Columbia, District of Columbia",68,68,14,14,14,14,14,14,68,14,14,14,14,14,14,14,14,14,14,14,14,14,14,14,14,14,14,14,14,14,14,14,14,14,14,14,14,14,14,14,14,14,14,14,14,14,14,14,14,14,14,14,14,14,14,14,14,14,14,14,14,14,14,14
"G11000100078091","2019-2023","DC",,,"District of Columbia","11","District of Columbia","001",,,"007809","1",,,,,,,,,,,".",".",,,,,,,,,,,,"1500000US110010078091",,,"110010078091","Block Group 1, Census Tract 78.09, District of Columbia, District of Columbia",282,155,0,0,0,0,0,0,25,130,18,0,0,9,0,0,0,9,0,18,0,0,0,0,0,16,2,0,17,0,0,0,0,0,0,17,0,20,0,0,0,0,0,20,0,0,0,0,0,0,0,0,0,0,0,54,54,0,0,0,0,0,0,0,"Block Group 1, Census Tract 78.09, District of Columbia, District of Columbia",146,152,14,14,14,14,14,14,29,151,19,14,14,15,14,14,14,13,14,27,14,14,14,14,14,27,4,14,26,14,14,14,14,14,14,26,14,35,14,14,14,14,14,35,14,14,14,14,14,14,14,14,14,14,14,84,84,14,14,14,14,14,14,14
"G11000100078092","2019-2023","DC",,,"District of Columbia","11","District of Columbia","001",,,"007809","2",,,,,,,,,,,".",".",,,,,,,,,,,,"1500000US110010078092",,,"110010078092","Block Group 2, Census Tract 78.09, District of Columbia, District of Columbia",151,79,0,0,0,0,0,0,79,0,13,0,0,0,0,0,0,0,13,0,0,0,0,0,0,0,0,0,0,0,0,0,0,0,0,0,0,8,0,8,0,0,0,0,0,0,51,0,0,0,0,0,0,7,44,0,0,0,0,0,0,0,0,0,"Block Group 2, Census Tract 78.09, District of Columbia, District of Columbia",152,104,14,14,14,14,14,14,104,14,21,14,14,14,14,14,14,14,21,14,14,14,14,14,14,14,14,14,14,14,14,14,14,14,14,14,14,13,14,13,14,14,14,14,14,14,80,14,14,14,14,14,14,12,79,14,14,14,14,14,14,14,14,14
"G11000100079011","2019-2023","DC",,,"District of Columbia","11","District of Columbia","001",,,"007901","1",,,,,,,,,,,".",".",,,,,,,,,,,,"1500000US110010079011",,,"110010079011","Block Group 1, Census Tract 79.01, District of Columbia, District of Columbia",95,0,0,0,0,0,0,0,0,0,29,0,0,0,13,0,0,16,0,0,0,0,0,0,0,0,0,0,55,0,0,55,0,0,0,0,0,0,0,0,0,0,0,0,0,0,0,0,0,0,0,0,0,0,0,11,0,0,11,0,0,0,0,0,"Block Group 1, Census Tract 79.01, District of Columbia, District of Columbia",64,14,14,14,14,14,14,14,14,14,34,14,14,14,23,14,14,25,14,14,14,14,14,14,14,14,14,14,62,14,14,62,14,14,14,14,14,14,14,14,14,14,14,14,14,14,14,14,14,14,14,14,14,14,14,17,14,14,17,14,14,14,14,14
"G11000100079012","2019-2023","DC",,,"District of Columbia","11","District of Columbia","001",,,"007901","2",,,,,,,,,,,".",".",,,,,,,,,,,,"1500000US110010079012",,,"110010079012","Block Group 2, Census Tract 79.01, District of Columbia, District of Columbia",155,39,0,0,0,0,0,0,39,0,49,0,0,0,0,0,0,49,0,0,0,0,0,0,0,0,0,0,0,0,0,0,0,0,0,0,0,0,0,0,0,0,0,0,0,0,24,0,24,0,0,0,0,0,0,43,23,0,11,9,0,0,0,0,"Block Group 2, Census Tract 79.01, District of Columbia, District of Columbia",120,60,14,14,14,14,14,14,60,14,85,14,14,14,14,14,14,85,14,14,14,14,14,14,14,14,14,14,14,14,14,14,14,14,14,14,14,14,14,14,14,14,14,14,14,14,39,14,39,14,14,14,14,14,14,37,28,14,19,18,14,14,14,14
"G11000100079013","2019-2023","DC",,,"District of Columbia","11","District of Columbia","001",,,"007901","3",,,,,,,,,,,".",".",,,,,,,,,,,,"1500000US110010079013",,,"110010079013","Block Group 3, Census Tract 79.01, District of Columbia, District of Columbia",304,113,0,0,0,0,0,0,113,0,46,0,0,0,0,0,0,46,0,43,0,0,43,0,0,0,0,0,20,20,0,0,0,0,0,0,0,24,24,0,0,0,0,0,0,0,0,0,0,0,0,0,0,0,0,58,29,29,0,0,0,0,0,0,"Block Group 3, Census Tract 79.01, District of Columbia, District of Columbia",112,93,14,14,14,14,14,14,93,14,71,14,14,14,14,14,14,71,14,53,14,14,53,14,14,14,14,14,30,30,14,14,14,14,14,14,14,37,37,14,14,14,14,14,14,14,14,14,14,14,14,14,14,14,14,49,28,43,14,14,14,14,14,14
"G11000100079014","2019-2023","DC",,,"District of Columbia","11","District of Columbia","001",,,"007901","4",,,,,,,,,,,".",".",,,,,,,,,,,,"1500000US110010079014",,,"110010079014","Block Group 4, Census Tract 79.01, District of Columbia, District of Columbia",240,65,0,0,0,0,0,0,19,46,0,0,0,0,0,0,0,0,0,76,0,0,0,0,0,0,76,0,0,0,0,0,0,0,0,0,0,52,0,0,0,0,0,0,52,0,22,22,0,0,0,0,0,0,0,25,0,7,18,0,0,0,0,0,"Block Group 4, Census Tract 79.01, District of Columbia, District of Columbia",149,75,14,14,14,14,14,14,25,71,14,14,14,14,14,14,14,14,14,78,14,14,14,14,14,14,78,14,14,14,14,14,14,14,14,14,14,76,14,14,14,14,14,14,76,14,38,38,14,14,14,14,14,14,14,28,14,11,27,14,14,14,14,14
"G11000100079031","2019-2023","DC",,,"District of Columbia","11","District of Columbia","001",,,"007903","1",,,,,,,,,,,".",".",,,,,,,,,,,,"1500000US110010079031",,,"110010079031","Block Group 1, Census Tract 79.03, District of Columbia, District of Columbia",230,1,0,0,0,0,0,0,1,0,77,37,0,0,0,0,7,33,0,13,0,0,6,0,0,0,7,0,0,0,0,0,0,0,0,0,0,41,28,0,0,6,7,0,0,0,36,0,12,0,0,0,0,24,0,62,46,6,0,10,0,0,0,0,"Block Group 1, Census Tract 79.03, District of Columbia, District of Columbia",84,2,14,14,14,14,14,14,2,14,57,50,14,14,14,14,11,30,14,15,14,14,9,14,14,14,11,14,14,14,14,14,14,14,14,14,14,29,26,14,14,10,12,14,14,14,38,14,19,14,14,14,14,34,14,43,40,10,14,12,14,14,14,14
"G11000100080011","2019-2023","DC",,,"District of Columbia","11","District of Columbia","001",,,"008001","1",,,,,,,,,,,".",".",,,,,,,,,,,,"1500000US110010080011",,,"110010080011","Block Group 1, Census Tract 80.01, District of Columbia, District of Columbia",91,0,0,0,0,0,0,0,0,0,0,0,0,0,0,0,0,0,0,0,0,0,0,0,0,0,0,0,0,0,0,0,0,0,0,0,0,7,0,0,0,0,0,0,0,7,24,24,0,0,0,0,0,0,0,60,23,22,0,0,0,0,0,15,"Block Group 1, Census Tract 80.01, District of Columbia, District of Columbia",51,14,14,14,14,14,14,14,14,14,14,14,14,14,14,14,14,14,14,14,14,14,14,14,14,14,14,14,14,14,14,14,14,14,14,14,14,12,14,14,14,14,14,14,14,12,39,39,14,14,14,14,14,14,14,43,25,27,14,14,14,14,14,24
"G11000100080012","2019-2023","DC",,,"District of Columbia","11","District of Columbia","001",,,"008001","2",,,,,,,,,,,".",".",,,,,,,,,,,,"1500000US110010080012",,,"110010080012","Block Group 2, Census Tract 80.01, District of Columbia, District of Columbia",196,8,0,0,0,0,0,0,8,0,0,0,0,0,0,0,0,0,0,0,0,0,0,0,0,0,0,0,0,0,0,0,0,0,0,0,0,11,0,0,0,11,0,0,0,0,53,0,0,23,21,9,0,0,0,124,48,34,0,0,0,0,42,0,"Block Group 2, Census Tract 80.01, District of Columbia, District of Columbia",97,13,14,14,14,14,14,14,13,14,14,14,14,14,14,14,14,14,14,14,14,14,14,14,14,14,14,14,14,14,14,14,14,14,14,14,14,17,14,14,14,17,14,14,14,14,44,14,14,25,33,15,14,14,14,90,65,25,14,14,14,14,66,14
"G11000100080013","2019-2023","DC",,,"District of Columbia","11","District of Columbia","001",,,"008001","3",,,,,,,,,,,".",".",,,,,,,,,,,,"1500000US110010080013",,,"110010080013","Block Group 3, Census Tract 80.01, District of Columbia, District of Columbia",68,0,0,0,0,0,0,0,0,0,0,0,0,0,0,0,0,0,0,0,0,0,0,0,0,0,0,0,0,0,0,0,0,0,0,0,0,11,0,0,0,11,0,0,0,0,0,0,0,0,0,0,0,0,0,57,42,14,0,1,0,0,0,0,"Block Group 3, Census Tract 80.01, District of Columbia, District of Columbia",34,14,14,14,14,14,14,14,14,14,14,14,14,14,14,14,14,14,14,14,14,14,14,14,14,14,14,14,14,14,14,14,14,14,14,14,14,18,14,14,14,18,14,14,14,14,14,14,14,14,14,14,14,14,14,39,36,17,14,2,14,14,14,14
"G11000100080021","2019-2023","DC",,,"District of Columbia","11","District of Columbia","001",,,"008002","1",,,,,,,,,,,".",".",,,,,,,,,,,,"1500000US110010080021",,,"110010080021","Block Group 1, Census Tract 80.02, District of Columbia, District of Columbia",265,27,0,0,0,0,0,0,27,0,12,0,0,0,0,0,0,0,12,0,0,0,0,0,0,0,0,0,16,0,16,0,0,0,0,0,0,5,0,0,5,0,0,0,0,0,36,12,0,16,0,8,0,0,0,169,73,58,38,0,0,0,0,0,"Block Group 1, Census Tract 80.02, District of Columbia, District of Columbia",83,48,14,14,14,14,14,14,48,14,19,14,14,14,14,14,14,14,19,14,14,14,14,14,14,14,14,14,25,14,25,14,14,14,14,14,14,9,14,14,9,14,14,14,14,14,32,21,14,20,14,12,14,14,14,71,50,40,38,14,14,14,14,14
"G11000100080022","2019-2023","DC",,,"District of Columbia","11","District of Columbia","001",,,"008002","2",,,,,,,,,,,".",".",,,,,,,,,,,,"1500000US110010080022",,,"110010080022","Block Group 2, Census Tract 80.02, District of Columbia, District of Columbia",277,34,0,0,0,0,0,0,23,11,0,0,0,0,0,0,0,0,0,13,0,0,0,0,0,0,13,0,0,0,0,0,0,0,0,0,0,17,0,0,0,0,0,0,17,0,64,31,9,0,18,0,0,6,0,149,132,0,13,0,4,0,0,0,"Block Group 2, Census Tract 80.02, District of Columbia, District of Columbia",87,33,14,14,14,14,14,14,27,20,14,14,14,14,14,14,14,14,14,19,14,14,14,14,14,14,19,14,14,14,14,14,14,14,14,14,14,27,14,14,14,14,14,14,27,14,37,27,16,14,26,14,14,12,14,70,69,14,20,14,10,14,14,14
"G11000100081001","2019-2023","DC",,,"District of Columbia","11","District of Columbia","001",,,"008100","1",,,,,,,,,,,".",".",,,,,,,,,,,,"1500000US110010081001",,,"110010081001","Block Group 1, Census Tract 81, District of Columbia, District of Columbia",170,0,0,0,0,0,0,0,0,0,0,0,0,0,0,0,0,0,0,0,0,0,0,0,0,0,0,0,0,0,0,0,0,0,0,0,0,11,0,0,0,0,11,0,0,0,68,0,37,0,31,0,0,0,0,91,67,14,10,0,0,0,0,0,"Block Group 1, Census Tract 81, District of Columbia, District of Columbia",67,14,14,14,14,14,14,14,14,14,14,14,14,14,14,14,14,14,14,14,14,14,14,14,14,14,14,14,14,14,14,14,14,14,14,14,14,17,14,14,14,14,17,14,14,14,53,14,29,14,46,14,14,14,14,45,41,17,16,14,14,14,14,14
"G11000100081002","2019-2023","DC",,,"District of Columbia","11","District of Columbia","001",,,"008100","2",,,,,,,,,,,".",".",,,,,,,,,,,,"1500000US110010081002",,,"110010081002","Block Group 2, Census Tract 81, District of Columbia, District of Columbia",384,0,0,0,0,0,0,0,0,0,0,0,0,0,0,0,0,0,0,9,0,0,0,0,0,0,9,0,0,0,0,0,0,0,0,0,0,0,0,0,0,0,0,0,0,0,19,0,0,19,0,0,0,0,0,356,220,85,42,9,0,0,0,0,"Block Group 2, Census Tract 81, District of Columbia, District of Columbia",226,14,14,14,14,14,14,14,14,14,14,14,14,14,14,14,14,14,14,14,14,14,14,14,14,14,14,14,14,14,14,14,14,14,14,14,14,14,14,14,14,14,14,14,14,14,20,14,14,20,14,14,14,14,14,225,187,115,38,14,14,14,14,14
"G11000100081003","2019-2023","DC",,,"District of Columbia","11","District of Columbia","001",,,"008100","3",,,,,,,,,,,".",".",,,,,,,,,,,,"1500000US110010081003",,,"110010081003","Block Group 3, Census Tract 81, District of Columbia, District of Columbia",266,0,0,0,0,0,0,0,0,0,0,0,0,0,0,0,0,0,0,9,0,0,0,0,0,0,9,0,28,0,0,0,0,0,28,0,0,0,0,0,0,0,0,0,0,0,74,0,16,0,39,0,19,0,0,155,82,61,0,2,10,0,0,0,"Block Group 3, Census Tract 81, District of Columbia, District of Columbia",147,14,14,14,14,14,14,14,14,14,14,14,14,14,14,14,14,14,14,14,14,14,14,14,14,14,14,14,41,14,14,14,14,14,41,14,14,14,14,14,14,14,14,14,14,14,62,14,26,14,56,14,21,14,14,131,118,56,14,6,16,14,14,14
"G11000100082001","2019-2023","DC",,,"District of Columbia","11","District of Columbia","001",,,"008200","1",,,,,,,,,,,".",".",,,,,,,,,,,,"1500000US110010082001",,,"110010082001","Block Group 1, Census Tract 82, District of Columbia, District of Columbia",191,0,0,0,0,0,0,0,0,0,0,0,0,0,0,0,0,0,0,0,0,0,0,0,0,0,0,0,0,0,0,0,0,0,0,0,0,79,0,14,0,65,0,0,0,0,14,0,0,0,14,0,0,0,0,98,65,21,12,0,0,0,0,0,"Block Group 1, Census Tract 82, District of Columbia, District of Columbia",110,14,14,14,14,14,14,14,14,14,14,14,14,14,14,14,14,14,14,14,14,14,14,14,14,14,14,14,14,14,14,14,14,14,14,14,14,105,14,21,14,103,14,14,14,14,21,14,14,14,21,14,14,14,14,42,43,23,19,14,14,14,14,14
"G11000100082002","2019-2023","DC",,,"District of Columbia","11","District of Columbia","001",,,"008200","2",,,,,,,,,,,".",".",,,,,,,,,,,,"1500000US110010082002",,,"110010082002","Block Group 2, Census Tract 82, District of Columbia, District of Columbia",216,47,0,0,0,0,0,0,9,38,0,0,0,0,0,0,0,0,0,0,0,0,0,0,0,0,0,0,0,0,0,0,0,0,0,0,0,15,0,0,0,15,0,0,0,0,13,0,0,0,0,0,0,13,0,141,60,51,0,0,0,7,23,0,"Block Group 2, Census Tract 82, District of Columbia, District of Columbia",91,42,14,14,14,14,14,14,15,39,14,14,14,14,14,14,14,14,14,14,14,14,14,14,14,14,14,14,14,14,14,14,14,14,14,14,14,23,14,14,14,23,14,14,14,14,21,14,14,14,14,14,14,21,14,70,47,41,14,14,14,11,35,14
"G11000100082003","2019-2023","DC",,,"District of Columbia","11","District of Columbia","001",,,"008200","3",,,,,,,,,,,".",".",,,,,,,,,,,,"1500000US110010082003",,,"110010082003","Block Group 3, Census Tract 82, District of Columbia, District of Columbia",303,15,0,0,0,0,0,0,15,0,13,0,0,0,0,0,0,13,0,18,0,0,0,0,0,0,18,0,0,0,0,0,0,0,0,0,0,12,0,12,0,0,0,0,0,0,0,0,0,0,0,0,0,0,0,245,136,82,5,0,22,0,0,0,"Block Group 3, Census Tract 82, District of Columbia, District of Columbia",142,24,14,14,14,14,14,14,24,14,21,14,14,14,14,14,14,21,14,20,14,14,14,14,14,14,20,14,14,14,14,14,14,14,14,14,14,18,14,18,14,14,14,14,14,14,14,14,14,14,14,14,14,14,14,140,96,97,7,14,24,14,14,14
"G11000100082004","2019-2023","DC",,,"District of Columbia","11","District of Columbia","001",,,"008200","4",,,,,,,,,,,".",".",,,,,,,,,,,,"1500000US110010082004",,,"110010082004","Block Group 4, Census Tract 82, District of Columbia, District of Columbia",284,0,0,0,0,0,0,0,0,0,23,0,0,0,0,0,0,23,0,23,0,0,0,0,0,0,23,0,0,0,0,0,0,0,0,0,0,102,74,0,0,7,0,21,0,0,30,0,10,15,5,0,0,0,0,106,66,22,11,7,0,0,0,0,"Block Group 4, Census Tract 82, District of Columbia, District of Columbia",121,14,14,14,14,14,14,14,14,14,32,14,14,14,14,14,14,32,14,25,14,14,14,14,14,14,25,14,14,14,14,14,14,14,14,14,14,111,109,14,14,11,14,23,14,14,30,14,16,23,8,14,14,14,14,61,53,25,18,10,14,14,14,14
"G11000100083011","2019-2023","DC",,,"District of Columbia","11","District of Columbia","001",,,"008301","1",,,,,,,,,,,".",".",,,,,,,,,,,,"1500000US110010083011",,,"110010083011","Block Group 1, Census Tract 83.01, District of Columbia, District of Columbia",612,45,0,0,0,0,0,0,45,0,0,0,0,0,0,0,0,0,0,0,0,0,0,0,0,0,0,0,0,0,0,0,0,0,0,0,0,54,0,0,0,38,0,7,9,0,99,0,0,23,30,8,24,14,0,414,163,91,115,36,9,0,0,0,"Block Group 1, Census Tract 83.01, District of Columbia, District of Columbia",121,66,14,14,14,14,14,14,66,14,14,14,14,14,14,14,14,14,14,14,14,14,14,14,14,14,14,14,14,14,14,14,14,14,14,14,14,45,14,14,14,41,14,11,14,14,51,14,14,18,35,13,32,21,14,117,75,51,94,36,14,14,14,14
"G11000100083012","2019-2023","DC",,,"District of Columbia","11","District of Columbia","001",,,"008301","2",,,,,,,,,,,".",".",,,,,,,,,,,,"1500000US110010083012",,,"110010083012","Block Group 2, Census Tract 83.01, District of Columbia, District of Columbia",225,29,0,0,0,0,0,0,0,29,4,0,0,0,0,0,0,4,0,0,0,0,0,0,0,0,0,0,26,0,0,0,0,0,0,26,0,22,0,0,0,10,6,0,6,0,19,0,10,0,9,0,0,0,0,125,68,9,0,6,28,14,0,0,"Block Group 2, Census Tract 83.01, District of Columbia, District of Columbia",68,45,14,14,14,14,14,14,14,45,7,14,14,14,14,14,14,7,14,14,14,14,14,14,14,14,14,14,40,14,14,14,14,14,14,40,14,21,14,14,14,15,10,14,10,14,21,14,16,14,14,14,14,14,14,64,39,15,14,10,42,23,14,14
"G11000100083021","2019-2023","DC",,,"District of Columbia","11","District of Columbia","001",,,"008302","1",,,,,,,,,,,".",".",,,,,,,,,,,,"1500000US110010083021",,,"110010083021","Block Group 1, Census Tract 83.02, District of Columbia, District of Columbia",94,0,0,0,0,0,0,0,0,0,0,0,0,0,0,0,0,0,0,0,0,0,0,0,0,0,0,0,0,0,0,0,0,0,0,0,0,0,0,0,0,0,0,0,0,0,10,0,0,10,0,0,0,0,0,84,31,47,1,0,5,0,0,0,"Block Group 1, Census Tract 83.02, District of Columbia, District of Columbia",69,14,14,14,14,14,14,14,14,14,14,14,14,14,14,14,14,14,14,14,14,14,14,14,14,14,14,14,14,14,14,14,14,14,14,14,14,14,14,14,14,14,14,14,14,14,17,14,14,17,14,14,14,14,14,67,30,61,2,14,8,14,14,14
"G11000100083022","2019-2023","DC",,,"District of Columbia","11","District of Columbia","001",,,"008302","2",,,,,,,,,,,".",".",,,,,,,,,,,,"1500000US110010083022",,,"110010083022","Block Group 2, Census Tract 83.02, District of Columbia, District of Columbia",307,11,0,0,0,0,0,0,0,11,0,0,0,0,0,0,0,0,0,0,0,0,0,0,0,0,0,0,0,0,0,0,0,0,0,0,0,56,0,0,0,24,0,5,27,0,31,0,0,0,19,12,0,0,0,209,95,55,50,9,0,0,0,0,"Block Group 2, Census Tract 83.02, District of Columbia, District of Columbia",92,18,14,14,14,14,14,14,14,18,14,14,14,14,14,14,14,14,14,14,14,14,14,14,14,14,14,14,14,14,14,14,14,14,14,14,14,42,14,14,14,27,14,8,33,14,31,14,14,14,23,20,14,14,14,91,66,57,46,14,14,14,14,14
"G11000100083023","2019-2023","DC",,,"District of Columbia","11","District of Columbia","001",,,"008302","3",,,,,,,,,,,".",".",,,,,,,,,,,,"1500000US110010083023",,,"110010083023","Block Group 3, Census Tract 83.02, District of Columbia, District of Columbia",364,0,0,0,0,0,0,0,0,0,0,0,0,0,0,0,0,0,0,19,0,0,0,0,0,0,19,0,0,0,0,0,0,0,0,0,0,41,0,0,0,11,10,9,0,11,20,0,0,10,10,0,0,0,0,284,221,63,0,0,0,0,0,0,"Block Group 3, Census Tract 83.02, District of Columbia, District of Columbia",179,14,14,14,14,14,14,14,14,14,14,14,14,14,14,14,14,14,14,21,14,14,14,14,14,14,21,14,14,14,14,14,14,14,14,14,14,29,14,14,14,17,14,15,14,20,21,14,14,16,15,14,14,14,14,183,178,55,14,14,14,14,14,14
"G11000100084021","2019-2023","DC",,,"District of Columbia","11","District of Columbia","001",,,"008402","1",,,,,,,,,,,".",".",,,,,,,,,,,,"1500000US110010084021",,,"110010084021","Block Group 1, Census Tract 84.02, District of Columbia, District of Columbia",178,12,0,0,0,0,0,0,12,0,0,0,0,0,0,0,0,0,0,38,0,0,38,0,0,0,0,0,0,0,0,0,0,0,0,0,0,33,0,33,0,0,0,0,0,0,9,0,0,0,0,9,0,0,0,86,37,11,13,0,25,0,0,0,"Block Group 1, Census Tract 84.02, District of Columbia, District of Columbia",87,22,14,14,14,14,14,14,22,14,14,14,14,14,14,14,14,14,14,57,14,14,57,14,14,14,14,14,14,14,14,14,14,14,14,14,14,36,14,36,14,14,14,14,14,14,15,14,14,14,14,15,14,14,14,48,30,16,22,14,34,14,14,14
"G11000100084022","2019-2023","DC",,,"District of Columbia","11","District of Columbia","001",,,"008402","2",,,,,,,,,,,".",".",,,,,,,,,,,,"1500000US110010084022",,,"110010084022","Block Group 2, Census Tract 84.02, District of Columbia, District of Columbia",604,31,0,0,0,0,15,0,16,0,28,0,0,0,0,0,0,28,0,45,0,0,30,15,0,0,0,0,13,13,0,0,0,0,0,0,0,94,0,0,0,94,0,0,0,0,153,0,62,37,25,20,0,9,0,240,156,67,0,17,0,0,0,0,"Block Group 2, Census Tract 84.02, District of Columbia, District of Columbia",126,34,14,14,14,14,23,14,24,14,27,14,14,14,14,14,14,27,14,41,14,14,38,20,14,14,14,14,19,19,14,14,14,14,14,14,14,96,14,14,14,96,14,14,14,14,91,14,74,34,29,31,14,16,14,96,81,42,14,21,14,14,14,14
"G11000100084101","2019-2023","DC",,,"District of Columbia","11","District of Columbia","001",,,"008410","1",,,,,,,,,,,".",".",,,,,,,,,,,,"1500000US110010084101",,,"110010084101","Block Group 1, Census Tract 84.10, District of Columbia, District of Columbia",212,0,0,0,0,0,0,0,0,0,0,0,0,0,0,0,0,0,0,14,4,0,0,0,0,0,10,0,0,0,0,0,0,0,0,0,0,10,10,0,0,0,0,0,0,0,24,0,0,0,0,10,0,0,14,164,61,74,19,10,0,0,0,0,"Block Group 1, Census Tract 84.10, District of Columbia, District of Columbia",83,14,14,14,14,14,14,14,14,14,14,14,14,14,14,14,14,14,14,17,7,14,14,14,14,14,17,14,14,14,14,14,14,14,14,14,14,17,17,14,14,14,14,14,14,14,26,14,14,14,14,15,14,14,21,80,35,66,18,15,14,14,14,14
"G11000100087011","2019-2023","DC",,,"District of Columbia","11","District of Columbia","001",,,"008701","1",,,,,,,,,,,".",".",,,,,,,,,,,,"1500000US110010087011",,,"110010087011","Block Group 1, Census Tract 87.01, District of Columbia, District of Columbia",305,0,0,0,0,0,0,0,0,0,0,0,0,0,0,0,0,0,0,0,0,0,0,0,0,0,0,0,93,0,0,0,0,0,0,93,0,34,0,0,0,0,0,34,0,0,13,0,0,0,13,0,0,0,0,165,112,23,0,15,0,15,0,0,"Block Group 1, Census Tract 87.01, District of Columbia, District of Columbia",127,14,14,14,14,14,14,14,14,14,14,14,14,14,14,14,14,14,14,14,14,14,14,14,14,14,14,14,136,14,14,14,14,14,14,136,14,44,14,14,14,14,14,44,14,14,20,14,14,14,20,14,14,14,14,64,63,29,14,23,14,22,14,14
"G11000100087012","2019-2023","DC",,,"District of Columbia","11","District of Columbia","001",,,"008701","2",,,,,,,,,,,".",".",,,,,,,,,,,,"1500000US110010087012",,,"110010087012","Block Group 2, Census Tract 87.01, District of Columbia, District of Columbia",119,0,0,0,0,0,0,0,0,0,0,0,0,0,0,0,0,0,0,37,0,14,0,0,0,0,23,0,0,0,0,0,0,0,0,0,0,42,28,0,0,0,0,14,0,0,0,0,0,0,0,0,0,0,0,40,30,10,0,0,0,0,0,0,"Block Group 2, Census Tract 87.01, District of Columbia, District of Columbia",64,14,14,14,14,14,14,14,14,14,14,14,14,14,14,14,14,14,14,37,14,21,14,14,14,14,32,14,14,14,14,14,14,14,14,14,14,53,46,14,14,14,14,25,14,14,14,14,14,14,14,14,14,14,14,25,25,11,14,14,14,14,14,14
"G11000100087021","2019-2023","DC",,,"District of Columbia","11","District of Columbia","001",,,"008702","1",,,,,,,,,,,".",".",,,,,,,,,,,,"1500000US110010087021",,,"110010087021","Block Group 1, Census Tract 87.02, District of Columbia, District of Columbia",338,22,0,0,0,0,0,0,0,22,11,0,0,0,0,0,0,11,0,58,0,0,0,27,0,25,6,0,0,0,0,0,0,0,0,0,0,0,0,0,0,0,0,0,0,0,37,37,0,0,0,0,0,0,0,210,176,3,0,0,0,0,13,18,"Block Group 1, Census Tract 87.02, District of Columbia, District of Columbia",238,34,14,14,14,14,14,14,14,34,18,14,14,14,14,14,14,18,14,59,14,14,14,43,14,41,10,14,14,14,14,14,14,14,14,14,14,14,14,14,14,14,14,14,14,14,57,57,14,14,14,14,14,14,14,220,222,6,14,14,14,14,24,30
"G11000100087022","2019-2023","DC",,,"District of Columbia","11","District of Columbia","001",,,"008702","2",,,,,,,,,,,".",".",,,,,,,,,,,,"1500000US110010087022",,,"110010087022","Block Group 2, Census Tract 87.02, District of Columbia, District of Columbia",598,116,0,0,0,0,0,0,104,12,0,0,0,0,0,0,0,0,0,1,0,0,0,0,0,0,1,0,0,0,0,0,0,0,0,0,0,77,9,0,0,59,0,9,0,0,134,0,71,17,46,0,0,0,0,270,143,106,21,0,0,0,0,0,"Block Group 2, Census Tract 87.02, District of Columbia, District of Columbia",202,135,14,14,14,14,14,14,134,20,14,14,14,14,14,14,14,14,14,4,14,14,14,14,14,14,4,14,14,14,14,14,14,14,14,14,14,59,15,14,14,55,14,14,14,14,112,14,88,28,65,14,14,14,14,175,165,74,25,14,14,14,14,14
"G11000100087023","2019-2023","DC",,,"District of Columbia","11","District of Columbia","001",,,"008702","3",,,,,,,,,,,".",".",,,,,,,,,,,,"1500000US110010087023",,,"110010087023","Block Group 3, Census Tract 87.02, District of Columbia, District of Columbia",673,18,0,0,0,0,0,0,0,18,46,26,0,0,0,20,0,0,0,50,0,0,0,0,10,0,40,0,31,31,0,0,0,0,0,0,0,96,0,0,0,0,41,39,16,0,59,0,0,46,13,0,0,0,0,373,160,52,116,7,0,0,38,0,"Block Group 3, Census Tract 87.02, District of Columbia, District of Columbia",167,30,14,14,14,14,14,14,14,30,53,43,14,14,14,32,14,14,14,66,14,14,14,14,15,14,65,14,25,25,14,14,14,14,14,14,14,91,14,14,14,14,57,63,26,14,51,14,14,47,22,14,14,14,14,139,112,56,86,11,14,14,59,14
"G11000100088021","2019-2023","DC",,,"District of Columbia","11","District of Columbia","001",,,"008802","1",,,,,,,,,,,".",".",,,,,,,,,,,,"1500000US110010088021",,,"110010088021","Block Group 1, Census Tract 88.02, District of Columbia, District of Columbia",285,0,0,0,0,0,0,0,0,0,70,0,0,0,0,0,0,70,0,0,0,0,0,0,0,0,0,0,60,0,0,60,0,0,0,0,0,81,81,0,0,0,0,0,0,0,0,0,0,0,0,0,0,0,0,74,59,0,15,0,0,0,0,0,"Block Group 1, Census Tract 88.02, District of Columbia, District of Columbia",176,14,14,14,14,14,14,14,14,14,64,14,14,14,14,14,14,64,14,14,14,14,14,14,14,14,14,14,91,14,14,91,14,14,14,14,14,130,130,14,14,14,14,14,14,14,14,14,14,14,14,14,14,14,14,70,66,14,23,14,14,14,14,14
"G11000100088022","2019-2023","DC",,,"District of Columbia","11","District of Columbia","001",,,"008802","2",,,,,,,,,,,".",".",,,,,,,,,,,,"1500000US110010088022",,,"110010088022","Block Group 2, Census Tract 88.02, District of Columbia, District of Columbia",277,59,0,0,0,0,0,0,36,23,83,0,2,0,0,0,0,62,19,42,0,0,33,0,0,0,9,0,0,0,0,0,0,0,0,0,0,17,0,0,0,0,0,17,0,0,0,0,0,0,0,0,0,0,0,76,18,0,43,15,0,0,0,0,"Block Group 2, Census Tract 88.02, District of Columbia, District of Columbia",114,54,14,14,14,14,14,14,45,33,78,14,4,14,14,14,14,73,32,60,14,14,55,14,14,14,23,14,14,14,14,14,14,14,14,14,14,26,14,14,14,14,14,26,14,14,14,14,14,14,14,14,14,14,14,57,28,14,47,20,14,14,14,14
"G11000100088023","2019-2023","DC",,,"District of Columbia","11","District of Columbia","001",,,"008802","3",,,,,,,,,,,".",".",,,,,,,,,,,,"1500000US110010088023",,,"110010088023","Block Group 3, Census Tract 88.02, District of Columbia, District of Columbia",199,0,0,0,0,0,0,0,0,0,0,0,0,0,0,0,0,0,0,0,0,0,0,0,0,0,0,0,0,0,0,0,0,0,0,0,0,133,0,0,64,0,69,0,0,0,0,0,0,0,0,0,0,0,0,66,18,22,0,0,26,0,0,0,"Block Group 3, Census Tract 88.02, District of Columbia, District of Columbia",148,14,14,14,14,14,14,14,14,14,14,14,14,14,14,14,14,14,14,14,14,14,14,14,14,14,14,14,14,14,14,14,14,14,14,14,14,139,14,14,99,14,113,14,14,14,14,14,14,14,14,14,14,14,14,57,27,35,14,14,32,14,14,14
"G11000100088024","2019-2023","DC",,,"District of Columbia","11","District of Columbia","001",,,"008802","4",,,,,,,,,,,".",".",,,,,,,,,,,,"1500000US110010088024",,,"110010088024","Block Group 4, Census Tract 88.02, District of Columbia, District of Columbia",267,0,0,0,0,0,0,0,0,0,25,0,0,0,0,0,0,25,0,0,0,0,0,0,0,0,0,0,58,0,0,0,0,35,23,0,0,119,0,38,17,0,64,0,0,0,30,0,30,0,0,0,0,0,0,35,21,14,0,0,0,0,0,0,"Block Group 4, Census Tract 88.02, District of Columbia, District of Columbia",130,14,14,14,14,14,14,14,14,14,41,14,14,14,14,14,14,41,14,14,14,14,14,14,14,14,14,14,64,14,14,14,14,55,38,14,14,110,14,50,19,14,94,14,14,14,49,14,49,14,14,14,14,14,14,35,28,22,14,14,14,14,14,14
"G11000100088031","2019-2023","DC",,,"District of Columbia","11","District of Columbia","001",,,"008803","1",,,,,,,,,,,".",".",,,,,,,,,,,,"1500000US110010088031",,,"110010088031","Block Group 1, Census Tract 88.03, District of Columbia, District of Columbia",905,76,0,0,0,0,0,0,64,12,48,0,0,0,0,0,0,48,0,60,0,0,0,0,0,9,51,0,60,0,40,0,0,0,7,13,0,77,0,44,0,0,0,15,18,0,138,0,3,59,21,55,0,0,0,446,309,52,24,0,28,0,0,33,"Block Group 1, Census Tract 88.03, District of Columbia, District of Columbia",319,65,14,14,14,14,14,14,62,21,43,14,14,14,14,14,14,43,14,59,14,14,14,14,14,24,54,14,60,14,56,14,14,14,12,14,14,79,14,73,14,14,14,22,22,14,95,14,5,55,25,77,14,14,14,292,291,51,32,14,43,14,14,52
"G11000100088032","2019-2023","DC",,,"District of Columbia","11","District of Columbia","001",,,"008803","2",,,,,,,,,,,".",".",,,,,,,,,,,,"1500000US110010088032",,,"110010088032","Block Group 2, Census Tract 88.03, District of Columbia, District of Columbia",980,12,0,0,0,0,0,0,0,12,13,0,0,0,0,0,0,13,0,57,11,0,0,0,0,0,46,0,51,0,0,0,0,7,0,44,0,236,0,0,60,74,0,38,20,44,188,55,0,64,60,9,0,0,0,423,262,62,67,25,0,7,0,0,"Block Group 2, Census Tract 88.03, District of Columbia, District of Columbia",190,19,14,14,14,14,14,14,14,19,16,14,14,14,14,14,14,16,14,46,18,14,14,14,14,14,43,14,46,14,14,14,14,12,14,45,14,141,14,14,63,101,14,42,31,68,123,84,14,52,67,13,14,14,14,128,114,60,50,38,14,13,14,14
"G11000100088041","2019-2023","DC",,,"District of Columbia","11","District of Columbia","001",,,"008804","1",,,,,,,,,,,".",".",,,,,,,,,,,,"1500000US110010088041",,,"110010088041","Block Group 1, Census Tract 88.04, District of Columbia, District of Columbia",250,52,0,0,0,0,0,0,52,0,20,0,0,0,0,0,0,20,0,44,0,0,0,0,0,0,44,0,0,0,0,0,0,0,0,0,0,36,36,0,0,0,0,0,0,0,47,47,0,0,0,0,0,0,0,51,51,0,0,0,0,0,0,0,"Block Group 1, Census Tract 88.04, District of Columbia, District of Columbia",141,60,14,14,14,14,14,14,60,14,26,14,14,14,14,14,14,26,14,71,14,14,14,14,14,14,71,14,14,14,14,14,14,14,14,14,14,78,78,14,14,14,14,14,14,14,75,75,14,14,14,14,14,14,14,52,52,14,14,14,14,14,14,14
"G11000100088042","2019-2023","DC",,,"District of Columbia","11","District of Columbia","001",,,"008804","2",,,,,,,,,,,".",".",,,,,,,,,,,,"1500000US110010088042",,,"110010088042","Block Group 2, Census Tract 88.04, District of Columbia, District of Columbia",594,55,0,0,0,0,0,0,55,0,38,0,0,0,0,0,11,27,0,178,0,0,19,0,36,0,123,0,17,0,0,3,0,14,0,0,0,92,0,43,31,0,0,18,0,0,0,0,0,0,0,0,0,0,0,214,75,93,46,0,0,0,0,0,"Block Group 2, Census Tract 88.04, District of Columbia, District of Columbia",157,79,14,14,14,14,14,14,79,14,42,14,14,14,14,14,19,42,14,87,14,14,29,14,56,14,52,14,22,14,14,5,14,22,14,14,14,84,14,68,36,14,14,28,14,14,14,14,14,14,14,14,14,14,14,144,50,123,72,14,14,14,14,14
"G11000100089031","2019-2023","DC",,,"District of Columbia","11","District of Columbia","001",,,"008903","1",,,,,,,,,,,".",".",,,,,,,,,,,,"1500000US110010089031",,,"110010089031","Block Group 1, Census Tract 89.03, District of Columbia, District of Columbia",456,69,0,0,0,0,0,0,0,69,0,0,0,0,0,0,0,0,0,106,0,0,0,0,0,57,49,0,28,0,14,0,0,0,14,0,0,128,0,93,22,13,0,0,0,0,48,0,0,0,0,48,0,0,0,77,77,0,0,0,0,0,0,0,"Block Group 1, Census Tract 89.03, District of Columbia, District of Columbia",194,120,14,14,14,14,14,14,14,120,14,14,14,14,14,14,14,14,14,117,14,14,14,14,14,89,79,14,33,14,24,14,14,14,23,14,14,129,14,120,36,21,14,14,14,14,76,14,14,14,14,76,14,14,14,112,112,14,14,14,14,14,14,14
"G11000100089032","2019-2023","DC",,,"District of Columbia","11","District of Columbia","001",,,"008903","2",,,,,,,,,,,".",".",,,,,,,,,,,,"1500000US110010089032",,,"110010089032","Block Group 2, Census Tract 89.03, District of Columbia, District of Columbia",416,127,0,0,0,0,0,0,127,0,235,0,0,0,0,0,0,235,0,0,0,0,0,0,0,0,0,0,0,0,0,0,0,0,0,0,0,27,0,0,0,0,0,27,0,0,0,0,0,0,0,0,0,0,0,27,12,0,11,4,0,0,0,0,"Block Group 2, Census Tract 89.03, District of Columbia, District of Columbia",161,128,14,14,14,14,14,14,128,14,110,14,14,14,14,14,14,110,14,14,14,14,14,14,14,14,14,14,14,14,14,14,14,14,14,14,14,56,14,14,14,14,14,56,14,14,14,14,14,14,14,14,14,14,14,24,17,14,18,7,14,14,14,14
"G11000100089033","2019-2023","DC",,,"District of Columbia","11","District of Columbia","001",,,"008903","3",,,,,,,,,,,".",".",,,,,,,,,,,,"1500000US110010089033",,,"110010089033","Block Group 3, Census Tract 89.03, District of Columbia, District of Columbia",471,0,0,0,0,0,0,0,0,0,0,0,0,0,0,0,0,0,0,1,0,0,0,0,0,0,1,0,15,0,0,0,0,0,0,15,0,98,0,0,0,12,0,86,0,0,256,0,0,164,76,16,0,0,0,101,24,77,0,0,0,0,0,0,"Block Group 3, Census Tract 89.03, District of Columbia, District of Columbia",274,14,14,14,14,14,14,14,14,14,14,14,14,14,14,14,14,14,14,2,14,14,14,14,14,14,2,14,24,14,14,14,14,14,14,24,14,132,14,14,14,20,14,131,14,14,204,14,14,179,85,24,14,14,14,112,28,109,14,14,14,14,14,14
"G11000100089041","2019-2023","DC",,,"District of Columbia","11","District of Columbia","001",,,"008904","1",,,,,,,,,,,".",".",,,,,,,,,,,,"1500000US110010089041",,,"110010089041","Block Group 1, Census Tract 89.04, District of Columbia, District of Columbia",243,21,0,0,0,0,0,0,21,0,0,0,0,0,0,0,0,0,0,0,0,0,0,0,0,0,0,0,65,0,0,0,0,0,65,0,0,65,0,0,46,2,17,0,0,0,46,0,22,24,0,0,0,0,0,46,46,0,0,0,0,0,0,0,"Block Group 1, Census Tract 89.04, District of Columbia, District of Columbia",156,32,14,14,14,14,14,14,32,14,14,14,14,14,14,14,14,14,14,14,14,14,14,14,14,14,14,14,111,14,14,14,14,14,111,14,14,75,14,14,72,4,26,14,14,14,52,14,34,39,14,14,14,14,14,70,70,14,14,14,14,14,14,14
"G11000100089042","2019-2023","DC",,,"District of Columbia","11","District of Columbia","001",,,"008904","2",,,,,,,,,,,".",".",,,,,,,,,,,,"1500000US110010089042",,,"110010089042","Block Group 2, Census Tract 89.04, District of Columbia, District of Columbia",738,53,0,0,0,0,0,0,0,53,83,0,0,0,0,0,0,83,0,163,0,0,0,0,0,0,163,0,104,0,50,21,0,33,0,0,0,106,0,37,22,29,18,0,0,0,229,148,19,17,45,0,0,0,0,0,0,0,0,0,0,0,0,0,"Block Group 2, Census Tract 89.04, District of Columbia, District of Columbia",318,82,14,14,14,14,14,14,14,82,85,14,14,14,14,14,14,85,14,149,14,14,14,14,14,14,149,14,82,14,54,34,14,51,14,14,14,79,14,41,34,45,29,14,14,14,253,240,29,29,72,14,14,14,14,14,14,14,14,14,14,14,14,14
"G11000100089043","2019-2023","DC",,,"District of Columbia","11","District of Columbia","001",,,"008904","3",,,,,,,,,,,".",".",,,,,,,,,,,,"1500000US110010089043",,,"110010089043","Block Group 3, Census Tract 89.04, District of Columbia, District of Columbia",461,19,0,0,0,0,0,0,0,19,130,0,0,85,0,0,0,45,0,98,0,0,0,0,0,34,64,0,30,5,0,0,25,0,0,0,0,126,36,20,44,26,0,0,0,0,57,57,0,0,0,0,0,0,0,1,1,0,0,0,0,0,0,0,"Block Group 3, Census Tract 89.04, District of Columbia, District of Columbia",165,29,14,14,14,14,14,14,14,29,121,14,14,102,14,14,14,72,14,75,14,14,14,14,14,55,76,14,31,8,14,14,30,14,14,14,14,94,41,31,72,41,14,14,14,14,65,65,14,14,14,14,14,14,14,2,2,14,14,14,14,14,14,14
"G11000100090001","2019-2023","DC",,,"District of Columbia","11","District of Columbia","001",,,"009000","1",,,,,,,,,,,".",".",,,,,,,,,,,,"1500000US110010090001",,,"110010090001","Block Group 1, Census Tract 90, District of Columbia, District of Columbia",223,42,0,0,0,8,0,0,34,0,64,0,5,59,0,0,0,0,0,36,0,17,0,0,0,0,19,0,18,0,0,18,0,0,0,0,0,49,0,49,0,0,0,0,0,0,0,0,0,0,0,0,0,0,0,14,14,0,0,0,0,0,0,0,"Block Group 1, Census Tract 90, District of Columbia, District of Columbia",113,43,14,14,14,12,14,14,42,14,48,14,8,48,14,14,14,14,14,44,14,28,14,14,14,14,34,14,31,14,14,31,14,14,14,14,14,80,14,80,14,14,14,14,14,14,14,14,14,14,14,14,14,14,14,23,23,14,14,14,14,14,14,14
"G11000100090002","2019-2023","DC",,,"District of Columbia","11","District of Columbia","001",,,"009000","2",,,,,,,,,,,".",".",,,,,,,,,,,,"1500000US110010090002",,,"110010090002","Block Group 2, Census Tract 90, District of Columbia, District of Columbia",738,0,0,0,0,0,0,0,0,0,86,0,0,0,0,0,0,86,0,99,0,0,0,0,0,0,99,0,116,0,0,0,0,0,0,116,0,229,0,0,0,180,49,0,0,0,21,0,0,0,21,0,0,0,0,187,167,20,0,0,0,0,0,0,"Block Group 2, Census Tract 90, District of Columbia, District of Columbia",312,14,14,14,14,14,14,14,14,14,94,14,14,14,14,14,14,94,14,110,14,14,14,14,14,14,110,14,163,14,14,14,14,14,14,163,14,236,14,14,14,231,74,14,14,14,35,14,14,14,35,14,14,14,14,139,138,32,14,14,14,14,14,14
"G11000100090003","2019-2023","DC",,,"District of Columbia","11","District of Columbia","001",,,"009000","3",,,,,,,,,,,".",".",,,,,,,,,,,,"1500000US110010090003",,,"110010090003","Block Group 3, Census Tract 90, District of Columbia, District of Columbia",241,46,0,0,0,0,0,0,46,0,42,0,0,0,0,42,0,0,0,117,14,0,51,0,52,0,0,0,36,0,0,0,36,0,0,0,0,0,0,0,0,0,0,0,0,0,0,0,0,0,0,0,0,0,0,0,0,0,0,0,0,0,0,0,"Block Group 3, Census Tract 90, District of Columbia, District of Columbia",140,72,14,14,14,14,14,14,72,14,60,14,14,14,14,60,14,14,14,112,25,14,67,14,86,14,14,14,58,14,14,14,58,14,14,14,14,14,14,14,14,14,14,14,14,14,14,14,14,14,14,14,14,14,14,14,14,14,14,14,14,14,14,14
"G11000100091021","2019-2023","DC",,,"District of Columbia","11","District of Columbia","001",,,"009102","1",,,,,,,,,,,".",".",,,,,,,,,,,,"1500000US110010091021",,,"110010091021","Block Group 1, Census Tract 91.02, District of Columbia, District of Columbia",263,13,0,0,0,0,0,0,0,13,8,0,8,0,0,0,0,0,0,0,0,0,0,0,0,0,0,0,89,0,0,89,0,0,0,0,0,153,153,0,0,0,0,0,0,0,0,0,0,0,0,0,0,0,0,0,0,0,0,0,0,0,0,0,"Block Group 1, Census Tract 91.02, District of Columbia, District of Columbia",207,22,14,14,14,14,14,14,14,22,14,14,14,14,14,14,14,14,14,14,14,14,14,14,14,14,14,14,129,14,14,129,14,14,14,14,14,155,155,14,14,14,14,14,14,14,14,14,14,14,14,14,14,14,14,14,14,14,14,14,14,14,14,14
"G11000100091022","2019-2023","DC",,,"District of Columbia","11","District of Columbia","001",,,"009102","2",,,,,,,,,,,".",".",,,,,,,,,,,,"1500000US110010091022",,,"110010091022","Block Group 2, Census Tract 91.02, District of Columbia, District of Columbia",335,83,0,0,0,0,0,0,47,36,46,0,0,46,0,0,0,0,0,186,6,58,52,0,0,53,17,0,0,0,0,0,0,0,0,0,0,0,0,0,0,0,0,0,0,0,0,0,0,0,0,0,0,0,0,20,0,20,0,0,0,0,0,0,"Block Group 2, Census Tract 91.02, District of Columbia, District of Columbia",130,75,14,14,14,14,14,14,53,57,54,14,14,54,14,14,14,14,14,112,11,85,62,14,14,61,28,14,14,14,14,14,14,14,14,14,14,14,14,14,14,14,14,14,14,14,14,14,14,14,14,14,14,14,14,31,14,31,14,14,14,14,14,14
"G11000100091023","2019-2023","DC",,,"District of Columbia","11","District of Columbia","001",,,"009102","3",,,,,,,,,,,".",".",,,,,,,,,,,,"1500000US110010091023",,,"110010091023","Block Group 3, Census Tract 91.02, District of Columbia, District of Columbia",293,38,0,0,0,0,0,0,38,0,10,0,0,10,0,0,0,0,0,16,0,0,0,0,0,16,0,0,28,0,0,0,28,0,0,0,0,79,18,0,0,61,0,0,0,0,27,27,0,0,0,0,0,0,0,95,95,0,0,0,0,0,0,0,"Block Group 3, Census Tract 91.02, District of Columbia, District of Columbia",125,45,14,14,14,14,14,14,45,14,19,14,14,19,14,14,14,14,14,25,14,14,14,14,14,25,14,14,42,14,14,14,42,14,14,14,14,98,30,14,14,94,14,14,14,14,42,42,14,14,14,14,14,14,14,100,100,14,14,14,14,14,14,14
"G11000100091024","2019-2023","DC",,,"District of Columbia","11","District of Columbia","001",,,"009102","4",,,,,,,,,,,".",".",,,,,,,,,,,,"1500000US110010091024",,,"110010091024","Block Group 4, Census Tract 91.02, District of Columbia, District of Columbia",316,0,0,0,0,0,0,0,0,0,75,0,0,0,13,0,0,62,0,27,0,0,0,0,0,0,27,0,0,0,0,0,0,0,0,0,0,22,0,0,0,0,0,22,0,0,67,23,25,0,0,0,19,0,0,125,35,55,11,8,16,0,0,0,"Block Group 4, Census Tract 91.02, District of Columbia, District of Columbia",115,14,14,14,14,14,14,14,14,14,96,14,14,14,21,14,14,93,14,43,14,14,14,14,14,14,43,14,14,14,14,14,14,14,14,14,14,36,14,14,14,14,14,36,14,14,67,37,43,14,14,14,33,14,14,71,42,72,18,13,24,14,14,14
"G11000100092011","2019-2023","DC",,,"District of Columbia","11","District of Columbia","001",,,"009201","1",,,,,,,,,,,".",".",,,,,,,,,,,,"1500000US110010092011",,,"110010092011","Block Group 1, Census Tract 92.01, District of Columbia, District of Columbia",359,37,0,0,0,0,0,0,12,25,30,7,0,0,0,0,0,23,0,29,0,0,0,0,0,0,29,0,65,0,0,0,30,7,4,24,0,8,0,0,8,0,0,0,0,0,107,17,0,17,73,0,0,0,0,83,9,26,39,0,0,9,0,0,"Block Group 1, Census Tract 92.01, District of Columbia, District of Columbia",120,40,14,14,14,14,14,14,16,37,24,11,14,14,14,14,14,21,14,26,14,14,14,14,14,14,26,14,53,14,14,14,43,11,9,32,14,11,14,14,11,14,14,14,14,14,92,25,14,27,88,14,14,14,14,63,14,28,56,14,14,16,14,14
"G11000100092012","2019-2023","DC",,,"District of Columbia","11","District of Columbia","001",,,"009201","2",,,,,,,,,,,".",".",,,,,,,,,,,,"1500000US110010092012",,,"110010092012","Block Group 2, Census Tract 92.01, District of Columbia, District of Columbia",381,63,0,0,0,0,0,0,28,35,58,3,0,0,0,0,0,55,0,16,0,0,0,0,0,0,16,0,104,0,0,0,0,13,0,91,0,33,0,0,20,0,0,13,0,0,39,0,19,0,20,0,0,0,0,68,48,17,3,0,0,0,0,0,"Block Group 2, Census Tract 92.01, District of Columbia, District of Columbia",117,50,14,14,14,14,14,14,32,38,63,5,14,14,14,14,14,63,14,19,14,14,14,14,14,14,19,14,103,14,14,14,14,19,14,103,14,39,14,14,35,14,14,18,14,14,27,14,21,14,16,14,14,14,14,34,30,15,5,14,14,14,14,14
"G11000100092031","2019-2023","DC",,,"District of Columbia","11","District of Columbia","001",,,"009203","1",,,,,,,,,,,".",".",,,,,,,,,,,,"1500000US110010092031",,,"110010092031","Block Group 1, Census Tract 92.03, District of Columbia, District of Columbia",291,0,0,0,0,0,0,0,0,0,19,0,0,0,0,0,0,19,0,57,0,0,0,0,0,57,0,0,43,0,0,43,0,0,0,0,0,16,16,0,0,0,0,0,0,0,14,0,0,0,0,0,0,0,14,142,58,4,61,0,0,0,19,0,"Block Group 1, Census Tract 92.03, District of Columbia, District of Columbia",137,14,14,14,14,14,14,14,14,14,29,14,14,14,14,14,14,29,14,83,14,14,14,14,14,83,14,14,69,14,14,69,14,14,14,14,14,24,24,14,14,14,14,14,14,14,21,14,14,14,14,14,14,14,21,107,56,21,95,14,14,14,33,14
"G11000100092032","2019-2023","DC",,,"District of Columbia","11","District of Columbia","001",,,"009203","2",,,,,,,,,,,".",".",,,,,,,,,,,,"1500000US110010092032",,,"110010092032","Block Group 2, Census Tract 92.03, District of Columbia, District of Columbia",608,66,0,0,0,0,0,0,0,66,0,0,0,0,0,0,0,0,0,0,0,0,0,0,0,0,0,0,25,0,0,0,0,25,0,0,0,327,0,0,6,147,12,67,95,0,4,0,4,0,0,0,0,0,0,186,123,21,11,31,0,0,0,0,"Block Group 2, Census Tract 92.03, District of Columbia, District of Columbia",253,110,14,14,14,14,14,14,14,110,14,14,14,14,14,14,14,14,14,14,14,14,14,14,14,14,14,14,38,14,14,14,14,38,14,14,14,261,14,14,11,180,18,111,132,14,8,14,8,14,14,14,14,14,14,111,90,33,18,44,14,14,14,14
"G11000100092041","2019-2023","DC",,,"District of Columbia","11","District of Columbia","001",,,"009204","1",,,,,,,,,,,".",".",,,,,,,,,,,,"1500000US110010092041",,,"110010092041","Block Group 1, Census Tract 92.04, District of Columbia, District of Columbia",204,0,0,0,0,0,0,0,0,0,49,0,0,49,0,0,0,0,0,6,0,0,0,0,0,0,6,0,62,0,0,0,0,50,0,12,0,0,0,0,0,0,0,0,0,0,87,0,15,0,21,0,0,51,0,0,0,0,0,0,0,0,0,0,"Block Group 1, Census Tract 92.04, District of Columbia, District of Columbia",122,14,14,14,14,14,14,14,14,14,75,14,14,75,14,14,14,14,14,11,14,14,14,14,14,14,11,14,52,14,14,14,14,47,14,19,14,14,14,14,14,14,14,14,14,14,91,14,26,14,31,14,14,80,14,14,14,14,14,14,14,14,14,14
"G11000100092042","2019-2023","DC",,,"District of Columbia","11","District of Columbia","001",,,"009204","2",,,,,,,,,,,".",".",,,,,,,,,,,,"1500000US110010092042",,,"110010092042","Block Group 2, Census Tract 92.04, District of Columbia, District of Columbia",1194,208,0,0,43,33,0,0,121,11,289,16,26,11,69,0,65,102,0,119,10,10,0,5,9,0,85,0,135,30,0,0,10,13,82,0,0,100,1,0,25,13,0,39,22,0,165,47,58,0,21,39,0,0,0,178,93,51,14,0,20,0,0,0,"Block Group 2, Census Tract 92.04, District of Columbia, District of Columbia",224,132,14,14,53,56,14,14,112,18,130,26,40,17,66,14,64,82,14,98,23,16,14,8,16,14,91,14,130,50,14,14,16,21,120,14,14,71,2,14,43,26,14,45,34,14,118,59,72,14,33,62,14,14,14,106,83,49,21,14,32,14,14,14
"G11000100093011","2019-2023","DC",,,"District of Columbia","11","District of Columbia","001",,,"009301","1",,,,,,,,,,,".",".",,,,,,,,,,,,"1500000US110010093011",,,"110010093011","Block Group 1, Census Tract 93.01, District of Columbia, District of Columbia",6,0,0,0,0,0,0,0,0,0,0,0,0,0,0,0,0,0,0,0,0,0,0,0,0,0,0,0,0,0,0,0,0,0,0,0,0,0,0,0,0,0,0,0,0,0,0,0,0,0,0,0,0,0,0,6,6,0,0,0,0,0,0,0,"Block Group 1, Census Tract 93.01, District of Columbia, District of Columbia",11,14,14,14,14,14,14,14,14,14,14,14,14,14,14,14,14,14,14,14,14,14,14,14,14,14,14,14,14,14,14,14,14,14,14,14,14,14,14,14,14,14,14,14,14,14,14,14,14,14,14,14,14,14,14,11,11,14,14,14,14,14,14,14
"G11000100093012","2019-2023","DC",,,"District of Columbia","11","District of Columbia","001",,,"009301","2",,,,,,,,,,,".",".",,,,,,,,,,,,"1500000US110010093012",,,"110010093012","Block Group 2, Census Tract 93.01, District of Columbia, District of Columbia",123,0,0,0,0,0,0,0,0,0,0,0,0,0,0,0,0,0,0,13,0,0,0,0,0,0,13,0,0,0,0,0,0,0,0,0,0,19,0,0,0,0,0,19,0,0,0,0,0,0,0,0,0,0,0,91,81,8,2,0,0,0,0,0,"Block Group 2, Census Tract 93.01, District of Columbia, District of Columbia",109,14,14,14,14,14,14,14,14,14,14,14,14,14,14,14,14,14,14,18,14,14,14,14,14,14,18,14,14,14,14,14,14,14,14,14,14,31,14,14,14,14,14,31,14,14,14,14,14,14,14,14,14,14,14,104,101,13,11,14,14,14,14,14
"G11000100093013","2019-2023","DC",,,"District of Columbia","11","District of Columbia","001",,,"009301","3",,,,,,,,,,,".",".",,,,,,,,,,,,"1500000US110010093013",,,"110010093013","Block Group 3, Census Tract 93.01, District of Columbia, District of Columbia",201,0,0,0,0,0,0,0,0,0,15,0,0,0,0,0,0,15,0,0,0,0,0,0,0,0,0,0,0,0,0,0,0,0,0,0,0,0,0,0,0,0,0,0,0,0,124,124,0,0,0,0,0,0,0,62,62,0,0,0,0,0,0,0,"Block Group 3, Census Tract 93.01, District of Columbia, District of Columbia",205,14,14,14,14,14,14,14,14,14,24,14,14,14,14,14,14,24,14,14,14,14,14,14,14,14,14,14,14,14,14,14,14,14,14,14,14,14,14,14,14,14,14,14,14,14,190,190,14,14,14,14,14,14,14,66,66,14,14,14,14,14,14,14
"G11000100093014","2019-2023","DC",,,"District of Columbia","11","District of Columbia","001",,,"009301","4",,,,,,,,,,,".",".",,,,,,,,,,,,"1500000US110010093014",,,"110010093014","Block Group 4, Census Tract 93.01, District of Columbia, District of Columbia",13,0,0,0,0,0,0,0,0,0,0,0,0,0,0,0,0,0,0,0,0,0,0,0,0,0,0,0,0,0,0,0,0,0,0,0,0,0,0,0,0,0,0,0,0,0,13,0,0,0,13,0,0,0,0,0,0,0,0,0,0,0,0,0,"Block Group 4, Census Tract 93.01, District of Columbia, District of Columbia",21,14,14,14,14,14,14,14,14,14,14,14,14,14,14,14,14,14,14,14,14,14,14,14,14,14,14,14,14,14,14,14,14,14,14,14,14,14,14,14,14,14,14,14,14,14,21,14,14,14,21,14,14,14,14,14,14,14,14,14,14,14,14,14
"G11000100093021","2019-2023","DC",,,"District of Columbia","11","District of Columbia","001",,,"009302","1",,,,,,,,,,,".",".",,,,,,,,,,,,"1500000US110010093021",,,"110010093021","Block Group 1, Census Tract 93.02, District of Columbia, District of Columbia",601,15,0,0,0,0,0,0,0,15,132,0,0,0,0,0,0,132,0,16,0,0,0,0,0,0,16,0,7,0,0,0,0,7,0,0,0,135,0,0,0,27,15,81,12,0,108,0,0,9,0,8,28,0,63,188,110,48,14,5,11,0,0,0,"Block Group 1, Census Tract 93.02, District of Columbia, District of Columbia",166,21,14,14,14,14,14,14,14,21,94,14,14,14,14,14,14,94,14,16,14,14,14,14,14,14,16,14,11,14,14,14,14,11,14,14,14,90,14,14,14,42,22,92,18,14,111,14,14,13,14,12,30,14,104,68,62,33,18,9,17,14,14,14
"G11000100094001","2019-2023","DC",,,"District of Columbia","11","District of Columbia","001",,,"009400","1",,,,,,,,,,,".",".",,,,,,,,,,,,"1500000US110010094001",,,"110010094001","Block Group 1, Census Tract 94, District of Columbia, District of Columbia",39,0,0,0,0,0,0,0,0,0,39,0,0,0,0,0,0,0,39,0,0,0,0,0,0,0,0,0,0,0,0,0,0,0,0,0,0,0,0,0,0,0,0,0,0,0,0,0,0,0,0,0,0,0,0,0,0,0,0,0,0,0,0,0,"Block Group 1, Census Tract 94, District of Columbia, District of Columbia",62,14,14,14,14,14,14,14,14,14,62,14,14,14,14,14,14,14,62,14,14,14,14,14,14,14,14,14,14,14,14,14,14,14,14,14,14,14,14,14,14,14,14,14,14,14,14,14,14,14,14,14,14,14,14,14,14,14,14,14,14,14,14,14
"G11000100094002","2019-2023","DC",,,"District of Columbia","11","District of Columbia","001",,,"009400","2",,,,,,,,,,,".",".",,,,,,,,,,,,"1500000US110010094002",,,"110010094002","Block Group 2, Census Tract 94, District of Columbia, District of Columbia",143,0,0,0,0,0,0,0,0,0,7,0,0,0,0,0,0,7,0,0,0,0,0,0,0,0,0,0,0,0,0,0,0,0,0,0,0,83,0,49,27,0,7,0,0,0,0,0,0,0,0,0,0,0,0,53,12,0,0,0,0,0,0,41,"Block Group 2, Census Tract 94, District of Columbia, District of Columbia",91,14,14,14,14,14,14,14,14,14,11,14,14,14,14,14,14,11,14,14,14,14,14,14,14,14,14,14,14,14,14,14,14,14,14,14,14,74,14,56,45,14,14,14,14,14,14,14,14,14,14,14,14,14,14,65,16,14,14,14,14,14,14,65
"G11000100094003","2019-2023","DC",,,"District of Columbia","11","District of Columbia","001",,,"009400","3",,,,,,,,,,,".",".",,,,,,,,,,,,"1500000US110010094003",,,"110010094003","Block Group 3, Census Tract 94, District of Columbia, District of Columbia",152,18,0,0,0,0,0,0,18,0,10,0,0,10,0,0,0,0,0,0,0,0,0,0,0,0,0,0,0,0,0,0,0,0,0,0,0,0,0,0,0,0,0,0,0,0,90,80,0,0,0,0,4,0,6,34,7,0,0,18,9,0,0,0,"Block Group 3, Census Tract 94, District of Columbia, District of Columbia",129,31,14,14,14,14,14,14,31,14,17,14,14,17,14,14,14,14,14,14,14,14,14,14,14,14,14,14,14,14,14,14,14,14,14,14,14,14,14,14,14,14,14,14,14,14,123,123,14,14,14,14,8,14,11,30,12,14,14,26,13,14,14,14
"G11000100094004","2019-2023","DC",,,"District of Columbia","11","District of Columbia","001",,,"009400","4",,,,,,,,,,,".",".",,,,,,,,,,,,"1500000US110010094004",,,"110010094004","Block Group 4, Census Tract 94, District of Columbia, District of Columbia",0,0,0,0,0,0,0,0,0,0,0,0,0,0,0,0,0,0,0,0,0,0,0,0,0,0,0,0,0,0,0,0,0,0,0,0,0,0,0,0,0,0,0,0,0,0,0,0,0,0,0,0,0,0,0,0,0,0,0,0,0,0,0,0,"Block Group 4, Census Tract 94, District of Columbia, District of Columbia",14,14,14,14,14,14,14,14,14,14,14,14,14,14,14,14,14,14,14,14,14,14,14,14,14,14,14,14,14,14,14,14,14,14,14,14,14,14,14,14,14,14,14,14,14,14,14,14,14,14,14,14,14,14,14,14,14,14,14,14,14,14,14,14
"G11000100095031","2019-2023","DC",,,"District of Columbia","11","District of Columbia","001",,,"009503","1",,,,,,,,,,,".",".",,,,,,,,,,,,"1500000US110010095031",,,"110010095031","Block Group 1, Census Tract 95.03, District of Columbia, District of Columbia",120,36,0,0,0,0,0,0,0,36,0,0,0,0,0,0,0,0,0,72,36,0,0,0,0,0,36,0,0,0,0,0,0,0,0,0,0,0,0,0,0,0,0,0,0,0,0,0,0,0,0,0,0,0,0,12,12,0,0,0,0,0,0,0,"Block Group 1, Census Tract 95.03, District of Columbia, District of Columbia",100,57,14,14,14,14,14,14,14,57,14,14,14,14,14,14,14,14,14,85,64,14,14,14,14,14,56,14,14,14,14,14,14,14,14,14,14,14,14,14,14,14,14,14,14,14,14,14,14,14,14,14,14,14,14,18,18,14,14,14,14,14,14,14
"G11000100095032","2019-2023","DC",,,"District of Columbia","11","District of Columbia","001",,,"009503","2",,,,,,,,,,,".",".",,,,,,,,,,,,"1500000US110010095032",,,"110010095032","Block Group 2, Census Tract 95.03, District of Columbia, District of Columbia",0,0,0,0,0,0,0,0,0,0,0,0,0,0,0,0,0,0,0,0,0,0,0,0,0,0,0,0,0,0,0,0,0,0,0,0,0,0,0,0,0,0,0,0,0,0,0,0,0,0,0,0,0,0,0,0,0,0,0,0,0,0,0,0,"Block Group 2, Census Tract 95.03, District of Columbia, District of Columbia",14,14,14,14,14,14,14,14,14,14,14,14,14,14,14,14,14,14,14,14,14,14,14,14,14,14,14,14,14,14,14,14,14,14,14,14,14,14,14,14,14,14,14,14,14,14,14,14,14,14,14,14,14,14,14,14,14,14,14,14,14,14,14,14
"G11000100095033","2019-2023","DC",,,"District of Columbia","11","District of Columbia","001",,,"009503","3",,,,,,,,,,,".",".",,,,,,,,,,,,"1500000US110010095033",,,"110010095033","Block Group 3, Census Tract 95.03, District of Columbia, District of Columbia",0,0,0,0,0,0,0,0,0,0,0,0,0,0,0,0,0,0,0,0,0,0,0,0,0,0,0,0,0,0,0,0,0,0,0,0,0,0,0,0,0,0,0,0,0,0,0,0,0,0,0,0,0,0,0,0,0,0,0,0,0,0,0,0,"Block Group 3, Census Tract 95.03, District of Columbia, District of Columbia",14,14,14,14,14,14,14,14,14,14,14,14,14,14,14,14,14,14,14,14,14,14,14,14,14,14,14,14,14,14,14,14,14,14,14,14,14,14,14,14,14,14,14,14,14,14,14,14,14,14,14,14,14,14,14,14,14,14,14,14,14,14,14,14
"G11000100095041","2019-2023","DC",,,"District of Columbia","11","District of Columbia","001",,,"009504","1",,,,,,,,,,,".",".",,,,,,,,,,,,"1500000US110010095041",,,"110010095041","Block Group 1, Census Tract 95.04, District of Columbia, District of Columbia",318,57,0,0,0,0,0,0,57,0,8,0,0,0,8,0,0,0,0,31,0,0,0,0,0,0,31,0,24,0,0,0,12,0,0,12,0,37,0,10,0,27,0,0,0,0,20,0,14,6,0,0,0,0,0,141,111,22,0,8,0,0,0,0,"Block Group 1, Census Tract 95.04, District of Columbia, District of Columbia",110,82,14,14,14,14,14,14,82,14,13,14,14,14,13,14,14,14,14,49,14,14,14,14,14,14,49,14,20,14,14,14,19,14,14,18,14,35,14,17,14,31,14,14,14,14,23,14,21,10,14,14,14,14,14,67,69,21,14,14,14,14,14,14
"G11000100095042","2019-2023","DC",,,"District of Columbia","11","District of Columbia","001",,,"009504","2",,,,,,,,,,,".",".",,,,,,,,,,,,"1500000US110010095042",,,"110010095042","Block Group 2, Census Tract 95.04, District of Columbia, District of Columbia",142,0,0,0,0,0,0,0,0,0,28,0,0,0,0,0,0,28,0,0,0,0,0,0,0,0,0,0,104,0,38,0,34,0,0,32,0,10,0,0,10,0,0,0,0,0,0,0,0,0,0,0,0,0,0,0,0,0,0,0,0,0,0,0,"Block Group 2, Census Tract 95.04, District of Columbia, District of Columbia",88,14,14,14,14,14,14,14,14,14,45,14,14,14,14,14,14,45,14,14,14,14,14,14,14,14,14,14,72,14,58,14,52,14,14,47,14,16,14,14,16,14,14,14,14,14,14,14,14,14,14,14,14,14,14,14,14,14,14,14,14,14,14,14
"G11000100095051","2019-2023","DC",,,"District of Columbia","11","District of Columbia","001",,,"009505","1",,,,,,,,,,,".",".",,,,,,,,,,,,"1500000US110010095051",,,"110010095051","Block Group 1, Census Tract 95.05, District of Columbia, District of Columbia",40,0,0,0,0,0,0,0,0,0,0,0,0,0,0,0,0,0,0,0,0,0,0,0,0,0,0,0,15,0,0,0,0,0,0,0,15,0,0,0,0,0,0,0,0,0,0,0,0,0,0,0,0,0,0,25,25,0,0,0,0,0,0,0,"Block Group 1, Census Tract 95.05, District of Columbia, District of Columbia",46,14,14,14,14,14,14,14,14,14,14,14,14,14,14,14,14,14,14,14,14,14,14,14,14,14,14,14,24,14,14,14,14,14,14,14,24,14,14,14,14,14,14,14,14,14,14,14,14,14,14,14,14,14,14,40,40,14,14,14,14,14,14,14
"G11000100095052","2019-2023","DC",,,"District of Columbia","11","District of Columbia","001",,,"009505","2",,,,,,,,,,,".",".",,,,,,,,,,,,"1500000US110010095052",,,"110010095052","Block Group 2, Census Tract 95.05, District of Columbia, District of Columbia",46,0,0,0,0,0,0,0,0,0,0,0,0,0,0,0,0,0,0,0,0,0,0,0,0,0,0,0,0,0,0,0,0,0,0,0,0,13,0,0,0,13,0,0,0,0,0,0,0,0,0,0,0,0,0,33,33,0,0,0,0,0,0,0,"Block Group 2, Census Tract 95.05, District of Columbia, District of Columbia",47,14,14,14,14,14,14,14,14,14,14,14,14,14,14,14,14,14,14,14,14,14,14,14,14,14,14,14,14,14,14,14,14,14,14,14,14,28,14,14,14,28,14,14,14,14,14,14,14,14,14,14,14,14,14,38,38,14,14,14,14,14,14,14
"G11000100095053","2019-2023","DC",,,"District of Columbia","11","District of Columbia","001",,,"009505","3",,,,,,,,,,,".",".",,,,,,,,,,,,"1500000US110010095053",,,"110010095053","Block Group 3, Census Tract 95.05, District of Columbia, District of Columbia",688,0,0,0,0,0,0,0,0,0,49,0,0,0,0,0,0,49,0,65,49,0,0,0,0,0,16,0,220,0,0,0,0,0,220,0,0,52,8,0,0,0,25,19,0,0,91,0,91,0,0,0,0,0,0,211,108,68,35,0,0,0,0,0,"Block Group 3, Census Tract 95.05, District of Columbia, District of Columbia",385,14,14,14,14,14,14,14,14,14,66,14,14,14,14,14,14,66,14,85,80,14,14,14,14,14,25,14,333,14,14,14,14,14,333,14,14,50,13,14,14,14,48,31,14,14,87,14,87,14,14,14,14,14,14,111,87,66,44,14,14,14,14,14
"G11000100095071","2019-2023","DC",,,"District of Columbia","11","District of Columbia","001",,,"009507","1",,,,,,,,,,,".",".",,,,,,,,,,,,"1500000US110010095071",,,"110010095071","Block Group 1, Census Tract 95.07, District of Columbia, District of Columbia",53,0,0,0,0,0,0,0,0,0,11,0,0,0,0,0,0,11,0,0,0,0,0,0,0,0,0,0,4,0,0,0,0,0,0,0,4,17,0,0,17,0,0,0,0,0,0,0,0,0,0,0,0,0,0,21,0,0,5,0,16,0,0,0,"Block Group 1, Census Tract 95.07, District of Columbia, District of Columbia",41,14,14,14,14,14,14,14,14,14,20,14,14,14,14,14,14,20,14,14,14,14,14,14,14,14,14,14,6,14,14,14,14,14,14,14,6,27,14,14,27,14,14,14,14,14,14,14,14,14,14,14,14,14,14,27,14,14,7,14,27,14,14,14
"G11000100095081","2019-2023","DC",,,"District of Columbia","11","District of Columbia","001",,,"009508","1",,,,,,,,,,,".",".",,,,,,,,,,,,"1500000US110010095081",,,"110010095081","Block Group 1, Census Tract 95.08, District of Columbia, District of Columbia",213,0,0,0,0,0,0,0,0,0,0,0,0,0,0,0,0,0,0,32,0,0,0,0,0,0,30,2,13,0,0,0,13,0,0,0,0,1,0,0,0,0,0,1,0,0,115,0,0,0,0,115,0,0,0,52,0,52,0,0,0,0,0,0,"Block Group 1, Census Tract 95.08, District of Columbia, District of Columbia",211,14,14,14,14,14,14,14,14,14,14,14,14,14,14,14,14,14,14,44,14,14,14,14,14,14,43,3,20,14,14,14,20,14,14,14,14,3,14,14,14,14,14,3,14,14,184,14,14,14,14,184,14,14,14,71,14,71,14,14,14,14,14,14
"G11000100095082","2019-2023","DC",,,"District of Columbia","11","District of Columbia","001",,,"009508","2",,,,,,,,,,,".",".",,,,,,,,,,,,"1500000US110010095082",,,"110010095082","Block Group 2, Census Tract 95.08, District of Columbia, District of Columbia",595,43,0,0,0,0,0,0,16,27,0,0,0,0,0,0,0,0,0,70,0,42,0,0,0,13,15,0,31,0,0,17,0,14,0,0,0,101,0,1,0,38,0,62,0,0,88,0,37,47,1,3,0,0,0,262,109,20,107,0,26,0,0,0,"Block Group 2, Census Tract 95.08, District of Columbia, District of Columbia",154,50,14,14,14,14,14,14,26,43,14,14,14,14,14,14,14,14,14,69,14,64,14,14,14,20,23,14,32,14,14,23,14,22,14,14,14,69,14,2,14,34,14,59,14,14,72,14,56,51,2,5,14,14,14,170,74,31,158,14,41,14,14,14
"G11000100095083","2019-2023","DC",,,"District of Columbia","11","District of Columbia","001",,,"009508","3",,,,,,,,,,,".",".",,,,,,,,,,,,"1500000US110010095083",,,"110010095083","Block Group 3, Census Tract 95.08, District of Columbia, District of Columbia",248,0,0,0,0,0,0,0,0,0,0,0,0,0,0,0,0,0,0,71,0,71,0,0,0,0,0,0,0,0,0,0,0,0,0,0,0,0,0,0,0,0,0,0,0,0,97,0,0,96,1,0,0,0,0,80,1,78,0,0,1,0,0,0,"Block Group 3, Census Tract 95.08, District of Columbia, District of Columbia",151,14,14,14,14,14,14,14,14,14,14,14,14,14,14,14,14,14,14,109,14,109,14,14,14,14,14,14,14,14,14,14,14,14,14,14,14,14,14,14,14,14,14,14,14,14,121,14,14,121,2,14,14,14,14,94,2,94,14,14,2,14,14,14
"G11000100095084","2019-2023","DC",,,"District of Columbia","11","District of Columbia","001",,,"009508","4",,,,,,,,,,,".",".",,,,,,,,,,,,"1500000US110010095084",,,"110010095084","Block Group 4, Census Tract 95.08, District of Columbia, District of Columbia",291,65,0,0,0,0,0,0,0,65,14,0,0,0,0,0,0,14,0,70,41,0,29,0,0,0,0,0,0,0,0,0,0,0,0,0,0,0,0,0,0,0,0,0,0,0,30,0,0,0,19,0,11,0,0,112,90,22,0,0,0,0,0,0,"Block Group 4, Census Tract 95.08, District of Columbia, District of Columbia",152,106,14,14,14,14,14,14,14,106,22,14,14,14,14,14,14,22,14,60,65,14,32,14,14,14,14,14,14,14,14,14,14,14,14,14,14,14,14,14,14,14,14,14,14,14,35,14,14,14,31,14,17,14,14,108,104,37,14,14,14,14,14,14
"G11000100095091","2019-2023","DC",,,"District of Columbia","11","District of Columbia","001",,,"009509","1",,,,,,,,,,,".",".",,,,,,,,,,,,"1500000US110010095091",,,"110010095091","Block Group 1, Census Tract 95.09, District of Columbia, District of Columbia",0,0,0,0,0,0,0,0,0,0,0,0,0,0,0,0,0,0,0,0,0,0,0,0,0,0,0,0,0,0,0,0,0,0,0,0,0,0,0,0,0,0,0,0,0,0,0,0,0,0,0,0,0,0,0,0,0,0,0,0,0,0,0,0,"Block Group 1, Census Tract 95.09, District of Columbia, District of Columbia",14,14,14,14,14,14,14,14,14,14,14,14,14,14,14,14,14,14,14,14,14,14,14,14,14,14,14,14,14,14,14,14,14,14,14,14,14,14,14,14,14,14,14,14,14,14,14,14,14,14,14,14,14,14,14,14,14,14,14,14,14,14,14,14
"G11000100095092","2019-2023","DC",,,"District of Columbia","11","District of Columbia","001",,,"009509","2",,,,,,,,,,,".",".",,,,,,,,,,,,"1500000US110010095092",,,"110010095092","Block Group 2, Census Tract 95.09, District of Columbia, District of Columbia",19,0,0,0,0,0,0,0,0,0,0,0,0,0,0,0,0,0,0,0,0,0,0,0,0,0,0,0,0,0,0,0,0,0,0,0,0,0,0,0,0,0,0,0,0,0,0,0,0,0,0,0,0,0,0,19,19,0,0,0,0,0,0,0,"Block Group 2, Census Tract 95.09, District of Columbia, District of Columbia",21,14,14,14,14,14,14,14,14,14,14,14,14,14,14,14,14,14,14,14,14,14,14,14,14,14,14,14,14,14,14,14,14,14,14,14,14,14,14,14,14,14,14,14,14,14,14,14,14,14,14,14,14,14,14,21,21,14,14,14,14,14,14,14
"G11000100095093","2019-2023","DC",,,"District of Columbia","11","District of Columbia","001",,,"009509","3",,,,,,,,,,,".",".",,,,,,,,,,,,"1500000US110010095093",,,"110010095093","Block Group 3, Census Tract 95.09, District of Columbia, District of Columbia",65,0,0,0,0,0,0,0,0,0,0,0,0,0,0,0,0,0,0,0,0,0,0,0,0,0,0,0,0,0,0,0,0,0,0,0,0,0,0,0,0,0,0,0,0,0,0,0,0,0,0,0,0,0,0,65,50,6,9,0,0,0,0,0,"Block Group 3, Census Tract 95.09, District of Columbia, District of Columbia",57,14,14,14,14,14,14,14,14,14,14,14,14,14,14,14,14,14,14,14,14,14,14,14,14,14,14,14,14,14,14,14,14,14,14,14,14,14,14,14,14,14,14,14,14,14,14,14,14,14,14,14,14,14,14,57,51,15,16,14,14,14,14,14
"G11000100095101","2019-2023","DC",,,"District of Columbia","11","District of Columbia","001",,,"009510","1",,,,,,,,,,,".",".",,,,,,,,,,,,"1500000US110010095101",,,"110010095101","Block Group 1, Census Tract 95.10, District of Columbia, District of Columbia",568,16,0,0,0,0,0,0,16,0,16,0,0,0,0,0,0,16,0,73,0,0,0,0,0,0,73,0,98,0,0,0,0,10,12,76,0,238,0,0,0,211,27,0,0,0,55,30,0,25,0,0,0,0,0,72,57,15,0,0,0,0,0,0,"Block Group 1, Census Tract 95.10, District of Columbia, District of Columbia",159,25,14,14,14,14,14,14,25,14,25,14,14,14,14,14,14,25,14,92,14,14,14,14,14,14,92,14,103,14,14,14,14,15,19,105,14,159,14,14,14,156,42,14,14,14,53,32,14,41,14,14,14,14,14,66,64,23,14,14,14,14,14,14
"G11000100095102","2019-2023","DC",,,"District of Columbia","11","District of Columbia","001",,,"009510","2",,,,,,,,,,,".",".",,,,,,,,,,,,"1500000US110010095102",,,"110010095102","Block Group 2, Census Tract 95.10, District of Columbia, District of Columbia",323,90,0,26,0,0,0,0,64,0,27,0,0,0,0,0,0,27,0,6,0,0,0,0,6,0,0,0,15,0,0,0,0,0,15,0,0,137,0,65,13,19,40,0,0,0,12,12,0,0,0,0,0,0,0,36,36,0,0,0,0,0,0,0,"Block Group 2, Census Tract 95.10, District of Columbia, District of Columbia",151,72,14,42,14,14,14,14,62,14,29,14,14,14,14,14,14,29,14,16,14,14,14,14,16,14,14,14,24,14,14,14,14,14,24,14,14,127,14,94,21,40,53,14,14,14,19,19,14,14,14,14,14,14,14,47,47,14,14,14,14,14,14,14
"G11000100095103","2019-2023","DC",,,"District of Columbia","11","District of Columbia","001",,,"009510","3",,,,,,,,,,,".",".",,,,,,,,,,,,"1500000US110010095103",,,"110010095103","Block Group 3, Census Tract 95.10, District of Columbia, District of Columbia",554,118,0,0,0,0,0,0,32,86,0,0,0,0,0,0,0,0,0,121,0,0,9,0,0,0,112,0,0,0,0,0,0,0,0,0,0,132,0,67,5,10,50,0,0,0,42,0,26,0,0,0,16,0,0,141,108,33,0,0,0,0,0,0,"Block Group 3, Census Tract 95.10, District of Columbia, District of Columbia",179,109,14,14,14,14,14,14,50,97,14,14,14,14,14,14,14,14,14,100,14,14,14,14,14,14,100,14,14,14,14,14,14,14,14,14,14,93,14,60,8,19,69,14,14,14,36,14,28,14,14,14,25,14,14,79,72,47,14,14,14,14,14,14
"G11000100095111","2019-2023","DC",,,"District of Columbia","11","District of Columbia","001",,,"009511","1",,,,,,,,,,,".",".",,,,,,,,,,,,"1500000US110010095111",,,"110010095111","Block Group 1, Census Tract 95.11, District of Columbia, District of Columbia",0,0,0,0,0,0,0,0,0,0,0,0,0,0,0,0,0,0,0,0,0,0,0,0,0,0,0,0,0,0,0,0,0,0,0,0,0,0,0,0,0,0,0,0,0,0,0,0,0,0,0,0,0,0,0,0,0,0,0,0,0,0,0,0,"Block Group 1, Census Tract 95.11, District of Columbia, District of Columbia",14,14,14,14,14,14,14,14,14,14,14,14,14,14,14,14,14,14,14,14,14,14,14,14,14,14,14,14,14,14,14,14,14,14,14,14,14,14,14,14,14,14,14,14,14,14,14,14,14,14,14,14,14,14,14,14,14,14,14,14,14,14,14,14
"G11000100096011","2019-2023","DC",,,"District of Columbia","11","District of Columbia","001",,,"009601","1",,,,,,,,,,,".",".",,,,,,,,,,,,"1500000US110010096011",,,"110010096011","Block Group 1, Census Tract 96.01, District of Columbia, District of Columbia",564,115,0,0,0,67,0,0,48,0,72,17,0,11,0,0,22,22,0,47,4,0,0,0,0,43,0,0,130,18,11,58,43,0,0,0,0,134,7,3,11,85,28,0,0,0,22,22,0,0,0,0,0,0,0,44,40,0,0,4,0,0,0,0,"Block Group 1, Census Tract 96.01, District of Columbia, District of Columbia",159,128,14,14,14,119,14,14,48,14,50,27,14,18,14,14,32,24,14,52,7,14,14,14,14,53,14,14,105,33,15,84,63,14,14,14,14,119,11,6,19,94,46,14,14,14,27,27,14,14,14,14,14,14,14,60,60,14,14,6,14,14,14,14
"G11000100096021","2019-2023","DC",,,"District of Columbia","11","District of Columbia","001",,,"009602","1",,,,,,,,,,,".",".",,,,,,,,,,,,"1500000US110010096021",,,"110010096021","Block Group 1, Census Tract 96.02, District of Columbia, District of Columbia",0,0,0,0,0,0,0,0,0,0,0,0,0,0,0,0,0,0,0,0,0,0,0,0,0,0,0,0,0,0,0,0,0,0,0,0,0,0,0,0,0,0,0,0,0,0,0,0,0,0,0,0,0,0,0,0,0,0,0,0,0,0,0,0,"Block Group 1, Census Tract 96.02, District of Columbia, District of Columbia",14,14,14,14,14,14,14,14,14,14,14,14,14,14,14,14,14,14,14,14,14,14,14,14,14,14,14,14,14,14,14,14,14,14,14,14,14,14,14,14,14,14,14,14,14,14,14,14,14,14,14,14,14,14,14,14,14,14,14,14,14,14,14,14
"G11000100096022","2019-2023","DC",,,"District of Columbia","11","District of Columbia","001",,,"009602","2",,,,,,,,,,,".",".",,,,,,,,,,,,"1500000US110010096022",,,"110010096022","Block Group 2, Census Tract 96.02, District of Columbia, District of Columbia",1634,224,0,0,7,0,0,0,215,2,563,27,22,49,0,0,82,383,0,258,36,0,0,18,0,55,149,0,263,43,0,0,0,89,90,41,0,115,0,42,0,0,0,73,0,0,25,18,6,1,0,0,0,0,0,186,115,71,0,0,0,0,0,0,"Block Group 2, Census Tract 96.02, District of Columbia, District of Columbia",255,159,14,14,11,14,14,14,157,4,196,34,36,66,14,14,103,185,14,168,48,14,14,31,14,86,124,14,145,57,14,14,14,98,102,63,14,103,14,70,14,14,14,74,14,14,32,28,14,2,14,14,14,14,14,112,90,92,14,14,14,14,14,14
"G11000100096023","2019-2023","DC",,,"District of Columbia","11","District of Columbia","001",,,"009602","3",,,,,,,,,,,".",".",,,,,,,,,,,,"1500000US110010096023",,,"110010096023","Block Group 3, Census Tract 96.02, District of Columbia, District of Columbia",254,23,0,0,0,0,0,0,16,7,11,11,0,0,0,0,0,0,0,53,0,40,0,0,13,0,0,0,43,0,25,0,0,11,0,7,0,47,0,0,0,47,0,0,0,0,0,0,0,0,0,0,0,0,0,77,16,0,61,0,0,0,0,0,"Block Group 3, Census Tract 96.02, District of Columbia, District of Columbia",127,29,14,14,14,14,14,14,27,11,17,17,14,14,14,14,14,14,14,61,14,60,14,14,20,14,14,14,43,14,37,14,14,19,14,12,14,57,14,14,14,57,14,14,14,14,14,14,14,14,14,14,14,14,14,91,26,14,88,14,14,14,14,14
"G11000100096031","2019-2023","DC",,,"District of Columbia","11","District of Columbia","001",,,"009603","1",,,,,,,,,,,".",".",,,,,,,,,,,,"1500000US110010096031",,,"110010096031","Block Group 1, Census Tract 96.03, District of Columbia, District of Columbia",421,69,0,0,0,43,0,0,13,13,49,0,0,0,0,0,0,49,0,50,0,0,0,0,0,0,50,0,33,0,0,0,12,6,15,0,0,104,0,0,45,59,0,0,0,0,70,23,33,14,0,0,0,0,0,46,46,0,0,0,0,0,0,0,"Block Group 1, Census Tract 96.03, District of Columbia, District of Columbia",158,76,14,14,14,71,14,14,20,21,72,14,14,14,14,14,14,72,14,61,14,14,14,14,14,14,61,14,39,14,14,14,20,11,24,14,14,95,14,14,57,76,14,14,14,14,68,34,53,24,14,14,14,14,14,43,43,14,14,14,14,14,14,14
"G11000100096032","2019-2023","DC",,,"District of Columbia","11","District of Columbia","001",,,"009603","2",,,,,,,,,,,".",".",,,,,,,,,,,,"1500000US110010096032",,,"110010096032","Block Group 2, Census Tract 96.03, District of Columbia, District of Columbia",0,0,0,0,0,0,0,0,0,0,0,0,0,0,0,0,0,0,0,0,0,0,0,0,0,0,0,0,0,0,0,0,0,0,0,0,0,0,0,0,0,0,0,0,0,0,0,0,0,0,0,0,0,0,0,0,0,0,0,0,0,0,0,0,"Block Group 2, Census Tract 96.03, District of Columbia, District of Columbia",14,14,14,14,14,14,14,14,14,14,14,14,14,14,14,14,14,14,14,14,14,14,14,14,14,14,14,14,14,14,14,14,14,14,14,14,14,14,14,14,14,14,14,14,14,14,14,14,14,14,14,14,14,14,14,14,14,14,14,14,14,14,14,14
"G11000100096033","2019-2023","DC",,,"District of Columbia","11","District of Columbia","001",,,"009603","3",,,,,,,,,,,".",".",,,,,,,,,,,,"1500000US110010096033",,,"110010096033","Block Group 3, Census Tract 96.03, District of Columbia, District of Columbia",882,268,0,0,0,0,0,0,250,18,176,0,0,62,45,18,0,51,0,123,36,32,0,0,0,0,55,0,131,0,0,44,12,43,17,15,0,166,0,47,16,65,0,34,0,4,0,0,0,0,0,0,0,0,0,18,18,0,0,0,0,0,0,0,"Block Group 3, Census Tract 96.03, District of Columbia, District of Columbia",213,155,14,14,14,14,14,14,154,28,112,14,14,104,74,28,14,66,14,100,56,55,14,14,14,14,70,14,105,14,14,69,20,72,28,23,14,123,14,76,26,78,14,51,14,8,14,14,14,14,14,14,14,14,14,29,29,14,14,14,14,14,14,14
"G11000100096041","2019-2023","DC",,,"District of Columbia","11","District of Columbia","001",,,"009604","1",,,,,,,,,,,".",".",,,,,,,,,,,,"1500000US110010096041",,,"110010096041","Block Group 1, Census Tract 96.04, District of Columbia, District of Columbia",213,5,0,0,0,0,0,0,5,0,0,0,0,0,0,0,0,0,0,29,0,0,0,0,0,0,29,0,25,0,0,21,0,0,0,4,0,32,0,0,18,0,0,0,0,14,50,23,0,0,27,0,0,0,0,72,13,50,0,0,0,0,0,9,"Block Group 1, Census Tract 96.04, District of Columbia, District of Columbia",81,9,14,14,14,14,14,14,9,14,14,14,14,14,14,14,14,14,14,41,14,14,14,14,14,14,41,14,27,14,14,30,14,14,14,7,14,34,14,14,26,14,14,14,14,23,44,20,14,14,41,14,14,14,14,40,19,38,14,14,14,14,14,14
"G11000100096042","2019-2023","DC",,,"District of Columbia","11","District of Columbia","001",,,"009604","2",,,,,,,,,,,".",".",,,,,,,,,,,,"1500000US110010096042",,,"110010096042","Block Group 2, Census Tract 96.04, District of Columbia, District of Columbia",66,20,0,0,15,0,0,0,0,5,0,0,0,0,0,0,0,0,0,5,0,0,0,0,0,5,0,0,0,0,0,0,0,0,0,0,0,10,0,0,0,0,0,0,10,0,4,0,0,0,0,0,0,0,4,27,27,0,0,0,0,0,0,0,"Block Group 2, Census Tract 96.04, District of Columbia, District of Columbia",37,24,14,14,25,14,14,14,14,8,14,14,14,14,14,14,14,14,14,8,14,14,14,14,14,8,14,14,14,14,14,14,14,14,14,14,14,16,14,14,14,14,14,14,16,14,7,14,14,14,14,14,14,14,7,27,27,14,14,14,14,14,14,14
"G11000100097001","2019-2023","DC",,,"District of Columbia","11","District of Columbia","001",,,"009700","1",,,,,,,,,,,".",".",,,,,,,,,,,,"1500000US110010097001",,,"110010097001","Block Group 1, Census Tract 97, District of Columbia, District of Columbia",292,29,0,0,0,0,0,0,29,0,65,11,0,45,0,0,0,9,0,90,0,0,90,0,0,0,0,0,53,0,0,0,0,0,53,0,0,38,0,38,0,0,0,0,0,0,0,0,0,0,0,0,0,0,0,17,17,0,0,0,0,0,0,0,"Block Group 1, Census Tract 97, District of Columbia, District of Columbia",200,32,14,14,14,14,14,14,32,14,74,18,14,78,14,14,14,16,14,128,14,14,128,14,14,14,14,14,88,14,14,14,14,14,88,14,14,57,14,57,14,14,14,14,14,14,14,14,14,14,14,14,14,14,14,27,27,14,14,14,14,14,14,14
"G11000100097002","2019-2023","DC",,,"District of Columbia","11","District of Columbia","001",,,"009700","2",,,,,,,,,,,".",".",,,,,,,,,,,,"1500000US110010097002",,,"110010097002","Block Group 2, Census Tract 97, District of Columbia, District of Columbia",258,0,0,0,0,0,0,0,0,0,0,0,0,0,0,0,0,0,0,34,0,0,0,0,0,0,34,0,90,18,0,0,0,0,12,60,0,86,0,0,11,75,0,0,0,0,0,0,0,0,0,0,0,0,0,48,48,0,0,0,0,0,0,0,"Block Group 2, Census Tract 97, District of Columbia, District of Columbia",161,14,14,14,14,14,14,14,14,14,14,14,14,14,14,14,14,14,14,53,14,14,14,14,14,14,53,14,103,26,14,14,14,14,19,96,14,108,14,14,17,106,14,14,14,14,14,14,14,14,14,14,14,14,14,79,79,14,14,14,14,14,14,14
"G11000100097003","2019-2023","DC",,,"District of Columbia","11","District of Columbia","001",,,"009700","3",,,,,,,,,,,".",".",,,,,,,,,,,,"1500000US110010097003",,,"110010097003","Block Group 3, Census Tract 97, District of Columbia, District of Columbia",562,63,0,0,0,0,0,0,15,48,343,33,40,0,270,0,0,0,0,14,0,0,0,14,0,0,0,0,102,40,0,0,0,0,62,0,0,26,26,0,0,0,0,0,0,0,14,0,14,0,0,0,0,0,0,0,0,0,0,0,0,0,0,0,"Block Group 3, Census Tract 97, District of Columbia, District of Columbia",365,73,14,14,14,14,14,14,25,72,335,52,62,14,327,14,14,14,14,23,14,14,14,23,14,14,14,14,115,63,14,14,14,14,97,14,14,42,42,14,14,14,14,14,14,14,21,14,21,14,14,14,14,14,14,14,14,14,14,14,14,14,14,14
"G11000100098011","2019-2023","DC",,,"District of Columbia","11","District of Columbia","001",,,"009801","1",,,,,,,,,,,".",".",,,,,,,,,,,,"1500000US110010098011",,,"110010098011","Block Group 1, Census Tract 98.01, District of Columbia, District of Columbia",972,173,0,15,0,0,7,0,105,46,410,278,0,16,9,0,14,63,30,152,8,20,0,68,0,20,0,36,59,0,0,0,0,10,49,0,0,116,41,43,0,32,0,0,0,0,22,11,0,11,0,0,0,0,0,40,11,0,29,0,0,0,0,0,"Block Group 1, Census Tract 98.01, District of Columbia, District of Columbia",345,91,14,24,14,14,10,14,80,35,310,314,14,24,14,14,24,59,47,81,12,32,14,68,14,29,14,34,45,14,14,14,14,14,43,14,14,67,45,40,14,35,14,14,14,14,23,18,14,17,14,14,14,14,14,48,18,14,45,14,14,14,14,14
"G11000100098021","2019-2023","DC",,,"District of Columbia","11","District of Columbia","001",,,"009802","1",,,,,,,,,,,".",".",,,,,,,,,,,,"1500000US110010098021",,,"110010098021","Block Group 1, Census Tract 98.02, District of Columbia, District of Columbia",359,96,0,0,0,0,13,0,67,16,95,19,0,47,0,0,0,29,0,36,18,0,0,0,0,0,18,0,20,20,0,0,0,0,0,0,0,0,0,0,0,0,0,0,0,0,6,6,0,0,0,0,0,0,0,106,106,0,0,0,0,0,0,0,"Block Group 1, Census Tract 98.02, District of Columbia, District of Columbia",190,64,14,14,14,14,21,14,59,26,69,29,14,61,14,14,14,22,14,40,28,14,14,14,14,14,29,14,23,23,14,14,14,14,14,14,14,14,14,14,14,14,14,14,14,14,11,11,14,14,14,14,14,14,14,154,154,14,14,14,14,14,14,14
"G11000100098022","2019-2023","DC",,,"District of Columbia","11","District of Columbia","001",,,"009802","2",,,,,,,,,,,".",".",,,,,,,,,,,,"1500000US110010098022",,,"110010098022","Block Group 2, Census Tract 98.02, District of Columbia, District of Columbia",211,33,0,0,0,0,0,0,6,27,37,10,0,0,0,0,0,27,0,58,0,0,0,8,0,0,50,0,23,0,0,0,0,0,23,0,0,23,0,0,0,23,0,0,0,0,10,0,10,0,0,0,0,0,0,27,27,0,0,0,0,0,0,0,"Block Group 2, Census Tract 98.02, District of Columbia, District of Columbia",87,36,14,14,14,14,14,14,8,35,35,16,14,14,14,14,14,31,14,65,14,14,14,13,14,14,65,14,24,14,14,14,14,14,24,14,14,26,14,14,14,26,14,14,14,14,15,14,15,14,14,14,14,14,14,21,21,14,14,14,14,14,14,14
"G11000100098031","2019-2023","DC",,,"District of Columbia","11","District of Columbia","001",,,"009803","1",,,,,,,,,,,".",".",,,,,,,,,,,,"1500000US110010098031",,,"110010098031","Block Group 1, Census Tract 98.03, District of Columbia, District of Columbia",183,3,0,0,0,0,0,0,3,0,55,0,0,0,0,0,0,55,0,0,0,0,0,0,0,0,0,0,28,0,0,0,3,20,0,5,0,74,0,0,0,0,74,0,0,0,0,0,0,0,0,0,0,0,0,23,21,2,0,0,0,0,0,0,"Block Group 1, Census Tract 98.03, District of Columbia, District of Columbia",127,6,14,14,14,14,14,14,6,14,55,14,14,14,14,14,14,55,14,14,14,14,14,14,14,14,14,14,34,14,14,14,5,32,14,9,14,102,14,14,14,14,102,14,14,14,14,14,14,14,14,14,14,14,14,36,33,16,14,14,14,14,14,14
"G11000100098032","2019-2023","DC",,,"District of Columbia","11","District of Columbia","001",,,"009803","2",,,,,,,,,,,".",".",,,,,,,,,,,,"1500000US110010098032",,,"110010098032","Block Group 2, Census Tract 98.03, District of Columbia, District of Columbia",241,26,0,0,0,0,0,0,26,0,61,0,0,0,0,0,0,61,0,0,0,0,0,0,0,0,0,0,63,0,0,0,0,38,25,0,0,14,14,0,0,0,0,0,0,0,0,0,0,0,0,0,0,0,0,77,77,0,0,0,0,0,0,0,"Block Group 2, Census Tract 98.03, District of Columbia, District of Columbia",122,42,14,14,14,14,14,14,42,14,91,14,14,14,14,14,14,91,14,14,14,14,14,14,14,14,14,14,50,14,14,14,14,59,39,14,14,24,24,14,14,14,14,14,14,14,14,14,14,14,14,14,14,14,14,73,73,14,14,14,14,14,14,14
"G11000100098033","2019-2023","DC",,,"District of Columbia","11","District of Columbia","001",,,"009803","3",,,,,,,,,,,".",".",,,,,,,,,,,,"1500000US110010098033",,,"110010098033","Block Group 3, Census Tract 98.03, District of Columbia, District of Columbia",692,21,0,0,0,0,0,0,9,12,347,4,36,26,0,201,0,80,0,55,0,0,0,27,0,0,28,0,141,0,3,33,0,105,0,0,0,59,0,0,21,38,0,0,0,0,46,14,0,0,32,0,0,0,0,23,23,0,0,0,0,0,0,0,"Block Group 3, Census Tract 98.03, District of Columbia, District of Columbia",331,26,14,14,14,14,14,14,9,23,310,6,56,43,14,294,14,76,14,60,14,14,14,43,14,14,47,14,133,14,13,52,14,115,14,14,14,69,14,14,33,61,14,14,14,14,53,24,14,14,49,14,14,14,14,33,33,14,14,14,14,14,14,14
"G11000100098041","2019-2023","DC",,,"District of Columbia","11","District of Columbia","001",,,"009804","1",,,,,,,,,,,".",".",,,,,,,,,,,,"1500000US110010098041",,,"110010098041","Block Group 1, Census Tract 98.04, District of Columbia, District of Columbia",475,50,0,0,0,0,0,0,23,27,77,26,0,0,0,11,0,40,0,60,0,0,0,0,0,0,60,0,99,0,0,0,61,0,32,6,0,85,0,24,0,61,0,0,0,0,40,0,0,0,0,40,0,0,0,64,27,37,0,0,0,0,0,0,"Block Group 1, Census Tract 98.04, District of Columbia, District of Columbia",133,48,14,14,14,14,14,14,34,37,63,41,14,14,14,18,14,45,14,66,14,14,14,14,14,14,66,14,84,14,14,14,71,14,49,9,14,59,14,26,14,55,14,14,14,14,61,14,14,14,14,61,14,14,14,73,42,58,14,14,14,14,14,14
"G11000100098042","2019-2023","DC",,,"District of Columbia","11","District of Columbia","001",,,"009804","2",,,,,,,,,,,".",".",,,,,,,,,,,,"1500000US110010098042",,,"110010098042","Block Group 2, Census Tract 98.04, District of Columbia, District of Columbia",246,14,0,0,0,0,0,0,14,0,37,0,0,14,0,0,0,23,0,0,0,0,0,0,0,0,0,0,64,0,0,0,0,0,64,0,0,120,0,0,13,16,0,0,74,17,11,0,11,0,0,0,0,0,0,0,0,0,0,0,0,0,0,0,"Block Group 2, Census Tract 98.04, District of Columbia, District of Columbia",115,23,14,14,14,14,14,14,23,14,41,14,14,21,14,14,14,36,14,14,14,14,14,14,14,14,14,14,66,14,14,14,14,14,66,14,14,97,14,14,19,26,14,14,90,26,16,14,16,14,14,14,14,14,14,14,14,14,14,14,14,14,14,14
"G11000100098071","2019-2023","DC",,,"District of Columbia","11","District of Columbia","001",,,"009807","1",,,,,,,,,,,".",".",,,,,,,,,,,,"1500000US110010098071",,,"110010098071","Block Group 1, Census Tract 98.07, District of Columbia, District of Columbia",237,0,0,0,0,0,0,0,0,0,63,63,0,0,0,0,0,0,0,43,0,0,0,0,0,9,34,0,0,0,0,0,0,0,0,0,0,0,0,0,0,0,0,0,0,0,108,66,0,42,0,0,0,0,0,23,23,0,0,0,0,0,0,0,"Block Group 1, Census Tract 98.07, District of Columbia, District of Columbia",163,14,14,14,14,14,14,14,14,14,100,100,14,14,14,14,14,14,14,37,14,14,14,14,14,16,34,14,14,14,14,14,14,14,14,14,14,14,14,14,14,14,14,14,14,14,124,106,14,68,14,14,14,14,14,27,27,14,14,14,14,14,14,14
"G11000100098072","2019-2023","DC",,,"District of Columbia","11","District of Columbia","001",,,"009807","2",,,,,,,,,,,".",".",,,,,,,,,,,,"1500000US110010098072",,,"110010098072","Block Group 2, Census Tract 98.07, District of Columbia, District of Columbia",820,165,0,0,0,0,0,0,60,105,0,0,0,0,0,0,0,0,0,346,0,0,0,224,0,16,106,0,0,0,0,0,0,0,0,0,0,39,0,39,0,0,0,0,0,0,143,127,0,16,0,0,0,0,0,127,127,0,0,0,0,0,0,0,"Block Group 2, Census Tract 98.07, District of Columbia, District of Columbia",347,143,14,14,14,14,14,14,94,113,14,14,14,14,14,14,14,14,14,314,14,14,14,303,14,25,125,14,14,14,14,14,14,14,14,14,14,59,14,59,14,14,14,14,14,14,145,145,14,25,14,14,14,14,14,112,112,14,14,14,14,14,14,14
"G11000100098073","2019-2023","DC",,,"District of Columbia","11","District of Columbia","001",,,"009807","3",,,,,,,,,,,".",".",,,,,,,,,,,,"1500000US110010098073",,,"110010098073","Block Group 3, Census Tract 98.07, District of Columbia, District of Columbia",211,0,0,0,0,0,0,0,0,0,0,0,0,0,0,0,0,0,0,18,0,0,0,0,0,18,0,0,33,0,0,0,16,0,17,0,0,64,0,0,64,0,0,0,0,0,25,25,0,0,0,0,0,0,0,71,71,0,0,0,0,0,0,0,"Block Group 3, Census Tract 98.07, District of Columbia, District of Columbia",133,14,14,14,14,14,14,14,14,14,14,14,14,14,14,14,14,14,14,27,14,14,14,14,14,27,14,14,35,14,14,14,24,14,26,14,14,102,14,14,102,14,14,14,14,14,38,38,14,14,14,14,14,14,14,86,86,14,14,14,14,14,14,14
"G11000100098101","2019-2023","DC",,,"District of Columbia","11","District of Columbia","001",,,"009810","1",,,,,,,,,,,".",".",,,,,,,,,,,,"1500000US110010098101",,,"110010098101","Block Group 1, Census Tract 98.10, District of Columbia, District of Columbia",620,164,0,0,0,0,0,0,164,0,77,0,0,0,10,0,0,67,0,83,0,16,0,0,28,34,5,0,124,0,0,0,124,0,0,0,0,172,0,0,92,80,0,0,0,0,0,0,0,0,0,0,0,0,0,0,0,0,0,0,0,0,0,0,"Block Group 1, Census Tract 98.10, District of Columbia, District of Columbia",195,134,14,14,14,14,14,14,134,14,73,14,14,14,16,14,14,72,14,76,14,26,14,14,35,47,34,14,126,14,14,14,126,14,14,14,14,199,14,14,145,137,14,14,14,14,14,14,14,14,14,14,14,14,14,14,14,14,14,14,14,14,14,14
"G11000100098102","2019-2023","DC",,,"District of Columbia","11","District of Columbia","001",,,"009810","2",,,,,,,,,,,".",".",,,,,,,,,,,,"1500000US110010098102",,,"110010098102","Block Group 2, Census Tract 98.10, District of Columbia, District of Columbia",480,38,0,0,0,0,0,24,0,14,94,0,0,12,0,0,0,82,0,112,0,0,0,68,0,0,44,0,74,0,0,0,0,53,21,0,0,59,0,0,0,0,59,0,0,0,24,1,23,0,0,0,0,0,0,79,79,0,0,0,0,0,0,0,"Block Group 2, Census Tract 98.10, District of Columbia, District of Columbia",138,45,14,14,14,14,14,38,14,23,76,14,14,17,14,14,14,75,14,128,14,14,14,107,14,14,77,14,67,14,14,14,14,62,33,14,14,42,14,14,14,14,42,14,14,14,35,16,36,14,14,14,14,14,14,99,99,14,14,14,14,14,14,14
"G11000100098111","2019-2023","DC",,,"District of Columbia","11","District of Columbia","001",,,"009811","1",,,,,,,,,,,".",".",,,,,,,,,,,,"1500000US110010098111",,,"110010098111","Block Group 1, Census Tract 98.11, District of Columbia, District of Columbia",601,113,0,0,0,0,0,0,73,40,63,0,0,36,0,0,27,0,0,0,0,0,0,0,0,0,0,0,122,61,0,0,0,0,0,61,0,228,0,54,85,49,0,0,0,40,0,0,0,0,0,0,0,0,0,75,75,0,0,0,0,0,0,0,"Block Group 1, Census Tract 98.11, District of Columbia, District of Columbia",191,78,14,14,14,14,14,14,55,49,68,14,14,57,14,14,43,14,14,14,14,14,14,14,14,14,14,14,110,85,14,14,14,14,14,72,14,173,14,86,129,80,14,14,14,65,14,14,14,14,14,14,14,14,14,69,69,14,14,14,14,14,14,14
"G11000100098112","2019-2023","DC",,,"District of Columbia","11","District of Columbia","001",,,"009811","2",,,,,,,,,,,".",".",,,,,,,,,,,,"1500000US110010098112",,,"110010098112","Block Group 2, Census Tract 98.11, District of Columbia, District of Columbia",726,136,0,23,0,0,0,0,98,15,96,0,0,0,0,0,0,96,0,0,0,0,0,0,0,0,0,0,186,0,67,0,0,54,65,0,0,308,125,183,0,0,0,0,0,0,0,0,0,0,0,0,0,0,0,0,0,0,0,0,0,0,0,0,"Block Group 2, Census Tract 98.11, District of Columbia, District of Columbia",350,105,14,36,14,14,14,14,99,22,83,14,14,14,14,14,14,83,14,14,14,14,14,14,14,14,14,14,152,14,90,14,14,85,103,14,14,323,144,285,14,14,14,14,14,14,14,14,14,14,14,14,14,14,14,14,14,14,14,14,14,14,14,14
"G11000100098113","2019-2023","DC",,,"District of Columbia","11","District of Columbia","001",,,"009811","3",,,,,,,,,,,".",".",,,,,,,,,,,,"1500000US110010098113",,,"110010098113","Block Group 3, Census Tract 98.11, District of Columbia, District of Columbia",180,0,0,0,0,0,0,0,0,0,18,0,18,0,0,0,0,0,0,0,0,0,0,0,0,0,0,0,24,0,0,0,0,0,0,24,0,60,0,0,0,30,0,0,30,0,0,0,0,0,0,0,0,0,0,78,34,0,44,0,0,0,0,0,"Block Group 3, Census Tract 98.11, District of Columbia, District of Columbia",106,14,14,14,14,14,14,14,14,14,27,14,27,14,14,14,14,14,14,14,14,14,14,14,14,14,14,14,36,14,14,14,14,14,14,36,14,67,14,14,14,49,14,14,45,14,14,14,14,14,14,14,14,14,14,83,59,14,59,14,14,14,14,14
"G11000100099011","2019-2023","DC",,,"District of Columbia","11","District of Columbia","001",,,"009901","1",,,,,,,,,,,".",".",,,,,,,,,,,,"1500000US110010099011",,,"110010099011","Block Group 1, Census Tract 99.01, District of Columbia, District of Columbia",74,0,0,0,0,0,0,0,0,0,0,0,0,0,0,0,0,0,0,59,0,0,0,0,0,0,0,59,0,0,0,0,0,0,0,0,0,0,0,0,0,0,0,0,0,0,9,9,0,0,0,0,0,0,0,6,6,0,0,0,0,0,0,0,"Block Group 1, Census Tract 99.01, District of Columbia, District of Columbia",89,14,14,14,14,14,14,14,14,14,14,14,14,14,14,14,14,14,14,92,14,14,14,14,14,14,14,92,14,14,14,14,14,14,14,14,14,14,14,14,14,14,14,14,14,14,16,16,14,14,14,14,14,14,14,9,9,14,14,14,14,14,14,14
"G11000100099012","2019-2023","DC",,,"District of Columbia","11","District of Columbia","001",,,"009901","2",,,,,,,,,,,".",".",,,,,,,,,,,,"1500000US110010099012",,,"110010099012","Block Group 2, Census Tract 99.01, District of Columbia, District of Columbia",129,0,0,0,0,0,0,0,0,0,0,0,0,0,0,0,0,0,0,66,0,18,0,0,17,0,31,0,8,0,0,0,0,0,0,0,8,55,29,0,0,0,0,0,26,0,0,0,0,0,0,0,0,0,0,0,0,0,0,0,0,0,0,0,"Block Group 2, Census Tract 99.01, District of Columbia, District of Columbia",65,14,14,14,14,14,14,14,14,14,14,14,14,14,14,14,14,14,14,53,14,29,14,14,27,14,35,14,13,14,14,14,14,14,14,14,13,47,27,14,14,14,14,14,43,14,14,14,14,14,14,14,14,14,14,14,14,14,14,14,14,14,14,14
"G11000100099021","2019-2023","DC",,,"District of Columbia","11","District of Columbia","001",,,"009902","1",,,,,,,,,,,".",".",,,,,,,,,,,,"1500000US110010099021",,,"110010099021","Block Group 1, Census Tract 99.02, District of Columbia, District of Columbia",82,0,0,0,0,0,0,0,0,0,40,40,0,0,0,0,0,0,0,11,0,0,0,0,0,11,0,0,0,0,0,0,0,0,0,0,0,0,0,0,0,0,0,0,0,0,0,0,0,0,0,0,0,0,0,31,0,26,5,0,0,0,0,0,"Block Group 1, Census Tract 99.02, District of Columbia, District of Columbia",70,14,14,14,14,14,14,14,14,14,58,58,14,14,14,14,14,14,14,18,14,14,14,14,14,18,14,14,14,14,14,14,14,14,14,14,14,14,14,14,14,14,14,14,14,14,14,14,14,14,14,14,14,14,14,46,14,42,18,14,14,14,14,14
"G11000100099022","2019-2023","DC",,,"District of Columbia","11","District of Columbia","001",,,"009902","2",,,,,,,,,,,".",".",,,,,,,,,,,,"1500000US110010099022",,,"110010099022","Block Group 2, Census Tract 99.02, District of Columbia, District of Columbia",122,0,0,0,0,0,0,0,0,0,0,0,0,0,0,0,0,0,0,32,0,0,0,0,0,0,32,0,60,0,0,0,0,49,0,11,0,6,0,0,6,0,0,0,0,0,0,0,0,0,0,0,0,0,0,24,24,0,0,0,0,0,0,0,"Block Group 2, Census Tract 99.02, District of Columbia, District of Columbia",87,14,14,14,14,14,14,14,14,14,14,14,14,14,14,14,14,14,14,32,14,14,14,14,14,14,32,14,78,14,14,14,14,75,14,17,14,10,14,14,10,14,14,14,14,14,14,14,14,14,14,14,14,14,14,43,43,14,14,14,14,14,14,14
"G11000100099031","2019-2023","DC",,,"District of Columbia","11","District of Columbia","001",,,"009903","1",,,,,,,,,,,".",".",,,,,,,,,,,,"1500000US110010099031",,,"110010099031","Block Group 1, Census Tract 99.03, District of Columbia, District of Columbia",148,6,0,0,0,0,0,0,0,6,31,0,0,0,0,0,0,31,0,0,0,0,0,0,0,0,0,0,57,0,0,0,0,40,10,7,0,0,0,0,0,0,0,0,0,0,8,0,0,0,8,0,0,0,0,46,8,0,0,0,0,0,0,38,"Block Group 1, Census Tract 99.03, District of Columbia, District of Columbia",94,11,14,14,14,14,14,14,14,11,30,14,14,14,14,14,14,30,14,14,14,14,14,14,14,14,14,14,66,14,14,14,14,62,14,13,14,14,14,14,14,14,14,14,14,14,14,14,14,14,14,14,14,14,14,54,12,14,14,14,14,14,14,52
"G11000100099032","2019-2023","DC",,,"District of Columbia","11","District of Columbia","001",,,"009903","2",,,,,,,,,,,".",".",,,,,,,,,,,,"1500000US110010099032",,,"110010099032","Block Group 2, Census Tract 99.03, District of Columbia, District of Columbia",31,0,0,0,0,0,0,0,0,0,0,0,0,0,0,0,0,0,0,0,0,0,0,0,0,0,0,0,15,0,0,15,0,0,0,0,0,0,0,0,0,0,0,0,0,0,0,0,0,0,0,0,0,0,0,16,16,0,0,0,0,0,0,0,"Block Group 2, Census Tract 99.03, District of Columbia, District of Columbia",28,14,14,14,14,14,14,14,14,14,14,14,14,14,14,14,14,14,14,14,14,14,14,14,14,14,14,14,23,14,14,23,14,14,14,14,14,14,14,14,14,14,14,14,14,14,14,14,14,14,14,14,14,14,14,18,18,14,14,14,14,14,14,14
"G11000100099041","2019-2023","DC",,,"District of Columbia","11","District of Columbia","001",,,"009904","1",,,,,,,,,,,".",".",,,,,,,,,,,,"1500000US110010099041",,,"110010099041","Block Group 1, Census Tract 99.04, District of Columbia, District of Columbia",298,50,0,0,0,0,0,0,50,0,14,0,0,0,0,0,0,14,0,37,19,0,0,0,0,0,18,0,45,0,0,0,0,39,6,0,0,32,0,32,0,0,0,0,0,0,63,63,0,0,0,0,0,0,0,57,57,0,0,0,0,0,0,0,"Block Group 1, Census Tract 99.04, District of Columbia, District of Columbia",109,48,14,14,14,14,14,14,48,14,23,14,14,14,14,14,14,23,14,39,29,14,14,14,14,14,27,14,63,14,14,14,14,62,12,14,14,51,14,51,14,14,14,14,14,14,71,71,14,14,14,14,14,14,14,71,71,14,14,14,14,14,14,14
"G11000100099042","2019-2023","DC",,,"District of Columbia","11","District of Columbia","001",,,"009904","2",,,,,,,,,,,".",".",,,,,,,,,,,,"1500000US110010099042",,,"110010099042","Block Group 2, Census Tract 99.04, District of Columbia, District of Columbia",268,1,0,0,0,0,0,0,1,0,89,14,0,32,0,0,0,43,0,13,0,0,0,0,0,0,13,0,110,0,0,0,57,30,0,23,0,21,0,0,21,0,0,0,0,0,23,23,0,0,0,0,0,0,0,11,0,11,0,0,0,0,0,0,"Block Group 2, Census Tract 99.04, District of Columbia, District of Columbia",120,2,14,14,14,14,14,14,2,14,48,23,14,34,14,14,14,37,14,22,14,14,14,14,14,14,22,14,103,14,14,14,86,46,14,36,14,30,14,14,30,14,14,14,14,14,31,31,14,14,14,14,14,14,14,16,14,16,14,14,14,14,14,14
"G11000100099043","2019-2023","DC",,,"District of Columbia","11","District of Columbia","001",,,"009904","3",,,,,,,,,,,".",".",,,,,,,,,,,,"1500000US110010099043",,,"110010099043","Block Group 3, Census Tract 99.04, District of Columbia, District of Columbia",176,43,0,0,0,0,0,0,0,43,0,0,0,0,0,0,0,0,0,39,0,0,0,0,0,0,39,0,0,0,0,0,0,0,0,0,0,69,0,0,34,0,35,0,0,0,0,0,0,0,0,0,0,0,0,25,25,0,0,0,0,0,0,0,"Block Group 3, Census Tract 99.04, District of Columbia, District of Columbia",113,70,14,14,14,14,14,14,14,70,14,14,14,14,14,14,14,14,14,64,14,14,14,14,14,14,64,14,14,14,14,14,14,14,14,14,14,79,14,14,53,14,55,14,14,14,14,14,14,14,14,14,14,14,14,40,40,14,14,14,14,14,14,14
"G11000100099051","2019-2023","DC",,,"District of Columbia","11","District of Columbia","001",,,"009905","1",,,,,,,,,,,".",".",,,,,,,,,,,,"1500000US110010099051",,,"110010099051","Block Group 1, Census Tract 99.05, District of Columbia, District of Columbia",127,0,0,0,0,0,0,0,0,0,73,0,0,52,0,19,0,2,0,41,0,0,0,0,0,41,0,0,2,0,0,0,0,2,0,0,0,11,0,0,0,11,0,0,0,0,0,0,0,0,0,0,0,0,0,0,0,0,0,0,0,0,0,0,"Block Group 1, Census Tract 99.05, District of Columbia, District of Columbia",103,14,14,14,14,14,14,14,14,14,93,14,14,84,14,31,14,4,14,44,14,14,14,14,14,44,14,14,4,14,14,14,14,4,14,14,14,18,14,14,14,18,14,14,14,14,14,14,14,14,14,14,14,14,14,14,14,14,14,14,14,14,14,14
"G11000100099052","2019-2023","DC",,,"District of Columbia","11","District of Columbia","001",,,"009905","2",,,,,,,,,,,".",".",,,,,,,,,,,,"1500000US110010099052",,,"110010099052","Block Group 2, Census Tract 99.05, District of Columbia, District of Columbia",132,0,0,0,0,0,0,0,0,0,28,0,0,0,0,0,0,28,0,0,0,0,0,0,0,0,0,0,43,0,0,0,15,0,28,0,0,26,26,0,0,0,0,0,0,0,17,0,0,0,17,0,0,0,0,18,18,0,0,0,0,0,0,0,"Block Group 2, Census Tract 99.05, District of Columbia, District of Columbia",92,14,14,14,14,14,14,14,14,14,48,14,14,14,14,14,14,48,14,14,14,14,14,14,14,14,14,14,49,14,14,14,24,14,45,14,14,41,41,14,14,14,14,14,14,14,27,14,14,14,27,14,14,14,14,31,31,14,14,14,14,14,14,14
"G11000100099053","2019-2023","DC",,,"District of Columbia","11","District of Columbia","001",,,"009905","3",,,,,,,,,,,".",".",,,,,,,,,,,,"1500000US110010099053",,,"110010099053","Block Group 3, Census Tract 99.05, District of Columbia, District of Columbia",235,55,0,0,0,0,0,0,55,0,79,0,0,0,0,0,0,79,0,13,0,0,0,0,0,0,13,0,33,0,0,0,0,0,33,0,0,55,0,47,8,0,0,0,0,0,0,0,0,0,0,0,0,0,0,0,0,0,0,0,0,0,0,0,"Block Group 3, Census Tract 99.05, District of Columbia, District of Columbia",171,79,14,14,14,14,14,14,79,14,124,14,14,14,14,14,14,124,14,22,14,14,14,14,14,14,22,14,49,14,14,14,14,14,49,14,14,81,14,76,17,14,14,14,14,14,14,14,14,14,14,14,14,14,14,14,14,14,14,14,14,14,14,14
"G11000100099061","2019-2023","DC",,,"District of Columbia","11","District of Columbia","001",,,"009906","1",,,,,,,,,,,".",".",,,,,,,,,,,,"1500000US110010099061",,,"110010099061","Block Group 1, Census Tract 99.06, District of Columbia, District of Columbia",415,24,0,0,0,0,0,0,0,24,75,0,0,0,0,0,0,75,0,32,0,0,0,6,9,6,11,0,68,1,0,0,23,0,24,20,0,98,0,42,10,25,21,0,0,0,67,67,0,0,0,0,0,0,0,51,51,0,0,0,0,0,0,0,"Block Group 1, Census Tract 99.06, District of Columbia, District of Columbia",88,38,14,14,14,14,14,14,14,38,65,14,14,14,14,14,14,65,14,25,14,14,14,8,14,9,17,14,52,2,14,14,23,14,36,31,14,59,14,37,16,39,29,14,14,14,52,52,14,14,14,14,14,14,14,48,48,14,14,14,14,14,14,14
"G11000100099071","2019-2023","DC",,,"District of Columbia","11","District of Columbia","001",,,"009907","1",,,,,,,,,,,".",".",,,,,,,,,,,,"1500000US110010099071",,,"110010099071","Block Group 1, Census Tract 99.07, District of Columbia, District of Columbia",78,48,0,0,0,0,0,0,0,48,0,0,0,0,0,0,0,0,0,0,0,0,0,0,0,0,0,0,0,0,0,0,0,0,0,0,0,7,7,0,0,0,0,0,0,0,0,0,0,0,0,0,0,0,0,23,23,0,0,0,0,0,0,0,"Block Group 1, Census Tract 99.07, District of Columbia, District of Columbia",61,48,14,14,14,14,14,14,14,48,14,14,14,14,14,14,14,14,14,14,14,14,14,14,14,14,14,14,14,14,14,14,14,14,14,14,14,18,18,14,14,14,14,14,14,14,14,14,14,14,14,14,14,14,14,39,39,14,14,14,14,14,14,14
"G11000100099072","2019-2023","DC",,,"District of Columbia","11","District of Columbia","001",,,"009907","2",,,,,,,,,,,".",".",,,,,,,,,,,,"1500000US110010099072",,,"110010099072","Block Group 2, Census Tract 99.07, District of Columbia, District of Columbia",567,85,0,0,0,0,0,0,28,57,76,0,0,49,27,0,0,0,0,64,0,0,0,21,0,19,0,24,9,0,0,0,0,4,0,0,5,159,159,0,0,0,0,0,0,0,147,114,23,10,0,0,0,0,0,27,27,0,0,0,0,0,0,0,"Block Group 2, Census Tract 99.07, District of Columbia, District of Columbia",130,83,14,14,14,14,14,14,36,75,75,14,14,70,34,14,14,14,14,43,14,14,14,23,14,29,14,38,12,14,14,14,14,7,14,14,10,131,131,14,14,14,14,14,14,14,95,75,36,16,14,14,14,14,14,36,36,14,14,14,14,14,14,14
"G11000100101001","2019-2023","DC",,,"District of Columbia","11","District of Columbia","001",,,"010100","1",,,,,,,,,,,".",".",,,,,,,,,,,,"1500000US110010101001",,,"110010101001","Block Group 1, Census Tract 101, District of Columbia, District of Columbia",564,1,0,0,0,0,0,0,1,0,10,0,0,0,0,0,0,10,0,28,0,0,0,0,0,0,28,0,50,0,11,8,0,9,6,16,0,231,0,0,15,58,72,45,27,14,88,0,71,17,0,0,0,0,0,156,129,2,0,10,15,0,0,0,"Block Group 1, Census Tract 101, District of Columbia, District of Columbia",129,2,14,14,14,14,14,14,2,14,15,14,14,14,14,14,14,15,14,35,14,14,14,14,14,14,35,14,33,14,18,13,14,15,10,17,14,91,14,14,18,49,47,62,37,22,85,14,85,18,14,14,14,14,14,68,67,4,14,15,14,14,14,14
"G11000100101002","2019-2023","DC",,,"District of Columbia","11","District of Columbia","001",,,"010100","2",,,,,,,,,,,".",".",,,,,,,,,,,,"1500000US110010101002",,,"110010101002","Block Group 2, Census Tract 101, District of Columbia, District of Columbia",464,47,0,0,0,0,0,0,37,10,16,0,0,0,0,0,0,16,0,0,0,0,0,0,0,0,0,0,46,0,0,0,0,0,5,41,0,38,0,0,0,0,9,29,0,0,42,0,0,10,21,0,11,0,0,275,209,19,39,8,0,0,0,0,"Block Group 2, Census Tract 101, District of Columbia, District of Columbia",129,49,14,14,14,14,14,14,45,19,24,14,14,14,14,14,14,24,14,14,14,14,14,14,14,14,14,14,61,14,14,14,14,14,9,61,14,30,14,14,14,14,15,27,14,14,41,14,14,15,34,14,19,14,14,116,109,22,33,14,14,14,14,14
"G11000100101003","2019-2023","DC",,,"District of Columbia","11","District of Columbia","001",,,"010100","3",,,,,,,,,,,".",".",,,,,,,,,,,,"1500000US110010101003",,,"110010101003","Block Group 3, Census Tract 101, District of Columbia, District of Columbia",326,29,0,0,0,0,0,0,4,25,25,0,0,0,0,0,0,14,11,13,0,0,0,0,0,0,13,0,12,0,0,0,0,0,0,12,0,42,0,0,0,0,0,33,9,0,51,0,0,40,0,0,0,11,0,154,68,65,11,0,0,10,0,0,"Block Group 3, Census Tract 101, District of Columbia, District of Columbia",103,40,14,14,14,14,14,14,7,39,28,14,14,14,14,14,14,22,17,21,14,14,14,14,14,14,21,14,22,14,14,14,14,14,14,22,14,53,14,14,14,14,14,51,14,14,55,14,14,52,14,14,14,16,14,83,47,58,18,14,14,18,14,14
"G11000100102011","2019-2023","DC",,,"District of Columbia","11","District of Columbia","001",,,"010201","1",,,,,,,,,,,".",".",,,,,,,,,,,,"1500000US110010102011",,,"110010102011","Block Group 1, Census Tract 102.01, District of Columbia, District of Columbia",1052,30,0,0,0,0,0,0,30,0,39,0,0,0,0,0,0,39,0,46,0,0,0,0,0,18,28,0,65,0,0,0,0,0,0,65,0,160,0,0,0,14,0,55,91,0,174,0,0,23,15,91,45,0,0,538,139,188,108,103,0,0,0,0,"Block Group 1, Census Tract 102.01, District of Columbia, District of Columbia",282,50,14,14,14,14,14,14,50,14,43,14,14,14,14,14,14,43,14,57,14,14,14,14,14,28,50,14,59,14,14,14,14,14,14,59,14,138,14,14,14,22,14,52,127,14,150,14,14,36,29,141,49,14,14,213,90,172,84,153,14,14,14,14
"G11000100102012","2019-2023","DC",,,"District of Columbia","11","District of Columbia","001",,,"010201","2",,,,,,,,,,,".",".",,,,,,,,,,,,"1500000US110010102012",,,"110010102012","Block Group 2, Census Tract 102.01, District of Columbia, District of Columbia",389,0,0,0,0,0,0,0,0,0,12,12,0,0,0,0,0,0,0,0,0,0,0,0,0,0,0,0,0,0,0,0,0,0,0,0,0,33,0,0,0,0,20,0,13,0,44,0,0,0,20,24,0,0,0,300,176,18,34,72,0,0,0,0,"Block Group 2, Census Tract 102.01, District of Columbia, District of Columbia",138,14,14,14,14,14,14,14,14,14,21,21,14,14,14,14,14,14,14,14,14,14,14,14,14,14,14,14,14,14,14,14,14,14,14,14,14,40,14,14,14,14,33,14,21,14,49,14,14,14,33,36,14,14,14,130,101,31,38,74,14,14,14,14
"G11000100102013","2019-2023","DC",,,"District of Columbia","11","District of Columbia","001",,,"010201","3",,,,,,,,,,,".",".",,,,,,,,,,,,"1500000US110010102013",,,"110010102013","Block Group 3, Census Tract 102.01, District of Columbia, District of Columbia",537,69,0,0,0,0,0,0,0,69,45,0,0,24,21,0,0,0,0,32,0,0,0,32,0,0,0,0,30,0,0,0,0,0,0,30,0,95,0,0,31,0,0,46,18,0,109,0,0,20,70,19,0,0,0,157,157,0,0,0,0,0,0,0,"Block Group 3, Census Tract 102.01, District of Columbia, District of Columbia",151,56,14,14,14,14,14,14,14,56,47,14,14,33,37,14,14,14,14,52,14,14,14,52,14,14,14,14,33,14,14,14,14,14,14,33,14,52,14,14,50,14,14,39,21,14,83,14,14,30,71,32,14,14,14,102,102,14,14,14,14,14,14,14
"G11000100102021","2019-2023","DC",,,"District of Columbia","11","District of Columbia","001",,,"010202","1",,,,,,,,,,,".",".",,,,,,,,,,,,"1500000US110010102021",,,"110010102021","Block Group 1, Census Tract 102.02, District of Columbia, District of Columbia",0,0,0,0,0,0,0,0,0,0,0,0,0,0,0,0,0,0,0,0,0,0,0,0,0,0,0,0,0,0,0,0,0,0,0,0,0,0,0,0,0,0,0,0,0,0,0,0,0,0,0,0,0,0,0,0,0,0,0,0,0,0,0,0,"Block Group 1, Census Tract 102.02, District of Columbia, District of Columbia",14,14,14,14,14,14,14,14,14,14,14,14,14,14,14,14,14,14,14,14,14,14,14,14,14,14,14,14,14,14,14,14,14,14,14,14,14,14,14,14,14,14,14,14,14,14,14,14,14,14,14,14,14,14,14,14,14,14,14,14,14,14,14,14
"G11000100102022","2019-2023","DC",,,"District of Columbia","11","District of Columbia","001",,,"010202","2",,,,,,,,,,,".",".",,,,,,,,,,,,"1500000US110010102022",,,"110010102022","Block Group 2, Census Tract 102.02, District of Columbia, District of Columbia",203,0,0,0,0,0,0,0,0,0,11,0,0,0,0,0,0,11,0,0,0,0,0,0,0,0,0,0,33,0,0,0,0,0,0,33,0,0,0,0,0,0,0,0,0,0,79,0,0,79,0,0,0,0,0,80,45,35,0,0,0,0,0,0,"Block Group 2, Census Tract 102.02, District of Columbia, District of Columbia",127,14,14,14,14,14,14,14,14,14,18,14,14,14,14,14,14,18,14,14,14,14,14,14,14,14,14,14,40,14,14,14,14,14,14,40,14,14,14,14,14,14,14,14,14,14,95,14,14,95,14,14,14,14,14,77,47,53,14,14,14,14,14,14
"G11000100102023","2019-2023","DC",,,"District of Columbia","11","District of Columbia","001",,,"010202","3",,,,,,,,,,,".",".",,,,,,,,,,,,"1500000US110010102023",,,"110010102023","Block Group 3, Census Tract 102.02, District of Columbia, District of Columbia",0,0,0,0,0,0,0,0,0,0,0,0,0,0,0,0,0,0,0,0,0,0,0,0,0,0,0,0,0,0,0,0,0,0,0,0,0,0,0,0,0,0,0,0,0,0,0,0,0,0,0,0,0,0,0,0,0,0,0,0,0,0,0,0,"Block Group 3, Census Tract 102.02, District of Columbia, District of Columbia",14,14,14,14,14,14,14,14,14,14,14,14,14,14,14,14,14,14,14,14,14,14,14,14,14,14,14,14,14,14,14,14,14,14,14,14,14,14,14,14,14,14,14,14,14,14,14,14,14,14,14,14,14,14,14,14,14,14,14,14,14,14,14,14
"G11000100102024","2019-2023","DC",,,"District of Columbia","11","District of Columbia","001",,,"010202","4",,,,,,,,,,,".",".",,,,,,,,,,,,"1500000US110010102024",,,"110010102024","Block Group 4, Census Tract 102.02, District of Columbia, District of Columbia",11,11,0,0,0,0,0,0,11,0,0,0,0,0,0,0,0,0,0,0,0,0,0,0,0,0,0,0,0,0,0,0,0,0,0,0,0,0,0,0,0,0,0,0,0,0,0,0,0,0,0,0,0,0,0,0,0,0,0,0,0,0,0,0,"Block Group 4, Census Tract 102.02, District of Columbia, District of Columbia",18,18,14,14,14,14,14,14,18,14,14,14,14,14,14,14,14,14,14,14,14,14,14,14,14,14,14,14,14,14,14,14,14,14,14,14,14,14,14,14,14,14,14,14,14,14,14,14,14,14,14,14,14,14,14,14,14,14,14,14,14,14,14,14
"G11000100102025","2019-2023","DC",,,"District of Columbia","11","District of Columbia","001",,,"010202","5",,,,,,,,,,,".",".",,,,,,,,,,,,"1500000US110010102025",,,"110010102025","Block Group 5, Census Tract 102.02, District of Columbia, District of Columbia",856,24,0,0,0,0,0,0,12,12,68,0,0,0,0,0,0,68,0,174,0,0,0,0,0,0,174,0,0,0,0,0,0,0,0,0,0,78,0,0,0,0,58,0,20,0,24,0,0,21,3,0,0,0,0,488,315,52,13,78,16,14,0,0,"Block Group 5, Census Tract 102.02, District of Columbia, District of Columbia",291,29,14,14,14,14,14,14,21,19,59,14,14,14,14,14,14,59,14,235,14,14,14,14,14,14,235,14,14,14,14,14,14,14,14,14,14,68,14,14,14,14,67,14,31,14,33,14,14,34,4,14,14,14,14,147,136,46,21,102,28,23,14,14
"G11000100102026","2019-2023","DC",,,"District of Columbia","11","District of Columbia","001",,,"010202","6",,,,,,,,,,,".",".",,,,,,,,,,,,"1500000US110010102026",,,"110010102026","Block Group 6, Census Tract 102.02, District of Columbia, District of Columbia",0,0,0,0,0,0,0,0,0,0,0,0,0,0,0,0,0,0,0,0,0,0,0,0,0,0,0,0,0,0,0,0,0,0,0,0,0,0,0,0,0,0,0,0,0,0,0,0,0,0,0,0,0,0,0,0,0,0,0,0,0,0,0,0,"Block Group 6, Census Tract 102.02, District of Columbia, District of Columbia",14,14,14,14,14,14,14,14,14,14,14,14,14,14,14,14,14,14,14,14,14,14,14,14,14,14,14,14,14,14,14,14,14,14,14,14,14,14,14,14,14,14,14,14,14,14,14,14,14,14,14,14,14,14,14,14,14,14,14,14,14,14,14,14
"G11000100103001","2019-2023","DC",,,"District of Columbia","11","District of Columbia","001",,,"010300","1",,,,,,,,,,,".",".",,,,,,,,,,,,"1500000US110010103001",,,"110010103001","Block Group 1, Census Tract 103, District of Columbia, District of Columbia",371,73,0,0,0,16,0,0,57,0,6,0,0,0,0,0,0,6,0,120,0,0,0,0,0,19,101,0,18,0,0,0,0,0,18,0,0,68,0,16,36,0,0,16,0,0,0,0,0,0,0,0,0,0,0,86,86,0,0,0,0,0,0,0,"Block Group 1, Census Tract 103, District of Columbia, District of Columbia",122,98,14,14,14,27,14,14,94,14,11,14,14,14,14,14,14,11,14,87,14,14,14,14,14,27,82,14,28,14,14,14,14,14,28,14,14,67,14,26,57,14,14,25,14,14,14,14,14,14,14,14,14,14,14,90,90,14,14,14,14,14,14,14
"G11000100103002","2019-2023","DC",,,"District of Columbia","11","District of Columbia","001",,,"010300","2",,,,,,,,,,,".",".",,,,,,,,,,,,"1500000US110010103002",,,"110010103002","Block Group 2, Census Tract 103, District of Columbia, District of Columbia",226,0,0,0,0,0,0,0,0,0,17,0,0,0,0,0,0,17,0,12,0,0,0,0,0,0,12,0,20,0,0,0,0,20,0,0,0,106,23,0,0,46,37,0,0,0,0,0,0,0,0,0,0,0,0,71,71,0,0,0,0,0,0,0,"Block Group 2, Census Tract 103, District of Columbia, District of Columbia",114,14,14,14,14,14,14,14,14,14,26,14,14,14,14,14,14,26,14,20,14,14,14,14,14,14,20,14,33,14,14,14,14,33,14,14,14,93,35,14,14,66,57,14,14,14,14,14,14,14,14,14,14,14,14,66,66,14,14,14,14,14,14,14
"G11000100103003","2019-2023","DC",,,"District of Columbia","11","District of Columbia","001",,,"010300","3",,,,,,,,,,,".",".",,,,,,,,,,,,"1500000US110010103003",,,"110010103003","Block Group 3, Census Tract 103, District of Columbia, District of Columbia",298,53,0,0,0,0,0,0,53,0,0,0,0,0,0,0,0,0,0,24,0,0,0,0,0,0,24,0,92,0,0,0,0,92,0,0,0,24,0,0,0,24,0,0,0,0,0,0,0,0,0,0,0,0,0,105,85,11,9,0,0,0,0,0,"Block Group 3, Census Tract 103, District of Columbia, District of Columbia",201,78,14,14,14,14,14,14,78,14,14,14,14,14,14,14,14,14,14,42,14,14,14,14,14,14,42,14,143,14,14,14,14,143,14,14,14,38,14,14,14,38,14,14,14,14,14,14,14,14,14,14,14,14,14,98,97,17,15,14,14,14,14,14
"G11000100104001","2019-2023","DC",,,"District of Columbia","11","District of Columbia","001",,,"010400","1",,,,,,,,,,,".",".",,,,,,,,,,,,"1500000US110010104001",,,"110010104001","Block Group 1, Census Tract 104, District of Columbia, District of Columbia",762,160,0,0,0,0,0,0,132,28,53,0,0,0,0,0,0,53,0,0,0,0,0,0,0,0,0,0,129,0,0,0,0,0,37,92,0,81,29,0,0,52,0,0,0,0,22,13,0,0,0,0,9,0,0,317,269,25,0,0,0,0,0,23,"Block Group 1, Census Tract 104, District of Columbia, District of Columbia",299,147,14,14,14,14,14,14,139,45,33,14,14,14,14,14,14,33,14,14,14,14,14,14,14,14,14,14,98,14,14,14,14,14,58,75,14,77,47,14,14,65,14,14,14,14,26,20,14,14,14,14,19,14,14,266,269,35,14,14,14,14,14,37
"G11000100104002","2019-2023","DC",,,"District of Columbia","11","District of Columbia","001",,,"010400","2",,,,,,,,,,,".",".",,,,,,,,,,,,"1500000US110010104002",,,"110010104002","Block Group 2, Census Tract 104, District of Columbia, District of Columbia",274,40,0,0,0,0,0,0,40,0,7,0,0,0,0,0,0,7,0,0,0,0,0,0,0,0,0,0,70,0,0,0,70,0,0,0,0,83,0,13,70,0,0,0,0,0,61,14,0,0,0,47,0,0,0,13,13,0,0,0,0,0,0,0,"Block Group 2, Census Tract 104, District of Columbia, District of Columbia",138,66,14,14,14,14,14,14,66,14,12,14,14,14,14,14,14,12,14,14,14,14,14,14,14,14,14,14,85,14,14,14,85,14,14,14,14,78,14,23,75,14,14,14,14,14,65,27,14,14,14,57,14,14,14,22,22,14,14,14,14,14,14,14
"G11000100104003","2019-2023","DC",,,"District of Columbia","11","District of Columbia","001",,,"010400","3",,,,,,,,,,,".",".",,,,,,,,,,,,"1500000US110010104003",,,"110010104003","Block Group 3, Census Tract 104, District of Columbia, District of Columbia",237,0,0,0,0,0,0,0,0,0,54,0,0,0,0,0,0,54,0,13,0,0,0,13,0,0,0,0,114,0,33,0,19,0,0,62,0,47,0,0,47,0,0,0,0,0,0,0,0,0,0,0,0,0,0,9,0,9,0,0,0,0,0,0,"Block Group 3, Census Tract 104, District of Columbia, District of Columbia",146,14,14,14,14,14,14,14,14,14,85,14,14,14,14,14,14,85,14,19,14,14,14,19,14,14,14,14,110,14,53,14,28,14,14,98,14,71,14,14,71,14,14,14,14,14,14,14,14,14,14,14,14,14,14,15,14,15,14,14,14,14,14,14
"G11000100105001","2019-2023","DC",,,"District of Columbia","11","District of Columbia","001",,,"010500","1",,,,,,,,,,,".",".",,,,,,,,,,,,"1500000US110010105001",,,"110010105001","Block Group 1, Census Tract 105, District of Columbia, District of Columbia",0,0,0,0,0,0,0,0,0,0,0,0,0,0,0,0,0,0,0,0,0,0,0,0,0,0,0,0,0,0,0,0,0,0,0,0,0,0,0,0,0,0,0,0,0,0,0,0,0,0,0,0,0,0,0,0,0,0,0,0,0,0,0,0,"Block Group 1, Census Tract 105, District of Columbia, District of Columbia",14,14,14,14,14,14,14,14,14,14,14,14,14,14,14,14,14,14,14,14,14,14,14,14,14,14,14,14,14,14,14,14,14,14,14,14,14,14,14,14,14,14,14,14,14,14,14,14,14,14,14,14,14,14,14,14,14,14,14,14,14,14,14,14
"G11000100105002","2019-2023","DC",,,"District of Columbia","11","District of Columbia","001",,,"010500","2",,,,,,,,,,,".",".",,,,,,,,,,,,"1500000US110010105002",,,"110010105002","Block Group 2, Census Tract 105, District of Columbia, District of Columbia",862,0,0,0,0,0,0,0,0,0,209,0,0,0,0,0,0,209,0,19,0,0,0,0,0,0,19,0,38,0,0,0,0,38,0,0,0,8,0,0,0,0,8,0,0,0,76,0,0,51,0,0,20,5,0,512,458,19,20,15,0,0,0,0,"Block Group 2, Census Tract 105, District of Columbia, District of Columbia",267,14,14,14,14,14,14,14,14,14,183,14,14,14,14,14,14,183,14,27,14,14,14,14,14,14,27,14,55,14,14,14,14,55,14,14,14,14,14,14,14,14,14,14,14,14,69,14,14,62,14,14,30,16,14,206,215,23,31,24,14,14,14,14
"G11000100105003","2019-2023","DC",,,"District of Columbia","11","District of Columbia","001",,,"010500","3",,,,,,,,,,,".",".",,,,,,,,,,,,"1500000US110010105003",,,"110010105003","Block Group 3, Census Tract 105, District of Columbia, District of Columbia",407,81,0,0,0,0,0,0,0,81,0,0,0,0,0,0,0,0,0,0,0,0,0,0,0,0,0,0,106,0,0,0,13,72,21,0,0,88,23,14,0,15,0,36,0,0,62,30,0,32,0,0,0,0,0,70,41,29,0,0,0,0,0,0,"Block Group 3, Census Tract 105, District of Columbia, District of Columbia",147,30,14,14,14,14,14,14,14,30,14,14,14,14,14,14,14,14,14,14,14,14,14,14,14,14,14,14,89,14,14,14,21,87,33,14,14,84,36,24,14,24,14,68,14,14,67,45,14,49,14,14,14,14,14,58,46,34,14,14,14,14,14,14
"G11000100105004","2019-2023","DC",,,"District of Columbia","11","District of Columbia","001",,,"010500","4",,,,,,,,,,,".",".",,,,,,,,,,,,"1500000US110010105004",,,"110010105004","Block Group 4, Census Tract 105, District of Columbia, District of Columbia",0,0,0,0,0,0,0,0,0,0,0,0,0,0,0,0,0,0,0,0,0,0,0,0,0,0,0,0,0,0,0,0,0,0,0,0,0,0,0,0,0,0,0,0,0,0,0,0,0,0,0,0,0,0,0,0,0,0,0,0,0,0,0,0,"Block Group 4, Census Tract 105, District of Columbia, District of Columbia",14,14,14,14,14,14,14,14,14,14,14,14,14,14,14,14,14,14,14,14,14,14,14,14,14,14,14,14,14,14,14,14,14,14,14,14,14,14,14,14,14,14,14,14,14,14,14,14,14,14,14,14,14,14,14,14,14,14,14,14,14,14,14,14
"G11000100105005","2019-2023","DC",,,"District of Columbia","11","District of Columbia","001",,,"010500","5",,,,,,,,,,,".",".",,,,,,,,,,,,"1500000US110010105005",,,"110010105005","Block Group 5, Census Tract 105, District of Columbia, District of Columbia",321,22,0,0,0,0,0,0,22,0,0,0,0,0,0,0,0,0,0,74,74,0,0,0,0,0,0,0,65,22,28,0,0,15,0,0,0,82,0,22,0,0,60,0,0,0,47,26,0,21,0,0,0,0,0,31,31,0,0,0,0,0,0,0,"Block Group 5, Census Tract 105, District of Columbia, District of Columbia",143,34,14,14,14,14,14,14,34,14,14,14,14,14,14,14,14,14,14,80,80,14,14,14,14,14,14,14,64,34,46,14,14,23,14,14,14,89,14,34,14,14,82,14,14,14,54,42,14,33,14,14,14,14,14,40,40,14,14,14,14,14,14,14
"G11000100106011","2019-2023","DC",,,"District of Columbia","11","District of Columbia","001",,,"010601","1",,,,,,,,,,,".",".",,,,,,,,,,,,"1500000US110010106011",,,"110010106011","Block Group 1, Census Tract 106.01, District of Columbia, District of Columbia",660,41,0,0,0,0,0,0,15,26,44,0,0,0,0,0,0,44,0,51,16,0,0,0,0,0,35,0,0,0,0,0,0,0,0,0,0,143,0,0,0,16,30,97,0,0,60,0,0,0,22,25,0,13,0,321,99,60,61,42,0,39,0,20,"Block Group 1, Census Tract 106.01, District of Columbia, District of Columbia",133,30,14,14,14,14,14,14,24,20,49,14,14,14,14,14,14,49,14,47,26,14,14,14,14,14,38,14,14,14,14,14,14,14,14,14,14,93,14,14,14,25,34,84,14,14,55,14,14,14,32,40,14,22,14,134,74,62,53,41,14,64,14,31
"G11000100106012","2019-2023","DC",,,"District of Columbia","11","District of Columbia","001",,,"010601","2",,,,,,,,,,,".",".",,,,,,,,,,,,"1500000US110010106012",,,"110010106012","Block Group 2, Census Tract 106.01, District of Columbia, District of Columbia",647,21,0,0,0,0,0,0,9,12,22,0,0,0,0,0,0,22,0,0,0,0,0,0,0,0,0,0,21,0,0,0,0,0,12,9,0,101,0,0,0,14,0,87,0,0,76,0,0,0,60,16,0,0,0,406,268,60,65,13,0,0,0,0,"Block Group 2, Census Tract 106.01, District of Columbia, District of Columbia",209,21,14,14,14,14,14,14,14,14,29,14,14,14,14,14,14,29,14,14,14,14,14,14,14,14,14,14,28,14,14,14,14,14,20,18,14,64,14,14,14,21,14,61,14,14,95,14,14,14,91,26,14,14,14,181,179,47,61,21,14,14,14,14
"G11000100106021","2019-2023","DC",,,"District of Columbia","11","District of Columbia","001",,,"010602","1",,,,,,,,,,,".",".",,,,,,,,,,,,"1500000US110010106021",,,"110010106021","Block Group 1, Census Tract 106.02, District of Columbia, District of Columbia",55,0,0,0,0,0,0,0,0,0,0,0,0,0,0,0,0,0,0,0,0,0,0,0,0,0,0,0,0,0,0,0,0,0,0,0,0,0,0,0,0,0,0,0,0,0,0,0,0,0,0,0,0,0,0,55,34,0,13,0,0,8,0,0,"Block Group 1, Census Tract 106.02, District of Columbia, District of Columbia",43,14,14,14,14,14,14,14,14,14,14,14,14,14,14,14,14,14,14,14,14,14,14,14,14,14,14,14,14,14,14,14,14,14,14,14,14,14,14,14,14,14,14,14,14,14,14,14,14,14,14,14,14,14,14,43,41,14,22,14,14,15,14,14
"G11000100106022","2019-2023","DC",,,"District of Columbia","11","District of Columbia","001",,,"010602","2",,,,,,,,,,,".",".",,,,,,,,,,,,"1500000US110010106022",,,"110010106022","Block Group 2, Census Tract 106.02, District of Columbia, District of Columbia",456,6,0,0,0,0,0,0,6,0,16,0,0,0,0,0,0,16,0,0,0,0,0,0,0,0,0,0,9,0,0,0,0,9,0,0,0,0,0,0,0,0,0,0,0,0,116,0,22,0,81,13,0,0,0,309,279,0,30,0,0,0,0,0,"Block Group 2, Census Tract 106.02, District of Columbia, District of Columbia",171,11,14,14,14,14,14,14,11,14,27,14,14,14,14,14,14,27,14,14,14,14,14,14,14,14,14,14,15,14,14,14,14,15,14,14,14,14,14,14,14,14,14,14,14,14,132,14,36,14,126,22,14,14,14,156,155,14,38,14,14,14,14,14
"G11000100106023","2019-2023","DC",,,"District of Columbia","11","District of Columbia","001",,,"010602","3",,,,,,,,,,,".",".",,,,,,,,,,,,"1500000US110010106023",,,"110010106023","Block Group 3, Census Tract 106.02, District of Columbia, District of Columbia",930,25,0,0,0,0,0,0,0,25,33,0,0,0,0,0,0,33,0,19,0,0,0,0,0,0,19,0,78,0,0,0,0,0,0,78,0,93,0,0,0,0,13,22,58,0,15,0,0,15,0,0,0,0,0,667,302,210,91,49,15,0,0,0,"Block Group 3, Census Tract 106.02, District of Columbia, District of Columbia",248,40,14,14,14,14,14,14,14,40,33,14,14,14,14,14,14,33,14,35,14,14,14,14,14,14,35,14,108,14,14,14,14,14,14,108,14,85,14,14,14,14,21,34,76,14,27,14,14,27,14,14,14,14,14,229,145,144,98,69,24,14,14,14
"G11000100106024","2019-2023","DC",,,"District of Columbia","11","District of Columbia","001",,,"010602","4",,,,,,,,,,,".",".",,,,,,,,,,,,"1500000US110010106024",,,"110010106024","Block Group 4, Census Tract 106.02, District of Columbia, District of Columbia",986,38,0,0,0,0,0,0,38,0,3,0,0,0,0,0,0,3,0,95,0,0,0,0,0,0,95,0,22,0,0,0,0,0,0,22,0,59,0,0,0,19,13,18,9,0,212,0,0,86,84,30,12,0,0,557,121,150,163,24,0,99,0,0,"Block Group 4, Census Tract 106.02, District of Columbia, District of Columbia",186,53,14,14,14,14,14,14,53,14,6,14,14,14,14,14,14,6,14,94,14,14,14,14,14,14,94,14,33,14,14,14,14,14,14,33,14,48,14,14,14,30,20,28,14,14,164,14,14,115,128,49,21,14,14,188,99,104,132,37,14,150,14,14
"G11000100106031","2019-2023","DC",,,"District of Columbia","11","District of Columbia","001",,,"010603","1",,,,,,,,,,,".",".",,,,,,,,,,,,"1500000US110010106031",,,"110010106031","Block Group 1, Census Tract 106.03, District of Columbia, District of Columbia",0,0,0,0,0,0,0,0,0,0,0,0,0,0,0,0,0,0,0,0,0,0,0,0,0,0,0,0,0,0,0,0,0,0,0,0,0,0,0,0,0,0,0,0,0,0,0,0,0,0,0,0,0,0,0,0,0,0,0,0,0,0,0,0,"Block Group 1, Census Tract 106.03, District of Columbia, District of Columbia",14,14,14,14,14,14,14,14,14,14,14,14,14,14,14,14,14,14,14,14,14,14,14,14,14,14,14,14,14,14,14,14,14,14,14,14,14,14,14,14,14,14,14,14,14,14,14,14,14,14,14,14,14,14,14,14,14,14,14,14,14,14,14,14
"G11000100106032","2019-2023","DC",,,"District of Columbia","11","District of Columbia","001",,,"010603","2",,,,,,,,,,,".",".",,,,,,,,,,,,"1500000US110010106032",,,"110010106032","Block Group 2, Census Tract 106.03, District of Columbia, District of Columbia",893,20,0,0,0,0,0,0,20,0,0,0,0,0,0,0,0,0,0,9,0,0,0,0,0,0,9,0,47,0,0,0,0,0,0,47,0,102,0,0,0,0,21,65,16,0,53,0,0,10,31,0,0,12,0,662,124,126,318,28,0,66,0,0,"Block Group 2, Census Tract 106.03, District of Columbia, District of Columbia",391,22,14,14,14,14,14,14,22,14,14,14,14,14,14,14,14,14,14,14,14,14,14,14,14,14,14,14,76,14,14,14,14,14,14,76,14,81,14,14,14,14,32,73,26,14,39,14,14,16,29,14,14,19,14,380,75,91,363,26,14,75,14,14
"G11000100106033","2019-2023","DC",,,"District of Columbia","11","District of Columbia","001",,,"010603","3",,,,,,,,,,,".",".",,,,,,,,,,,,"1500000US110010106033",,,"110010106033","Block Group 3, Census Tract 106.03, District of Columbia, District of Columbia",948,35,0,0,0,0,0,0,35,0,26,0,0,0,0,0,0,26,0,21,0,0,0,0,10,0,11,0,4,0,0,0,0,0,0,4,0,372,56,0,0,46,13,186,71,0,78,0,7,21,28,22,0,0,0,412,183,157,72,0,0,0,0,0,"Block Group 3, Census Tract 106.03, District of Columbia, District of Columbia",176,43,14,14,14,14,14,14,43,14,30,14,14,14,14,14,14,30,14,22,14,14,14,14,16,14,16,14,6,14,14,14,14,14,14,6,14,181,88,14,14,77,20,138,101,14,67,14,12,24,45,26,14,14,14,123,107,94,63,14,14,14,14,14
"G11000100107001","2019-2023","DC",,,"District of Columbia","11","District of Columbia","001",,,"010700","1",,,,,,,,,,,".",".",,,,,,,,,,,,"1500000US110010107001",,,"110010107001","Block Group 1, Census Tract 107, District of Columbia, District of Columbia",270,22,0,0,0,0,0,0,19,3,24,0,0,0,0,0,0,24,0,34,0,0,0,0,0,0,34,0,21,0,0,0,0,0,0,21,0,25,0,20,0,0,0,0,5,0,85,29,0,32,24,0,0,0,0,59,36,15,8,0,0,0,0,0,"Block Group 1, Census Tract 107, District of Columbia, District of Columbia",69,25,14,14,14,14,14,14,24,5,22,14,14,14,14,14,14,22,14,44,14,14,14,14,14,14,44,14,28,14,14,14,14,14,14,28,14,32,14,32,14,14,14,14,9,14,59,48,14,20,32,14,14,14,14,38,32,17,12,14,14,14,14,14
"G11000100107002","2019-2023","DC",,,"District of Columbia","11","District of Columbia","001",,,"010700","2",,,,,,,,,,,".",".",,,,,,,,,,,,"1500000US110010107002",,,"110010107002","Block Group 2, Census Tract 107, District of Columbia, District of Columbia",648,37,0,0,0,0,0,0,32,5,62,0,0,0,0,0,0,62,0,35,0,0,0,0,0,0,35,0,15,0,0,0,0,0,10,5,0,89,0,0,0,37,15,30,0,7,101,0,0,0,34,7,60,0,0,309,76,68,142,23,0,0,0,0,"Block Group 2, Census Tract 107, District of Columbia, District of Columbia",89,25,14,14,14,14,14,14,24,8,44,14,14,14,14,14,14,44,14,37,14,14,14,14,14,14,37,14,20,14,14,14,14,14,18,9,14,62,14,14,14,51,17,36,14,12,35,14,14,14,33,12,14,14,14,101,50,53,86,18,14,14,14,14
"G11000100108001","2019-2023","DC",,,"District of Columbia","11","District of Columbia","001",,,"010800","1",,,,,,,,,,,".",".",,,,,,,,,,,,"1500000US110010108001",,,"110010108001","Block Group 1, Census Tract 108, District of Columbia, District of Columbia",208,11,0,0,0,0,0,0,7,4,82,0,0,0,0,0,0,82,0,16,0,0,0,0,0,0,16,0,0,0,0,0,0,0,0,0,0,6,0,0,0,0,0,0,6,0,30,0,0,0,0,0,0,30,0,63,39,0,10,0,0,0,0,14,"Block Group 1, Census Tract 108, District of Columbia, District of Columbia",89,14,14,14,14,14,14,14,11,7,74,14,14,14,14,14,14,74,14,24,14,14,14,14,14,14,24,14,14,14,14,14,14,14,14,14,14,9,14,14,14,14,14,14,9,14,37,14,14,14,14,14,14,37,14,38,30,14,16,14,14,14,14,20
"G11000100108002","2019-2023","DC",,,"District of Columbia","11","District of Columbia","001",,,"010800","2",,,,,,,,,,,".",".",,,,,,,,,,,,"1500000US110010108002",,,"110010108002","Block Group 2, Census Tract 108, District of Columbia, District of Columbia",0,0,0,0,0,0,0,0,0,0,0,0,0,0,0,0,0,0,0,0,0,0,0,0,0,0,0,0,0,0,0,0,0,0,0,0,0,0,0,0,0,0,0,0,0,0,0,0,0,0,0,0,0,0,0,0,0,0,0,0,0,0,0,0,"Block Group 2, Census Tract 108, District of Columbia, District of Columbia",14,14,14,14,14,14,14,14,14,14,14,14,14,14,14,14,14,14,14,14,14,14,14,14,14,14,14,14,14,14,14,14,14,14,14,14,14,14,14,14,14,14,14,14,14,14,14,14,14,14,14,14,14,14,14,14,14,14,14,14,14,14,14,14
"G11000100108003","2019-2023","DC",,,"District of Columbia","11","District of Columbia","001",,,"010800","3",,,,,,,,,,,".",".",,,,,,,,,,,,"1500000US110010108003",,,"110010108003","Block Group 3, Census Tract 108, District of Columbia, District of Columbia",214,65,0,0,0,0,0,0,27,38,31,0,0,0,0,0,0,31,0,15,0,0,0,0,0,0,15,0,10,0,0,0,0,0,10,0,0,17,0,0,0,12,5,0,0,0,25,0,8,0,0,0,17,0,0,51,39,8,4,0,0,0,0,0,"Block Group 3, Census Tract 108, District of Columbia, District of Columbia",72,64,14,14,14,14,14,14,31,55,27,14,14,14,14,14,14,27,14,18,14,14,14,14,14,14,18,14,16,14,14,14,14,14,16,14,14,16,14,14,14,14,8,14,14,14,30,14,13,14,14,14,28,14,14,33,29,15,7,14,14,14,14,14
"G11000100108004","2019-2023","DC",,,"District of Columbia","11","District of Columbia","001",,,"010800","4",,,,,,,,,,,".",".",,,,,,,,,,,,"1500000US110010108004",,,"110010108004","Block Group 4, Census Tract 108, District of Columbia, District of Columbia",0,0,0,0,0,0,0,0,0,0,0,0,0,0,0,0,0,0,0,0,0,0,0,0,0,0,0,0,0,0,0,0,0,0,0,0,0,0,0,0,0,0,0,0,0,0,0,0,0,0,0,0,0,0,0,0,0,0,0,0,0,0,0,0,"Block Group 4, Census Tract 108, District of Columbia, District of Columbia",14,14,14,14,14,14,14,14,14,14,14,14,14,14,14,14,14,14,14,14,14,14,14,14,14,14,14,14,14,14,14,14,14,14,14,14,14,14,14,14,14,14,14,14,14,14,14,14,14,14,14,14,14,14,14,14,14,14,14,14,14,14,14,14
"G11000100108005","2019-2023","DC",,,"District of Columbia","11","District of Columbia","001",,,"010800","5",,,,,,,,,,,".",".",,,,,,,,,,,,"1500000US110010108005",,,"110010108005","Block Group 5, Census Tract 108, District of Columbia, District of Columbia",0,0,0,0,0,0,0,0,0,0,0,0,0,0,0,0,0,0,0,0,0,0,0,0,0,0,0,0,0,0,0,0,0,0,0,0,0,0,0,0,0,0,0,0,0,0,0,0,0,0,0,0,0,0,0,0,0,0,0,0,0,0,0,0,"Block Group 5, Census Tract 108, District of Columbia, District of Columbia",14,14,14,14,14,14,14,14,14,14,14,14,14,14,14,14,14,14,14,14,14,14,14,14,14,14,14,14,14,14,14,14,14,14,14,14,14,14,14,14,14,14,14,14,14,14,14,14,14,14,14,14,14,14,14,14,14,14,14,14,14,14,14,14
"G11000100108006","2019-2023","DC",,,"District of Columbia","11","District of Columbia","001",,,"010800","6",,,,,,,,,,,".",".",,,,,,,,,,,,"1500000US110010108006",,,"110010108006","Block Group 6, Census Tract 108, District of Columbia, District of Columbia",493,124,0,0,0,0,0,0,68,56,102,0,0,0,0,16,0,86,0,2,0,0,0,0,0,0,2,0,144,0,0,0,0,0,20,124,0,44,0,0,9,14,21,0,0,0,28,0,0,24,0,0,0,4,0,49,15,28,0,6,0,0,0,0,"Block Group 6, Census Tract 108, District of Columbia, District of Columbia",151,68,14,14,14,14,14,14,53,45,55,14,14,14,14,25,14,51,14,4,14,14,14,14,14,14,4,14,129,14,14,14,14,14,25,128,14,30,14,14,15,21,25,14,14,14,28,14,14,28,14,14,14,8,14,35,15,26,14,10,14,14,14,14
"G11000100109001","2019-2023","DC",,,"District of Columbia","11","District of Columbia","001",,,"010900","1",,,,,,,,,,,".",".",,,,,,,,,,,,"1500000US110010109001",,,"110010109001","Block Group 1, Census Tract 109, District of Columbia, District of Columbia",784,58,0,0,0,0,0,0,58,0,121,0,12,0,0,0,0,109,0,96,0,0,0,12,51,0,33,0,220,16,0,53,63,35,53,0,0,130,0,0,48,82,0,0,0,0,65,47,18,0,0,0,0,0,0,94,94,0,0,0,0,0,0,0,"Block Group 1, Census Tract 109, District of Columbia, District of Columbia",182,86,14,14,14,14,14,14,86,14,107,14,23,14,14,14,14,106,14,100,14,14,14,25,83,14,60,14,138,38,14,84,73,59,85,14,14,144,14,14,78,126,14,14,14,14,81,78,28,14,14,14,14,14,14,113,113,14,14,14,14,14,14,14
"G11000100109002","2019-2023","DC",,,"District of Columbia","11","District of Columbia","001",,,"010900","2",,,,,,,,,,,".",".",,,,,,,,,,,,"1500000US110010109002",,,"110010109002","Block Group 2, Census Tract 109, District of Columbia, District of Columbia",557,155,0,0,0,0,0,0,69,86,13,0,0,0,0,0,0,13,0,197,4,0,0,0,0,121,72,0,109,0,15,0,0,41,0,53,0,51,0,0,0,37,0,0,14,0,0,0,0,0,0,0,0,0,0,32,32,0,0,0,0,0,0,0,"Block Group 2, Census Tract 109, District of Columbia, District of Columbia",185,133,14,14,14,14,14,14,91,108,29,14,14,14,14,14,14,29,14,95,6,14,14,14,14,108,81,14,108,14,26,14,14,64,14,86,14,57,14,14,14,49,14,14,32,14,14,14,14,14,14,14,14,14,14,47,47,14,14,14,14,14,14,14
"G11000100110011","2019-2023","DC",,,"District of Columbia","11","District of Columbia","001",,,"011001","1",,,,,,,,,,,".",".",,,,,,,,,,,,"1500000US110010110011",,,"110010110011","Block Group 1, Census Tract 110.01, District of Columbia, District of Columbia",224,75,0,0,0,0,0,0,58,17,20,0,0,0,20,0,0,0,0,23,0,0,0,0,0,0,23,0,0,0,0,0,0,0,0,0,0,26,0,26,0,0,0,0,0,0,19,0,0,0,0,0,0,19,0,61,0,61,0,0,0,0,0,0,"Block Group 1, Census Tract 110.01, District of Columbia, District of Columbia",85,51,14,14,14,14,14,14,45,29,33,14,14,14,33,14,14,14,14,35,14,14,14,14,14,14,35,14,14,14,14,14,14,14,14,14,14,39,14,39,14,14,14,14,14,14,24,14,14,14,14,14,14,24,14,53,14,53,14,14,14,14,14,14
"G11000100110012","2019-2023","DC",,,"District of Columbia","11","District of Columbia","001",,,"011001","2",,,,,,,,,,,".",".",,,,,,,,,,,,"1500000US110010110012",,,"110010110012","Block Group 2, Census Tract 110.01, District of Columbia, District of Columbia",464,5,0,0,0,0,0,0,5,0,0,0,0,0,0,0,0,0,0,0,0,0,0,0,0,0,0,0,64,0,0,0,0,0,0,64,0,23,0,0,0,0,23,0,0,0,15,0,0,7,0,0,8,0,0,357,91,60,172,34,0,0,0,0,"Block Group 2, Census Tract 110.01, District of Columbia, District of Columbia",198,9,14,14,14,14,14,14,9,14,14,14,14,14,14,14,14,14,14,14,14,14,14,14,14,14,14,14,96,14,14,14,14,14,14,96,14,36,14,14,14,14,36,14,14,14,23,14,14,14,14,14,19,14,14,215,114,70,194,53,14,14,14,14
"G11000100110013","2019-2023","DC",,,"District of Columbia","11","District of Columbia","001",,,"011001","3",,,,,,,,,,,".",".",,,,,,,,,,,,"1500000US110010110013",,,"110010110013","Block Group 3, Census Tract 110.01, District of Columbia, District of Columbia",87,22,0,0,0,0,0,0,22,0,0,0,0,0,0,0,0,0,0,0,0,0,0,0,0,0,0,0,0,0,0,0,0,0,0,0,0,0,0,0,0,0,0,0,0,0,19,0,19,0,0,0,0,0,0,46,36,10,0,0,0,0,0,0,"Block Group 3, Census Tract 110.01, District of Columbia, District of Columbia",68,36,14,14,14,14,14,14,36,14,14,14,14,14,14,14,14,14,14,14,14,14,14,14,14,14,14,14,14,14,14,14,14,14,14,14,14,14,14,14,14,14,14,14,14,14,32,14,32,14,14,14,14,14,14,47,42,17,14,14,14,14,14,14
"G11000100110021","2019-2023","DC",,,"District of Columbia","11","District of Columbia","001",,,"011002","1",,,,,,,,,,,".",".",,,,,,,,,,,,"1500000US110010110021",,,"110010110021","Block Group 1, Census Tract 110.02, District of Columbia, District of Columbia",159,41,0,0,0,0,0,0,0,41,18,0,0,0,0,0,0,18,0,24,0,0,0,0,0,0,24,0,38,0,0,0,0,0,15,23,0,0,0,0,0,0,0,0,0,0,0,0,0,0,0,0,0,0,0,38,38,0,0,0,0,0,0,0,"Block Group 1, Census Tract 110.02, District of Columbia, District of Columbia",94,66,14,14,14,14,14,14,14,66,28,14,14,14,14,14,14,28,14,28,14,14,14,14,14,14,28,14,30,14,14,14,14,14,25,31,14,14,14,14,14,14,14,14,14,14,14,14,14,14,14,14,14,14,14,41,41,14,14,14,14,14,14,14
"G11000100110022","2019-2023","DC",,,"District of Columbia","11","District of Columbia","001",,,"011002","2",,,,,,,,,,,".",".",,,,,,,,,,,,"1500000US110010110022",,,"110010110022","Block Group 2, Census Tract 110.02, District of Columbia, District of Columbia",120,0,0,0,0,0,0,0,0,0,14,0,0,0,0,0,0,14,0,0,0,0,0,0,0,0,0,0,14,0,0,0,0,14,0,0,0,13,0,0,0,0,13,0,0,0,46,0,0,46,0,0,0,0,0,33,8,10,0,0,15,0,0,0,"Block Group 2, Census Tract 110.02, District of Columbia, District of Columbia",62,14,14,14,14,14,14,14,14,14,23,14,14,14,14,14,14,23,14,14,14,14,14,14,14,14,14,14,21,14,14,14,14,21,14,14,14,20,14,14,14,14,20,14,14,14,52,14,14,52,14,14,14,14,14,32,12,18,14,14,24,14,14,14
"G11000100111001","2019-2023","DC",,,"District of Columbia","11","District of Columbia","001",,,"011100","1",,,,,,,,,,,".",".",,,,,,,,,,,,"1500000US110010111001",,,"110010111001","Block Group 1, Census Tract 111, District of Columbia, District of Columbia",69,10,0,0,0,0,0,0,0,10,13,1,0,12,0,0,0,0,0,0,0,0,0,0,0,0,0,0,0,0,0,0,0,0,0,0,0,0,0,0,0,0,0,0,0,0,0,0,0,0,0,0,0,0,0,46,26,0,0,0,0,0,0,20,"Block Group 1, Census Tract 111, District of Columbia, District of Columbia",52,15,14,14,14,14,14,14,14,15,18,3,14,18,14,14,14,14,14,14,14,14,14,14,14,14,14,14,14,14,14,14,14,14,14,14,14,14,14,14,14,14,14,14,14,14,14,14,14,14,14,14,14,14,14,49,38,14,14,14,14,14,14,31
"G11000100111002","2019-2023","DC",,,"District of Columbia","11","District of Columbia","001",,,"011100","2",,,,,,,,,,,".",".",,,,,,,,,,,,"1500000US110010111002",,,"110010111002","Block Group 2, Census Tract 111, District of Columbia, District of Columbia",376,2,0,0,0,0,0,0,2,0,311,0,0,45,0,0,266,0,0,5,0,0,5,0,0,0,0,0,3,0,0,0,0,0,0,3,0,0,0,0,0,0,0,0,0,0,0,0,0,0,0,0,0,0,0,55,0,43,0,12,0,0,0,0,"Block Group 2, Census Tract 111, District of Columbia, District of Columbia",382,4,14,14,14,14,14,14,4,14,376,14,14,68,14,14,374,14,14,10,14,14,10,14,14,14,14,14,10,14,14,14,14,14,14,10,14,14,14,14,14,14,14,14,14,14,14,14,14,14,14,14,14,14,14,61,14,58,14,20,14,14,14,14
"G11000100111003","2019-2023","DC",,,"District of Columbia","11","District of Columbia","001",,,"011100","3",,,,,,,,,,,".",".",,,,,,,,,,,,"1500000US110010111003",,,"110010111003","Block Group 3, Census Tract 111, District of Columbia, District of Columbia",343,104,0,0,0,0,0,0,57,47,124,98,11,0,0,0,0,15,0,0,0,0,0,0,0,0,0,0,13,0,0,0,0,0,0,13,0,59,0,33,0,0,26,0,0,0,0,0,0,0,0,0,0,0,0,43,31,0,0,0,0,0,0,12,"Block Group 3, Census Tract 111, District of Columbia, District of Columbia",196,90,14,14,14,14,14,14,61,72,150,148,17,14,14,14,14,19,14,14,14,14,14,14,14,14,14,14,20,14,14,14,14,14,14,20,14,58,14,48,14,14,37,14,14,14,14,14,14,14,14,14,14,14,14,30,31,14,14,14,14,14,14,18
"G11000109800001","2019-2023","DC",,,"District of Columbia","11","District of Columbia","001",,,"980000","1",,,,,,,,,,,".",".",,,,,,,,,,,,"1500000US110019800001",,,"110019800001","Block Group 1, Census Tract 9800, District of Columbia, District of Columbia",5,0,0,0,0,0,0,0,0,0,0,0,0,0,0,0,0,0,0,0,0,0,0,0,0,0,0,0,0,0,0,0,0,0,0,0,0,0,0,0,0,0,0,0,0,0,0,0,0,0,0,0,0,0,0,5,5,0,0,0,0,0,0,0,"Block Group 1, Census Tract 9800, District of Columbia, District of Columbia",8,14,14,14,14,14,14,14,14,14,14,14,14,14,14,14,14,14,14,14,14,14,14,14,14,14,14,14,14,14,14,14,14,14,14,14,14,14,14,14,14,14,14,14,14,14,14,14,14,14,14,14,14,14,14,8,8,14,14,14,14,14,14,14
