blk1990gj,blk1990ge,blk2010gj,blk2010ge,parea,weight
G11000100001101,11001000100101,G11000100001001000,110010001001000,1,1
G11000100001102,11001000100102,G11000100001001001,110010001001001,1,1
G11000100001103,11001000100103,G11000100001001005,110010001001005,1,1
G11000100001104,11001000100104,G11000100001001006,110010001001006,1,1
G11000100001105,11001000100105,G11000100001001007,110010001001007,1,1
G11000100001106,11001000100106,G11000100001001004,110010001001004,1,1
G11000100001107,11001000100107,G11000100001001002,110010001001002,1,1
G11000100001108,11001000100108,G11000100001001011,110010001001011,1,1
G11000100001109,11001000100109,G11000100001001010,110010001001010,1,1
G11000100001110,11001000100110,G11000100001001003,110010001001003,1,1
G11000100001111,11001000100111,G11000100001001009,110010001001009,1,1
G11000100001112,11001000100112,G11000100001001008,110010001001008,1,1
G11000100001201,11001000100201,G11000100001002000,110010001002000,1,1
G11000100001202,11001000100202,G11000100001002001,110010001002001,0.9182000566,0.877034358
G11000100001202,11001000100202,G11000100001002009,110010001002009,0.0817999434,0.122965642
G11000100001203,11001000100203,G11000100001002003,110010001002003,1,1
G11000100001204,11001000100204,G11000100001002002,110010001002002,1,1
G11000100001205,11001000100205,G11000100001002004,110010001002004,0.8186307636,1
G11000100001205,11001000100205,G11000100001002005,110010001002005,0.1813692364,0
G11000100001207,11001000100207,G11000100001002008,110010001002008,1,1
G11000100001208,11001000100208,G11000100001002007,110010001002007,1,1
G11000100001209,11001000100209,G11000100001002006,110010001002006,1,1
G11000100001301,11001000100301,G11000100001004027,110010001004027,0,0
G11000100001301,11001000100301,G11000100001004028,110010001004028,0,0
G11000100001301,11001000100301,G11000100001004029,110010001004029,0.7249307169,0.7249307169
G11000100001301,11001000100301,G11000100001004030,110010001004030,0.0332891104,0.0332891104
G11000100001301,11001000100301,G11000100001004031,110010001004031,0.0882861343,0.0882861343
G11000100001301,11001000100301,G11000100001004032,110010001004032,0.0326324055,0.0326324055
G11000100001301,11001000100301,G11000100001004033,110010001004033,0.104346926,0.104346926
G11000100001301,11001000100301,G11000100001004034,110010001004034,0,0
G11000100001301,11001000100301,G11000100001004035,110010001004035,0,0
G11000100001301,11001000100301,G11000100001004050,110010001004050,0.016514707,0.016514707
G11000100001302,11001000100302,G11000100001004010,110010001004010,1,1
G11000100001302,11001000100302,G11000100001004026,110010001004026,0,0
G11000100001303,11001000100303,G11000100001004011,110010001004011,1,1
G11000100001303,11001000100303,G11000100001004025,110010001004025,0,0
G11000100001304,11001000100304,G11000100001004012,110010001004012,0.3459104949,0.6788740262
G11000100001304,11001000100304,G11000100001004017,110010001004017,0.5962275262,0.1566632368
G11000100001304,11001000100304,G11000100001004018,110010001004018,0.00523896,0
G11000100001304,11001000100304,G11000100001004019,110010001004019,0,0
G11000100001304,11001000100304,G11000100001004023,110010001004023,0.0526230189,0.164462737
G11000100001305,11001000100305,G11000100001004013,110010001004013,0.5397407644,1
G11000100001305,11001000100305,G11000100001004016,110010001004016,0.3673149302,0
G11000100001305,11001000100305,G11000100001004020,110010001004020,0,0
G11000100001305,11001000100305,G11000100001004021,110010001004021,0.0929443054,0
G11000100001306,11001000100306,G11000100001004016,110010001004016,0.798060966,0.5306138589
G11000100001306,11001000100306,G11000100001004020,110010001004020,0,0
G11000100001306,11001000100306,G11000100001004021,110010001004021,0.201939034,0.4693861411
G11000100001307,11001000100307,G11000100001004022,110010001004022,0.4095987696,0.1352585608
G11000100001307,11001000100307,G11000100001004044,110010001004044,0.5904012304,0.8647414392
G11000100001308,11001000100308,G11000100001004018,110010001004018,0.0208186779,0
G11000100001308,11001000100308,G11000100001004019,110010001004019,0,0
G11000100001308,11001000100308,G11000100001004023,110010001004023,0.3834316304,1
G11000100001308,11001000100308,G11000100001004024,110010001004024,0.5957496918,0
G11000100001309,11001000100309,G11000100001004011,110010001004011,1,1
G11000100001309,11001000100309,G11000100001004025,110010001004025,0,0
G11000100001310,11001000100310,G11000100001004037,110010001004037,0.966011217,1
G11000100001310,11001000100310,G11000100001004038,110010001004038,0.033988783,0
G11000100001311,11001000100311,G11000100001004027,110010001004027,0,0
G11000100001311,11001000100311,G11000100001004028,110010001004028,0,0
G11000100001311,11001000100311,G11000100001004036,110010001004036,0.8679739831,0.8679739831
G11000100001311,11001000100311,G11000100001004039,110010001004039,0.027181827,0.027181827
G11000100001311,11001000100311,G11000100001004050,110010001004050,0.1048441899,0.1048441899
G11000100001312,11001000100312,G11000100001004040,110010001004040,0.0846010319,0.9018077178
G11000100001312,11001000100312,G11000100001004041,110010001004041,0.3440302933,0.0981922822
G11000100001312,11001000100312,G11000100001004042,110010001004042,0.5593876275,0
G11000100001312,11001000100312,G11000100001004043,110010001004043,0.0056169806,0
G11000100001312,11001000100312,G11000100001004045,110010001004045,0.0063640667,0
G11000100001313,11001000100313,G11000100001004022,110010001004022,0.4095987696,0.0877293238
G11000100001313,11001000100313,G11000100001004044,110010001004044,0.5904012304,0.9122706762
G11000100001314,11001000100314,G11000100001004048,110010001004048,1,1
G11000100001401,11001000100401,G11000100001004004,110010001004004,0.5525932682,0.880952381
G11000100001401,11001000100401,G11000100001004014,110010001004014,0.3262551474,0
G11000100001401,11001000100401,G11000100001004015,110010001004015,0.1211515844,0.119047619
G11000100001402,11001000100402,G11000100001004005,110010001004005,1,1
G11000100001403,11001000100403,G11000100001004001,110010001004001,1,1
G11000100001404,11001000100404,G11000100001004009,110010001004009,1,1
G11000100001405,11001000100405,G11000100001004008,110010001004008,1,1
G11000100001406,11001000100406,G11000100001004007,110010001004007,1,1
G11000100001407,11001000100407,G11000100001004000,110010001004000,1,1
G11000100001408,11001000100408,G11000100001004006,110010001004006,1,1
G11000100001409,11001000100409,G11000100001004002,110010001004002,1,1
G11000100001410,11001000100410,G11000100001004003,110010001004003,1,1
G11000100001501,11001000100501,G11000100001003012,110010001003012,1,1
G11000100001502,11001000100502,G11000100001003002,110010001003002,1,1
G11000100001503,11001000100503,G11000100001003010,110010001003010,1,1
G11000100001504,11001000100504,G11000100001003009,110010001003009,1,1
G11000100001505,11001000100505,G11000100001003008,110010001003008,1,1
G11000100001506,11001000100506,G11000100001003007,110010001003007,1,1
G11000100001507,11001000100507,G11000100001003006,110010001003006,1,1
G11000100001508,11001000100508,G11000100001003005,110010001003005,1,1
G11000100001509,11001000100509,G11000100001003004,110010001003004,1,1
G11000100001510,11001000100510,G11000100001003003,110010001003003,1,1
G11000100001511,11001000100511,G11000100001003002,110010001003002,1,1
G11000100001512,11001000100512,G11000100001003001,110010001003001,1,1
G11000100001513,11001000100513,G11000100001003000,110010001003000,1,1
G11000100001514,11001000100514,G11000100001003011,110010001003011,1,1
G1100010000201101,11001000201101,G11000100002011000,110010002011000,0.1997460114,0.0516662751
G1100010000201101,11001000201101,G11000100002011001,110010002011001,0.6764244006,0.9476097566
G1100010000201101,11001000201101,G11000100002011002,110010002011002,0.123829588,0.0007239683
G1100010000202101,11001000202101,G11000100002021000,110010002021000,1,1
G1100010000202102,11001000202102,G11000100002021001,110010002021001,1,1
G1100010000202103,11001000202103,G11000100002021002,110010002021002,1,1
G1100010000202104,11001000202104,G11000100002021003,110010002021003,1,1
G1100010000202105,11001000202105,G11000100002021004,110010002021004,1,1
G1100010000202106,11001000202106,G11000100002021005,110010002021005,1,1
G1100010000202107,11001000202107,G11000100002021010,110010002021010,0.6613751221,0.5802197802
G1100010000202107,11001000202107,G11000100002021011,110010002021011,0.3386248779,0.4197802198
G1100010000202108,11001000202108,G11000100002021006,110010002021006,1,1
G1100010000202109,11001000202109,G11000100002021007,110010002021007,1,1
G1100010000202110,11001000202110,G11000100002021008,110010002021008,1,1
G1100010000202111,11001000202111,G11000100002021009,110010002021009,1,1
G1100010000202201,11001000202201,G11000100002022000,110010002022000,1,1
G1100010000202202,11001000202202,G11000100002022001,110010002022001,1,1
G1100010000202203,11001000202203,G11000100002022002,110010002022002,1,1
G1100010000202204,11001000202204,G11000100002022003,110010002022003,1,1
G1100010000202205,11001000202205,G11000100002022004,110010002022004,1,1
G1100010000202206,11001000202206,G11000100002022005,110010002022005,1,1
G1100010000202207,11001000202207,G11000100002022006,110010002022006,1,1
G1100010000202208,11001000202208,G11000100002022007,110010002022007,1,1
G1100010000202209,11001000202209,G11000100002022008,110010002022008,1,1
G1100010000202301,11001000202301,G11000100002023000,110010002023000,1,1
G1100010000202302,11001000202302,G11000100002023001,110010002023001,1,1
G1100010000202303,11001000202303,G11000100002023006,110010002023006,1,1
G1100010000202304,11001000202304,G11000100002023007,110010002023007,1,1
G1100010000202305,11001000202305,G11000100002023008,110010002023008,1,1
G1100010000202306,11001000202306,G11000100002023009,110010002023009,0.3834385965,0.2831858407
G1100010000202306,11001000202306,G11000100002023010,110010002023010,0.6165614035,0.7168141593
G1100010000202401,11001000202401,G11000100002024024,110010002024024,0,0
G1100010000202401,11001000202401,G11000100002024026,110010002024026,0.9370822406,0.9237689958
G1100010000202401,11001000202401,G11000100002024031,110010002024031,0.0629177594,0.0762310042
G1100010000202402,11001000202402,G11000100002024024,110010002024024,0,0
G1100010000202402,11001000202402,G11000100002024025,110010002024025,1,1
G1100010000202403,11001000202403,G11000100002024024,110010002024024,0,0
G1100010000202403,11001000202403,G11000100002024025,110010002024025,1,1
G1100010000202404,11001000202404,G11000100002024023,110010002024023,1,1
G1100010000202405,11001000202405,G11000100002024024,110010002024024,0,0
G1100010000202405,11001000202405,G11000100002024026,110010002024026,0.4160227438,0.1313959221
G1100010000202405,11001000202405,G11000100002024031,110010002024031,0.5839772562,0.8686040779
G1100010000202406,11001000202406,G11000100002024027,110010002024027,1,1
G1100010000202407,11001000202407,G11000100002024028,110010002024028,1,1
G1100010000202408,11001000202408,G11000100002024029,110010002024029,1,1
G1100010000202409,11001000202409,G11000100002024030,110010002024030,0.5711848139,0.4561403509
G1100010000202409,11001000202409,G11000100002024032,110010002024032,0.4288151861,0.5438596491
G1100010000202410,11001000202410,G11000100002024021,110010002024021,0.9629152875,0.9629152875
G1100010000202410,11001000202410,G11000100002024022,110010002024022,0.0370234155,0.0370234155
G1100010000202410,11001000202410,G11000100002024033,110010002024033,0.000061297,0.000061297
G1100010000202501,11001000202501,G11000100002023002,110010002023002,1,1
G1100010000202502,11001000202502,G11000100002023003,110010002023003,1,1
G1100010000202503,11001000202503,G11000100002023004,110010002023004,1,1
G1100010000202504,11001000202504,G11000100002023005,110010002023005,1,1
G1100010000202505,11001000202505,G11000100002023011,110010002023011,1,1
G1100010000202506,11001000202506,G11000100002023012,110010002023012,1,1
G1100010000202507,11001000202507,G11000100002023013,110010002023013,1,1
G1100010000202601,11001000202601,G11000100002024000,110010002024000,1,1
G1100010000202602,11001000202602,G11000100002024001,110010002024001,1,1
G1100010000202603,11001000202603,G11000100002024002,110010002024002,1,1
G1100010000202604,11001000202604,G11000100002024003,110010002024003,1,1
G1100010000202605,11001000202605,G11000100002024004,110010002024004,1,1
G1100010000202606,11001000202606,G11000100002024005,110010002024005,1,1
G1100010000202607,11001000202607,G11000100002024006,110010002024006,1,1
G1100010000202608,11001000202608,G11000100002024007,110010002024007,1,1
G1100010000202609,11001000202609,G11000100002024006,110010002024006,0.144654768,1
G1100010000202609,11001000202609,G11000100002024008,110010002024008,0.0878647025,0
G1100010000202609,11001000202609,G11000100002024009,110010002024009,0,0
G1100010000202609,11001000202609,G11000100002024010,110010002024010,0,0
G1100010000202609,11001000202609,G11000100002024011,110010002024011,0.1121164627,0
G1100010000202609,11001000202609,G11000100002024012,110010002024012,0.5884646484,0
G1100010000202609,11001000202609,G11000100002024013,110010002024013,0.0047152145,0
G1100010000202609,11001000202609,G11000100002024014,110010002024014,0.0171021972,0
G1100010000202609,11001000202609,G11000100002024015,110010002024015,0,0
G1100010000202609,11001000202609,G11000100002024016,110010002024016,0.0028625681,0
G1100010000202609,11001000202609,G11000100002024017,110010002024017,0.0422194387,0
G1100010000202609,11001000202609,G11000100002024034,110010002024034,0,0
G1100010000310101,11001000310101,G11000100003001000,110010003001000,1,1
G1100010000310102,11001000310102,G11000100003001002,110010003001002,1,1
G1100010000310103,11001000310103,G11000100003001001,110010003001001,0.9408388996,0.8435114504
G1100010000310103,11001000310103,G11000100003001012,110010003001012,0.0591611004,0.1564885496
G1100010000310107,11001000310107,G11000100003001003,110010003001003,0.6041505043,0.6051873199
G1100010000310107,11001000310107,G11000100003001004,110010003001004,0.3958494957,0.3948126801
G1100010000310108,11001000310108,G11000100003001005,110010003001005,1,1
G1100010000310201,11001000310201,G11000100003001006,110010003001006,1,1
G1100010000310202,11001000310202,G11000100003001007,110010003001007,1,1
G1100010000310203,11001000310203,G11000100003001008,110010003001008,1,1
G1100010000310204,11001000310204,G11000100003001009,110010003001009,1,1
G1100010000310205,11001000310205,G11000100003001010,110010003001010,1,1
G1100010000310206,11001000310206,G11000100003001011,110010003001011,1,1
G1100010000310301,11001000310301,G11000100003003000,110010003003000,0.2222034893,0.1934103923
G1100010000310301,11001000310301,G11000100003003001,110010003003001,0.2250840422,0.1368275648
G1100010000310301,11001000310301,G11000100003003002,110010003003002,0.0551614833,0.0310477674
G1100010000310301,11001000310301,G11000100003003003,110010003003003,0.1738004928,0.3235504177
G1100010000310301,11001000310301,G11000100003003004,110010003003004,0.0161508089,0.0319210679
G1100010000310301,11001000310301,G11000100003003005,110010003003005,0.0543774866,0.0626402324
G1100010000310301,11001000310301,G11000100003003006,110010003003006,0.2161778072,0.199904046
G1100010000310301,11001000310301,G11000100003003007,110010003003007,0.0281234246,0.0206985116
G1100010000310301,11001000310301,G11000100003003008,110010003003008,0.0089209652,0
G1100010000310302,11001000310302,G11000100003003009,110010003003009,1,1
G1100010000310303,11001000310303,G11000100003003012,110010003003012,1,1
G1100010000310304,11001000310304,G11000100003003011,110010003003011,1,1
G1100010000310305,11001000310305,G11000100003003010,110010003003010,1,1
G1100010000310306,11001000310306,G11000100003003013,110010003003013,1,1
G1100010000310401,11001000310401,G11000100003004000,110010003004000,1,1
G1100010000310402,11001000310402,G11000100003004001,110010003004001,1,1
G1100010000310403,11001000310403,G11000100003004002,110010003004002,1,1
G1100010000310404,11001000310404,G11000100003004008,110010003004008,1,1
G1100010000310405,11001000310405,G11000100003004003,110010003004003,1,1
G1100010000310406,11001000310406,G11000100003004004,110010003004004,1,1
G1100010000310407,11001000310407,G11000100003004005,110010003004005,1,1
G1100010000310408,11001000310408,G11000100003004006,110010003004006,1,1
G1100010000310409,11001000310409,G11000100003004011,110010003004011,1,1
G1100010000310410,11001000310410,G11000100003004007,110010003004007,1,1
G1100010000310411,11001000310411,G11000100003004009,110010003004009,1,1
G1100010000310412,11001000310412,G11000100003004010,110010003004010,1,1
G1100010000310508,11001000310508,G11000100003002004,110010003002004,1,1
G1100010000310509,11001000310509,G11000100003002003,110010003002003,1,1
G1100010000310510,11001000310510,G11000100003002002,110010003002002,1,1
G1100010000310511,11001000310511,G11000100003002001,110010003002001,1,1
G1100010000310512,11001000310512,G11000100003002000,110010003002000,1,1
G1100010000310513,11001000310513,G11000100003002006,110010003002006,1,1
G1100010000310514,11001000310514,G11000100003002005,110010003002005,1,1
G11000100004101,11001000400101,G11000100004001000,110010004001000,1,1
G11000100004102,11001000400102,G11000100004001006,110010004001006,1,1
G11000100004103,11001000400103,G11000100004001004,110010004001004,1,1
G11000100004104,11001000400104,G11000100004001018,110010004001018,1,1
G11000100004105,11001000400105,G11000100004001007,110010004001007,1,1
G11000100004106,11001000400106,G11000100004001008,110010004001008,0.9358970079,0.9558823529
G11000100004106,11001000400106,G11000100004001009,110010004001009,0.0641029921,0.0441176471
G11000100004107,11001000400107,G11000100004001010,110010004001010,1,1
G11000100004108,11001000400108,G11000100004001011,110010004001011,1,1
G11000100004109,11001000400109,G11000100004001012,110010004001012,1,1
G11000100004110,11001000400110,G11000100004001001,110010004001001,0.0316973415,0.0033560662
G11000100004110,11001000400110,G11000100004001003,110010004001003,0.9683026585,0.9966439338
G11000100004111,11001000400111,G11000100004001019,110010004001019,1,1
G11000100004112,11001000400112,G11000100004001013,110010004001013,1,1
G11000100004113,11001000400113,G11000100004001002,110010004001002,1,1
G11000100004114,11001000400114,G11000100004001005,110010004001005,1,1
G11000100004115,11001000400115,G11000100004001014,110010004001014,1,1
G11000100004116,11001000400116,G11000100004001015,110010004001015,1,1
G11000100004117,11001000400117,G11000100004001016,110010004001016,1,1
G11000100004118,11001000400118,G11000100004001017,110010004001017,1,1
G11000100004120,11001000400120,G11000100004001021,110010004001021,1,1
G11000100004121,11001000400121,G11000100004001020,110010004001020,0.9651114397,1
G11000100004121,11001000400121,G11000100004001022,110010004001022,0.0348885603,0
G11000100004201,11001000400201,G11000100004002000,110010004002000,1,1
G11000100004202,11001000400202,G11000100004002023,110010004002023,0.9875746341,1
G11000100004202,11001000400202,G11000100004002024,110010004002024,0.0124253659,0
G11000100004203,11001000400203,G11000100004002014,110010004002014,0.3886565604,1
G11000100004203,11001000400203,G11000100004002022,110010004002022,0.6113434396,0
G11000100004204,11001000400204,G11000100004002016,110010004002016,1,1
G11000100004205,11001000400205,G11000100004002012,110010004002012,0.778381012,0.7297297297
G11000100004205,11001000400205,G11000100004002013,110010004002013,0.1832324076,0.0810810811
G11000100004205,11001000400205,G11000100004002021,110010004002021,0.0383865804,0.1891891892
G11000100004206,11001000400206,G11000100004002001,110010004002001,1,1
G11000100004207,11001000400207,G11000100004002009,110010004002009,0.9910311233,1
G11000100004207,11001000400207,G11000100004002015,110010004002015,0.0089688767,0
G11000100004208,11001000400208,G11000100004002010,110010004002010,1,1
G11000100004209,11001000400209,G11000100004002002,110010004002002,1,1
G11000100004210,11001000400210,G11000100004002003,110010004002003,1,1
G11000100004211,11001000400211,G11000100004002006,110010004002006,1,1
G11000100004212,11001000400212,G11000100004002004,110010004002004,0.7305097794,0.6097560976
G11000100004212,11001000400212,G11000100004002005,110010004002005,0.2694902206,0.3902439024
G11000100004213,11001000400213,G11000100004002008,110010004002008,0.9798978415,0.9902704858
G11000100004213,11001000400213,G11000100004002023,110010004002023,0.0201021585,0.0097295142
G11000100004214,11001000400214,G11000100004002007,110010004002007,1,1
G11000100004215,11001000400215,G11000100004002026,110010004002026,1,1
G11000100004216,11001000400216,G11000100004002025,110010004002025,1,1
G11000100004217,11001000400217,G11000100004002020,110010004002020,1,1
G11000100004218,11001000400218,G11000100004002018,110010004002018,0.0156994209,0
G11000100004218,11001000400218,G11000100004002019,110010004002019,0.7731537602,0.8513734885
G11000100004218,11001000400218,G11000100004002027,110010004002027,0.1633121031,0.0189470325
G11000100004218,11001000400218,G11000100004002028,110010004002028,0.0478347158,0.129679479
G11000100004219,11001000400219,G11000100004002017,110010004002017,0.3408801827,0
G11000100004219,11001000400219,G11000100004002029,110010004002029,0.3155726009,0.9699764127
G11000100004219,11001000400219,G11000100004002030,110010004002030,0.3435472163,0.0300235873
G11000100004221,11001000400221,G11000100004002011,110010004002011,1,1
G11000100004222,11001000400222,G11000100005012001,110010005012001,1,1
G1100010000501101,11001000501101,G11000100005011000,110010005011000,0.0044910563,0
G1100010000501101,11001000501101,G11000100005011001,110010005011001,0.0064781784,0
G1100010000501101,11001000501101,G11000100005011002,110010005011002,0.1777262449,0
G1100010000501101,11001000501101,G11000100005011003,110010005011003,0.0059046302,0
G1100010000501101,11001000501101,G11000100005011004,110010005011004,0.8019029329,1
G1100010000501101,11001000501101,G11000100005011008,110010005011008,0.0034969574,0
G1100010000501102,11001000501102,G11000100005011006,110010005011006,1,1
G1100010000501103,11001000501103,G11000100005011012,110010005011012,1,1
G1100010000501104,11001000501104,G11000100005011007,110010005011007,1,1
G1100010000501105,11001000501105,G11000100005011011,110010005011011,1,1
G1100010000501106,11001000501106,G11000100005011005,110010005011005,1,1
G1100010000501107,11001000501107,G11000100005011009,110010005011009,1,1
G1100010000501108,11001000501108,G11000100005011013,110010005011013,1,1
G1100010000501109,11001000501109,G11000100005011014,110010005011014,1,1
G1100010000501110,11001000501110,G11000100005011010,110010005011010,1,1
G1100010000501201,11001000501201,G11000100005012002,110010005012002,1,1
G1100010000501202,11001000501202,G11000100005012005,110010005012005,1,1
G1100010000501203,11001000501203,G11000100005012004,110010005012004,1,1
G1100010000501204,11001000501204,G11000100005012001,110010005012001,1,1
G1100010000501301,11001000501301,G11000100005012003,110010005012003,1,1
G1100010000501302,11001000501302,G11000100005012000,110010005012000,1,1
G1100010000502304,11001000502304,G11000100005021008,110010005021008,0.9847369038,0.9755102041
G1100010000502304,11001000502304,G11000100005021009,110010005021009,0.0152630962,0.0244897959
G1100010000502309,11001000502309,G11000100005021010,110010005021010,1,1
G1100010000502313,11001000502313,G11000100005021002,110010005021002,1,1
G1100010000502314,11001000502314,G11000100005021001,110010005021001,1,1
G1100010000502315,11001000502315,G11000100005021011,110010005021011,1,1
G1100010000502316,11001000502316,G11000100005021000,110010005021000,1,1
G1100010000502320,11001000502320,G11000100005021004,110010005021004,1,1
G1100010000502321,11001000502321,G11000100005021003,110010005021003,1,1
G1100010000502401,11001000502401,G11000100005022006,110010005022006,1,1
G1100010000502402,11001000502402,G11000100005022000,110010005022000,1,1
G1100010000502403,11001000502403,G11000100005022001,110010005022001,1,1
G1100010000502404,11001000502404,G11000100005022005,110010005022005,1,1
G1100010000502405,11001000502405,G11000100005022002,110010005022002,1,1
G1100010000502406,11001000502406,G11000100005022003,110010005022003,0.9558827138,0.9508196721
G1100010000502406,11001000502406,G11000100005022004,110010005022004,0.0441172862,0.0491803279
G1100010000502410,11001000502410,G11000100013022007,110010013022007,0.7793255021,0.0820411136
G1100010000502410,11001000502410,G11000100013022009,110010013022009,0.2206744979,0.9179588864
G1100010000502501,11001000502501,G11000100005021007,110010005021007,1,1
G1100010000502502,11001000502502,G11000100005021006,110010005021006,1,1
G1100010000502503,11001000502503,G11000100005021012,110010005021012,1,1
G1100010000502504,11001000502504,G11000100005021013,110010005021013,1,1
G1100010000502505,11001000502505,G11000100005021014,110010005021014,1,1
G1100010000502506,11001000502506,G11000100005021005,110010005021005,1,1
G11000100006101,11001000600101,G11000100006001000,110010006001000,1,1
G11000100006102,11001000600102,G11000100006001001,110010006001001,0.9849075616,1
G11000100006102,11001000600102,G11000100006001002,110010006001002,0.0150924384,0
G11000100006104,11001000600104,G11000100006001004,110010006001004,1,1
G11000100006105,11001000600105,G11000100006001005,110010006001005,1,1
G11000100006106,11001000600106,G11000100006001003,110010006001003,1,1
G11000100006201,11001000600201,G11000100006002001,110010006002001,0.4758155457,0.8333751394
G11000100006201,11001000600201,G11000100006002002,110010006002002,0.5241844543,0.1666248606
G11000100006202,11001000600202,G11000100006002000,110010006002000,1,1
G11000100006203,11001000600203,G11000100006002002,110010006002002,1,1
G11000100006204,11001000600204,G11000100006002001,110010006002001,0.4758155457,0.2429717315
G11000100006204,11001000600204,G11000100006002002,110010006002002,0.5241844543,0.7570282685
G11000100006205,11001000600205,G11000100006002004,110010006002004,1,1
G11000100006206,11001000600206,G11000100006002005,110010006002005,0.7006108091,0.6578249337
G11000100006206,11001000600206,G11000100006002006,110010006002006,0.2993891909,0.3421750663
G11000100006207,11001000600207,G11000100006002007,110010006002007,1,1
G11000100006208,11001000600208,G11000100006002008,110010006002008,1,1
G11000100006209,11001000600209,G11000100006002009,110010006002009,1,1
G11000100006210,11001000600210,G11000100006002003,110010006002003,1,1
G11000100006301,11001000600301,G11000100006003006,110010006003006,1,1
G11000100006302,11001000600302,G11000100006003003,110010006003003,1,1
G11000100006303,11001000600303,G11000100006003004,110010006003004,1,1
G11000100006304,11001000600304,G11000100006003005,110010006003005,1,1
G11000100006305,11001000600305,G11000100006003000,110010006003000,1,1
G11000100006306,11001000600306,G11000100006003001,110010006003001,1,1
G11000100006307,11001000600307,G11000100006003002,110010006003002,1,1
G11000100006308,11001000600308,G11000100006003007,110010006003007,1,1
G11000100006309,11001000600309,G11000100006003008,110010006003008,1,1
G11000100006401,11001000600401,G11000100006004021,110010006004021,1,1
G11000100006402,11001000600402,G11000100006004016,110010006004016,1,1
G11000100006403,11001000600403,G11000100006004015,110010006004015,1,1
G11000100006404,11001000600404,G11000100006004014,110010006004014,1,1
G11000100006405,11001000600405,G11000100006004012,110010006004012,0.9696639964,1
G11000100006405,11001000600405,G11000100006004013,110010006004013,0.0303360036,0
G11000100006406,11001000600406,G11000100006004017,110010006004017,0.9805196249,1
G11000100006406,11001000600406,G11000100006004018,110010006004018,0.0194803751,0
G11000100006407,11001000600407,G11000100006004011,110010006004011,1,1
G11000100006408,11001000600408,G11000100006004019,110010006004019,0.9716795866,1
G11000100006408,11001000600408,G11000100006004020,110010006004020,0.0283204134,0
G11000100006409,11001000600409,G11000100006004003,110010006004003,1,1
G11000100006410,11001000600410,G11000100006004004,110010006004004,1,1
G11000100006411,11001000600411,G11000100006004005,110010006004005,1,1
G11000100006412,11001000600412,G11000100006004006,110010006004006,1,1
G11000100006413,11001000600413,G11000100006004010,110010006004010,1,1
G11000100006501,11001000600501,G11000100006004007,110010006004007,0.4850036576,0.3831852574
G11000100006501,11001000600501,G11000100006004008,110010006004008,0.5149963424,0.6168147426
G11000100006502,11001000600502,G11000100006004009,110010006004009,1,1
G11000100006503,11001000600503,G11000100006004000,110010006004000,0.4430437221,0.7339187449
G11000100006503,11001000600503,G11000100006004001,110010006004001,0.5569562779,0.2660812551
G11000100006504,11001000600504,G11000100006004000,110010006004000,0.4430437221,0.0431457814
G11000100006504,11001000600504,G11000100006004001,110010006004001,0.5569562779,0.9568542186
G11000100006506,11001000600506,G11000100006004002,110010006004002,1,1
G1100010000701101,11001000701101,G11000100007011000,110010007011000,1,1
G1100010000701102,11001000701102,G11000100007011004,110010007011004,0.3004103968,0.4556626178
G1100010000701102,11001000701102,G11000100007011005,110010007011005,0.6652978893,0.1946826427
G1100010000701102,11001000701102,G11000100007011007,110010007011007,0.0342917139,0.3496547395
G1100010000701104,11001000701104,G11000100007011006,110010007011006,1,1
G1100010000701105,11001000701105,G11000100007011001,110010007011001,1,1
G1100010000701106,11001000701106,G11000100007011002,110010007011002,1,1
G1100010000701107,11001000701107,G11000100007011003,110010007011003,1,1
G1100010000701201,11001000701201,G11000100007012000,110010007012000,1,1
G1100010000701202,11001000701202,G11000100007012001,110010007012001,1,1
G1100010000701203,11001000701203,G11000100007014000,110010007014000,1,1
G1100010000701204,11001000701204,G11000100007014001,110010007014001,1,1
G1100010000701205,11001000701205,G11000100007014003,110010007014003,1,1
G1100010000701206,11001000701206,G11000100007014002,110010007014002,1,1
G1100010000701207,11001000701207,G11000100007014007,110010007014007,1,1
G1100010000701208,11001000701208,G11000100007013000,110010007013000,0.4066283044,0.5949368286
G1100010000701208,11001000701208,G11000100007013001,110010007013001,0.3362263661,0.1303013784
G1100010000701208,11001000701208,G11000100007013002,110010007013002,0.2571453295,0.274761793
G1100010000701209,11001000701209,G11000100007013003,110010007013003,1,1
G1100010000701210,11001000701210,G11000100007014006,110010007014006,1,1
G1100010000701211,11001000701211,G11000100007014005,110010007014005,1,1
G1100010000701212,11001000701212,G11000100007014004,110010007014004,1,1
G1100010000701213,11001000701213,G11000100007014008,110010007014008,1,1
G1100010000701214,11001000701214,G11000100007014009,110010007014009,1,1
G1100010000720305,11001000720305,G11000100007022000,110010007022000,1,1
G1100010000720306,11001000720306,G11000100007023000,110010007023000,1,1
G1100010000720307,11001000720307,G11000100007023001,110010007023001,1,1
G1100010000720308,11001000720308,G11000100007023002,110010007023002,1,1
G1100010000720501,11001000720501,G11000100007021000,110010007021000,1,1
G1100010000720502,11001000720502,G11000100007021001,110010007021001,1,1
G1100010000720503,11001000720503,G11000100007021002,110010007021002,1,1
G1100010000720504,11001000720504,G11000100007021003,110010007021003,0.963343226,1
G1100010000720504,11001000720504,G11000100007021004,110010007021004,0.036656774,0
G1100010000720505,11001000720505,G11000100007021006,110010007021006,1,1
G1100010000720506,11001000720506,G11000100007021005,110010007021005,1,1
G1100010000720507,11001000720507,G11000100007021007,110010007021007,1,1
G1100010000801101,11001000801101,G11000100008011000,110010008011000,0.6023140437,0.725786188
G1100010000801101,11001000801101,G11000100008011001,110010008011001,0.0446875807,0.0924314001
G1100010000801101,11001000801101,G11000100008013000,110010008013000,0.1618601255,0.0509541609
G1100010000801101,11001000801101,G11000100008013001,110010008013001,0.1911382501,0.130828251
G1100010000801102,11001000801102,G11000100008013007,110010008013007,1,1
G1100010000801103,11001000801103,G11000100008013012,110010008013012,1,1
G1100010000801104,11001000801104,G11000100008013013,110010008013013,1,1
G1100010000801105,11001000801105,G11000100008013019,110010008013019,0.4844533911,0.3333333333
G1100010000801105,11001000801105,G11000100008013020,110010008013020,0.5155466089,0.6666666667
G1100010000801106,11001000801106,G11000100008013021,110010008013021,1,1
G1100010000801107,11001000801107,G11000100008013022,110010008013022,0.8999341141,1
G1100010000801107,11001000801107,G11000100008013024,110010008013024,0.1000658859,0
G1100010000801108,11001000801108,G11000100008013023,110010008013023,1,1
G1100010000801109,11001000801109,G11000100008013035,110010008013035,1,1
G1100010000801110,11001000801110,G11000100008013027,110010008013027,1,1
G1100010000801201,11001000801201,G11000100008013025,110010008013025,0.0337327235,0
G1100010000801201,11001000801201,G11000100008013026,110010008013026,0.1963924117,0.3005929012
G1100010000801201,11001000801201,G11000100008013033,110010008013033,0.7680841107,0.6801926181
G1100010000801201,11001000801201,G11000100008013034,110010008013034,0.0017907541,0.0192144807
G1100010000801202,11001000801202,G11000100007021005,110010007021005,1,1
G1100010000801401,11001000801401,G11000100008014000,110010008014000,0.9863715489,0.9929660023
G1100010000801401,11001000801401,G11000100008014001,110010008014001,0.0136284511,0.0070339977
G1100010000801402,11001000801402,G11000100008014005,110010008014005,1,1
G1100010000801403,11001000801403,G11000100008014004,110010008014004,1,1
G1100010000801404,11001000801404,G11000100008014004,110010008014004,1,1
G1100010000801405,11001000801405,G11000100008014007,110010008014007,1,1
G1100010000801406,11001000801406,G11000100008014004,110010008014004,0.0187051018,0.0402298851
G1100010000801406,11001000801406,G11000100008014011,110010008014011,0.9812948982,0.9597701149
G1100010000801406,11001000801406,G11000100008014012,110010008014012,0,0
G1100010000801407,11001000801407,G11000100008014002,110010008014002,1,1
G1100010000801408,11001000801408,G11000100008014006,110010008014006,1,1
G1100010000801409,11001000801409,G11000100008014014,110010008014014,1,1
G1100010000801410,11001000801410,G11000100008014003,110010008014003,1,1
G1100010000801416,11001000801416,G11000100008014008,110010008014008,1,1
G1100010000801416,11001000801416,G11000100008014009,110010008014009,0,0
G1100010000801416,11001000801416,G11000100008014010,110010008014010,0,0
G1100010000801499,11001000801499,G11000100008014011,110010008014011,1,0
G1100010000801499,11001000801499,G11000100008014012,110010008014012,0,1
G1100010000801501,11001000801501,G11000100008012014,110010008012014,1,1
G1100010000801502,11001000801502,G11000100008012015,110010008012015,1,1
G1100010000801503,11001000801503,G11000100008012011,110010008012011,1,1
G1100010000801504,11001000801504,G11000100008012010,110010008012010,1,1
G1100010000801505,11001000801505,G11000100008012000,110010008012000,0.4372985886,0.4482488139
G1100010000801505,11001000801505,G11000100008012001,110010008012001,0.0726095835,0.0446919162
G1100010000801505,11001000801505,G11000100008012002,110010008012002,0.1652497965,0.1668103072
G1100010000801505,11001000801505,G11000100008012006,110010008012006,0.0886345313,0.0497925311
G1100010000801505,11001000801505,G11000100008012007,110010008012007,0.2362075001,0.2904564315
G1100010000801506,11001000801506,G11000100008012013,110010008012013,1,1
G1100010000801507,11001000801507,G11000100008012004,110010008012004,0.448768853,0.2142857143
G1100010000801507,11001000801507,G11000100008012005,110010008012005,0.551231147,0.7857142857
G1100010000801508,11001000801508,G11000100008012003,110010008012003,1,1
G1100010000801520,11001000801520,G11000100008012008,110010008012008,0.9530175967,0.7671042123
G1100010000801520,11001000801520,G11000100008012009,110010008012009,0.0265870116,0.1250281832
G1100010000801520,11001000801520,G11000100008012012,110010008012012,0.0203953917,0.1078676045
G1100010000801521,11001000801521,G11000100008012008,110010008012008,1,1
G1100010000801601,11001000801601,G11000100008013030,110010008013030,1,1
G1100010000801602,11001000801602,G11000100008013029,110010008013029,1,1
G1100010000801603,11001000801603,G11000100008013028,110010008013028,1,1
G1100010000801604,11001000801604,G11000100008013018,110010008013018,1,1
G1100010000801605,11001000801605,G11000100008013017,110010008013017,1,1
G1100010000801606,11001000801606,G11000100008013016,110010008013016,1,1
G1100010000801607,11001000801607,G11000100008013015,110010008013015,1,1
G1100010000801608,11001000801608,G11000100008013014,110010008013014,1,1
G1100010000801609,11001000801609,G11000100008013011,110010008013011,1,1
G1100010000801610,11001000801610,G11000100008013002,110010008013002,0.9574467583,0.9574467583
G1100010000801610,11001000801610,G11000100008013003,110010008013003,0.0425532417,0.0425532417
G1100010000801611,11001000801611,G11000100008013004,110010008013004,1,1
G1100010000801612,11001000801612,G11000100008013008,110010008013008,1,1
G1100010000801613,11001000801613,G11000100008013005,110010008013005,0.9142851477,1
G1100010000801613,11001000801613,G11000100008013006,110010008013006,0.0857148523,0
G1100010000801614,11001000801614,G11000100008013009,110010008013009,1,1
G1100010000801615,11001000801615,G11000100008013010,110010008013010,1,1
G1100010000801616,11001000801616,G11000100008013031,110010008013031,1,1
G1100010000801617,11001000801617,G11000100008013032,110010008013032,1,1
G1100010000802201,11001000802201,G11000100008022000,110010008022000,0.0160894821,0
G1100010000802201,11001000802201,G11000100008022001,110010008022001,0.8498702262,0.6721311475
G1100010000802201,11001000802201,G11000100008022003,110010008022003,0.0194067482,0.0327868852
G1100010000802201,11001000802201,G11000100008022005,110010008022005,0.0305994315,0.1639344262
G1100010000802201,11001000802201,G11000100008022006,110010008022006,0.0364207144,0.131147541
G1100010000802201,11001000802201,G11000100008022007,110010008022007,0.0117587443,0
G1100010000802201,11001000802201,G11000100008022012,110010008022012,0.0358546533,0
G1100010000802202,11001000802202,G11000100008022008,110010008022008,1,1
G1100010000802203,11001000802203,G11000100008022011,110010008022011,1,1
G1100010000802204,11001000802204,G11000100008022004,110010008022004,1,1
G1100010000802205,11001000802205,G11000100008022002,110010008022002,1,1
G1100010000802206,11001000802206,G11000100008022009,110010008022009,1,1
G1100010000802207,11001000802207,G11000100008022015,110010008022015,1,1
G1100010000802208,11001000802208,G11000100008022014,110010008022014,1,1
G1100010000802209,11001000802209,G11000100008022016,110010008022016,1,1
G1100010000802210,11001000802210,G11000100008022013,110010008022013,0.6147243141,0.6220095694
G1100010000802210,11001000802210,G11000100008022019,110010008022019,0.3852756859,0.3779904306
G1100010000802211,11001000802211,G11000100008022018,110010008022018,1,1
G1100010000802214,11001000802214,G11000100008022017,110010008022017,1,1
G1100010000802215,11001000802215,G11000100008022021,110010008022021,1,1
G1100010000802220,11001000802220,G11000100008022010,110010008022010,0.6402513797,0.7452830189
G1100010000802220,11001000802220,G11000100008022020,110010008022020,0.3539955354,0.2547169811
G1100010000802220,11001000802220,G11000100008022022,110010008022022,0.0057530849,0
G1100010000802301,11001000802301,G11000100008021000,110010008021000,1,1
G1100010000802302,11001000802302,G11000100008021011,110010008021011,1,1
G1100010000802303,11001000802303,G11000100008021009,110010008021009,1,1
G1100010000802304,11001000802304,G11000100008021008,110010008021008,1,1
G1100010000802305,11001000802305,G11000100008021007,110010008021007,1,1
G1100010000802306,11001000802306,G11000100008021010,110010008021010,1,1
G1100010000802307,11001000802307,G11000100008021001,110010008021001,1,1
G1100010000802308,11001000802308,G11000100008021002,110010008021002,0.5613328518,0.0581913029
G1100010000802308,11001000802308,G11000100008021013,110010008021013,0.4386671482,0.9418086971
G1100010000802309,11001000802309,G11000100008021014,110010008021014,0.1137381768,0.1137381768
G1100010000802309,11001000802309,G11000100008021015,110010008021015,0,0
G1100010000802309,11001000802309,G11000100008021016,110010008021016,0.8848041645,0.8848041645
G1100010000802309,11001000802309,G11000100008021017,110010008021017,0.0014576587,0.0014576587
G1100010000802309,11001000802309,G11000100008021018,110010008021018,0,0
G1100010000802310,11001000802310,G11000100008021004,110010008021004,1,1
G1100010000802311,11001000802311,G11000100008021002,110010008021002,1,1
G1100010000802312,11001000802312,G11000100008021003,110010008021003,1,1
G1100010000802320,11001000802320,G11000100008021006,110010008021006,1,1
G1100010000802321,11001000802321,G11000100008021012,110010008021012,1,1
G1100010000802399,11001000802399,G11000100008021002,110010008021002,0.4241050165,0.4241050165
G1100010000802399,11001000802399,G11000100008021005,110010008021005,0.5758949835,0.5758949835
G1100010000901101,11001000901101,G11000100009013000,110010009013000,1,1
G1100010000901102,11001000901102,G11000100009013003,110010009013003,1,1
G1100010000901103,11001000901103,G11000100009013001,110010009013001,0.7047231842,0.6821705426
G1100010000901103,11001000901103,G11000100009013002,110010009013002,0.2952768158,0.3178294574
G1100010000901104,11001000901104,G11000100009013004,110010009013004,0.8807778935,0.9615384615
G1100010000901104,11001000901104,G11000100009013009,110010009013009,0.1192221065,0.0384615385
G1100010000901105,11001000901105,G11000100009013005,110010009013005,1,1
G1100010000901106,11001000901106,G11000100009013008,110010009013008,0.8715832535,1
G1100010000901106,11001000901106,G11000100009013010,110010009013010,0.1284167465,0
G1100010000901107,11001000901107,G11000100009013014,110010009013014,1,1
G1100010000901109,11001000901109,G11000100009013007,110010009013007,1,1
G1100010000901110,11001000901110,G11000100009013006,110010009013006,1,1
G1100010000901111,11001000901111,G11000100009013016,110010009013016,1,1
G1100010000901112,11001000901112,G11000100009013015,110010009013015,1,1
G1100010000901114,11001000901114,G11000100009013013,110010009013013,1,1
G1100010000901115,11001000901115,G11000100009013018,110010009013018,1,1
G1100010000901116,11001000901116,G11000100009013017,110010009013017,1,1
G1100010000901201,11001000901201,G11000100009013019,110010009013019,1,1
G1100010000901202,11001000901202,G11000100009013012,110010009013012,1,1
G1100010000901203,11001000901203,G11000100009013011,110010009013011,1,1
G1100010000901204,11001000901204,G11000100009013020,110010009013020,0.3550559331,0.3550559331
G1100010000901204,11001000901204,G11000100009013021,110010009013021,0.281306753,0.281306753
G1100010000901204,11001000901204,G11000100009013022,110010009013022,0.0707214224,0.0707214224
G1100010000901204,11001000901204,G11000100009013023,110010009013023,0.1660933407,0.1660933407
G1100010000901204,11001000901204,G11000100009013025,110010009013025,0.1268225508,0.1268225508
G1100010000901205,11001000901205,G11000100009013024,110010009013024,1,1
G1100010000901206,11001000901206,G11000100009013026,110010009013026,1,1
G1100010000901207,11001000901207,G11000100009013030,110010009013030,1,1
G1100010000901208,11001000901208,G11000100009013027,110010009013027,1,1
G1100010000901209,11001000901209,G11000100009013028,110010009013028,0.0195668603,0.2654867257
G1100010000901209,11001000901209,G11000100009013029,110010009013029,0.9804331397,0.7345132743
G1100010000901601,11001000901601,G11000100009011016,110010009011016,0.6408482581,0.6341463415
G1100010000901601,11001000901601,G11000100009011017,110010009011017,0.3591517419,0.3658536585
G1100010000901602,11001000901602,G11000100009011000,110010009011000,1,1
G1100010000901603,11001000901603,G11000100009011013,110010009011013,1,1
G1100010000901604,11001000901604,G11000100009011008,110010009011008,1,1
G1100010000901605,11001000901605,G11000100009011011,110010009011011,1,1
G1100010000901606,11001000901606,G11000100009011009,110010009011009,1,1
G1100010000901607,11001000901607,G11000100009011015,110010009011015,1,1
G1100010000901608,11001000901608,G11000100009011014,110010009011014,1,1
G1100010000901609,11001000901609,G11000100009011007,110010009011007,1,1
G1100010000901610,11001000901610,G11000100009011012,110010009011012,1,1
G1100010000901612,11001000901612,G11000100009011001,110010009011001,0.4551853005,0.4491525424
G1100010000901612,11001000901612,G11000100009011006,110010009011006,0.5448146995,0.5508474576
G1100010000901613,11001000901613,G11000100009011010,110010009011010,1,1
G1100010000901614,11001000901614,G11000100009011004,110010009011004,1,1
G1100010000901615,11001000901615,G11000100009011005,110010009011005,1,1
G1100010000901616,11001000901616,G11000100009011002,110010009011002,1,1
G1100010000901617,11001000901617,G11000100009011003,110010009011003,1,1
G1100010000901701,11001000901701,G11000100009012000,110010009012000,0.4686619718,0.4686619718
G1100010000901701,11001000901701,G11000100009012001,110010009012001,0.5313380282,0.5313380282
G1100010000901702,11001000901702,G11000100009012002,110010009012002,0.0174025888,0.0144374782
G1100010000901702,11001000901702,G11000100009012006,110010009012006,0.2178213914,0.2314280124
G1100010000901702,11001000901702,G11000100009012007,110010009012007,0.0183606795,0.1014332966
G1100010000901702,11001000901702,G11000100009012008,110010009012008,0.0029522079,0.0022050717
G1100010000901702,11001000901702,G11000100009012009,110010009012009,0.1717574035,0.3009922822
G1100010000901702,11001000901702,G11000100009012011,110010009012011,0.1532949593,0.1254246556
G1100010000901702,11001000901702,G11000100009012017,110010009012017,0.1884806751,0.0873647601
G1100010000901702,11001000901702,G11000100009012018,110010009012018,0.0043466874,0.0429988975
G1100010000901702,11001000901702,G11000100009012023,110010009012023,0.2255834072,0.0937155458
G1100010000901703,11001000901703,G11000100009012002,110010009012002,0.0050851842,0.0050851842
G1100010000901703,11001000901703,G11000100009012003,110010009012003,0.004140913,0.004140913
G1100010000901703,11001000901703,G11000100009012004,110010009012004,0.9754047853,0.9754047853
G1100010000901703,11001000901703,G11000100009012006,110010009012006,0.0153691175,0.0153691175
G1100010000901704,11001000901704,G11000100009012024,110010009012024,1,1
G1100010000901705,11001000901705,G11000100009012010,110010009012010,1,1
G1100010000901706,11001000901706,G11000100009012019,110010009012019,1,1
G1100010000901707,11001000901707,G11000100009012025,110010009012025,1,1
G1100010000901708,11001000901708,G11000100009012026,110010009012026,1,1
G1100010000901709,11001000901709,G11000100009012020,110010009012020,1,1
G1100010000901710,11001000901710,G11000100009012021,110010009012021,1,1
G1100010000901711,11001000901711,G11000100009012022,110010009012022,1,1
G1100010000901712,11001000901712,G11000100009012016,110010009012016,1,1
G1100010000901713,11001000901713,G11000100009012015,110010009012015,1,1
G1100010000901714,11001000901714,G11000100009012014,110010009012014,1,1
G1100010000901715,11001000901715,G11000100009012013,110010009012013,1,1
G1100010000901716,11001000901716,G11000100009012012,110010009012012,1,1
G1100010000901799,11001000901799,G11000100009012005,110010009012005,1,1
G1100010000902301,11001000902301,G11000100009021000,110010009021000,0.5474701461,0.3956043956
G1100010000902301,11001000902301,G11000100009021002,110010009021002,0.354667317,0.4505494505
G1100010000902301,11001000902301,G11000100009021003,110010009021003,0.0978625369,0.1538461538
G1100010000902302,11001000902302,G11000100009021001,110010009021001,1,1
G1100010000902303,11001000902303,G11000100009021007,110010009021007,1,1
G1100010000902304,11001000902304,G11000100009021007,110010009021007,0.7413869873,0.8363151383
G1100010000902304,11001000902304,G11000100009021008,110010009021008,0.2586130127,0.1636848617
G1100010000902305,11001000902305,G11000100009021006,110010009021006,1,1
G1100010000902306,11001000902306,G11000100009021005,110010009021005,1,1
G1100010000902307,11001000902307,G11000100009021004,110010009021004,1,1
G1100010000902401,11001000902401,G11000100009022033,110010009022033,1,1
G1100010000902402,11001000902402,G11000100009022003,110010009022003,0.5340262547,0.5557071427
G1100010000902402,11001000902402,G11000100009022004,110010009022004,0.4659737453,0.4442928573
G1100010000902403,11001000902403,G11000100009022003,110010009022003,0.5340262547,0.0743203239
G1100010000902403,11001000902403,G11000100009022004,110010009022004,0.4659737453,0.9256796761
G1100010000902404,11001000902404,G11000100009022035,110010009022035,1,1
G1100010000902405,11001000902405,G11000100009022034,110010009022034,1,1
G1100010000902406,11001000902406,G11000100009022023,110010009022023,1,1
G1100010000902407,11001000902407,G11000100009022007,110010009022007,0.1898632538,0.1898632538
G1100010000902407,11001000902407,G11000100009022008,110010009022008,0,0
G1100010000902407,11001000902407,G11000100009022009,110010009022009,0.8101367462,0.8101367462
G1100010000902408,11001000902408,G11000100009022016,110010009022016,0.646738872,0.646738872
G1100010000902408,11001000902408,G11000100009022017,110010009022017,0.353261128,0.353261128
G1100010000902409,11001000902409,G11000100009022013,110010009022013,0.9001966778,0.9360376023
G1100010000902409,11001000902409,G11000100009022014,110010009022014,0,0
G1100010000902409,11001000902409,G11000100009022015,110010009022015,0.0386720694,0.0407266359
G1100010000902409,11001000902409,G11000100009022037,110010009022037,0,0
G1100010000902409,11001000902409,G11000100009022038,110010009022038,0.0611312528,0.0232357617
G1100010000902410,11001000902410,G11000100009022013,110010009022013,0.9001966778,0.9863119
G1100010000902410,11001000902410,G11000100009022014,110010009022014,0,0
G1100010000902410,11001000902410,G11000100009022015,110010009022015,0.0386720694,0.0008187408
G1100010000902410,11001000902410,G11000100009022037,110010009022037,0,0
G1100010000902410,11001000902410,G11000100009022038,110010009022038,0.0611312528,0.0128693592
G1100010000902411,11001000902411,G11000100009022024,110010009022024,1,1
G1100010000902412,11001000902412,G11000100009022036,110010009022036,1,1
G1100010000902501,11001000902501,G11000100009022020,110010009022020,1,1
G1100010000902502,11001000902502,G11000100009022000,110010009022000,0.1708683473,0.1708683473
G1100010000902502,11001000902502,G11000100009022001,110010009022001,0.0943323996,0.0943323996
G1100010000902502,11001000902502,G11000100009022002,110010009022002,0.734799253,0.734799253
G1100010000902503,11001000902503,G11000100009022025,110010009022025,1,1
G1100010000902504,11001000902504,G11000100009022026,110010009022026,1,1
G1100010000902505,11001000902505,G11000100009022021,110010009022021,1,1
G1100010000902506,11001000902506,G11000100009022022,110010009022022,1,1
G1100010000902507,11001000902507,G11000100009022027,110010009022027,1,1
G1100010000902508,11001000902508,G11000100009022039,110010009022039,1,1
G1100010000902509,11001000902509,G11000100009022019,110010009022019,1,1
G1100010000902511,11001000902511,G11000100009022018,110010009022018,1,1
G1100010000902512,11001000902512,G11000100009022006,110010009022006,1,1
G1100010000902516,11001000902516,G11000100009022005,110010009022005,1,1
G1100010000902517,11001000902517,G11000100009022030,110010009022030,1,1
G1100010000902518,11001000902518,G11000100009022029,110010009022029,1,1
G1100010000902519,11001000902519,G11000100009022028,110010009022028,1,1
G1100010000902520,11001000902520,G11000100009022031,110010009022031,1,1
G1100010000902521,11001000902521,G11000100009022032,110010009022032,1,1
G1100010001001101,11001001001101,G11000100010011000,110010010011000,1,1
G1100010001001103,11001001001103,G11000100010011001,110010010011001,1,1
G1100010001001104,11001001001104,G11000100010011003,110010010011003,1,1
G1100010001001105,11001001001105,G11000100010011002,110010010011002,1,1
G1100010001001107,11001001001107,G11000100010011008,110010010011008,1,1
G1100010001001109,11001001001109,G11000100010011007,110010010011007,0.6155796167,0.7004491114
G1100010001001109,11001001001109,G11000100010011009,110010010011009,0.3844203833,0.2995508886
G1100010001001110,11001001001110,G11000100010011012,110010010011012,1,1
G1100010001001111,11001001001111,G11000100010011013,110010010011013,1,1
G1100010001001112,11001001001112,G11000100010011011,110010010011011,1,1
G1100010001001113,11001001001113,G11000100010011005,110010010011005,0.3512526506,0.3514896342
G1100010001001113,11001001001113,G11000100010011006,110010010011006,0.6487473494,0.6485103658
G1100010001001114,11001001001114,G11000100010011004,110010010011004,1,1
G1100010001001115,11001001001115,G11000100010011010,110010010011010,1,1
G1100010001001201,11001001001201,G11000100010012000,110010010012000,1,1
G1100010001001202,11001001001202,G11000100010012001,110010010012001,1,1
G1100010001001203,11001001001203,G11000100010012002,110010010012002,1,1
G1100010001001204,11001001001204,G11000100010012003,110010010012003,1,1
G1100010001001205,11001001001205,G11000100010012004,110010010012004,1,1
G1100010001001206,11001001001206,G11000100010012005,110010010012005,0.9744465284,0.9528301887
G1100010001001206,11001001001206,G11000100010012006,110010010012006,0.0255534716,0.0471698113
G1100010001001208,11001001001208,G11000100010012007,110010010012007,1,1
G1100010001001209,11001001001209,G11000100010012016,110010010012016,1,1
G1100010001001210,11001001001210,G11000100010012019,110010010012019,1,1
G1100010001001211,11001001001211,G11000100010012015,110010010012015,1,1
G1100010001001212,11001001001212,G11000100010012008,110010010012008,0.9966886874,0.7662337662
G1100010001001212,11001001001212,G11000100010012009,110010010012009,0.0033113126,0.2337662338
G1100010001001213,11001001001213,G11000100010012010,110010010012010,1,1
G1100010001001301,11001001001301,G11000100010012011,110010010012011,0.9538901689,0.9473684211
G1100010001001301,11001001001301,G11000100010012022,110010010012022,0.0461098311,0.0526315789
G1100010001001302,11001001001302,G11000100010012012,110010010012012,1,1
G1100010001001303,11001001001303,G11000100010012013,110010010012013,1,1
G1100010001001304,11001001001304,G11000100010012014,110010010012014,1,1
G1100010001001305,11001001001305,G11000100010012017,110010010012017,1,1
G1100010001001306,11001001001306,G11000100010012018,110010010012018,1,1
G1100010001001307,11001001001307,G11000100010012026,110010010012026,1,1
G1100010001001308,11001001001308,G11000100010012025,110010010012025,1,1
G1100010001001309,11001001001309,G11000100010012028,110010010012028,1,1
G1100010001001310,11001001001310,G11000100010012027,110010010012027,1,1
G1100010001001311,11001001001311,G11000100010012024,110010010012024,1,1
G1100010001001312,11001001001312,G11000100010012029,110010010012029,1,1
G1100010001001313,11001001001313,G11000100010012032,110010010012032,1,1
G1100010001001314,11001001001314,G11000100010012031,110010010012031,1,1
G1100010001001315,11001001001315,G11000100010012030,110010010012030,1,1
G1100010001001316,11001001001316,G11000100010012021,110010010012021,0.7664069877,0.7664069877
G1100010001001316,11001001001316,G11000100010012023,110010010012023,0.2335930123,0.2335930123
G1100010001001317,11001001001317,G11000100010012020,110010010012020,1,1
G1100010001001318,11001001001318,G11000100010012021,110010010012021,0.1279976315,0.1279976315
G1100010001001318,11001001001318,G11000100010012023,110010010012023,0.8720023685,0.8720023685
G1100010001001401,11001001001401,G11000100010014000,110010010014000,1,1
G1100010001001402,11001001001402,G11000100010014001,110010010014001,1,1
G1100010001001403,11001001001403,G11000100010014002,110010010014002,1,1
G1100010001001404,11001001001404,G11000100010014004,110010010014004,1,1
G1100010001001405,11001001001405,G11000100010014005,110010010014005,1,1
G1100010001001406,11001001001406,G11000100010014006,110010010014006,1,1
G1100010001001407,11001001001407,G11000100010014003,110010010014003,1,1
G1100010001001408,11001001001408,G11000100010014008,110010010014008,1,1
G1100010001001409,11001001001409,G11000100010014007,110010010014007,1,1
G1100010001001410,11001001001410,G11000100010014018,110010010014018,1,1
G1100010001001411,11001001001411,G11000100010014019,110010010014019,1,1
G1100010001001412,11001001001412,G11000100010014010,110010010014010,0.9679489339,0.9679489339
G1100010001001412,11001001001412,G11000100010014011,110010010014011,0.0192306307,0.0192306307
G1100010001001412,11001001001412,G11000100010014012,110010010014012,0.0128204355,0.0128204355
G1100010001001413,11001001001413,G11000100010014024,110010010014024,1,1
G1100010001001414,11001001001414,G11000100010014016,110010010014016,1,1
G1100010001001415,11001001001415,G11000100010014017,110010010014017,1,1
G1100010001001416,11001001001416,G11000100010014009,110010010014009,1,1
G1100010001001417,11001001001417,G11000100010014014,110010010014014,1,1
G1100010001001418,11001001001418,G11000100010014013,110010010014013,1,1
G1100010001001419,11001001001419,G11000100010014015,110010010014015,1,1
G1100010001001501,11001001001501,G11000100010014020,110010010014020,1,1
G1100010001001502,11001001001502,G11000100010014021,110010010014021,1,1
G1100010001001503,11001001001503,G11000100010014022,110010010014022,1,1
G1100010001001504,11001001001504,G11000100010014023,110010010014023,1,1
G1100010001001505,11001001001505,G11000100010014021,110010010014021,1,1
G1100010001001506,11001001001506,G11000100010014026,110010010014026,0.9338380186,0.8
G1100010001001506,11001001001506,G11000100010014027,110010010014027,0.0661619814,0.2
G1100010001001507,11001001001507,G11000100010014025,110010010014025,0.9613352192,0.7826086957
G1100010001001507,11001001001507,G11000100010014028,110010010014028,0.0386647808,0.2173913043
G1100010001001601,11001001001601,G11000100010016018,110010010016018,1,1
G1100010001001602,11001001001602,G11000100010016017,110010010016017,1,1
G1100010001001603,11001001001603,G11000100010016021,110010010016021,1,1
G1100010001001604,11001001001604,G11000100010016020,110010010016020,1,1
G1100010001001605,11001001001605,G11000100010016016,110010010016016,1,1
G1100010001001606,11001001001606,G11000100010016015,110010010016015,1,1
G1100010001001607,11001001001607,G11000100010016012,110010010016012,1,1
G1100010001001608,11001001001608,G11000100010016013,110010010016013,1,1
G1100010001001609,11001001001609,G11000100010016014,110010010016014,1,1
G1100010001001610,11001001001610,G11000100010016019,110010010016019,1,1
G1100010001001611,11001001001611,G11000100010016007,110010010016007,1,1
G1100010001001612,11001001001612,G11000100010016004,110010010016004,1,1
G1100010001001613,11001001001613,G11000100010016005,110010010016005,0.0548857365,0.0548857365
G1100010001001613,11001001001613,G11000100010016006,110010010016006,0.9451142635,0.9451142635
G1100010001001615,11001001001615,G11000100010016003,110010010016003,1,1
G1100010001001616,11001001001616,G11000100010016009,110010010016009,1,1
G1100010001001617,11001001001617,G11000100010016008,110010010016008,1,1
G1100010001001618,11001001001618,G11000100010016002,110010010016002,1,1
G1100010001001619,11001001001619,G11000100010016001,110010010016001,1,1
G1100010001001620,11001001001620,G11000100010016010,110010010016010,1,1
G1100010001001621,11001001001621,G11000100010016011,110010010016011,1,1
G1100010001001622,11001001001622,G11000100010016000,110010010016000,1,1
G1100010001001701,11001001001701,G11000100010013016,110010010013016,1,1
G1100010001001702,11001001001702,G11000100010013015,110010010013015,1,1
G1100010001001703,11001001001703,G11000100010013014,110010010013014,1,1
G1100010001001704,11001001001704,G11000100010013012,110010010013012,1,1
G1100010001001705,11001001001705,G11000100010013013,110010010013013,1,1
G1100010001001706,11001001001706,G11000100010013006,110010010013006,1,1
G1100010001001707,11001001001707,G11000100010013003,110010010013003,1,1
G1100010001001708,11001001001708,G11000100010013007,110010010013007,1,1
G1100010001001709,11001001001709,G11000100010013008,110010010013008,1,1
G1100010001001711,11001001001711,G11000100010013009,110010010013009,1,1
G1100010001001712,11001001001712,G11000100010013010,110010010013010,1,1
G1100010001001713,11001001001713,G11000100010013011,110010010013011,1,1
G1100010001001714,11001001001714,G11000100010013000,110010010013000,1,1
G1100010001001715,11001001001715,G11000100010013001,110010010013001,1,1
G1100010001001716,11001001001716,G11000100010013002,110010010013002,1,1
G1100010001001718,11001001001718,G11000100010013004,110010010013004,1,1
G1100010001001719,11001001001719,G11000100010013005,110010010013005,1,1
G1100010001001801,11001001001801,G11000100010015016,110010010015016,1,1
G1100010001001802,11001001001802,G11000100010015002,110010010015002,1,1
G1100010001001803,11001001001803,G11000100010015009,110010010015009,1,1
G1100010001001804,11001001001804,G11000100010015015,110010010015015,1,1
G1100010001001805,11001001001805,G11000100010015014,110010010015014,1,1
G1100010001001806,11001001001806,G11000100010015013,110010010015013,1,1
G1100010001001807,11001001001807,G11000100010015011,110010010015011,1,1
G1100010001001808,11001001001808,G11000100010015012,110010010015012,1,1
G1100010001001809,11001001001809,G11000100010015010,110010010015010,1,1
G1100010001001811,11001001001811,G11000100010015008,110010010015008,1,1
G1100010001001812,11001001001812,G11000100010015007,110010010015007,1,1
G1100010001001814,11001001001814,G11000100010015006,110010010015006,1,1
G1100010001001816,11001001001816,G11000100010015004,110010010015004,1,1
G1100010001001817,11001001001817,G11000100010015003,110010010015003,1,1
G1100010001001819,11001001001819,G11000100010015001,110010010015001,1,1
G1100010001001820,11001001001820,G11000100010015000,110010010015000,1,1
G1100010001001821,11001001001821,G11000100010015005,110010010015005,1,1
G1100010001002101,11001001002101,G11000100010023001,110010010023001,1,1
G1100010001002102,11001001002102,G11000100010023000,110010010023000,1,1
G1100010001002103,11001001002103,G11000100010023003,110010010023003,1,1
G1100010001002104,11001001002104,G11000100010023004,110010010023004,1,1
G1100010001002105,11001001002105,G11000100010021000,110010010021000,0.5167053801,0.6770253261
G1100010001002105,11001001002105,G11000100010021001,110010010021001,0.0022394977,0
G1100010001002105,11001001002105,G11000100010021002,110010010021002,0.0127000398,0.0000608038
G1100010001002105,11001001002105,G11000100010023005,110010010023005,0.0353878817,0
G1100010001002105,11001001002105,G11000100010023006,110010010023006,0.4236044573,0.3228867727
G1100010001002105,11001001002105,G11000100010023007,110010010023007,0.0093627434,0.0000270974
G1100010001002106,11001001002106,G11000100010023002,110010010023002,1,1
G1100010001002201,11001001002201,G11000100010022000,110010010022000,0.0722941635,0.1713882768
G1100010001002201,11001001002201,G11000100010022001,110010010022001,0.9109649838,0.8286117232
G1100010001002201,11001001002201,G11000100010022004,110010010022004,0.0167408526,0
G1100010001002203,11001001002203,G11000100010022000,110010010022000,1,1
G1100010001002204,11001001002204,G11000100010022003,110010010022003,1,1
G1100010001002205,11001001002205,G11000100010022002,110010010022002,1,1
G1100010001002206,11001001002206,G11000100010022007,110010010022007,1,1
G1100010001002207,11001001002207,G11000100010022006,110010010022006,1,1
G1100010001002208,11001001002208,G11000100010022005,110010010022005,1,1
G11000100011101,11001001100101,G11000100011001000,110010011001000,1,1
G11000100011103,11001001100103,G11000100011001001,110010011001001,1,1
G11000100011106,11001001100106,G11000100011001007,110010011001007,1,1
G11000100011108,11001001100108,G11000100011001002,110010011001002,1,1
G11000100011109,11001001100109,G11000100011001003,110010011001003,1,1
G11000100011110,11001001100110,G11000100011001004,110010011001004,1,1
G11000100011111,11001001100111,G11000100011001005,110010011001005,1,1
G11000100011112,11001001100112,G11000100011001006,110010011001006,1,1
G11000100011113,11001001100113,G11000100011001008,110010011001008,1,1
G11000100011114,11001001100114,G11000100011001009,110010011001009,1,1
G11000100011201,11001001100201,G11000100011001010,110010011001010,1,1
G11000100011202,11001001100202,G11000100011001011,110010011001011,1,1
G11000100011212,11001001100212,G11000100011001014,110010011001014,1,1
G11000100011213,11001001100213,G11000100011001012,110010011001012,0.978956229,0.9225806452
G11000100011213,11001001100213,G11000100011001015,110010011001015,0.021043771,0.0774193548
G11000100011214,11001001100214,G11000100011001018,110010011001018,1,1
G11000100011216,11001001100216,G11000100011001023,110010011001023,1,1
G11000100011217,11001001100217,G11000100011001021,110010011001021,1,1
G11000100011218,11001001100218,G11000100011001020,110010011001020,1,1
G11000100011219,11001001100219,G11000100011001017,110010011001017,1,1
G11000100011220,11001001100220,G11000100011001013,110010011001013,1,1
G11000100011221,11001001100221,G11000100011001016,110010011001016,1,1
G11000100011222,11001001100222,G11000100011001019,110010011001019,1,1
G11000100011223,11001001100223,G11000100011001022,110010011001022,1,1
G11000100011301,11001001100301,G11000100011003000,110010011003000,1,1
G11000100011302,11001001100302,G11000100011003001,110010011003001,1,1
G11000100011304,11001001100304,G11000100011003002,110010011003002,1,1
G11000100011305,11001001100305,G11000100011003003,110010011003003,1,1
G11000100011306,11001001100306,G11000100011003004,110010011003004,1,1
G11000100011307,11001001100307,G11000100011003005,110010011003005,1,1
G11000100011314,11001001100314,G11000100011003006,110010011003006,0.4209656312,0.4487379597
G11000100011314,11001001100314,G11000100011003008,110010011003008,0.5790343688,0.5512620403
G11000100011315,11001001100315,G11000100011003007,110010011003007,1,1
G11000100011316,11001001100316,G11000100011003009,110010011003009,1,1
G11000100011401,11001001100401,G11000100011004010,110010011004010,1,1
G11000100011402,11001001100402,G11000100011004000,110010011004000,1,1
G11000100011403,11001001100403,G11000100011004001,110010011004001,1,1
G11000100011404,11001001100404,G11000100011004009,110010011004009,1,1
G11000100011405,11001001100405,G11000100011004010,110010011004010,1,1
G11000100011406,11001001100406,G11000100011004030,110010011004030,1,1
G11000100011407,11001001100407,G11000100011004005,110010011004005,1,1
G11000100011408,11001001100408,G11000100011004008,110010011004008,1,1
G11000100011409,11001001100409,G11000100011004012,110010011004012,1,1
G11000100011410,11001001100410,G11000100011004024,110010011004024,1,1
G11000100011411,11001001100411,G11000100011004025,110010011004025,1,1
G11000100011412,11001001100412,G11000100011004006,110010011004006,0.7639250148,1
G11000100011412,11001001100412,G11000100011004013,110010011004013,0.2360749852,0
G11000100011413,11001001100413,G11000100011004006,110010011004006,0.724695536,1
G11000100011413,11001001100413,G11000100011004013,110010011004013,0.2239519386,0
G11000100011413,11001001100413,G11000100011004029,110010011004029,0.0513525254,0
G11000100011414,11001001100414,G11000100011004009,110010011004009,1,1
G11000100011415,11001001100415,G11000100011004023,110010011004023,0.637312253,0.637312253
G11000100011415,11001001100415,G11000100011004024,110010011004024,0.362687747,0.362687747
G11000100011416,11001001100416,G11000100011004022,110010011004022,1,1
G11000100011417,11001001100417,G11000100011004018,110010011004018,1,1
G11000100011418,11001001100418,G11000100011004026,110010011004026,1,1
G11000100011419,11001001100419,G11000100011004019,110010011004019,1,1
G11000100011420,11001001100420,G11000100011004020,110010011004020,1,1
G11000100011421,11001001100421,G11000100011004014,110010011004014,1,1
G11000100011422,11001001100422,G11000100011004015,110010011004015,1,1
G11000100011423,11001001100423,G11000100011004021,110010011004021,1,1
G11000100011424,11001001100424,G11000100011004016,110010011004016,1,1
G11000100011425,11001001100425,G11000100011004017,110010011004017,1,1
G11000100011426,11001001100426,G11000100011004027,110010011004027,1,1
G11000100011427,11001001100427,G11000100011004028,110010011004028,1,1
G11000100011428,11001001100428,G11000100011004002,110010011004002,1,1
G11000100011429,11001001100429,G11000100011004004,110010011004004,1,1
G11000100011430,11001001100430,G11000100011004011,110010011004011,1,1
G11000100011431,11001001100431,G11000100011004003,110010011004003,0.9672130505,0.7625
G11000100011431,11001001100431,G11000100011004007,110010011004007,0.0327869495,0.2375
G11000100011501,11001001100501,G11000100011002028,110010011002028,1,1
G11000100011502,11001001100502,G11000100011002027,110010011002027,1,1
G11000100011503,11001001100503,G11000100011002001,110010011002001,1,1
G11000100011504,11001001100504,G11000100011002025,110010011002025,1,1
G11000100011505,11001001100505,G11000100011002023,110010011002023,0.3512936783,0.4625196486
G11000100011505,11001001100505,G11000100011002024,110010011002024,0.6487063217,0.5374803514
G11000100011506,11001001100506,G11000100011002022,110010011002022,1,1
G11000100011507,11001001100507,G11000100011002021,110010011002021,1,1
G11000100011508,11001001100508,G11000100011002020,110010011002020,1,1
G11000100011509,11001001100509,G11000100011002019,110010011002019,1,1
G11000100011510,11001001100510,G11000100011002016,110010011002016,1,1
G11000100011511,11001001100511,G11000100011002018,110010011002018,1,1
G11000100011512,11001001100512,G11000100011002017,110010011002017,1,1
G11000100011513,11001001100513,G11000100011002008,110010011002008,1,1
G11000100011514,11001001100514,G11000100011002007,110010011002007,1,1
G11000100011515,11001001100515,G11000100011002013,110010011002013,1,1
G11000100011516,11001001100516,G11000100011002009,110010011002009,1,1
G11000100011517,11001001100517,G11000100011002014,110010011002014,1,1
G11000100011518,11001001100518,G11000100011002000,110010011002000,1,1
G11000100011519,11001001100519,G11000100011002015,110010011002015,1,1
G11000100011520,11001001100520,G11000100011002002,110010011002002,1,1
G11000100011521,11001001100521,G11000100011002012,110010011002012,1,1
G11000100011522,11001001100522,G11000100011002011,110010011002011,1,1
G11000100011523,11001001100523,G11000100011002010,110010011002010,1,1
G11000100011524,11001001100524,G11000100011002003,110010011002003,1,1
G11000100011525,11001001100525,G11000100011002004,110010011002004,1,1
G11000100011526,11001001100526,G11000100011002005,110010011002005,1,1
G11000100011527,11001001100527,G11000100011002006,110010011002006,1,1
G11000100011528,11001001100528,G11000100011002026,110010011002026,1,1
G11000100012101,11001001200101,G11000100012001000,110010012001000,0.2173907352,0
G11000100012101,11001001200101,G11000100012001001,110010012001001,0.7826092648,1
G11000100012102,11001001200102,G11000100012001002,110010012001002,0.4428303068,0.2276490066
G11000100012102,11001001200102,G11000100012001003,110010012001003,0.5571696932,0.7723509934
G11000100012103,11001001200103,G11000100012001004,110010012001004,1,1
G11000100012104,11001001200104,G11000100012001005,110010012001005,1,1
G11000100012105,11001001200105,G11000100012001006,110010012001006,1,1
G11000100012106,11001001200106,G11000100012001007,110010012001007,1,1
G11000100012107,11001001200107,G11000100012001008,110010012001008,1,1
G11000100012109,11001001200109,G11000100012001009,110010012001009,1,1
G11000100012110,11001001200110,G11000100012001010,110010012001010,1,1
G11000100012111,11001001200111,G11000100012001011,110010012001011,1,1
G11000100012112,11001001200112,G11000100012001012,110010012001012,1,1
G11000100012113,11001001200113,G11000100012001013,110010012001013,1,1
G11000100012114,11001001200114,G11000100012001014,110010012001014,0.8601012921,0.7424431295
G11000100012114,11001001200114,G11000100012001015,110010012001015,0.069329491,0.0968404082
G11000100012114,11001001200114,G11000100012002004,110010012002004,0.0705692169,0.1607164623
G11000100012201,11001001200201,G11000100012002003,110010012002003,0.8824784741,0.7584841165
G11000100012201,11001001200201,G11000100012002004,110010012002004,0.1001380152,0.1977571845
G11000100012201,11001001200201,G11000100012002005,110010012002005,0.0173835106,0.043758699
G11000100012202,11001001200202,G11000100012002006,110010012002006,1,1
G11000100012203,11001001200203,G11000100012002008,110010012002008,1,1
G11000100012204,11001001200204,G11000100012002002,110010012002002,1,1
G11000100012206,11001001200206,G11000100012002007,110010012002007,1,1
G11000100012207,11001001200207,G11000100012002001,110010012002001,1,1
G11000100012208,11001001200208,G11000100012002000,110010012002000,1,1
G11000100012301,11001001200301,G11000100012003000,110010012003000,0.9790355414,0.8169491525
G11000100012301,11001001200301,G11000100012003010,110010012003010,0.0209644586,0.1830508475
G11000100012302,11001001200302,G11000100012003001,110010012003001,1,1
G11000100012303,11001001200303,G11000100012003002,110010012003002,1,1
G11000100012304,11001001200304,G11000100012003003,110010012003003,1,1
G11000100012305,11001001200305,G11000100012003004,110010012003004,1,1
G11000100012306,11001001200306,G11000100012003005,110010012003005,1,1
G11000100012307,11001001200307,G11000100012003006,110010012003006,1,1
G11000100012308,11001001200308,G11000100012003007,110010012003007,1,1
G11000100012309,11001001200309,G11000100012003008,110010012003008,1,1
G11000100012310,11001001200310,G11000100012003009,110010012003009,1,1
G11000100012311,11001001200311,G11000100012003010,110010012003010,1,1
G11000100012401,11001001200401,G11000100012004000,110010012004000,1,1
G11000100012402,11001001200402,G11000100012004009,110010012004009,0.0967547586,0
G11000100012402,11001001200402,G11000100012004010,110010012004010,0.8775324252,1
G11000100012402,11001001200402,G11000100012004011,110010012004011,0.0257128162,0
G11000100012403,11001001200403,G11000100012004012,110010012004012,1,1
G11000100012404,11001001200404,G11000100012004013,110010012004013,1,1
G11000100012405,11001001200405,G11000100012004014,110010012004014,0.9202455196,0.731884058
G11000100012405,11001001200405,G11000100012004027,110010012004027,0.0797544804,0.268115942
G11000100012407,11001001200407,G11000100012004015,110010012004015,1,1
G11000100012408,11001001200408,G11000100012004001,110010012004001,1,1
G11000100012409,11001001200409,G11000100012004002,110010012004002,1,1
G11000100012501,11001001200501,G11000100012004003,110010012004003,1,1
G11000100012502,11001001200502,G11000100012004004,110010012004004,1,1
G11000100012503,11001001200503,G11000100012004005,110010012004005,0.82737809,0.8222222222
G11000100012503,11001001200503,G11000100012004006,110010012004006,0.0922028343,0.0222222222
G11000100012503,11001001200503,G11000100012004007,110010012004007,0.0522769529,0.1011199195
G11000100012503,11001001200503,G11000100012004008,110010012004008,0.0281421228,0.0544356361
G11000100012504,11001001200504,G11000100012004018,110010012004018,1,1
G11000100012505,11001001200505,G11000100012004017,110010012004017,1,1
G11000100012506,11001001200506,G11000100012004016,110010012004016,1,1
G11000100012507,11001001200507,G11000100012004021,110010012004021,1,1
G11000100012508,11001001200508,G11000100012004020,110010012004020,1,1
G11000100012509,11001001200509,G11000100012004019,110010012004019,1,1
G11000100012510,11001001200510,G11000100012004023,110010012004023,0.9433642446,0.8834951456
G11000100012510,11001001200510,G11000100012004024,110010012004024,0.0566357554,0.1165048544
G11000100012512,11001001200512,G11000100012004022,110010012004022,1,1
G11000100012513,11001001200513,G11000100012004025,110010012004025,1,1
G11000100012514,11001001200514,G11000100012004026,110010012004026,1,1
G1100010001301101,11001001301101,G11000100013011010,110010013011010,0.9636870242,0.9636870242
G1100010001301101,11001001301101,G11000100013011011,110010013011011,0,0
G1100010001301101,11001001301101,G11000100013011012,110010013011012,0.0355544408,0.0355544408
G1100010001301101,11001001301101,G11000100013011013,110010013011013,0.000758535,0.000758535
G1100010001301102,11001001301102,G11000100013011000,110010013011000,1,1
G1100010001301103,11001001301103,G11000100013011002,110010013011002,1,1
G1100010001301104,11001001301104,G11000100013011004,110010013011004,1,1
G1100010001301105,11001001301105,G11000100013011007,110010013011007,1,1
G1100010001301106,11001001301106,G11000100013011001,110010013011001,1,1
G1100010001301107,11001001301107,G11000100013011014,110010013011014,1,1
G1100010001301108,11001001301108,G11000100013011001,110010013011001,0.2159028846,0.2159028846
G1100010001301108,11001001301108,G11000100013011003,110010013011003,0.7840971154,0.7840971154
G1100010001301111,11001001301111,G11000100013011005,110010013011005,0.7590671983,0.6805555556
G1100010001301111,11001001301111,G11000100013011006,110010013011006,0.2409328017,0.3194444444
G1100010001301401,11001001301401,G11000100013011019,110010013011019,1,1
G1100010001301402,11001001301402,G11000100013011018,110010013011018,1,1
G1100010001301403,11001001301403,G11000100013011017,110010013011017,1,1
G1100010001301404,11001001301404,G11000100013011016,110010013011016,1,1
G1100010001301405,11001001301405,G11000100013011015,110010013011015,1,1
G1100010001301406,11001001301406,G11000100013011008,110010013011008,1,1
G1100010001301407,11001001301407,G11000100013011009,110010013011009,1,1
G1100010001301501,11001001301501,G11000100013012010,110010013012010,1,1
G1100010001301502,11001001301502,G11000100013012011,110010013012011,1,1
G1100010001301503,11001001301503,G11000100013012001,110010013012001,1,1
G1100010001301504,11001001301504,G11000100013012002,110010013012002,1,1
G1100010001301505,11001001301505,G11000100013012003,110010013012003,1,1
G1100010001301506,11001001301506,G11000100013012000,110010013012000,0.9940352332,0.989894417
G1100010001301506,11001001301506,G11000100013012009,110010013012009,0.0059647668,0.010105583
G1100010001301507,11001001301507,G11000100013012004,110010013012004,1,1
G1100010001301601,11001001301601,G11000100013012005,110010013012005,1,1
G1100010001301602,11001001301602,G11000100013012007,110010013012007,1,1
G1100010001301603,11001001301603,G11000100013012006,110010013012006,1,1
G1100010001301604,11001001301604,G11000100013012008,110010013012008,1,1
G1100010001301605,11001001301605,G11000100013012013,110010013012013,1,1
G1100010001301606,11001001301606,G11000100013012012,110010013012012,1,1
G1100010001301701,11001001301701,G11000100013013005,110010013013005,1,1
G1100010001301702,11001001301702,G11000100013013002,110010013013002,1,1
G1100010001301703,11001001301703,G11000100013013003,110010013013003,1,1
G1100010001301704,11001001301704,G11000100013013004,110010013013004,1,1
G1100010001301706,11001001301706,G11000100013013006,110010013013006,1,1
G1100010001301707,11001001301707,G11000100013013007,110010013013007,1,1
G1100010001301708,11001001301708,G11000100013013007,110010013013007,1,1
G1100010001301720,11001001301720,G11000100013013001,110010013013001,1,1
G1100010001301721,11001001301721,G11000100013013000,110010013013000,1,1
G1100010001302101,11001001302101,G11000100013021000,110010013021000,0.0043645483,0.0033108106
G1100010001302101,11001001302101,G11000100013021001,110010013021001,0.4960831183,0.5891117473
G1100010001302101,11001001302101,G11000100013023000,110010013023000,0.2284479555,0.0433029116
G1100010001302101,11001001302101,G11000100013023001,110010013023001,0.2711043779,0.3642745306
G1100010001302102,11001001302102,G11000100013023005,110010013023005,0.8630513928,0.8547008547
G1100010001302102,11001001302102,G11000100013023007,110010013023007,0.1369486072,0.1452991453
G1100010001302103,11001001302103,G11000100013023011,110010013023011,1,1
G1100010001302104,11001001302104,G11000100013023002,110010013023002,1,1
G1100010001302105,11001001302105,G11000100013023004,110010013023004,1,1
G1100010001302109,11001001302109,G11000100013023003,110010013023003,1,1
G1100010001302110,11001001302110,G11000100013023000,110010013023000,1,1
G1100010001302201,11001001302201,G11000100013022000,110010013022000,0.054944413,0.0056344929
G1100010001302201,11001001302201,G11000100013022001,110010013022001,0.945055587,0.9943655071
G1100010001302202,11001001302202,G11000100013022002,110010013022002,1,1
G1100010001302203,11001001302203,G11000100013022004,110010013022004,0.9705526666,1
G1100010001302203,11001001302203,G11000100013022011,110010013022011,0.0294473334,0
G1100010001302204,11001001302204,G11000100013022005,110010013022005,1,1
G1100010001302205,11001001302205,G11000100013022008,110010013022008,1,1
G1100010001302206,11001001302206,G11000100013022007,110010013022007,0.7793255021,0.8855467733
G1100010001302206,11001001302206,G11000100013022009,110010013022009,0.2206744979,0.1144532267
G1100010001302207,11001001302207,G11000100013022006,110010013022006,1,1
G1100010001302208,11001001302208,G11000100013022003,110010013022003,1,1
G1100010001302209,11001001302209,G11000100013022010,110010013022010,0.7957441511,0.7957441511
G1100010001302209,11001001302209,G11000100013022011,110010013022011,0.2042558489,0.2042558489
G1100010001302301,11001001302301,G11000100013023008,110010013023008,1,1
G1100010001302302,11001001302302,G11000100013023010,110010013023010,1,1
G1100010001302304,11001001302304,G11000100013023009,110010013023009,1,1
G1100010001302305,11001001302305,G11000100013023006,110010013023006,1,1
G1100010001302307,11001001302307,G11000100013021000,110010013021000,1,1
G1100010001302308,11001001302308,G11000100013021000,110010013021000,0.9909808741,0.9896298656
G1100010001302308,11001001302308,G11000100013021001,110010013021001,0.0090191259,0.0103701344
G1100010001302309,11001001302309,G11000100013021000,110010013021000,0.1184130961,0.0111252194
G1100010001302309,11001001302309,G11000100013021001,110010013021001,0.5704214316,0.9866042542
G1100010001302309,11001001302309,G11000100013023001,110010013023001,0.3111654723,0.0022705264
G1100010001401301,11001001401301,G11000100014011000,110010014011000,0.0664448256,0.1346153846
G1100010001401301,11001001401301,G11000100014011001,110010014011001,0.9335551744,0.8653846154
G1100010001401302,11001001401302,G11000100014011002,110010014011002,1,1
G1100010001401303,11001001401303,G11000100014011003,110010014011003,1,1
G1100010001401304,11001001401304,G11000100014011004,110010014011004,1,1
G1100010001401305,11001001401305,G11000100014011005,110010014011005,1,1
G1100010001401306,11001001401306,G11000100014011006,110010014011006,1,1
G1100010001401307,11001001401307,G11000100014011007,110010014011007,0.051546102,0.0729166667
G1100010001401307,11001001401307,G11000100014011008,110010014011008,0.948453898,0.9270833333
G1100010001401308,11001001401308,G11000100014011009,110010014011009,1,1
G1100010001401309,11001001401309,G11000100014011019,110010014011019,1,1
G1100010001401501,11001001401501,G11000100014011010,110010014011010,1,1
G1100010001401502,11001001401502,G11000100014011011,110010014011011,1,1
G1100010001401503,11001001401503,G11000100014011012,110010014011012,1,1
G1100010001401504,11001001401504,G11000100014011013,110010014011013,1,1
G1100010001401505,11001001401505,G11000100014011014,110010014011014,1,1
G1100010001401506,11001001401506,G11000100014011015,110010014011015,1,1
G1100010001401507,11001001401507,G11000100014011016,110010014011016,1,1
G1100010001401508,11001001401508,G11000100014011017,110010014011017,1,1
G1100010001401509,11001001401509,G11000100014011018,110010014011018,1,1
G1100010001401601,11001001401601,G11000100014012014,110010014012014,1,1
G1100010001401602,11001001401602,G11000100014012013,110010014012013,1,1
G1100010001401603,11001001401603,G11000100014012008,110010014012008,0.971795029,1
G1100010001401603,11001001401603,G11000100014012011,110010014012011,0.028204971,0
G1100010001401604,11001001401604,G11000100014012009,110010014012009,0.6445623342,1
G1100010001401604,11001001401604,G11000100014012010,110010014012010,0.3554376658,0
G1100010001401605,11001001401605,G11000100014012012,110010014012012,1,1
G1100010001401606,11001001401606,G11000100014012020,110010014012020,1,1
G1100010001401607,11001001401607,G11000100014012019,110010014012019,1,1
G1100010001401608,11001001401608,G11000100014012018,110010014012018,1,1
G1100010001401609,11001001401609,G11000100014012017,110010014012017,1,1
G1100010001401610,11001001401610,G11000100014012016,110010014012016,1,1
G1100010001401611,11001001401611,G11000100014012015,110010014012015,1,1
G1100010001401701,11001001401701,G11000100014012000,110010014012000,0.977012396,0.8870967742
G1100010001401701,11001001401701,G11000100014012003,110010014012003,0.022987604,0.1129032258
G1100010001401702,11001001401702,G11000100014012002,110010014012002,1,1
G1100010001401703,11001001401703,G11000100014012001,110010014012001,1,1
G1100010001401704,11001001401704,G11000100014012005,110010014012005,1,1
G1100010001401705,11001001401705,G11000100014012004,110010014012004,1,1
G1100010001401706,11001001401706,G11000100014012007,110010014012007,1,1
G1100010001401707,11001001401707,G11000100014012006,110010014012006,1,1
G1100010001402101,11001001402101,G11000100014021000,110010014021000,1,1
G1100010001402102,11001001402102,G11000100014021006,110010014021006,1,1
G1100010001402103,11001001402103,G11000100014021005,110010014021005,1,1
G1100010001402104,11001001402104,G11000100014021004,110010014021004,1,1
G1100010001402105,11001001402105,G11000100014021003,110010014021003,1,1
G1100010001402106,11001001402106,G11000100014021013,110010014021013,1,1
G1100010001402107,11001001402107,G11000100014021014,110010014021014,1,1
G1100010001402108,11001001402108,G11000100014021015,110010014021015,1,1
G1100010001402201,11001001402201,G11000100014022000,110010014022000,1,1
G1100010001402202,11001001402202,G11000100014022001,110010014022001,1,1
G1100010001402203,11001001402203,G11000100014022000,110010014022000,1,1
G1100010001402204,11001001402204,G11000100014022002,110010014022002,1,1
G1100010001402205,11001001402205,G11000100014022006,110010014022006,1,1
G1100010001402206,11001001402206,G11000100014022000,110010014022000,1,1
G1100010001402207,11001001402207,G11000100014022000,110010014022000,1,1
G1100010001402301,11001001402301,G11000100014021001,110010014021001,1,1
G1100010001402302,11001001402302,G11000100014021002,110010014021002,1,1
G1100010001402303,11001001402303,G11000100014021009,110010014021009,1,1
G1100010001402304,11001001402304,G11000100014021010,110010014021010,1,1
G1100010001402305,11001001402305,G11000100014021011,110010014021011,1,1
G1100010001402306,11001001402306,G11000100014021012,110010014021012,1,1
G1100010001402307,11001001402307,G11000100014021008,110010014021008,1,1
G1100010001402308,11001001402308,G11000100014021007,110010014021007,1,1
G1100010001402401,11001001402401,G11000100014022004,110010014022004,1,1
G1100010001402402,11001001402402,G11000100014022005,110010014022005,1,1
G1100010001402403,11001001402403,G11000100014023002,110010014023002,1,1
G1100010001402404,11001001402404,G11000100014023001,110010014023001,1,1
G1100010001402405,11001001402405,G11000100014023000,110010014023000,1,1
G1100010001402406,11001001402406,G11000100014023003,110010014023003,1,1
G1100010001402407,11001001402407,G11000100014023004,110010014023004,1,1
G1100010001402408,11001001402408,G11000100014023005,110010014023005,1,1
G1100010001402409,11001001402409,G11000100014023006,110010014023006,1,1
G1100010001402410,11001001402410,G11000100014023007,110010014023007,0.5333174394,0.6724698579
G1100010001402410,11001001402410,G11000100014023009,110010014023009,0.4554777324,0.3275301421
G1100010001402410,11001001402410,G11000100014023010,110010014023010,0.0112048282,0
G1100010001402411,11001001402411,G11000100014023008,110010014023008,1,1
G1100010001402412,11001001402412,G11000100014022003,110010014022003,1,1
G1100010001402413,11001001402413,G11000100014022007,110010014022007,1,1
G11000100015101,11001001500101,G11000100015001002,110010015001002,0.6866831073,0.6866831073
G11000100015101,11001001500101,G11000100015001003,110010015001003,0.3133168927,0.3133168927
G11000100015102,11001001500102,G11000100015001002,110010015001002,0.6256103754,0.6256103754
G11000100015102,11001001500102,G11000100015001004,110010015001004,0.3743896246,0.3743896246
G11000100015103,11001001500103,G11000100015001002,110010015001002,0.0205790621,0.0205790621
G11000100015103,11001001500103,G11000100015001004,110010015001004,0.0027766277,0.0027766277
G11000100015103,11001001500103,G11000100015001005,110010015001005,0.9766443101,0.9766443101
G11000100015104,11001001500104,G11000100015001006,110010015001006,1,1
G11000100015105,11001001500105,G11000100015001001,110010015001001,0.0003759696,0.0003759696
G11000100015105,11001001500105,G11000100015001017,110010015001017,0.6682159518,0.6682159518
G11000100015105,11001001500105,G11000100015001019,110010015001019,0,0
G11000100015105,11001001500105,G11000100015001020,110010015001020,0.0004122951,0.0004122951
G11000100015105,11001001500105,G11000100015001021,110010015001021,0.3309957835,0.3309957835
G11000100015106,11001001500106,G11000100015001015,110010015001015,1,1
G11000100015107,11001001500107,G11000100015001014,110010015001014,1,1
G11000100015108,11001001500108,G11000100015001007,110010015001007,1,1
G11000100015109,11001001500109,G11000100015001008,110010015001008,1,1
G11000100015110,11001001500110,G11000100015001009,110010015001009,1,1
G11000100015111,11001001500111,G11000100015001010,110010015001010,1,1
G11000100015112,11001001500112,G11000100015001011,110010015001011,1,1
G11000100015113,11001001500113,G11000100015001012,110010015001012,1,1
G11000100015114,11001001500114,G11000100015001013,110010015001013,1,1
G11000100015115,11001001500115,G11000100015001018,110010015001018,1,1
G11000100015116,11001001500116,G11000100015001000,110010015001000,1,1
G11000100015117,11001001500117,G11000100015001016,110010015001016,0.3699737489,0.3699737489
G11000100015117,11001001500117,G11000100015001019,110010015001019,0,0
G11000100015117,11001001500117,G11000100015001030,110010015001030,0.429872078,0.429872078
G11000100015117,11001001500117,G11000100015001035,110010015001035,0.2001541731,0.2001541731
G11000100015201A,11001001500201A,G11000100015001030,110010015001030,0.6821705426,0.6821705426
G11000100015201A,11001001500201A,G11000100015001035,110010015001035,0.3178294574,0.3178294574
G11000100015201B,11001001500201B,G11000100015001029,110010015001029,1,1
G11000100015202,11001001500202,G11000100015001022,110010015001022,1,1
G11000100015203,11001001500203,G11000100015001023,110010015001023,1,1
G11000100015204,11001001500204,G11000100015001024,110010015001024,1,1
G11000100015205,11001001500205,G11000100015001028,110010015001028,1,1
G11000100015206,11001001500206,G11000100015001025,110010015001025,1,1
G11000100015207,11001001500207,G11000100015001033,110010015001033,1,1
G11000100015208,11001001500208,G11000100015001027,110010015001027,1,1
G11000100015209,11001001500209,G11000100015001031,110010015001031,0.8731830864,0.7442622951
G11000100015209,11001001500209,G11000100015001032,110010015001032,0.1268169136,0.2557377049
G11000100015210,11001001500210,G11000100015001026,110010015001026,1,1
G11000100015211,11001001500211,G11000100015001034,110010015001034,1,1
G11000100015301,11001001500301,G11000100015003007,110010015003007,1,1
G11000100015302,11001001500302,G11000100015003008,110010015003008,1,1
G11000100015303,11001001500303,G11000100015003011,110010015003011,1,1
G11000100015304,11001001500304,G11000100015003000,110010015003000,0.4512787671,0.0145332014
G11000100015304,11001001500304,G11000100015003009,110010015003009,0.5329735087,0.027361152
G11000100015304,11001001500304,G11000100015003010,110010015003010,0.0157477242,0.9581056466
G11000100015306,11001001500306,G11000100015003001,110010015003001,1,1
G11000100015307,11001001500307,G11000100015003002,110010015003002,1,1
G11000100015308,11001001500308,G11000100015003006,110010015003006,1,1
G11000100015309,11001001500309,G11000100015003003,110010015003003,1,1
G11000100015310,11001001500310,G11000100015003004,110010015003004,0.9524561151,0.6074074074
G11000100015310,11001001500310,G11000100015003005,110010015003005,0.0475438849,0.3925925926
G11000100015401,11001001500401,G11000100015004015,110010015004015,1,1
G11000100015402,11001001500402,G11000100015004012,110010015004012,1,1
G11000100015403,11001001500403,G11000100015004008,110010015004008,1,1
G11000100015404,11001001500404,G11000100015004009,110010015004009,1,1
G11000100015405,11001001500405,G11000100015004007,110010015004007,1,1
G11000100015406,11001001500406,G11000100015004001,110010015004001,1,1
G11000100015407,11001001500407,G11000100015004003,110010015004003,1,1
G11000100015408,11001001500408,G11000100015004004,110010015004004,1,1
G11000100015409,11001001500409,G11000100015004000,110010015004000,0.4289137507,0.1822090783
G11000100015409,11001001500409,G11000100015004002,110010015004002,0.0166977811,0.0146818923
G11000100015409,11001001500409,G11000100015004010,110010015004010,0.4833542515,0.6562901061
G11000100015409,11001001500409,G11000100015004011,110010015004011,0.0710342168,0.1468189233
G11000100015410,11001001500410,G11000100015004014,110010015004014,1,1
G11000100015411,11001001500411,G11000100015004005,110010015004005,1,1
G11000100015412,11001001500412,G11000100015004006,110010015004006,1,1
G11000100015413,11001001500413,G11000100015004013,110010015004013,1,1
G11000100015416,11001001500416,G11000100015004016,110010015004016,1,1
G11000100015501,11001001500501,G11000100015005000,110010015005000,1,1
G11000100015502,11001001500502,G11000100015005001,110010015005001,1,1
G11000100015503,11001001500503,G11000100015005002,110010015005002,1,1
G11000100015505,11001001500505,G11000100015005003,110010015005003,1,1
G11000100015507,11001001500507,G11000100015005004,110010015005004,1,1
G11000100015508,11001001500508,G11000100015005005,110010015005005,1,1
G11000100015509,11001001500509,G11000100015005006,110010015005006,1,1
G11000100015510,11001001500510,G11000100015005007,110010015005007,1,1
G11000100015511,11001001500511,G11000100015005008,110010015005008,1,1
G11000100015512,11001001500512,G11000100015005009,110010015005009,1,1
G11000100015513,11001001500513,G11000100015005010,110010015005010,1,1
G11000100015601,11001001500601,G11000100015002003,110010015002003,0.6944415449,0.602484472
G11000100015601,11001001500601,G11000100015002004,110010015002004,0.3055584551,0.397515528
G11000100015602,11001001500602,G11000100015002002,110010015002002,1,1
G11000100015603,11001001500603,G11000100015002001,110010015002001,1,1
G11000100015604,11001001500604,G11000100015002000,110010015002000,1,1
G11000100015605,11001001500605,G11000100015002008,110010015002008,1,1
G11000100015606,11001001500606,G11000100015002009,110010015002009,1,1
G11000100015607,11001001500607,G11000100015002007,110010015002007,1,1
G11000100015608,11001001500608,G11000100015002006,110010015002006,1,1
G11000100015609,11001001500609,G11000100015002005,110010015002005,1,1
G11000100015610,11001001500610,G11000100015002011,110010015002011,1,1
G11000100015611,11001001500611,G11000100015002012,110010015002012,1,1
G11000100015612,11001001500612,G11000100015002013,110010015002013,1,1
G11000100015613,11001001500613,G11000100015002010,110010015002010,1,1
G11000100015614,11001001500614,G11000100015002014,110010015002014,1,1
G11000100016101,11001001600101,G11000100016001000,110010016001000,1,1
G11000100016103,11001001600103,G11000100016001001,110010016001001,1,1
G11000100016104,11001001600104,G11000100016001002,110010016001002,1,1
G11000100016105,11001001600105,G11000100016001003,110010016001003,1,1
G11000100016109,11001001600109,G11000100016001004,110010016001004,1,1
G11000100016110,11001001600110,G11000100016001005,110010016001005,1,1
G11000100016111,11001001600111,G11000100016001007,110010016001007,1,1
G11000100016112,11001001600112,G11000100016001006,110010016001006,1,1
G11000100016114,11001001600114,G11000100016001008,110010016001008,1,1
G11000100016115,11001001600115,G11000100016001013,110010016001013,1,1
G11000100016118,11001001600118,G11000100016001009,110010016001009,1,1
G11000100016119,11001001600119,G11000100016001017,110010016001017,1,1
G11000100016120,11001001600120,G11000100016001010,110010016001010,1,1
G11000100016121,11001001600121,G11000100016001011,110010016001011,1,1
G11000100016122,11001001600122,G11000100016001012,110010016001012,1,1
G11000100016123,11001001600123,G11000100016001019,110010016001019,1,1
G11000100016124,11001001600124,G11000100016001020,110010016001020,1,1
G11000100016125,11001001600125,G11000100016001021,110010016001021,1,1
G11000100016126,11001001600126,G11000100016001018,110010016001018,1,1
G11000100016127,11001001600127,G11000100016001016,110010016001016,1,1
G11000100016128,11001001600128,G11000100016001022,110010016001022,1,1
G11000100016129,11001001600129,G11000100016001015,110010016001015,1,1
G11000100016130,11001001600130,G11000100016001014,110010016001014,1,1
G11000100016201,11001001600201,G11000100016002000,110010016002000,0.0400656669,0
G11000100016201,11001001600201,G11000100016002001,110010016002001,0.9599343331,1
G11000100016202,11001001600202,G11000100016002002,110010016002002,1,1
G11000100016203,11001001600203,G11000100016002003,110010016002003,1,1
G11000100016204,11001001600204,G11000100016002004,110010016002004,1,1
G11000100016205,11001001600205,G11000100016002005,110010016002005,1,1
G11000100016206,11001001600206,G11000100016002006,110010016002006,1,1
G11000100016207,11001001600207,G11000100016002007,110010016002007,1,1
G11000100016208,11001001600208,G11000100016002008,110010016002008,1,1
G11000100016209,11001001600209,G11000100016002012,110010016002012,1,1
G11000100016210,11001001600210,G11000100016002009,110010016002009,1,1
G11000100016211,11001001600211,G11000100016002010,110010016002010,1,1
G11000100016212,11001001600212,G11000100016002011,110010016002011,1,1
G11000100016301,11001001600301,G11000100016003015,110010016003015,1,1
G11000100016302,11001001600302,G11000100016003012,110010016003012,1,1
G11000100016303,11001001600303,G11000100016003011,110010016003011,1,1
G11000100016304,11001001600304,G11000100016003007,110010016003007,1,1
G11000100016305,11001001600305,G11000100016003008,110010016003008,1,1
G11000100016306,11001001600306,G11000100016003000,110010016003000,1,1
G11000100016307,11001001600307,G11000100016003001,110010016003001,1,1
G11000100016308,11001001600308,G11000100016003006,110010016003006,1,1
G11000100016309,11001001600309,G11000100016003005,110010016003005,1,1
G11000100016310,11001001600310,G11000100016003002,110010016003002,1,1
G11000100016311,11001001600311,G11000100016003003,110010016003003,1,1
G11000100016312,11001001600312,G11000100016003004,110010016003004,1,1
G11000100016313,11001001600313,G11000100016003009,110010016003009,1,1
G11000100016314,11001001600314,G11000100016003010,110010016003010,1,1
G11000100016315,11001001600315,G11000100016003013,110010016003013,1,1
G11000100016316,11001001600316,G11000100016003014,110010016003014,1,1
G11000100016401,11001001600401,G11000100016004011,110010016004011,0.999572434,1
G11000100016401,11001001600401,G11000100016004013,110010016004013,0,0
G11000100016401,11001001600401,G11000100016004014,110010016004014,0,0
G11000100016401,11001001600401,G11000100016004031,110010016004031,0.000427566,0
G11000100016402,11001001600402,G11000100016004029,110010016004029,1,1
G11000100016403,11001001600403,G11000100016004012,110010016004012,1,1
G11000100016406,11001001600406,G11000100016004020,110010016004020,1,1
G11000100016407,11001001600407,G11000100016004021,110010016004021,1,1
G11000100016408,11001001600408,G11000100016004023,110010016004023,1,1
G11000100016409,11001001600409,G11000100016004022,110010016004022,1,1
G11000100016410,11001001600410,G11000100016004000,110010016004000,0.0329489893,0.0677966102
G11000100016410,11001001600410,G11000100016004015,110010016004015,0.9670510107,0.9322033898
G11000100016411,11001001600411,G11000100016004016,110010016004016,1,1
G11000100016412,11001001600412,G11000100016004017,110010016004017,1,1
G11000100016413,11001001600413,G11000100016004018,110010016004018,1,1
G11000100016501,11001001600501,G11000100016004000,110010016004000,0.006722653,0.0873837666
G11000100016501,11001001600501,G11000100016004002,110010016004002,0.9826241973,0.9126162334
G11000100016501,11001001600501,G11000100016004007,110010016004007,0.0106531498,0
G11000100016502,11001001600502,G11000100016004009,110010016004009,1,1
G11000100016503,11001001600503,G11000100016004000,110010016004000,0.8818043033,0.6794809646
G11000100016503,11001001600503,G11000100016004010,110010016004010,0.1181956967,0.3205190354
G11000100016504,11001001600504,G11000100016004019,110010016004019,1,1
G11000100016505,11001001600505,G11000100016004008,110010016004008,1,1
G11000100016506,11001001600506,G11000100016004037,110010016004037,1,1
G11000100016507,11001001600507,G11000100016004003,110010016004003,1,1
G11000100016508,11001001600508,G11000100016004005,110010016004005,1,1
G11000100016509,11001001600509,G11000100016004036,110010016004036,1,1
G11000100016510,11001001600510,G11000100016004004,110010016004004,1,1
G11000100016511,11001001600511,G11000100016004006,110010016004006,1,1
G11000100016601,11001001600601,G11000100016004033,110010016004033,0.0262172788,0
G11000100016601,11001001600601,G11000100016004034,110010016004034,0.9737827212,1
G11000100016602,11001001600602,G11000100016004025,110010016004025,0.9981131813,1
G11000100016602,11001001600602,G11000100016004030,110010016004030,0.0018868187,0
G11000100016603,11001001600603,G11000100016004028,110010016004028,0.9775698024,1
G11000100016603,11001001600603,G11000100016004035,110010016004035,0.0224301976,0
G11000100016605,11001001600605,G11000100016004001,110010016004001,1,1
G11000100016606,11001001600606,G11000100016004024,110010016004024,1,1
G11000100016609,11001001600609,G11000100016004027,110010016004027,0.9637366969,1
G11000100016609,11001001600609,G11000100016004038,110010016004038,0.0362633031,0
G11000100016610,11001001600610,G11000100016004026,110010016004026,1,1
G11000100016611,11001001600611,G11000100016004032,110010016004032,1,1
G1100010001701101,11001001701101,G11000100103002000,110010103002000,1,1
G1100010001701102,11001001701102,G11000100103002001,110010103002001,1,1
G1100010001701103,11001001701103,G11000100103002003,110010103002003,1,1
G1100010001701104,11001001701104,G11000100103002002,110010103002002,1,1
G1100010001701105,11001001701105,G11000100103002008,110010103002008,1,1
G1100010001701106,11001001701106,G11000100103002007,110010103002007,1,1
G1100010001701107,11001001701107,G11000100103002007,110010103002007,1,1
G1100010001701108,11001001701108,G11000100103002006,110010103002006,1,1
G1100010001701109,11001001701109,G11000100103002006,110010103002006,1,1
G1100010001701110,11001001701110,G11000100103002005,110010103002005,1,1
G1100010001701111,11001001701111,G11000100103002004,110010103002004,1,1
G1100010001701112,11001001701112,G11000100103002009,110010103002009,0.7306092564,0.7151515152
G1100010001701112,11001001701112,G11000100103002010,110010103002010,0.2076899828,0.2848484848
G1100010001701112,11001001701112,G11000100103002011,110010103002011,0.0617007608,0
G1100010001701113,11001001701113,G11000100103002011,110010103002011,1,1
G1100010001701114,11001001701114,G11000100103002012,110010103002012,1,1
G1100010001701115,11001001701115,G11000100103002013,110010103002013,1,1
G1100010001701501,11001001701501,G11000100103003000,110010103003000,1,1
G1100010001701502,11001001701502,G11000100103003001,110010103003001,1,1
G1100010001701503,11001001701503,G11000100103003002,110010103003002,1,1
G1100010001701504,11001001701504,G11000100103003003,110010103003003,1,1
G1100010001701505,11001001701505,G11000100103003007,110010103003007,1,1
G1100010001701506,11001001701506,G11000100103003006,110010103003006,1,1
G1100010001701507,11001001701507,G11000100103003005,110010103003005,1,1
G1100010001701508,11001001701508,G11000100103003008,110010103003008,1,1
G1100010001701509,11001001701509,G11000100103003009,110010103003009,1,1
G1100010001701510,11001001701510,G11000100103003004,110010103003004,1,1
G1100010001701511,11001001701511,G11000100103003012,110010103003012,1,1
G1100010001701512,11001001701512,G11000100103003010,110010103003010,1,1
G1100010001701513,11001001701513,G11000100103003011,110010103003011,1,1
G1100010001701601,11001001701601,G11000100103001014,110010103001014,1,1
G1100010001701602,11001001701602,G11000100103001013,110010103001013,1,1
G1100010001701603,11001001701603,G11000100103001012,110010103001012,1,1
G1100010001701604,11001001701604,G11000100103001015,110010103001015,1,1
G1100010001701605,11001001701605,G11000100103001016,110010103001016,0.5474298733,0.6832061069
G1100010001701605,11001001701605,G11000100103001017,110010103001017,0.4525701267,0.3167938931
G1100010001702201,11001001702201,G11000100017022000,110010017022000,1,1
G1100010001702202,11001001702202,G11000100017022002,110010017022002,1,1
G1100010001702203,11001001702203,G11000100017022003,110010017022003,1,1
G1100010001702204,11001001702204,G11000100017022004,110010017022004,1,1
G1100010001702205,11001001702205,G11000100017022001,110010017022001,1,1
G1100010001702206,11001001702206,G11000100017022010,110010017022010,1,1
G1100010001702207,11001001702207,G11000100017022004,110010017022004,0.018493088,0.018493088
G1100010001702207,11001001702207,G11000100017022009,110010017022009,0.981506912,0.981506912
G1100010001702208,11001001702208,G11000100017022008,110010017022008,1,1
G1100010001702209,11001001702209,G11000100017022005,110010017022005,1,1
G1100010001702210,11001001702210,G11000100017022006,110010017022006,1,1
G1100010001702211,11001001702211,G11000100017022007,110010017022007,1,1
G1100010001702212,11001001702212,G11000100017022019,110010017022019,1,1
G1100010001702213,11001001702213,G11000100017022014,110010017022014,1,1
G1100010001702301,11001001702301,G11000100017022021,110010017022021,1,1
G1100010001702302,11001001702302,G11000100017022022,110010017022022,1,1
G1100010001702303,11001001702303,G11000100017022013,110010017022013,1,1
G1100010001702304,11001001702304,G11000100017022018,110010017022018,1,1
G1100010001702305,11001001702305,G11000100017022012,110010017022012,0.4174984336,0.583702414
G1100010001702305,11001001702305,G11000100017022015,110010017022015,0.5825015664,0.416297586
G1100010001702306,11001001702306,G11000100017022020,110010017022020,1,1
G1100010001702307,11001001702307,G11000100017022011,110010017022011,1,1
G1100010001702308,11001001702308,G11000100017022016,110010017022016,1,1
G1100010001702309,11001001702309,G11000100017022017,110010017022017,1,1
G1100010001702401,11001001702401,G11000100017021000,110010017021000,1,1
G1100010001702402,11001001702402,G11000100017021001,110010017021001,1,1
G1100010001702403,11001001702403,G11000100017021001,110010017021001,1,1
G1100010001702404,11001001702404,G11000100017021002,110010017021002,1,1
G1100010001702405,11001001702405,G11000100017021008,110010017021008,0.9665973544,0.4278074866
G1100010001702405,11001001702405,G11000100017021009,110010017021009,0.0334026456,0.5721925134
G1100010001702406,11001001702406,G11000100017021010,110010017021010,1,1
G1100010001702407,11001001702407,G11000100017021011,110010017021011,1,1
G1100010001702408,11001001702408,G11000100017021012,110010017021012,1,1
G1100010001702409,11001001702409,G11000100017021013,110010017021013,1,1
G1100010001702410,11001001702410,G11000100017021018,110010017021018,1,1
G1100010001702411,11001001702411,G11000100017021019,110010017021019,0.9259254807,0.9101796407
G1100010001702411,11001001702411,G11000100017021022,110010017021022,0.0740745193,0.0898203593
G1100010001702412,11001001702412,G11000100017021020,110010017021020,1,1
G1100010001702413,11001001702413,G11000100017021021,110010017021021,1,1
G1100010001702414,11001001702414,G11000100017021029,110010017021029,1,1
G1100010001702415,11001001702415,G11000100017021028,110010017021028,1,1
G1100010001702501,11001001702501,G11000100017021003,110010017021003,1,1
G1100010001702502,11001001702502,G11000100017021004,110010017021004,0.9411760751,1
G1100010001702502,11001001702502,G11000100017021007,110010017021007,0.0588239249,0
G1100010001702503,11001001702503,G11000100017021006,110010017021006,1,1
G1100010001702504,11001001702504,G11000100017021005,110010017021005,1,1
G1100010001702601,11001001702601,G11000100017021014,110010017021014,1,1
G1100010001702602,11001001702602,G11000100017021015,110010017021015,1,1
G1100010001702603,11001001702603,G11000100017021016,110010017021016,1,1
G1100010001702604,11001001702604,G11000100017021017,110010017021017,1,1
G1100010001702605,11001001702605,G11000100017021027,110010017021027,1,1
G1100010001702606,11001001702606,G11000100017021026,110010017021026,1,1
G1100010001702607,11001001702607,G11000100017021025,110010017021025,1,1
G1100010001702608,11001001702608,G11000100017021024,110010017021024,1,1
G1100010001702609,11001001702609,G11000100017021023,110010017021023,1,1
G1100010001801101,11001001801101,G11000100103001000,110010103001000,0.0631773163,0.5353218596
G1100010001801101,11001001801101,G11000100103001001,110010103001001,0.1621786606,0.0016284159
G1100010001801101,11001001801101,G11000100103001002,110010103001002,0.2213640978,0.0022226896
G1100010001801101,11001001801101,G11000100103001005,110010103001005,0.5532799254,0.4608270349
G1100010001801102,11001001801102,G11000100103001000,110010103001000,0.0631773163,0.0127435729
G1100010001801102,11001001801102,G11000100103001001,110010103001001,0.1621786606,0.5123370566
G1100010001801102,11001001801102,G11000100103001002,110010103001002,0.2213640978,0.4245951206
G1100010001801102,11001001801102,G11000100103001005,110010103001005,0.5532799254,0.05032425
G1100010001801103,11001001801103,G11000100103001003,110010103001003,1,1
G1100010001801104,11001001801104,G11000100103001004,110010103001004,0.184239079,0.1710079706
G1100010001801104,11001001801104,G11000100103001005,110010103001005,0.2855290964,0.0049393641
G1100010001801104,11001001801104,G11000100103001006,110010103001006,0.0393502602,0.0002541656
G1100010001801104,11001001801104,G11000100103001007,110010103001007,0.0596246649,0.0004526833
G1100010001801104,11001001801104,G11000100103001008,110010103001008,0.1665730957,0.0016346393
G1100010001801104,11001001801104,G11000100103001009,110010103001009,0.1710928876,0.8209560701
G1100010001801104,11001001801104,G11000100103001010,110010103001010,0.0284245387,0.0001320227
G1100010001801104,11001001801104,G11000100103001011,110010103001011,0.0651663775,0.0006230843
G1100010001801105,11001001801105,G11000100103001000,110010103001000,0.0188520087,0
G1100010001801105,11001001801105,G11000100103001001,110010103001001,0.0483938494,0
G1100010001801105,11001001801105,G11000100103001002,110010103001002,0.0660546879,0
G1100010001801105,11001001801105,G11000100103001003,110010103001003,0.0315134981,0.0042254046
G1100010001801105,11001001801105,G11000100103001004,110010103001004,0.1234564187,0.0407278419
G1100010001801105,11001001801105,G11000100103001005,110010103001005,0.356427489,0.0946479285
G1100010001801105,11001001801105,G11000100103001006,110010103001006,0.026368142,0.0102993958
G1100010001801105,11001001801105,G11000100103001007,110010103001007,0.0399537798,0.0205563376
G1100010001801105,11001001801105,G11000100103001008,110010103001008,0.1116186531,0.0505539076
G1100010001801105,11001001801105,G11000100103001009,110010103001009,0.1146473119,0.7412652846
G1100010001801105,11001001801105,G11000100103001010,110010103001010,0.0190469458,0.0097372137
G1100010001801105,11001001801105,G11000100103001011,110010103001011,0.0436672156,0.0279866857
G1100010001801106,11001001801106,G11000100103001000,110010103001000,0.0631773163,0.0015833924
G1100010001801106,11001001801106,G11000100103001001,110010103001001,0.1621786606,0.0040646306
G1100010001801106,11001001801106,G11000100103001002,110010103001002,0.2213640978,0.0055479759
G1100010001801106,11001001801106,G11000100103001005,110010103001005,0.5532799254,0.9888040011
G1100010001801107,11001001801107,G11000100103001004,110010103001004,0.184239079,0.0045205185
G1100010001801107,11001001801107,G11000100103001005,110010103001005,0.2855290964,0.0106412199
G1100010001801107,11001001801107,G11000100103001006,110010103001006,0.0393502602,0.7873314437
G1100010001801107,11001001801107,G11000100103001007,110010103001007,0.0596246649,0.0009800484
G1100010001801107,11001001801107,G11000100103001008,110010103001008,0.1665730957,0.0035973095
G1100010001801107,11001001801107,G11000100103001009,110010103001009,0.1710928876,0.0572542879
G1100010001801107,11001001801107,G11000100103001010,110010103001010,0.0284245387,0.000289726
G1100010001801107,11001001801107,G11000100103001011,110010103001011,0.0651663775,0.1353854461
G1100010001801108,11001001801108,G11000100103001004,110010103001004,0.184239079,0.0387905068
G1100010001801108,11001001801108,G11000100103001005,110010103001005,0.2855290964,0.0920326342
G1100010001801108,11001001801108,G11000100103001006,110010103001006,0.0393502602,0.0050818823
G1100010001801108,11001001801108,G11000100103001007,110010103001007,0.0596246649,0.0093146625
G1100010001801108,11001001801108,G11000100103001008,110010103001008,0.1665730957,0.0363487228
G1100010001801108,11001001801108,G11000100103001009,110010103001009,0.1710928876,0.5697125695
G1100010001801108,11001001801108,G11000100103001010,110010103001010,0.0284245387,0.0110587503
G1100010001801108,11001001801108,G11000100103001011,110010103001011,0.0651663775,0.2376602717
G1100010001803501,11001001803501,G11000100018031000,110010018031000,1,1
G1100010001803502,11001001803502,G11000100018031001,110010018031001,1,1
G1100010001803503,11001001803503,G11000100018031002,110010018031002,1,1
G1100010001803504,11001001803504,G11000100018031003,110010018031003,1,1
G1100010001803505,11001001803505,G11000100018031007,110010018031007,0.9912628812,1
G1100010001803505,11001001803505,G11000100018031009,110010018031009,0.0016121917,0
G1100010001803505,11001001803505,G11000100018031010,110010018031010,0.0001399604,0
G1100010001803505,11001001803505,G11000100018031012,110010018031012,0,0
G1100010001803505,11001001803505,G11000100018031013,110010018031013,0,0
G1100010001803505,11001001803505,G11000100018031014,110010018031014,0.0069849667,0
G1100010001803506,11001001803506,G11000100018031004,110010018031004,1,1
G1100010001803507,11001001803507,G11000100018031006,110010018031006,1,1
G1100010001803508,11001001803508,G11000100018031005,110010018031005,1,1
G1100010001803509,11001001803509,G11000100018031008,110010018031008,0.2367270222,0.022576905
G1100010001803509,11001001803509,G11000100018031011,110010018031011,0.7254646478,0.9645983514
G1100010001803509,11001001803509,G11000100018031015,110010018031015,0.03780833,0.0128247436
G1100010001803601,11001001803601,G11000100018032005,110010018032005,0.8538698781,1
G1100010001803601,11001001803601,G11000100018032006,110010018032006,0.1461301219,0
G1100010001803602,11001001803602,G11000100018032004,110010018032004,1,1
G1100010001803603,11001001803603,G11000100018032003,110010018032003,1,1
G1100010001803604,11001001803604,G11000100018032002,110010018032002,1,1
G1100010001803605,11001001803605,G11000100018032001,110010018032001,1,1
G1100010001803606,11001001803606,G11000100018032000,110010018032000,1,1
G1100010001804101,11001001804101,G11000100018042000,110010018042000,1,1
G1100010001804102,11001001804102,G11000100018042001,110010018042001,1,1
G1100010001804103,11001001804103,G11000100018042002,110010018042002,1,1
G1100010001804104,11001001804104,G11000100018042003,110010018042003,1,1
G1100010001804105,11001001804105,G11000100018042003,110010018042003,1,1
G1100010001804106,11001001804106,G11000100018042004,110010018042004,1,1
G1100010001804107,11001001804107,G11000100018042005,110010018042005,0.0429441299,0.0429441299
G1100010001804107,11001001804107,G11000100018042006,110010018042006,0.9570558701,0.9570558701
G1100010001804201,11001001804201,G11000100018042007,110010018042007,1,1
G1100010001804202,11001001804202,G11000100018042008,110010018042008,1,1
G1100010001804203,11001001804203,G11000100018042009,110010018042009,0.1397161703,0
G1100010001804203,11001001804203,G11000100018042010,110010018042010,0.8602838297,1
G1100010001804204,11001001804204,G11000100018042011,110010018042011,1,1
G1100010001804205,11001001804205,G11000100018042012,110010018042012,1,1
G1100010001804206,11001001804206,G11000100018042013,110010018042013,1,1
G1100010001804207,11001001804207,G11000100018042014,110010018042014,1,1
G1100010001804208,11001001804208,G11000100018042015,110010018042015,0.8090166326,1
G1100010001804208,11001001804208,G11000100018042016,110010018042016,0.1909833674,0
G1100010001804301,11001001804301,G11000100018043000,110010018043000,1,1
G1100010001804302,11001001804302,G11000100018043002,110010018043002,1,1
G1100010001804303,11001001804303,G11000100018043003,110010018043003,1,1
G1100010001804304,11001001804304,G11000100018043004,110010018043004,0.8245207621,0.8373722776
G1100010001804304,11001001804304,G11000100018043005,110010018043005,0.1754792379,0.1626277224
G1100010001804305,11001001804305,G11000100018043007,110010018043007,1,1
G1100010001804306,11001001804306,G11000100018043001,110010018043001,1,1
G1100010001804307,11001001804307,G11000100018043005,110010018043005,1,1
G1100010001804308,11001001804308,G11000100018043006,110010018043006,1,1
G1100010001804401,11001001804401,G11000100018041007,110010018041007,1,1
G1100010001804402,11001001804402,G11000100018041006,110010018041006,1,1
G1100010001804403,11001001804403,G11000100018041005,110010018041005,1,1
G1100010001804404,11001001804404,G11000100018041004,110010018041004,1,1
G1100010001804405,11001001804405,G11000100018041003,110010018041003,1,1
G1100010001804406,11001001804406,G11000100018041000,110010018041000,1,1
G1100010001804407,11001001804407,G11000100018041001,110010018041001,1,1
G1100010001804408,11001001804408,G11000100018041002,110010018041002,1,1
G1100010001901501,11001001901501,G11000100019011012,110010019011012,1,1
G1100010001901502,11001001901502,G11000100019011013,110010019011013,1,1
G1100010001901503,11001001901503,G11000100019011011,110010019011011,1,1
G1100010001901504,11001001901504,G11000100019011009,110010019011009,1,1
G1100010001901505,11001001901505,G11000100019011010,110010019011010,1,1
G1100010001901506,11001001901506,G11000100019011004,110010019011004,1,1
G1100010001901507,11001001901507,G11000100019011003,110010019011003,1,1
G1100010001901508,11001001901508,G11000100019011008,110010019011008,1,1
G1100010001901509,11001001901509,G11000100019011007,110010019011007,1,1
G1100010001901510,11001001901510,G11000100019011006,110010019011006,1,1
G1100010001901511,11001001901511,G11000100019011005,110010019011005,1,1
G1100010001901512,11001001901512,G11000100019011001,110010019011001,1,1
G1100010001901513,11001001901513,G11000100019011002,110010019011002,1,1
G1100010001901514,11001001901514,G11000100019011000,110010019011000,1,1
G1100010001901601,11001001901601,G11000100019012008,110010019012008,1,1
G1100010001901602,11001001901602,G11000100019012006,110010019012006,1,1
G1100010001901603,11001001901603,G11000100019012005,110010019012005,1,1
G1100010001901604,11001001901604,G11000100019012010,110010019012010,1,1
G1100010001901605,11001001901605,G11000100019012011,110010019012011,1,1
G1100010001901606,11001001901606,G11000100019012004,110010019012004,1,1
G1100010001901607,11001001901607,G11000100019012009,110010019012009,1,1
G1100010001901608,11001001901608,G11000100019012003,110010019012003,1,1
G1100010001901609,11001001901609,G11000100019012002,110010019012002,1,1
G1100010001901610,11001001901610,G11000100019012001,110010019012001,1,1
G1100010001901611,11001001901611,G11000100019012007,110010019012007,1,1
G1100010001901612,11001001901612,G11000100019012000,110010019012000,1,1
G1100010001901701,11001001901701,G11000100019013012,110010019013012,1,1
G1100010001901702,11001001901702,G11000100019013007,110010019013007,1,1
G1100010001901703,11001001901703,G11000100019013006,110010019013006,1,1
G1100010001901704,11001001901704,G11000100019013005,110010019013005,1,1
G1100010001901705,11001001901705,G11000100019013004,110010019013004,1,1
G1100010001901706,11001001901706,G11000100019013003,110010019013003,1,1
G1100010001901707,11001001901707,G11000100019013010,110010019013010,1,1
G1100010001901708,11001001901708,G11000100019013002,110010019013002,1,1
G1100010001901709,11001001901709,G11000100019013001,110010019013001,1,1
G1100010001901710,11001001901710,G11000100019013009,110010019013009,1,1
G1100010001901711,11001001901711,G11000100019013008,110010019013008,1,1
G1100010001901712,11001001901712,G11000100019013000,110010019013000,1,1
G1100010001901713,11001001901713,G11000100019013011,110010019013011,1,1
G1100010001901801,11001001901801,G11000100019014011,110010019014011,1,1
G1100010001901802,11001001901802,G11000100019014010,110010019014010,1,1
G1100010001901803,11001001901803,G11000100019014012,110010019014012,1,1
G1100010001901804,11001001901804,G11000100019014013,110010019014013,1,1
G1100010001901805,11001001901805,G11000100019014002,110010019014002,1,1
G1100010001901806,11001001901806,G11000100019014008,110010019014008,1,1
G1100010001901807,11001001901807,G11000100019014014,110010019014014,1,1
G1100010001901808,11001001901808,G11000100019014007,110010019014007,0.0727459016,0
G1100010001901808,11001001901808,G11000100019014015,110010019014015,0.9272540984,1
G1100010001901809,11001001901809,G11000100019014006,110010019014006,1,1
G1100010001901810,11001001901810,G11000100019014005,110010019014005,1,1
G1100010001901811,11001001901811,G11000100019014004,110010019014004,1,1
G1100010001901812,11001001901812,G11000100019014003,110010019014003,1,1
G1100010001901813,11001001901813,G11000100019014009,110010019014009,1,1
G1100010001901814,11001001901814,G11000100019014001,110010019014001,1,1
G1100010001901815,11001001901815,G11000100019014000,110010019014000,1,1
G1100010001902101,11001001902101,G11000100019022000,110010019022000,0.8150645668,0.8150645668
G1100010001902101,11001001902101,G11000100019022018,110010019022018,0.171082472,0.171082472
G1100010001902101,11001001902101,G11000100019022019,110010019022019,0.0138529612,0.0138529612
G1100010001902102,11001001902102,G11000100019022004,110010019022004,1,1
G1100010001902103,11001001902103,G11000100019022007,110010019022007,1,1
G1100010001902104,11001001902104,G11000100019022006,110010019022006,1,1
G1100010001902105,11001001902105,G11000100019022005,110010019022005,1,1
G1100010001902106,11001001902106,G11000100019022003,110010019022003,1,1
G1100010001902107,11001001902107,G11000100019022002,110010019022002,1,1
G1100010001902201,11001001902201,G11000100019022016,110010019022016,1,1
G1100010001902202,11001001902202,G11000100019022015,110010019022015,1,1
G1100010001902203,11001001902203,G11000100019022013,110010019022013,1,1
G1100010001902204,11001001902204,G11000100019022009,110010019022009,1,1
G1100010001902205,11001001902205,G11000100019022008,110010019022008,1,1
G1100010001902206,11001001902206,G11000100019022001,110010019022001,1,1
G1100010001902207,11001001902207,G11000100019022011,110010019022011,0.8945047489,0.9611650485
G1100010001902207,11001001902207,G11000100019022012,110010019022012,0.1054952511,0.0388349515
G1100010001902208,11001001902208,G11000100019022010,110010019022010,1,1
G1100010001902211,11001001902211,G11000100019022014,110010019022014,1,1
G1100010001902212,11001001902212,G11000100019022017,110010019022017,1,1
G1100010001902301,11001001902301,G11000100019021004,110010019021004,1,1
G1100010001902302,11001001902302,G11000100019021002,110010019021002,1,1
G1100010001902303,11001001902303,G11000100019021003,110010019021003,1,1
G1100010001902304,11001001902304,G11000100019021001,110010019021001,1,1
G1100010001902305,11001001902305,G11000100019021000,110010019021000,1,1
G1100010001902306,11001001902306,G11000100019021008,110010019021008,0.9876141867,0.9876141867
G1100010001902306,11001001902306,G11000100019021010,110010019021010,0.0123858133,0.0123858133
G1100010001902307,11001001902307,G11000100019021006,110010019021006,1,1
G1100010001902308,11001001902308,G11000100019021009,110010019021009,1,1
G1100010001902309,11001001902309,G11000100019021007,110010019021007,1,1
G1100010001902310,11001001902310,G11000100019021014,110010019021014,1,1
G1100010001902311,11001001902311,G11000100019021005,110010019021005,1,1
G1100010001902312,11001001902312,G11000100019021013,110010019021013,1,1
G1100010001902401,11001001902401,G11000100019021012,110010019021012,1,1
G1100010001902402,11001001902402,G11000100019021011,110010019021011,1,1
G1100010001902403,11001001902403,G11000100019021019,110010019021019,1,1
G1100010001902406,11001001902406,G11000100019021018,110010019021018,1,1
G1100010001902407,11001001902407,G11000100019021015,110010019021015,1,1
G1100010001902408,11001001902408,G11000100019021016,110010019021016,1,1
G1100010001902409,11001001902409,G11000100019021017,110010019021017,1,1
G1100010002001101,11001002001101,G11000100020011000,110010020011000,1,1
G1100010002001102,11001002001102,G11000100020011001,110010020011001,0.9610245076,0.7758945386
G1100010002001102,11001002001102,G11000100020011002,110010020011002,0.0389754924,0.2241054614
G1100010002001104,11001002001104,G11000100020011003,110010020011003,0.0228146572,0
G1100010002001104,11001002001104,G11000100020011004,110010020011004,0.9201332085,0.9455958549
G1100010002001104,11001002001104,G11000100020011005,110010020011005,0.0570521343,0.0544041451
G1100010002001106,11001002001106,G11000100020011006,110010020011006,1,1
G1100010002001110,11001002001110,G11000100020011007,110010020011007,1,1
G1100010002001111,11001002001111,G11000100020011008,110010020011008,1,1
G1100010002001701,11001002001701,G11000100020012000,110010020012000,0.2460070334,0.2472727273
G1100010002001701,11001002001701,G11000100020012004,110010020012004,0.7539929666,0.7527272727
G1100010002001702,11001002001702,G11000100020012001,110010020012001,0.4572979924,1
G1100010002001702,11001002001702,G11000100020012002,110010020012002,0.5427020076,0
G1100010002001703,11001002001703,G11000100020012006,110010020012006,1,1
G1100010002001704,11001002001704,G11000100020012009,110010020012009,1,1
G1100010002001705,11001002001705,G11000100020012008,110010020012008,1,1
G1100010002001706,11001002001706,G11000100020012007,110010020012007,1,1
G1100010002001707,11001002001707,G11000100020012003,110010020012003,0.003157882,0
G1100010002001707,11001002001707,G11000100020012010,110010020012010,0.996842118,1
G1100010002001708,11001002001708,G11000100020012014,110010020012014,0.9864102935,1
G1100010002001708,11001002001708,G11000100020012015,110010020012015,0.0135897065,0
G1100010002001710,11001002001710,G11000100020012005,110010020012005,1,1
G1100010002001715,11001002001715,G11000100020012013,110010020012013,1,1
G1100010002001716,11001002001716,G11000100020012012,110010020012012,1,1
G1100010002001719,11001002001719,G11000100020012011,110010020012011,1,1
G1100010002002201,11001002002201,G11000100020022003,110010020022003,1,1
G1100010002002202,11001002002202,G11000100020022002,110010020022002,1,1
G1100010002002205,11001002002205,G11000100020022005,110010020022005,1,1
G1100010002002206,11001002002206,G11000100020022004,110010020022004,1,1
G1100010002002207,11001002002207,G11000100020022001,110010020022001,1,1
G1100010002002208,11001002002208,G11000100020022000,110010020022000,1,1
G1100010002002301,11001002002301,G11000100020023000,110010020023000,1,1
G1100010002002302,11001002002302,G11000100020023001,110010020023001,1,1
G1100010002002303,11001002002303,G11000100020023002,110010020023002,1,1
G1100010002002304,11001002002304,G11000100020023003,110010020023003,1,1
G1100010002002305,11001002002305,G11000100020023004,110010020023004,1,1
G1100010002002306,11001002002306,G11000100020023005,110010020023005,1,1
G1100010002002401,11001002002401,G11000100020023006,110010020023006,1,1
G1100010002002402,11001002002402,G11000100020023007,110010020023007,1,1
G1100010002002403,11001002002403,G11000100020023008,110010020023008,0.9162147796,0.8292682927
G1100010002002403,11001002002403,G11000100020023013,110010020023013,0.0837852204,0.1707317073
G1100010002002404,11001002002404,G11000100020023011,110010020023011,1,1
G1100010002002405,11001002002405,G11000100020023012,110010020023012,1,1
G1100010002002407,11001002002407,G11000100020023009,110010020023009,1,1
G1100010002002408,11001002002408,G11000100020023010,110010020023010,1,1
G1100010002002501,11001002002501,G11000100020021014,110010020021014,1,1
G1100010002002502,11001002002502,G11000100020021012,110010020021012,0.9780986868,1
G1100010002002502,11001002002502,G11000100020021013,110010020021013,0.0219013132,0
G1100010002002503,11001002002503,G11000100020021015,110010020021015,1,1
G1100010002002504,11001002002504,G11000100020021016,110010020021016,0.9717089609,0.9705882353
G1100010002002504,11001002002504,G11000100020021017,110010020021017,0.0282910391,0.0294117647
G1100010002002505,11001002002505,G11000100020021025,110010020021025,1,1
G1100010002002506,11001002002506,G11000100020021026,110010020021026,1,1
G1100010002002507,11001002002507,G11000100020021024,110010020021024,1,1
G1100010002002508,11001002002508,G11000100020021023,110010020021023,1,1
G1100010002002509,11001002002509,G11000100020021020,110010020021020,1,1
G1100010002002510,11001002002510,G11000100020021018,110010020021018,0.03587477,0.1242236025
G1100010002002510,11001002002510,G11000100020021019,110010020021019,0.96412523,0.8757763975
G1100010002002601,11001002002601,G11000100020021006,110010020021006,0.2250065257,0.1340946583
G1100010002002601,11001002002601,G11000100020021007,110010020021007,0.7749934743,0.8659053417
G1100010002002602,11001002002602,G11000100020021022,110010020021022,1,1
G1100010002002603,11001002002603,G11000100020021009,110010020021009,1,1
G1100010002002604,11001002002604,G11000100020021010,110010020021010,1,1
G1100010002002605,11001002002605,G11000100020021011,110010020021011,1,1
G1100010002002606,11001002002606,G11000100020021005,110010020021005,1,1
G1100010002002607,11001002002607,G11000100020021008,110010020021008,1,1
G1100010002002608,11001002002608,G11000100020021007,110010020021007,1,1
G1100010002002609,11001002002609,G11000100020021021,110010020021021,1,1
G1100010002002613,11001002002613,G11000100020021000,110010020021000,1,1
G1100010002002620,11001002002620,G11000100020021003,110010020021003,0.5923356912,0.5151515152
G1100010002002620,11001002002620,G11000100020021004,110010020021004,0.4076643088,0.4848484848
G1100010002002621,11001002002621,G11000100020021001,110010020021001,0.7188913562,0.7205882353
G1100010002002621,11001002002621,G11000100020021002,110010020021002,0.2811086438,0.2794117647
G1100010002101101,11001002101101,G11000100021011005,110010021011005,1,1
G1100010002101102,11001002101102,G11000100021011011,110010021011011,1,1
G1100010002101103,11001002101103,G11000100021011004,110010021011004,1,1
G1100010002101104,11001002101104,G11000100021011003,110010021011003,1,1
G1100010002101105,11001002101105,G11000100021011002,110010021011002,1,1
G1100010002101106,11001002101106,G11000100021011001,110010021011001,1,1
G1100010002101107,11001002101107,G11000100021011000,110010021011000,1,1
G1100010002101108,11001002101108,G11000100021011006,110010021011006,0.0798893685,0.1041214751
G1100010002101108,11001002101108,G11000100021011009,110010021011009,0.9201106315,0.8958785249
G1100010002101109,11001002101109,G11000100021011008,110010021011008,1,1
G1100010002101110,11001002101110,G11000100021011012,110010021011012,1,1
G1100010002101111,11001002101111,G11000100021011007,110010021011007,1,1
G1100010002101112,11001002101112,G11000100021011010,110010021011010,1,1
G1100010002101201,11001002101201,G11000100021012002,110010021012002,1,1
G1100010002101206,11001002101206,G11000100021012000,110010021012000,1,1
G1100010002101207,11001002101207,G11000100021012001,110010021012001,1,1
G1100010002101209,11001002101209,G11000100021012003,110010021012003,1,1
G1100010002101301,11001002101301,G11000100021013000,110010021013000,1,1
G1100010002101302,11001002101302,G11000100021013001,110010021013001,1,1
G1100010002101303,11001002101303,G11000100021013002,110010021013002,1,1
G1100010002101304,11001002101304,G11000100021013003,110010021013003,1,1
G1100010002101305,11001002101305,G11000100021013004,110010021013004,1,1
G1100010002101306,11001002101306,G11000100021013005,110010021013005,1,1
G1100010002101401,11001002101401,G11000100021014006,110010021014006,1,1
G1100010002101402,11001002101402,G11000100021014007,110010021014007,1,1
G1100010002101403,11001002101403,G11000100021014009,110010021014009,1,1
G1100010002101404,11001002101404,G11000100021014003,110010021014003,0.9281319239,1
G1100010002101404,11001002101404,G11000100021014004,110010021014004,0.0718680761,0
G1100010002101405,11001002101405,G11000100021014005,110010021014005,0.9532707345,0
G1100010002101405,11001002101405,G11000100021014008,110010021014008,0.0467292655,1
G1100010002101407,11001002101407,G11000100021014000,110010021014000,1,1
G1100010002101408,11001002101408,G11000100021014001,110010021014001,1,1
G1100010002101409,11001002101409,G11000100021014002,110010021014002,1,1
G1100010002101501,11001002101501,G11000100021015003,110010021015003,1,1
G1100010002101502,11001002101502,G11000100021015000,110010021015000,1,1
G1100010002101503,11001002101503,G11000100021015005,110010021015005,1,1
G1100010002101504,11001002101504,G11000100021015001,110010021015001,1,1
G1100010002101505,11001002101505,G11000100021015001,110010021015001,0.0171521036,0.0171521036
G1100010002101505,11001002101505,G11000100021015002,110010021015002,0.9828478964,0.9828478964
G1100010002101506,11001002101506,G11000100021015004,110010021015004,1,1
G1100010002102101,11001002102101,G11000100021021000,110010021021000,1,1
G1100010002102102,11001002102102,G11000100021021001,110010021021001,1,1
G1100010002102103,11001002102103,G11000100021021004,110010021021004,1,1
G1100010002102104,11001002102104,G11000100021021005,110010021021005,1,1
G1100010002102105,11001002102105,G11000100021021002,110010021021002,1,1
G1100010002102106,11001002102106,G11000100021021003,110010021021003,1,1
G1100010002102201,11001002102201,G11000100021022000,110010021022000,0.981818113,0.9632107023
G1100010002102201,11001002102201,G11000100021022001,110010021022001,0.018181887,0.0367892977
G1100010002102202,11001002102202,G11000100021022002,110010021022002,1,1
G1100010002102203,11001002102203,G11000100021022003,110010021022003,0.6562497844,0
G1100010002102203,11001002102203,G11000100021022004,110010021022004,0.3437502156,1
G1100010002102204,11001002102204,G11000100021022004,110010021022004,1,1
G1100010002102205,11001002102205,G11000100021022005,110010021022005,1,1
G1100010002102206,11001002102206,G11000100021022008,110010021022008,1,1
G1100010002102207,11001002102207,G11000100021022006,110010021022006,1,1
G1100010002102208,11001002102208,G11000100021022007,110010021022007,1,1
G1100010002102209,11001002102209,G11000100021022009,110010021022009,1,1
G1100010002102301,11001002102301,G11000100021023005,110010021023005,1,1
G1100010002102302,11001002102302,G11000100021023004,110010021023004,1,1
G1100010002102303,11001002102303,G11000100021023003,110010021023003,1,1
G1100010002102304,11001002102304,G11000100021023002,110010021023002,1,1
G1100010002102305,11001002102305,G11000100021023001,110010021023001,1,1
G1100010002102306,11001002102306,G11000100021023000,110010021023000,1,1
G1100010002102401,11001002102401,G11000100021024000,110010021024000,1,1
G1100010002102402,11001002102402,G11000100021024002,110010021024002,1,1
G1100010002102403,11001002102403,G11000100021024001,110010021024001,1,1
G1100010002102404,11001002102404,G11000100021024005,110010021024005,1,1
G1100010002102405,11001002102405,G11000100021024003,110010021024003,0.8723410193,0.7621621622
G1100010002102405,11001002102405,G11000100021024004,110010021024004,0.1040185107,0
G1100010002102405,11001002102405,G11000100021024006,110010021024006,0.02364047,0.2378378378
G1100010002102406,11001002102406,G11000100021024007,110010021024007,1,1
G1100010002102408,11001002102408,G11000100021024008,110010021024008,1,1
G1100010002102409,11001002102409,G11000100021024009,110010021024009,1,1
G1100010002102501,11001002102501,G11000100021025005,110010021025005,1,1
G1100010002102502,11001002102502,G11000100021025004,110010021025004,1,1
G1100010002102503,11001002102503,G11000100021025003,110010021025003,1,1
G1100010002102504,11001002102504,G11000100021025002,110010021025002,1,1
G1100010002102505,11001002102505,G11000100021025001,110010021025001,1,1
G1100010002102506,11001002102506,G11000100021025000,110010021025000,1,1
G1100010002102601,11001002102601,G11000100021026008,110010021026008,1,1
G1100010002102602,11001002102602,G11000100021026006,110010021026006,0.9797635873,1
G1100010002102602,11001002102602,G11000100021026007,110010021026007,0.0202364127,0
G1100010002102603,11001002102603,G11000100021026009,110010021026009,1,1
G1100010002102604,11001002102604,G11000100021026004,110010021026004,1,1
G1100010002102605,11001002102605,G11000100021026005,110010021026005,1,1
G1100010002102606,11001002102606,G11000100021026002,110010021026002,1,1
G1100010002102607,11001002102607,G11000100021026000,110010021026000,0.7954152249,1
G1100010002102607,11001002102607,G11000100021026001,110010021026001,0.2045847751,0
G1100010002102608,11001002102608,G11000100021026003,110010021026003,1,1
G1100010002102701,11001002102701,G11000100021021012,110010021021012,0.8486305198,0.9574468085
G1100010002102701,11001002102701,G11000100021021013,110010021021013,0.1513694802,0.0425531915
G1100010002102702,11001002102702,G11000100021021011,110010021021011,1,1
G1100010002102703,11001002102703,G11000100021021009,110010021021009,1,1
G1100010002102704,11001002102704,G11000100021021014,110010021021014,1,1
G1100010002102705,11001002102705,G11000100021021015,110010021021015,1,1
G1100010002102706,11001002102706,G11000100021021010,110010021021010,1,1
G1100010002102707,11001002102707,G11000100021021008,110010021021008,1,1
G1100010002102708,11001002102708,G11000100021021006,110010021021006,0.0241964024,0
G1100010002102708,11001002102708,G11000100021021007,110010021021007,0.8226776829,0.8536585366
G1100010002102708,11001002102708,G11000100021021016,110010021021016,0.1531259146,0.1463414634
G1100010002201101,11001002201101,G11000100022011000,110010022011000,1,1
G1100010002201102,11001002201102,G11000100022011001,110010022011001,1,1
G1100010002201103,11001002201103,G11000100022011002,110010022011002,1,1
G1100010002201104,11001002201104,G11000100022011003,110010022011003,0.96666637,0.9476190476
G1100010002201104,11001002201104,G11000100022011010,110010022011010,0.03333363,0.0523809524
G1100010002201105,11001002201105,G11000100022011004,110010022011004,0.937369206,0.7671641791
G1100010002201105,11001002201105,G11000100022011005,110010022011005,0.062630794,0.2328358209
G1100010002201107,11001002201107,G11000100022011006,110010022011006,1,1
G1100010002201108,11001002201108,G11000100022011011,110010022011011,1,1
G1100010002201109,11001002201109,G11000100022011007,110010022011007,1,1
G1100010002201110,11001002201110,G11000100022011008,110010022011008,1,1
G1100010002201111,11001002201111,G11000100022011009,110010022011009,1,1
G1100010002201201,11001002201201,G11000100022012000,110010022012000,1,1
G1100010002201202,11001002201202,G11000100022012001,110010022012001,1,1
G1100010002201203,11001002201203,G11000100022012002,110010022012002,0.190310763,0.1615384615
G1100010002201203,11001002201203,G11000100022012003,110010022012003,0.809689237,0.8384615385
G1100010002201204,11001002201204,G11000100022012011,110010022012011,0.5012746431,0.5012746431
G1100010002201204,11001002201204,G11000100022012012,110010022012012,0.4987253569,0.4987253569
G1100010002201205,11001002201205,G11000100022012015,110010022012015,1,1
G1100010002201206,11001002201206,G11000100022012013,110010022012013,0.6153847481,0.6153847481
G1100010002201206,11001002201206,G11000100022012014,110010022012014,0.3846152519,0.3846152519
G1100010002201207,11001002201207,G11000100022012010,110010022012010,1,1
G1100010002201301,11001002201301,G11000100022012009,110010022012009,1,1
G1100010002201302,11001002201302,G11000100022012008,110010022012008,1,1
G1100010002201303,11001002201303,G11000100022012007,110010022012007,1,1
G1100010002201304,11001002201304,G11000100022012004,110010022012004,1,1
G1100010002201305,11001002201305,G11000100022012005,110010022012005,1,1
G1100010002201306,11001002201306,G11000100022012006,110010022012006,1,1
G1100010002201401,11001002201401,G11000100022013006,110010022013006,1,1
G1100010002201402,11001002201402,G11000100022013007,110010022013007,1,1
G1100010002201403,11001002201403,G11000100022013000,110010022013000,1,1
G1100010002201404,11001002201404,G11000100022013003,110010022013003,1,1
G1100010002201405,11001002201405,G11000100022013002,110010022013002,1,1
G1100010002201406,11001002201406,G11000100022013001,110010022013001,1,1
G1100010002201407,11001002201407,G11000100022013004,110010022013004,0.9443211649,0.8823529412
G1100010002201407,11001002201407,G11000100022013005,110010022013005,0.0556788351,0.1176470588
G1100010002202101,11001002202101,G11000100022021000,110010022021000,1,1
G1100010002202102,11001002202102,G11000100022021001,110010022021001,0.9917421145,0.9980155377
G1100010002202102,11001002202102,G11000100022021005,110010022021005,0.0082578855,0.0019844623
G1100010002202103,11001002202103,G11000100022021004,110010022021004,1,1
G1100010002202104,11001002202104,G11000100022021007,110010022021007,1,1
G1100010002202105,11001002202105,G11000100022021006,110010022021006,1,1
G1100010002202106,11001002202106,G11000100022021002,110010022021002,1,1
G1100010002202107,11001002202107,G11000100022021008,110010022021008,1,1
G1100010002202108,11001002202108,G11000100022021003,110010022021003,1,1
G1100010002202201,11001002202201,G11000100022022007,110010022022007,1,1
G1100010002202202,11001002202202,G11000100022022006,110010022022006,1,1
G1100010002202203,11001002202203,G11000100022022002,110010022022002,1,1
G1100010002202204,11001002202204,G11000100022022003,110010022022003,1,1
G1100010002202205,11001002202205,G11000100022022004,110010022022004,0.926860264,0.9487179487
G1100010002202205,11001002202205,G11000100022022005,110010022022005,0.073139736,0.0512820513
G1100010002202206,11001002202206,G11000100022022000,110010022022000,1,1
G1100010002202207,11001002202207,G11000100022022001,110010022022001,1,1
G1100010002202301,11001002202301,G11000100022023007,110010022023007,1,1
G1100010002202302,11001002202302,G11000100022023006,110010022023006,1,1
G1100010002202303,11001002202303,G11000100022023005,110010022023005,1,1
G1100010002202304,11001002202304,G11000100022023003,110010022023003,0.0547043932,0
G1100010002202304,11001002202304,G11000100022023004,110010022023004,0.9452956068,1
G1100010002202306,11001002202306,G11000100022023002,110010022023002,1,1
G1100010002202307,11001002202307,G11000100022023001,110010022023001,1,1
G1100010002202308,11001002202308,G11000100022023000,110010022023000,1,1
G1100010002301101,11001002301101,G11000100023012000,110010023012000,0.3765017032,0.4788263533
G1100010002301101,11001002301101,G11000100023012001,110010023012001,0.0227269745,0.0074812968
G1100010002301101,11001002301101,G11000100023012003,110010023012003,0.4817464905,0.5136923499
G1100010002301101,11001002301101,G11000100023012004,110010023012004,0.1190248317,0
G1100010002301102,11001002301102,G11000100023012002,110010023012002,1,1
G1100010002301103,11001002301103,G11000100023012010,110010023012010,1,1
G1100010002301104,11001002301104,G11000100023012007,110010023012007,1,1
G1100010002301105,11001002301105,G11000100023012006,110010023012006,1,1
G1100010002301106,11001002301106,G11000100023012005,110010023012005,1,1
G1100010002301108,11001002301108,G11000100023012009,110010023012009,1,1
G1100010002301109,11001002301109,G11000100023012008,110010023012008,1,1
G1100010002301201,11001002301201,G11000100023012014,110010023012014,1,1
G1100010002301204,11001002301204,G11000100023012012,110010023012012,1,1
G1100010002301205,11001002301205,G11000100023012011,110010023012011,1,1
G1100010002301206,11001002301206,G11000100023012015,110010023012015,1,1
G1100010002301208,11001002301208,G11000100023012013,110010023012013,0.9539468952,0.7157894737
G1100010002301208,11001002301208,G11000100023012017,110010023012017,0.0460531048,0.2842105263
G1100010002301209,11001002301209,G11000100023012016,110010023012016,0.9818728454,0.7
G1100010002301209,11001002301209,G11000100023012018,110010023012018,0.0181271546,0.3
G1100010002301301,11001002301301,G11000100023011008,110010023011008,0.2185803506,0.3461538462
G1100010002301301,11001002301301,G11000100023011009,110010023011009,0.7814196494,0.6538461538
G1100010002301302,11001002301302,G11000100023011013,110010023011013,0.91517858,0.7464114833
G1100010002301302,11001002301302,G11000100023011014,110010023011014,0.051338949,0.1339712919
G1100010002301302,11001002301302,G11000100023011015,110010023011015,0.033482471,0.1196172249
G1100010002301303,11001002301303,G11000100023011016,110010023011016,0.0470344506,0.0564102564
G1100010002301303,11001002301303,G11000100023011017,110010023011017,0.8548053914,0.9230769231
G1100010002301303,11001002301303,G11000100023011018,110010023011018,0.098160158,0.0205128205
G1100010002301305,11001002301305,G11000100023011011,110010023011011,1,1
G1100010002301306,11001002301306,G11000100023011012,110010023011012,1,1
G1100010002301308,11001002301308,G11000100023011010,110010023011010,1,1
G1100010002301401,11001002301401,G11000100023011006,110010023011006,1,1
G1100010002301402,11001002301402,G11000100023011003,110010023011003,1,1
G1100010002301403,11001002301403,G11000100023011007,110010023011007,1,1
G1100010002301404,11001002301404,G11000100023011004,110010023011004,1,1
G1100010002301405,11001002301405,G11000100023011005,110010023011005,1,1
G1100010002301406,11001002301406,G11000100023011002,110010023011002,1,1
G1100010002301407,11001002301407,G11000100023011000,110010023011000,0.9234690246,0.8148148148
G1100010002301407,11001002301407,G11000100023011001,110010023011001,0.0765309754,0.1851851852
G1100010002302101,11001002302101,G11000100023021000,110010023021000,1,1
G1100010002302102,11001002302102,G11000100023021001,110010023021001,1,1
G1100010002302103,11001002302103,G11000100023021002,110010023021002,0.9930374771,0.9930374771
G1100010002302103,11001002302103,G11000100023021003,110010023021003,0.0069625229,0.0069625229
G1100010002302104,11001002302104,G11000100023021004,110010023021004,1,1
G1100010002302105,11001002302105,G11000100023021005,110010023021005,1,1
G1100010002302106,11001002302106,G11000100023021009,110010023021009,1,1
G1100010002302107,11001002302107,G11000100023021010,110010023021010,1,1
G1100010002302108,11001002302108,G11000100023021011,110010023021011,1,1
G1100010002302109,11001002302109,G11000100023021004,110010023021004,0.5545515555,0.5190484888
G1100010002302109,11001002302109,G11000100023021006,110010023021006,0.0173791639,0
G1100010002302109,11001002302109,G11000100023021007,110010023021007,0.0035170865,0.002291889
G1100010002302109,11001002302109,G11000100023021013,110010023021013,0.3652108477,0.4652613154
G1100010002302109,11001002302109,G11000100023021014,110010023021014,0.0323907221,0.0076348438
G1100010002302109,11001002302109,G11000100023021015,110010023021015,0.0269506243,0.005763463
G1100010002302110,11001002302110,G11000100023021012,110010023021012,1,1
G1100010002302111,11001002302111,G11000100023021004,110010023021004,0.002986568,0.0098698316
G1100010002302111,11001002302111,G11000100023021007,110010023021007,0.9078298564,0.8946737136
G1100010002302111,11001002302111,G11000100023021008,110010023021008,0.0108825077,0.0080189679
G1100010002302111,11001002302111,G11000100023021016,110010023021016,0.0351764718,0.043169394
G1100010002302111,11001002302111,G11000100023021017,110010023021017,0.0431245962,0.0442680929
G1100010002302112,11001002302112,G11000100023021004,110010023021004,0.0030820726,0.0435688552
G1100010002302112,11001002302112,G11000100023021007,110010023021007,0.9048824338,0.085562017
G1100010002302112,11001002302112,G11000100023021008,110010023021008,0.0112305092,0.8690565582
G1100010002302112,11001002302112,G11000100023021016,110010023021016,0.0363013472,0.0009044978
G1100010002302112,11001002302112,G11000100023021017,110010023021017,0.0445036372,0.0009080718
G1100010002302113,11001002302113,G11000100023021018,110010023021018,0.7979477435,0.8436957597
G1100010002302113,11001002302113,G11000100023021019,110010023021019,0.0851096124,0.1397326853
G1100010002302113,11001002302113,G11000100023021020,110010023021020,0.0563439383,0.0077704044
G1100010002302113,11001002302113,G11000100023021021,110010023021021,0.0480882545,0.0059654157
G1100010002302113,11001002302113,G11000100023021023,110010023021023,0.0125104513,0.002835735
G1100010002302114,11001002302114,G11000100023021022,110010023021022,0.0574315689,0
G1100010002302114,11001002302114,G11000100023021023,110010023021023,0.9425684311,1
G1100010002302115,11001002302115,G11000100023021024,110010023021024,0.9515626212,0.9515626212
G1100010002302115,11001002302115,G11000100023021027,110010023021027,0.0484373788,0.0484373788
G1100010002302116,11001002302116,G11000100023021028,110010023021028,0.5407965087,0.5407965087
G1100010002302116,11001002302116,G11000100023021029,110010023021029,0.4592034913,0.4592034913
G1100010002302117,11001002302117,G11000100023021025,110010023021025,1,1
G1100010002302118,11001002302118,G11000100023021026,110010023021026,1,1
G11000100024101,11001002400101,G11000100024002004,110010024002004,1,1
G11000100024102,11001002400102,G11000100024002005,110010024002005,1,1
G11000100024103,11001002400103,G11000100024002006,110010024002006,1,1
G11000100024104,11001002400104,G11000100024002011,110010024002011,1,1
G11000100024105,11001002400105,G11000100024002008,110010024002008,1,1
G11000100024106,11001002400106,G11000100024002007,110010024002007,1,1
G11000100024107,11001002400107,G11000100024002009,110010024002009,1,1
G11000100024108,11001002400108,G11000100024002010,110010024002010,1,1
G11000100024109,11001002400109,G11000100024002012,110010024002012,1,1
G11000100024110,11001002400110,G11000100024002013,110010024002013,1,1
G11000100024201,11001002400201,G11000100024002014,110010024002014,1,1
G11000100024202,11001002400202,G11000100024002001,110010024002001,1,1
G11000100024203,11001002400203,G11000100024002003,110010024002003,1,1
G11000100024206,11001002400206,G11000100024002000,110010024002000,1,1
G11000100024207,11001002400207,G11000100024002017,110010024002017,1,1
G11000100024208,11001002400208,G11000100024002018,110010024002018,1,1
G11000100024210,11001002400210,G11000100024002015,110010024002015,0.8831973326,1
G11000100024210,11001002400210,G11000100024002016,110010024002016,0.1168026674,0
G11000100024220,11001002400220,G11000100024002002,110010024002002,1,1
G11000100024301,11001002400301,G11000100024003000,110010024003000,1,1
G11000100024302,11001002400302,G11000100024003001,110010024003001,1,1
G11000100024303,11001002400303,G11000100024003006,110010024003006,1,1
G11000100024304,11001002400304,G11000100024003002,110010024003002,1,1
G11000100024305,11001002400305,G11000100024003004,110010024003004,1,1
G11000100024306,11001002400306,G11000100024003003,110010024003003,0.8490567782,1
G11000100024306,11001002400306,G11000100024003007,110010024003007,0.1509432218,0
G11000100024309,11001002400309,G11000100024003005,110010024003005,1,1
G11000100024401,11001002400401,G11000100024004001,110010024004001,0.9151877846,1
G11000100024401,11001002400401,G11000100024004002,110010024004002,0.0828962768,0
G11000100024401,11001002400401,G11000100024004003,110010024004003,0.0019159386,0
G11000100024402,11001002400402,G11000100024004003,110010024004003,0.9786095377,0.9015748031
G11000100024402,11001002400402,G11000100024004006,110010024004006,0.0213904623,0.0984251969
G11000100024403,11001002400403,G11000100024004006,110010024004006,1,1
G11000100024404,11001002400404,G11000100024004004,110010024004004,0.9785933227,0.9916317992
G11000100024404,11001002400404,G11000100024004005,110010024004005,0.0214066773,0.0083682008
G11000100024405,11001002400405,G11000100024004008,110010024004008,1,1
G11000100024406,11001002400406,G11000100024004009,110010024004009,1,1
G11000100024408,11001002400408,G11000100024004006,110010024004006,0.0014745148,0.0013115941
G11000100024408,11001002400408,G11000100024004007,110010024004007,0.9985254852,0.9986884059
G11000100024409,11001002400409,G11000100024004000,110010024004000,1,1
G11000100024501,11001002400501,G11000100024001000,110010024001000,1,1
G11000100024502,11001002400502,G11000100024001001,110010024001001,0.861729181,1
G11000100024502,11001002400502,G11000100024001002,110010024001002,0.138270819,0
G11000100024503,11001002400503,G11000100024001003,110010024001003,0.9605260202,1
G11000100024503,11001002400503,G11000100024001004,110010024001004,0.0394739798,0
G11000100024505,11001002400505,G11000100024001005,110010024001005,1,1
G11000100024506,11001002400506,G11000100024001006,110010024001006,1,1
G11000100024507,11001002400507,G11000100024001007,110010024001007,1,1
G11000100024508,11001002400508,G11000100024001008,110010024001008,1,1
G1100010002501101,11001002501101,G11000100025011001,110010025011001,1,1
G1100010002501102,11001002501102,G11000100025011004,110010025011004,1,1
G1100010002501103,11001002501103,G11000100025011005,110010025011005,1,1
G1100010002501104,11001002501104,G11000100025011002,110010025011002,1,1
G1100010002501105,11001002501105,G11000100025011001,110010025011001,0.0476191631,0.3142857143
G1100010002501105,11001002501105,G11000100025011003,110010025011003,0.9523808369,0.6857142857
G1100010002501106,11001002501106,G11000100025011000,110010025011000,1,1
G1100010002501201,11001002501201,G11000100025011011,110010025011011,1,1
G1100010002501202,11001002501202,G11000100025011010,110010025011010,1,1
G1100010002501203,11001002501203,G11000100025011009,110010025011009,0.9885754874,0.9885754874
G1100010002501203,11001002501203,G11000100025011012,110010025011012,0.0114245126,0.0114245126
G1100010002501204,11001002501204,G11000100025011007,110010025011007,1,1
G1100010002501205,11001002501205,G11000100025011007,110010025011007,0.9830048823,1
G1100010002501205,11001002501205,G11000100025011008,110010025011008,0.0169951177,0
G1100010002501206,11001002501206,G11000100025011006,110010025011006,1,1
G1100010002501301,11001002501301,G11000100025012013,110010025012013,0.9397736951,1
G1100010002501301,11001002501301,G11000100025012014,110010025012014,0.0602263049,0
G1100010002501302,11001002501302,G11000100025012012,110010025012012,1,1
G1100010002501303,11001002501303,G11000100025012009,110010025012009,1,1
G1100010002501304,11001002501304,G11000100025012010,110010025012010,1,1
G1100010002501305,11001002501305,G11000100025012008,110010025012008,1,1
G1100010002501306,11001002501306,G11000100025012007,110010025012007,1,1
G1100010002501307,11001002501307,G11000100025012006,110010025012006,1,1
G1100010002501308,11001002501308,G11000100025012011,110010025012011,1,1
G1100010002501401,11001002501401,G11000100025012000,110010025012000,1,1
G1100010002501402,11001002501402,G11000100025012004,110010025012004,1,1
G1100010002501403,11001002501403,G11000100025012003,110010025012003,1,1
G1100010002501404,11001002501404,G11000100025012002,110010025012002,1,1
G1100010002501405,11001002501405,G11000100025012001,110010025012001,1,1
G1100010002501406,11001002501406,G11000100025012005,110010025012005,1,1
G1100010002502101,11001002502101,G11000100025021000,110010025021000,1,1
G1100010002502102,11001002502102,G11000100025021001,110010025021001,1,1
G1100010002502103,11001002502103,G11000100025021002,110010025021002,1,1
G1100010002502104,11001002502104,G11000100025021003,110010025021003,1,1
G1100010002502105,11001002502105,G11000100025021004,110010025021004,1,1
G1100010002502106,11001002502106,G11000100025021005,110010025021005,1,1
G1100010002502201,11001002502201,G11000100025022002,110010025022002,1,1
G1100010002502202,11001002502202,G11000100025022001,110010025022001,1,1
G1100010002502203,11001002502203,G11000100025022000,110010025022000,1,1
G1100010002502204,11001002502204,G11000100025022006,110010025022006,1,1
G1100010002502205,11001002502205,G11000100025022007,110010025022007,1,1
G1100010002502206,11001002502206,G11000100025022005,110010025022005,0.2485281092,0.44367567
G1100010002502206,11001002502206,G11000100025022008,110010025022008,0.7514718908,0.55632433
G1100010002502207,11001002502207,G11000100025022003,110010025022003,0.1020407049,0
G1100010002502207,11001002502207,G11000100025022004,110010025022004,0.8979592951,1
G1100010002502208,11001002502208,G11000100025022009,110010025022009,1,1
G1100010002502301,11001002502301,G11000100025023004,110010025023004,0.9693603274,0.8011695906
G1100010002502301,11001002502301,G11000100025023005,110010025023005,0.0306396726,0.1988304094
G1100010002502302,11001002502302,G11000100025023000,110010025023000,1,1
G1100010002502303,11001002502303,G11000100025023003,110010025023003,1,1
G1100010002502304,11001002502304,G11000100025023002,110010025023002,1,1
G1100010002502305,11001002502305,G11000100025024002,110010025024002,0.7479253886,0.701448546
G1100010002502305,11001002502305,G11000100025024004,110010025024004,0.2520746114,0.298551454
G1100010002502307,11001002502307,G11000100025023001,110010025023001,1,1
G1100010002502309,11001002502309,G11000100025024000,110010025024000,1,1
G1100010002502311,11001002502311,G11000100025024003,110010025024003,1,1
G1100010002502312,11001002502312,G11000100025024001,110010025024001,1,1
G11000100026101,11001002600101,G11000100026002000,110010026002000,0.2647719048,0
G11000100026101,11001002600101,G11000100026002006,110010026002006,0.630950782,1
G11000100026101,11001002600101,G11000100026002014,110010026002014,0,0
G11000100026101,11001002600101,G11000100026002015,110010026002015,0.1042773132,0
G11000100026102,11001002600102,G11000100026002011,110010026002011,1,1
G11000100026103,11001002600103,G11000100026002001,110010026002001,0.5577207404,0.5577207404
G11000100026103,11001002600103,G11000100026002002,110010026002002,0.0101720977,0.0101720977
G11000100026103,11001002600103,G11000100026002003,110010026002003,0,0
G11000100026103,11001002600103,G11000100026002004,110010026002004,0.0079247738,0.0079247738
G11000100026103,11001002600103,G11000100026002005,110010026002005,0.4236205571,0.4236205571
G11000100026103,11001002600103,G11000100026002013,110010026002013,0.000561831,0.000561831
G11000100026103,11001002600103,G11000100026002014,110010026002014,0,0
G11000100026104,11001002600104,G11000100026002010,110010026002010,1,1
G11000100026105,11001002600105,G11000100026002024,110010026002024,1,1
G11000100026106,11001002600106,G11000100026002007,110010026002007,1,1
G11000100026107,11001002600107,G11000100026002012,110010026002012,1,1
G11000100026108,11001002600108,G11000100026002009,110010026002009,1,1
G11000100026201,11001002600201,G11000100026002023,110010026002023,1,1
G11000100026202,11001002600202,G11000100026002008,110010026002008,0.9753346573,0.9425014511
G11000100026202,11001002600202,G11000100026002025,110010026002025,0.0246653427,0.0574985489
G11000100026203,11001002600203,G11000100026002008,110010026002008,0.0158045676,0.0254005016
G11000100026203,11001002600203,G11000100026002021,110010026002021,0.9841954324,0.9745994984
G11000100026204,11001002600204,G11000100026002022,110010026002022,1,1
G11000100026205,11001002600205,G11000100026002027,110010026002027,1,1
G11000100026206,11001002600206,G11000100026002020,110010026002020,1,1
G11000100026207,11001002600207,G11000100026002016,110010026002016,0.0775746174,0.0074254819
G11000100026207,11001002600207,G11000100026002018,110010026002018,0.9219250487,0.9916639625
G11000100026207,11001002600207,G11000100026002019,110010026002019,0.000500334,0.0009105556
G11000100026208,11001002600208,G11000100026002026,110010026002026,1,1
G11000100026209,11001002600209,G11000100026002029,110010026002029,1,1
G11000100026210,11001002600210,G11000100026002017,110010026002017,1,1
G11000100026211,11001002600211,G11000100026002028,110010026002028,1,1
G11000100026212,11001002600212,G11000100026002016,110010026002016,0.9935916198,0.9627290901
G11000100026212,11001002600212,G11000100026002019,110010026002019,0.0064083802,0.0372709099
G11000100026214,11001002600214,G11000100026002031,110010026002031,1,1
G11000100026215,11001002600215,G11000100026002030,110010026002030,1,1
G11000100026301,11001002600301,G11000100026001000,110010026001000,1,1
G11000100026302,11001002600302,G11000100026001001,110010026001001,1,1
G11000100026303,11001002600303,G11000100026001002,110010026001002,1,1
G11000100026304,11001002600304,G11000100026001003,110010026001003,1,1
G11000100026305,11001002600305,G11000100026001005,110010026001005,1,1
G11000100026306,11001002600306,G11000100026001008,110010026001008,1,1
G11000100026307,11001002600307,G11000100026001023,110010026001023,1,1
G11000100026308,11001002600308,G11000100026001007,110010026001007,1,1
G11000100026309,11001002600309,G11000100026001004,110010026001004,0.8093734751,0.9058823529
G11000100026309,11001002600309,G11000100026001009,110010026001009,0,0
G11000100026309,11001002600309,G11000100026001012,110010026001012,0.1906265249,0.0941176471
G11000100026310,11001002600310,G11000100026001013,110010026001013,0.4804003336,0.4804003336
G11000100026310,11001002600310,G11000100026001014,110010026001014,0,0
G11000100026310,11001002600310,G11000100026001015,110010026001015,0,0
G11000100026310,11001002600310,G11000100026001016,110010026001016,0.5195996664,0.5195996664
G11000100026311,11001002600311,G11000100026001011,110010026001011,1,1
G11000100026312,11001002600312,G11000100026001006,110010026001006,1,1
G11000100026313,11001002600313,G11000100026001010,110010026001010,1,1
G11000100026318,11001002600318,G11000100026001018,110010026001018,0.9301734006,0.9301734006
G11000100026318,11001002600318,G11000100026001019,110010026001019,0,0
G11000100026318,11001002600318,G11000100026001022,110010026001022,0.0698265994,0.0698265994
G11000100026319,11001002600319,G11000100026001017,110010026001017,0.748236218,0.748236218
G11000100026319,11001002600319,G11000100026001020,110010026001020,0.0014177278,0.0014177278
G11000100026319,11001002600319,G11000100026001021,110010026001021,0.2503460543,0.2503460543
G1100010002701101,11001002701101,G11000100027011000,110010027011000,0.2583964898,0.1207464499
G1100010002701101,11001002701101,G11000100027014000,110010027014000,0.7416035102,0.8792535501
G1100010002701102,11001002701102,G11000100027013000,110010027013000,1,1
G1100010002701103,11001002701103,G11000100027013002,110010027013002,1,1
G1100010002701104,11001002701104,G11000100027013001,110010027013001,1,1
G1100010002701111,11001002701111,G11000100027011001,110010027011001,1,1
G1100010002701112,11001002701112,G11000100027011002,110010027011002,1,1
G1100010002701201,11001002701201,G11000100027012000,110010027012000,1,1
G1100010002701202,11001002701202,G11000100027012001,110010027012001,1,1
G1100010002701203,11001002701203,G11000100027012006,110010027012006,1,1
G1100010002701204,11001002701204,G11000100027012002,110010027012002,0.8842090655,0.8962536023
G1100010002701204,11001002701204,G11000100027012007,110010027012007,0.1157909345,0.1037463977
G1100010002701206,11001002701206,G11000100027012003,110010027012003,1,1
G1100010002701207,11001002701207,G11000100027012004,110010027012004,1,1
G1100010002701208,11001002701208,G11000100027012005,110010027012005,1,1
G1100010002702101,11001002702101,G11000100027021000,110010027021000,1,1
G1100010002702102,11001002702102,G11000100027021003,110010027021003,0.0669137281,0.1228187919
G1100010002702102,11001002702102,G11000100027021004,110010027021004,0.9330862719,0.8771812081
G1100010002702104,11001002702104,G11000100027021006,110010027021006,1,1
G1100010002702105,11001002702105,G11000100027021005,110010027021005,1,1
G1100010002702106,11001002702106,G11000100027021002,110010027021002,1,1
G1100010002702107,11001002702107,G11000100027021001,110010027021001,1,1
G1100010002702201,11001002702201,G11000100027022000,110010027022000,1,1
G1100010002702202,11001002702202,G11000100027022001,110010027022001,1,1
G1100010002702203,11001002702203,G11000100027022002,110010027022002,1,1
G1100010002702204,11001002702204,G11000100027022003,110010027022003,1,1
G1100010002702205,11001002702205,G11000100027022004,110010027022004,0.4646710226,0.4088622619
G1100010002702205,11001002702205,G11000100027022006,110010027022006,0.5353289774,0.5911377381
G1100010002702206,11001002702206,G11000100027022008,110010027022008,1,1
G1100010002702207,11001002702207,G11000100027022005,110010027022005,0.3588286713,0.3976377953
G1100010002702207,11001002702207,G11000100027022007,110010027022007,0.6411713287,0.6023622047
G1100010002702301,11001002702301,G11000100027023010,110010027023010,1,1
G1100010002702302,11001002702302,G11000100027023009,110010027023009,1,1
G1100010002702303,11001002702303,G11000100027023000,110010027023000,1,1
G1100010002702304,11001002702304,G11000100027023008,110010027023008,1,1
G1100010002702305,11001002702305,G11000100027023001,110010027023001,1,1
G1100010002702306,11001002702306,G11000100027023003,110010027023003,0.470821649,0.470821649
G1100010002702306,11001002702306,G11000100027023012,110010027023012,0.4695928574,0.4695928574
G1100010002702306,11001002702306,G11000100027023013,110010027023013,0.0059311122,0.0059311122
G1100010002702306,11001002702306,G11000100027023015,110010027023015,0.0536543813,0.0536543813
G1100010002702307,11001002702307,G11000100027023002,110010027023002,0.9745129632,1
G1100010002702307,11001002702307,G11000100027023014,110010027023014,0.0254870368,0
G1100010002702308,11001002702308,G11000100027023004,110010027023004,1,1
G1100010002702308,11001002702308,G11000100027023005,110010027023005,0,0
G1100010002702308,11001002702308,G11000100027023006,110010027023006,0,0
G1100010002702309,11001002702309,G11000100027023004,110010027023004,0.1065606799,0.1065606799
G1100010002702309,11001002702309,G11000100027023005,110010027023005,0,0
G1100010002702309,11001002702309,G11000100027023006,110010027023006,0,0
G1100010002702309,11001002702309,G11000100027023011,110010027023011,0.6988900692,0.6988900692
G1100010002702309,11001002702309,G11000100027023016,110010027023016,0.1945492509,0.1945492509
G1100010002702309,11001002702309,G11000100027023017,110010027023017,0,0
G1100010002702309,11001002702309,G11000100027023018,110010027023018,0,0
G1100010002702309,11001002702309,G11000100027023019,110010027023019,0,0
G1100010002702309,11001002702309,G11000100027023020,110010027023020,0,0
G1100010002702310,11001002702310,G11000100027023007,110010027023007,1,1
G1100010002801101,11001002801101,G11000100028012000,110010028012000,1,1
G1100010002801102,11001002801102,G11000100028012001,110010028012001,1,1
G1100010002801103,11001002801103,G11000100028012002,110010028012002,1,1
G1100010002801104,11001002801104,G11000100028012003,110010028012003,1,1
G1100010002801105,11001002801105,G11000100028012004,110010028012004,1,1
G1100010002801106,11001002801106,G11000100028012006,110010028012006,1,1
G1100010002801107,11001002801107,G11000100028012005,110010028012005,1,1
G1100010002801108,11001002801108,G11000100028012007,110010028012007,1,1
G1100010002801109,11001002801109,G11000100028011000,110010028011000,0.1491715188,0
G1100010002801109,11001002801109,G11000100028011001,110010028011001,0.8508284812,1
G1100010002801110,11001002801110,G11000100028011002,110010028011002,1,1
G1100010002801111,11001002801111,G11000100028011003,110010028011003,1,1
G1100010002802201,11001002802201,G11000100028022000,110010028022000,1,1
G1100010002802202,11001002802202,G11000100028022001,110010028022001,0.4978546994,0.6848635236
G1100010002802202,11001002802202,G11000100028022002,110010028022002,0.5021453006,0.3151364764
G1100010002802203,11001002802203,G11000100028022004,110010028022004,0.9250007272,0.8592592593
G1100010002802203,11001002802203,G11000100028022005,110010028022005,0.0539989044,0.1407407407
G1100010002802203,11001002802203,G11000100028022006,110010028022006,0.0210003684,0
G1100010002802204,11001002802204,G11000100028022003,110010028022003,1,1
G1100010002802205,11001002802205,G11000100028021000,110010028021000,0.2597481202,0.5007639155
G1100010002802205,11001002802205,G11000100028021001,110010028021001,0.7402518798,0.4992360845
G1100010002802206,11001002802206,G11000100028021002,110010028021002,0.94848601,1
G1100010002802206,11001002802206,G11000100028021006,110010028021006,0.05151399,0
G1100010002802207,11001002802207,G11000100028021003,110010028021003,1,1
G1100010002802208,11001002802208,G11000100028021004,110010028021004,1,1
G1100010002802209,11001002802209,G11000100028021005,110010028021005,1,1
G11000100029101,11001002900101,G11000100029001000,110010029001000,1,1
G11000100029102,11001002900102,G11000100029001001,110010029001001,1,1
G11000100029103,11001002900103,G11000100029001002,110010029001002,1,1
G11000100029104,11001002900104,G11000100029001003,110010029001003,1,1
G11000100029105,11001002900105,G11000100029001004,110010029001004,1,1
G11000100029106,11001002900106,G11000100029001005,110010029001005,1,1
G11000100029107,11001002900107,G11000100029001006,110010029001006,1,1
G11000100029108,11001002900108,G11000100029001007,110010029001007,1,1
G11000100029201,11001002900201,G11000100029002010,110010029002010,1,1
G11000100029202,11001002900202,G11000100029002009,110010029002009,1,1
G11000100029203,11001002900203,G11000100029002008,110010029002008,1,1
G11000100029204,11001002900204,G11000100029002007,110010029002007,1,1
G11000100029205,11001002900205,G11000100029002006,110010029002006,1,1
G11000100029206,11001002900206,G11000100029002004,110010029002004,1,1
G11000100029207,11001002900207,G11000100029002003,110010029002003,1,1
G11000100029208,11001002900208,G11000100029002002,110010029002002,1,1
G11000100029209,11001002900209,G11000100029002001,110010029002001,1,1
G11000100029210,11001002900210,G11000100029002000,110010029002000,1,1
G11000100029211,11001002900211,G11000100029002005,110010029002005,1,1
G11000100030101,11001003000101,G11000100030001000,110010030001000,1,1
G11000100030102,11001003000102,G11000100030001003,110010030001003,1,1
G11000100030103,11001003000103,G11000100030001001,110010030001001,0.9720571997,1
G11000100030103,11001003000103,G11000100030001002,110010030001002,0.0279428003,0
G11000100030104,11001003000104,G11000100030002003,110010030002003,1,1
G11000100030105,11001003000105,G11000100030001005,110010030001005,1,1
G11000100030106,11001003000106,G11000100030001004,110010030001004,1,1
G11000100030107,11001003000107,G11000100030002000,110010030002000,0.3978049574,0.3680916621
G11000100030107,11001003000107,G11000100030002004,110010030002004,0.6021950426,0.6319083379
G11000100030108,11001003000108,G11000100030002001,110010030002001,1,1
G11000100030109,11001003000109,G11000100030002002,110010030002002,1,1
G11000100031101,11001003100101,G11000100031001000,110010031001000,1,1
G11000100031102,11001003100102,G11000100031001001,110010031001001,1,1
G11000100031103,11001003100103,G11000100031001002,110010031001002,1,1
G11000100031104,11001003100104,G11000100031001003,110010031001003,1,1
G11000100031105,11001003100105,G11000100031001004,110010031001004,1,1
G11000100031106,11001003100106,G11000100031001005,110010031001005,0.0921043099,0.0278422274
G11000100031106,11001003100106,G11000100031001006,110010031001006,0.9078956901,0.9721577726
G11000100031108,11001003100108,G11000100031001007,110010031001007,1,1
G11000100031109,11001003100109,G11000100031001008,110010031001008,1,1
G11000100031110,11001003100110,G11000100031001009,110010031001009,1,1
G11000100031111,11001003100111,G11000100031001010,110010031001010,1,1
G11000100031112,11001003100112,G11000100031001011,110010031001011,1,1
G11000100031113,11001003100113,G11000100031001013,110010031001013,0.4730966579,0.6550194392
G11000100031113,11001003100113,G11000100031001014,110010031001014,0.5269033421,0.3449805608
G11000100031114,11001003100114,G11000100031001012,110010031001012,1,1
G11000100031205,11001003100205,G11000100031001015,110010031001015,1,1
G11000100031206,11001003100206,G11000100031001016,110010031001016,1,1
G11000100031207,11001003100207,G11000100031001017,110010031001017,1,1
G11000100032101,11001003200101,G11000100032001000,110010032001000,0.1231835307,0
G11000100032101,11001003200101,G11000100032001001,110010032001001,0.8768164693,1
G11000100032103,11001003200103,G11000100032001002,110010032001002,1,1
G11000100032104,11001003200104,G11000100032001003,110010032001003,1,1
G11000100032105,11001003200105,G11000100032001004,110010032001004,1,1
G11000100032106,11001003200106,G11000100032001005,110010032001005,1,1
G11000100032107,11001003200107,G11000100032001006,110010032001006,1,1
G11000100032201,11001003200201,G11000100032002002,110010032002002,1,1
G11000100032202,11001003200202,G11000100032002001,110010032002001,1,1
G11000100032203,11001003200203,G11000100032002000,110010032002000,1,1
G11000100032204,11001003200204,G11000100032002004,110010032002004,1,1
G11000100032205,11001003200205,G11000100032002005,110010032002005,1,1
G11000100032206,11001003200206,G11000100032002003,110010032002003,1,1
G11000100032301,11001003200301,G11000100032003000,110010032003000,1,1
G11000100032302,11001003200302,G11000100032003005,110010032003005,1,1
G11000100032303,11001003200303,G11000100032003001,110010032003001,1,1
G11000100032304,11001003200304,G11000100032003002,110010032003002,1,1
G11000100032305,11001003200305,G11000100032003003,110010032003003,1,1
G11000100032306,11001003200306,G11000100032003004,110010032003004,1,1
G11000100032307,11001003200307,G11000100032004000,110010032004000,1,1
G11000100032308,11001003200308,G11000100032004001,110010032004001,1,1
G11000100032309,11001003200309,G11000100032004002,110010032004002,0.3400490898,0.5018384423
G11000100032309,11001003200309,G11000100032004004,110010032004004,0.6599509102,0.4981615577
G11000100032310,11001003200310,G11000100032004003,110010032004003,1,1
G11000100032401,11001003200401,G11000100032004005,110010032004005,1,1
G11000100032402,11001003200402,G11000100032004008,110010032004008,0.6393897365,0.6393897365
G11000100032402,11001003200402,G11000100032004009,110010032004009,0.3606102635,0.3606102635
G11000100032403,11001003200403,G11000100032004006,110010032004006,0.975193346,1
G11000100032403,11001003200403,G11000100032004007,110010032004007,0.024806654,0
G11000100032404,11001003200404,G11000100032004010,110010032004010,1,1
G1100010003301101,11001003301101,G11000100033011000,110010033011000,1,1
G1100010003301103,11001003301103,G11000100033011001,110010033011001,1,1
G1100010003301104,11001003301104,G11000100033011002,110010033011002,1,1
G1100010003301105,11001003301105,G11000100033011003,110010033011003,1,1
G1100010003301106,11001003301106,G11000100033011004,110010033011004,1,1
G1100010003301201,11001003301201,G11000100033012000,110010033012000,0.1206854936,0.1304180367
G1100010003301201,11001003301201,G11000100033012001,110010033012001,0.8793145064,0.8695819633
G1100010003301202,11001003301202,G11000100033012000,110010033012000,1,1
G1100010003301203,11001003301203,G11000100033012004,110010033012004,1,1
G1100010003301204,11001003301204,G11000100033012005,110010033012005,1,1
G1100010003301205,11001003301205,G11000100033012002,110010033012002,1,1
G1100010003301206,11001003301206,G11000100033012003,110010033012003,1,1
G1100010003301301,11001003301301,G11000100033013005,110010033013005,1,1
G1100010003301302,11001003301302,G11000100033013004,110010033013004,1,1
G1100010003301303,11001003301303,G11000100033013003,110010033013003,1,1
G1100010003301304,11001003301304,G11000100033013002,110010033013002,1,1
G1100010003301305,11001003301305,G11000100033013001,110010033013001,1,1
G1100010003301306,11001003301306,G11000100033013000,110010033013000,1,1
G1100010003302101,11001003302101,G11000100033021000,110010033021000,1,1
G1100010003302102,11001003302102,G11000100033021003,110010033021003,1,1
G1100010003302103,11001003302103,G11000100033021001,110010033021001,0.0813005772,0.0182926829
G1100010003302103,11001003302103,G11000100033021002,110010033021002,0.9186994228,0.9817073171
G1100010003302104,11001003302104,G11000100033021005,110010033021005,1,1
G1100010003302105,11001003302105,G11000100033021004,110010033021004,1,1
G1100010003302106,11001003302106,G11000100033021006,110010033021006,1,1
G1100010003302201,11001003302201,G11000100033022000,110010033022000,1,1
G1100010003302202,11001003302202,G11000100033022001,110010033022001,1,1
G1100010003302203,11001003302203,G11000100033022002,110010033022002,0.8284669556,0.8081395349
G1100010003302203,11001003302203,G11000100033022003,110010033022003,0.1715330444,0.1918604651
G1100010003302204,11001003302204,G11000100033022004,110010033022004,1,1
G1100010003302206,11001003302206,G11000100033022005,110010033022005,0.8928568078,1
G1100010003302206,11001003302206,G11000100033022006,110010033022006,0.1071431922,0
G11000100034101,11001003400101,G11000100034002000,110010034002000,1,1
G11000100034102,11001003400102,G11000100034002001,110010034002001,0.9793998069,0.9793998069
G11000100034102,11001003400102,G11000100034002002,110010034002002,0.0206001931,0.0206001931
G11000100034103,11001003400103,G11000100034002005,110010034002005,1,1
G11000100034104,11001003400104,G11000100034002003,110010034002003,1,1
G11000100034105,11001003400105,G11000100034002005,110010034002005,1,1
G11000100034107,11001003400107,G11000100034002004,110010034002004,1,1
G11000100034108,11001003400108,G11000100034002006,110010034002006,1,1
G11000100034199,11001003400199,G11000100034002001,110010034002001,1,1
G11000100034201,11001003400201,G11000100034002007,110010034002007,1,1
G11000100034202,11001003400202,G11000100034002008,110010034002008,1,1
G11000100034205,11001003400205,G11000100034002009,110010034002009,1,1
G11000100034206,11001003400206,G11000100034002013,110010034002013,1,1
G11000100034207,11001003400207,G11000100034002010,110010034002010,1,1
G11000100034208,11001003400208,G11000100034002011,110010034002011,1,1
G11000100034301,11001003400301,G11000100034001000,110010034001000,1,1
G11000100034302,11001003400302,G11000100034001001,110010034001001,1,1
G11000100034303,11001003400303,G11000100034001001,110010034001001,1,1
G11000100034304,11001003400304,G11000100034001002,110010034001002,1,1
G11000100034305,11001003400305,G11000100034001004,110010034001004,1,1
G11000100034306,11001003400306,G11000100034001003,110010034001003,0.9668871327,1
G11000100034306,11001003400306,G11000100034001005,110010034001005,0.0331128673,0
G11000100034401,11001003400401,G11000100034002025,110010034002025,1,1
G11000100034402,11001003400402,G11000100034002026,110010034002026,1,1
G11000100034403,11001003400403,G11000100034002024,110010034002024,1,1
G11000100034404,11001003400404,G11000100034002023,110010034002023,1,1
G11000100034405,11001003400405,G11000100034002027,110010034002027,1,1
G11000100034406,11001003400406,G11000100034002021,110010034002021,0.0578032013,0.2926829268
G11000100034406,11001003400406,G11000100034002022,110010034002022,0.9421967987,0.7073170732
G11000100034407,11001003400407,G11000100034002028,110010034002028,1,1
G11000100034501,11001003400501,G11000100034002020,110010034002020,1,1
G11000100034502,11001003400502,G11000100034002019,110010034002019,1,1
G11000100034503,11001003400503,G11000100034002018,110010034002018,1,1
G11000100034504,11001003400504,G11000100034002017,110010034002017,1,1
G11000100034505,11001003400505,G11000100034002016,110010034002016,1,1
G11000100034506,11001003400506,G11000100034002015,110010034002015,1,1
G11000100034507,11001003400507,G11000100034002014,110010034002014,1,1
G11000100034508,11001003400508,G11000100034002012,110010034002012,1,1
G11000100035101,11001003500101,G11000100035001000,110010035001000,1,1
G11000100035102,11001003500102,G11000100035001001,110010035001001,1,1
G11000100035103,11001003500103,G11000100035001002,110010035001002,1,1
G11000100035104,11001003500104,G11000100035001003,110010035001003,1,1
G11000100035105,11001003500105,G11000100035001004,110010035001004,1,1
G11000100035106,11001003500106,G11000100035001005,110010035001005,1,1
G11000100035107,11001003500107,G11000100035001006,110010035001006,1,1
G11000100035201,11001003500201,G11000100035002000,110010035002000,1,1
G11000100035202,11001003500202,G11000100035002001,110010035002001,1,1
G11000100035203,11001003500203,G11000100035002002,110010035002002,1,1
G11000100035204,11001003500204,G11000100035002003,110010035002003,1,1
G11000100035205,11001003500205,G11000100035002004,110010035002004,1,1
G11000100035206,11001003500206,G11000100035002005,110010035002005,1,1
G11000100035207,11001003500207,G11000100035002006,110010035002006,1,1
G11000100035208,11001003500208,G11000100035002007,110010035002007,1,1
G11000100035209,11001003500209,G11000100035002008,110010035002008,1,1
G11000100036101,11001003600101,G11000100036003000,110010036003000,1,1
G11000100036102,11001003600102,G11000100036002000,110010036002000,1,1
G11000100036103,11001003600103,G11000100036002001,110010036002001,1,1
G11000100036104,11001003600104,G11000100036003001,110010036003001,1,1
G11000100036105,11001003600105,G11000100036003002,110010036003002,1,1
G11000100036106,11001003600106,G11000100036002002,110010036002002,1,1
G11000100036107,11001003600107,G11000100036001000,110010036001000,1,1
G11000100036108,11001003600108,G11000100036003003,110010036003003,1,1
G11000100036109,11001003600109,G11000100036003004,110010036003004,1,1
G11000100036110,11001003600110,G11000100036003005,110010036003005,1,1
G11000100036111,11001003600111,G11000100036001001,110010036001001,1,1
G11000100036112,11001003600112,G11000100036001002,110010036001002,1,1
G11000100037101,11001003700101,G11000100037002000,110010037002000,1,1
G11000100037102,11001003700102,G11000100037002001,110010037002001,1,1
G11000100037103,11001003700103,G11000100037002004,110010037002004,1,1
G11000100037104,11001003700104,G11000100037002002,110010037002002,1,1
G11000100037105,11001003700105,G11000100037002003,110010037002003,1,1
G11000100037106,11001003700106,G11000100037001000,110010037001000,1,1
G11000100037107,11001003700107,G11000100037001001,110010037001001,0.1680823038,0.1200607903
G11000100037107,11001003700107,G11000100037001002,110010037001002,0.6452579942,0.6747720365
G11000100037107,11001003700107,G11000100037001003,110010037001003,0.186659702,0.2051671733
G11000100037108,11001003700108,G11000100037003000,110010037003000,1,1
G11000100037109,11001003700109,G11000100037003001,110010037003001,0.4248109685,0.4299625468
G11000100037109,11001003700109,G11000100037003002,110010037003002,0.5751890315,0.5700374532
G11000100037110,11001003700110,G11000100037003003,110010037003003,1,1
G11000100038101,11001003800101,G11000100038003000,110010038003000,0.0676524802,0.75
G11000100038101,11001003800101,G11000100038003001,110010038003001,0.9323475198,0.25
G11000100038102,11001003800102,G11000100038003007,110010038003007,1,1
G11000100038103,11001003800103,G11000100038003003,110010038003003,1,1
G11000100038104,11001003800104,G11000100038003002,110010038003002,1,1
G11000100038105,11001003800105,G11000100038003004,110010038003004,1,1
G11000100038106,11001003800106,G11000100038003005,110010038003005,1,1
G11000100038107,11001003800107,G11000100038003006,110010038003006,1,1
G11000100038108,11001003800108,G11000100038001003,110010038001003,1,1
G11000100038109,11001003800109,G11000100038001002,110010038001002,1,1
G11000100038110,11001003800110,G11000100038001001,110010038001001,1,1
G11000100038111,11001003800111,G11000100038001000,110010038001000,1,1
G11000100038201,11001003800201,G11000100038002000,110010038002000,1,1
G11000100038202,11001003800202,G11000100038002001,110010038002001,1,1
G11000100038203,11001003800203,G11000100038002002,110010038002002,0.8813963993,0.9979939819
G11000100038203,11001003800203,G11000100038002003,110010038002003,0.1186036007,0.0020060181
G11000100038204,11001003800204,G11000100038002004,110010038002004,0.6115368324,1
G11000100038204,11001003800204,G11000100038002005,110010038002005,0.3884631676,0
G11000100038205,11001003800205,G11000100038002004,110010038002004,1,1
G11000100038206,11001003800206,G11000100038002006,110010038002006,0.8864858588,0.8864858588
G11000100038206,11001003800206,G11000100038002007,110010038002007,0.1135141412,0.1135141412
G11000100039101,11001003900101,G11000100039001000,110010039001000,0.2007858882,0.0136612022
G11000100039101,11001003900101,G11000100039001001,110010039001001,0.7992141118,0.9863387978
G11000100039102,11001003900102,G11000100039001003,110010039001003,0.4031275891,0.5528903039
G11000100039102,11001003900102,G11000100039003000,110010039003000,0.5219767836,0.4410531685
G11000100039102,11001003900102,G11000100039003001,110010039003001,0.0748956274,0.0060565276
G11000100039103,11001003900103,G11000100039001002,110010039001002,1,1
G11000100039104,11001003900104,G11000100039003003,110010039003003,0.9528021206,1
G11000100039104,11001003900104,G11000100039003004,110010039003004,0.0471978794,0
G11000100039108,11001003900108,G11000100039003002,110010039003002,1,1
G11000100039201,11001003900201,G11000100039002002,110010039002002,0.4711439101,0.55
G11000100039201,11001003900201,G11000100039002004,110010039002004,0.5087976577,0
G11000100039201,11001003900201,G11000100039002005,110010039002005,0,0
G11000100039201,11001003900201,G11000100039002007,110010039002007,0,0
G11000100039201,11001003900201,G11000100039004002,110010039004002,0.0200584322,0.45
G11000100039202,11001003900202,G11000100039004001,110010039004001,1,1
G11000100039203,11001003900203,G11000100039002005,110010039002005,0,0
G11000100039203,11001003900203,G11000100039002006,110010039002006,1,1
G11000100039203,11001003900203,G11000100039002007,110010039002007,0,0
G11000100039204,11001003900204,G11000100039002003,110010039002003,1,1
G11000100039205,11001003900205,G11000100039002011,110010039002011,1,1
G11000100039206,11001003900206,G11000100039002000,110010039002000,0.0695650823,0.0941422594
G11000100039206,11001003900206,G11000100039002001,110010039002001,0.9304349177,0.9058577406
G11000100039207,11001003900207,G11000100039002008,110010039002008,0,0
G11000100039207,11001003900207,G11000100039002009,110010039002009,0,0
G11000100039207,11001003900207,G11000100039002010,110010039002010,1,1
G11000100039208,11001003900208,G11000100039004000,110010039004000,1,1
G1100010004001101,11001004001101,G11000100040011000,110010040011000,1,1
G1100010004001102,11001004001102,G11000100040011001,110010040011001,1,1
G1100010004001103,11001004001103,G11000100040011002,110010040011002,1,1
G1100010004001104,11001004001104,G11000100040011003,110010040011003,0.9611645762,0.6196660482
G1100010004001104,11001004001104,G11000100040011004,110010040011004,0.0388354238,0.3803339518
G1100010004001201,11001004001201,G11000100040012000,110010040012000,1,1
G1100010004001202,11001004001202,G11000100040012001,110010040012001,1,1
G1100010004001203,11001004001203,G11000100040012002,110010040012002,0.8155316886,0.9748743719
G1100010004001203,11001004001203,G11000100040012003,110010040012003,0.0440247356,0.0251256281
G1100010004001203,11001004001203,G11000100040012004,110010040012004,0.1404435758,0
G1100010004001301,11001004001301,G11000100040013000,110010040013000,0.4598451169,1
G1100010004001301,11001004001301,G11000100040013001,110010040013001,0,0
G1100010004001301,11001004001301,G11000100040013002,110010040013002,0.5401548831,0
G1100010004001301,11001004001301,G11000100040013010,110010040013010,0,0
G1100010004001302,11001004001302,G11000100040013004,110010040013004,0.5340475542,0.3134845189
G1100010004001302,11001004001302,G11000100040013005,110010040013005,0.121074869,0.3717026379
G1100010004001302,11001004001302,G11000100040013006,110010040013006,0.3448775767,0.3148128432
G1100010004001303,11001004001303,G11000100040013003,110010040013003,1,1
G1100010004001304,11001004001304,G11000100040013009,110010040013009,1,1
G1100010004001305,11001004001305,G11000100040013008,110010040013008,1,1
G1100010004001306,11001004001306,G11000100040013007,110010040013007,1,1
G1100010004002101,11001004002101,G11000100040021000,110010040021000,1,1
G1100010004002102,11001004002102,G11000100040021001,110010040021001,1,1
G1100010004002201,11001004002201,G11000100040022000,110010040022000,1,1
G1100010004002202,11001004002202,G11000100040023000,110010040023000,0.0293888929,0
G1100010004002202,11001004002202,G11000100040023001,110010040023001,0.9706111071,1
G1100010004002203,11001004002203,G11000100040023002,110010040023002,1,1
G1100010004002204,11001004002204,G11000100040022001,110010040022001,1,1
G1100010004002205,11001004002205,G11000100040022002,110010040022002,1,1
G1100010004002206,11001004002206,G11000100040022003,110010040022003,1,1
G11000100041101,11001004100101,G11000100041002000,110010041002000,0,0
G11000100041101,11001004100101,G11000100041002001,110010041002001,1,1
G11000100041102,11001004100102,G11000100041002006,110010041002006,0.8809044101,0.8809044101
G11000100041102,11001004100102,G11000100041002007,110010041002007,0.0070144019,0.0070144019
G11000100041102,11001004100102,G11000100041002009,110010041002009,0.112081188,0.112081188
G11000100041103,11001004100103,G11000100041002008,110010041002008,1,1
G11000100041104,11001004100104,G11000100041002004,110010041002004,1,1
G11000100041105,11001004100105,G11000100041002003,110010041002003,1,1
G11000100041106,11001004100106,G11000100041002010,110010041002010,0.9406785215,1
G11000100041106,11001004100106,G11000100041002011,110010041002011,0.0593214785,0
G11000100041107,11001004100107,G11000100041002015,110010041002015,1,1
G11000100041108,11001004100108,G11000100041002013,110010041002013,1,1
G11000100041109,11001004100109,G11000100041002002,110010041002002,1,1
G11000100041110,11001004100110,G11000100041002005,110010041002005,1,1
G11000100041111,11001004100111,G11000100041002001,110010041002001,1,1
G11000100041112,11001004100112,G11000100041002014,110010041002014,1,1
G11000100041201,11001004100201,G11000100041001000,110010041001000,0.3759887367,0.6866621009
G11000100041201,11001004100201,G11000100041002012,110010041002012,0.6240112633,0.3133378991
G11000100041202,11001004100202,G11000100041003000,110010041003000,1,1
G11000100041203,11001004100203,G11000100041003001,110010041003001,1,1
G11000100041204,11001004100204,G11000100041003002,110010041003002,1,1
G11000100041205,11001004100205,G11000100041003016,110010041003016,1,1
G11000100041206,11001004100206,G11000100041003015,110010041003015,1,1
G11000100041207,11001004100207,G11000100041001004,110010041001004,1,1
G11000100041208,11001004100208,G11000100041001003,110010041001003,1,1
G11000100041209,11001004100209,G11000100041001001,110010041001001,1,1
G11000100041210,11001004100210,G11000100041001002,110010041001002,1,1
G11000100041301,11001004100301,G11000100041003029,110010041003029,0.6988463424,0.8181818182
G11000100041301,11001004100301,G11000100041003030,110010041003030,0.3011536576,0.1818181818
G11000100041302,11001004100302,G11000100041003014,110010041003014,1,1
G11000100041303,11001004100303,G11000100041003003,110010041003003,0.9864022494,1
G11000100041303,11001004100303,G11000100041003005,110010041003005,0.0135977506,0
G11000100041304,11001004100304,G11000100041003004,110010041003004,0.2031884724,0.2031884724
G11000100041304,11001004100304,G11000100041003006,110010041003006,0.7968115276,0.7968115276
G11000100041305,11001004100305,G11000100041003013,110010041003013,1,1
G11000100041306,11001004100306,G11000100041003028,110010041003028,1,1
G11000100041307,11001004100307,G11000100041003031,110010041003031,1,1
G11000100041308,11001004100308,G11000100041003011,110010041003011,0.8733154483,1
G11000100041308,11001004100308,G11000100041003012,110010041003012,0.1266845517,0
G11000100041309,11001004100309,G11000100041003007,110010041003007,0.2825572591,0.2825572591
G11000100041309,11001004100309,G11000100041003008,110010041003008,0.5611158433,0.5611158433
G11000100041309,11001004100309,G11000100041003009,110010041003009,0.1563268976,0.1563268976
G11000100041309,11001004100309,G11000100041003010,110010041003010,0,0
G11000100041310,11001004100310,G11000100041003021,110010041003021,0.9663421878,1
G11000100041310,11001004100310,G11000100041003022,110010041003022,0.0336578122,0
G11000100041311,11001004100311,G11000100041003020,110010041003020,0.8103304169,0.9882218875
G11000100041311,11001004100311,G11000100041003023,110010041003023,0.1172048982,0.0117781125
G11000100041311,11001004100311,G11000100041003024,110010041003024,0.0724646848,0
G11000100041312,11001004100312,G11000100041003017,110010041003017,1,1
G11000100041312,11001004100312,G11000100041003025,110010041003025,0,0
G11000100041312,11001004100312,G11000100041003026,110010041003026,0,0
G11000100041313,11001004100313,G11000100041003018,110010041003018,0.9513273254,0.9513273254
G11000100041313,11001004100313,G11000100041003019,110010041003019,0,0
G11000100041313,11001004100313,G11000100041003026,110010041003026,0,0
G11000100041313,11001004100313,G11000100041003027,110010041003027,0.0486726746,0.0486726746
G1100010004201101,11001004201101,G11000100042011000,110010042011000,1,1
G1100010004201102,11001004201102,G11000100042011001,110010042011001,1,1
G1100010004201103,11001004201103,G11000100042011002,110010042011002,1,1
G1100010004201104,11001004201104,G11000100042011003,110010042011003,1,1
G1100010004201105,11001004201105,G11000100042011004,110010042011004,0.8901105072,1
G1100010004201105,11001004201105,G11000100042011005,110010042011005,0.1098894928,0
G1100010004201107,11001004201107,G11000100042011006,110010042011006,1,1
G1100010004201201,11001004201201,G11000100042012007,110010042012007,1,1
G1100010004201202,11001004201202,G11000100042012006,110010042012006,1,1
G1100010004201203,11001004201203,G11000100042012005,110010042012005,1,1
G1100010004201204,11001004201204,G11000100042012004,110010042012004,1,1
G1100010004201205,11001004201205,G11000100042012000,110010042012000,1,1
G1100010004201206,11001004201206,G11000100042012002,110010042012002,1,1
G1100010004201207,11001004201207,G11000100042012001,110010042012001,1,1
G1100010004201208,11001004201208,G11000100042012003,110010042012003,1,1
G1100010004202101,11001004202101,G11000100042022000,110010042022000,0.9382712332,0.975
G1100010004202101,11001004202101,G11000100042022003,110010042022003,0.0617287668,0.025
G1100010004202102,11001004202102,G11000100042022001,110010042022001,1,1
G1100010004202103,11001004202103,G11000100042022007,110010042022007,1,1
G1100010004202104,11001004202104,G11000100042022002,110010042022002,1,1
G1100010004202105,11001004202105,G11000100042022006,110010042022006,1,1
G1100010004202106,11001004202106,G11000100042022005,110010042022005,1,1
G1100010004202107,11001004202107,G11000100042021001,110010042021001,1,1
G1100010004202108,11001004202108,G11000100042021000,110010042021000,1,1
G1100010004202109,11001004202109,G11000100042021010,110010042021010,1,1
G1100010004202110,11001004202110,G11000100042021003,110010042021003,1,1
G1100010004202111,11001004202111,G11000100042021002,110010042021002,1,1
G1100010004202112,11001004202112,G11000100042022004,110010042022004,1,1
G1100010004202113,11001004202113,G11000100042021006,110010042021006,0.9637418026,1
G1100010004202113,11001004202113,G11000100042021007,110010042021007,0.0362581974,0
G1100010004202114,11001004202114,G11000100042021005,110010042021005,1,1
G1100010004202115,11001004202115,G11000100042021004,110010042021004,1,1
G1100010004202116,11001004202116,G11000100042021008,110010042021008,0.9439786448,0.9047619048
G1100010004202116,11001004202116,G11000100042021009,110010042021009,0.0560213552,0.0952380952
G1100010004202117,11001004202117,G11000100042021011,110010042021011,1,1
G11000100043101,11001004300101,G11000100043001000,110010043001000,1,1
G11000100043102,11001004300102,G11000100043001001,110010043001001,1,1
G11000100043103,11001004300103,G11000100043001006,110010043001006,1,1
G11000100043104,11001004300104,G11000100043001006,110010043001006,1,1
G11000100043105,11001004300105,G11000100043001002,110010043001002,1,1
G11000100043106,11001004300106,G11000100043001003,110010043001003,1,1
G11000100043107,11001004300107,G11000100043001004,110010043001004,1,1
G11000100043108,11001004300108,G11000100043001005,110010043001005,1,1
G11000100043109,11001004300109,G11000100043001007,110010043001007,1,1
G11000100043201,11001004300201,G11000100043002000,110010043002000,1,1
G11000100043202,11001004300202,G11000100043002002,110010043002002,1,1
G11000100043203,11001004300203,G11000100043002003,110010043002003,1,1
G11000100043204,11001004300204,G11000100043002004,110010043002004,1,1
G11000100043205,11001004300205,G11000100043002005,110010043002005,1,1
G11000100043206,11001004300206,G11000100043002006,110010043002006,1,1
G11000100043207,11001004300207,G11000100043002001,110010043002001,1,1
G11000100044101,11001004400101,G11000100044001002,110010044001002,1,1
G11000100044102,11001004400102,G11000100044001003,110010044001003,1,1
G11000100044103,11001004400103,G11000100044001004,110010044001004,1,1
G11000100044104,11001004400104,G11000100044001005,110010044001005,1,1
G11000100044105,11001004400105,G11000100044001006,110010044001006,1,1
G11000100044106,11001004400106,G11000100044001007,110010044001007,0.5078963992,0.5078963992
G11000100044106,11001004400106,G11000100044001008,110010044001008,0.4921036008,0.4921036008
G11000100044107,11001004400107,G11000100044001009,110010044001009,1,1
G11000100044108,11001004400108,G11000100044001015,110010044001015,1,1
G11000100044109,11001004400109,G11000100044001016,110010044001016,1,1
G11000100044110,11001004400110,G11000100044001017,110010044001017,1,1
G11000100044201,11001004400201,G11000100044002007,110010044002007,1,1
G11000100044202,11001004400202,G11000100044002008,110010044002008,1,1
G11000100044203,11001004400203,G11000100044002006,110010044002006,1,1
G11000100044204,11001004400204,G11000100044002005,110010044002005,1,1
G11000100044205,11001004400205,G11000100044002011,110010044002011,1,1
G11000100044206,11001004400206,G11000100044002006,110010044002006,1,1
G11000100044207,11001004400207,G11000100044002009,110010044002009,1,1
G11000100044208,11001004400208,G11000100044002010,110010044002010,1,1
G11000100044209,11001004400209,G11000100044002010,110010044002010,1,1
G11000100045101,11001004500101,G11000100044001000,110010044001000,1,1
G11000100045102,11001004500102,G11000100044001001,110010044001001,1,1
G11000100045103,11001004500103,G11000100044001010,110010044001010,1,1
G11000100045104,11001004500104,G11000100044001011,110010044001011,1,1
G11000100045105,11001004500105,G11000100044001014,110010044001014,1,1
G11000100045106,11001004500106,G11000100044001013,110010044001013,1,1
G11000100045107,11001004500107,G11000100044001018,110010044001018,1,1
G11000100045108,11001004500108,G11000100044001012,110010044001012,1,1
G11000100045201,11001004500201,G11000100044002002,110010044002002,0.023952314,0.0810810811
G11000100045201,11001004500201,G11000100044002004,110010044002004,0.976047686,0.9189189189
G11000100045202,11001004500202,G11000100044002001,110010044002001,1,1
G11000100045203,11001004500203,G11000100044002002,110010044002002,1,1
G11000100045204,11001004500204,G11000100044002003,110010044002003,1,1
G11000100045205,11001004500205,G11000100044002013,110010044002013,1,1
G11000100045206,11001004500206,G11000100044002017,110010044002017,1,1
G11000100045207,11001004500207,G11000100044002016,110010044002016,1,1
G11000100045208,11001004500208,G11000100044002012,110010044002012,0.7196961586,0.2549019608
G11000100045208,11001004500208,G11000100044002014,110010044002014,0.2803038414,0.7450980392
G11000100045209,11001004500209,G11000100044002018,110010044002018,1,1
G11000100045210,11001004500210,G11000100044002015,110010044002015,1,1
G11000100045211,11001004500211,G11000100044002000,110010044002000,1,1
G11000100046101,11001004600101,G11000100046001001,110010046001001,1,1
G11000100046102,11001004600102,G11000100046001000,110010046001000,1,1
G11000100046103,11001004600103,G11000100046001002,110010046001002,1,1
G11000100046104,11001004600104,G11000100046001003,110010046001003,1,1
G11000100046105,11001004600105,G11000100046001004,110010046001004,1,1
G11000100046106,11001004600106,G11000100046001005,110010046001005,1,1
G11000100046201,11001004600201,G11000100046002019,110010046002019,1,1
G11000100046202,11001004600202,G11000100046002018,110010046002018,0.8398263217,0.9449541284
G11000100046202,11001004600202,G11000100046002020,110010046002020,0.1601736783,0.0550458716
G11000100046203,11001004600203,G11000100046002000,110010046002000,0.9814615112,0.9913644214
G11000100046203,11001004600203,G11000100046002012,110010046002012,0.0185384888,0.0086355786
G11000100046204,11001004600204,G11000100046002001,110010046002001,1,1
G11000100046205,11001004600205,G11000100046002014,110010046002014,1,1
G11000100046206,11001004600206,G11000100046002016,110010046002016,0.9142464202,0.980952381
G11000100046206,11001004600206,G11000100046002017,110010046002017,0.0857535798,0.019047619
G11000100046207,11001004600207,G11000100046002015,110010046002015,1,1
G11000100046208,11001004600208,G11000100046002006,110010046002006,1,1
G11000100046301,11001004600301,G11000100046002002,110010046002002,1,1
G11000100046302,11001004600302,G11000100046002003,110010046002003,1,1
G11000100046303,11001004600303,G11000100046002004,110010046002004,0.6914897676,0.6914897676
G11000100046303,11001004600303,G11000100046002005,110010046002005,0.3085102324,0.3085102324
G11000100046304,11001004600304,G11000100046002009,110010046002009,0.8493955102,0.9135135135
G11000100046304,11001004600304,G11000100046002010,110010046002010,0.1506044898,0.0864864865
G11000100046305,11001004600305,G11000100046002007,110010046002007,0.8640484209,0.9593495935
G11000100046305,11001004600305,G11000100046002011,110010046002011,0.1359515791,0.0406504065
G11000100046306,11001004600306,G11000100046002013,110010046002013,1,1
G11000100046307,11001004600307,G11000100046002008,110010046002008,1,1
G11000100047101,11001004700101,G11000100047012000,110010047012000,1,1
G11000100047102,11001004700102,G11000100047012001,110010047012001,1,1
G11000100047104,11001004700104,G11000100047012002,110010047012002,1,1
G11000100047201,11001004700201,G11000100047011000,110010047011000,0.4018470962,0.3463992707
G11000100047201,11001004700201,G11000100047011002,110010047011002,0.2043023116,0.1381039198
G11000100047201,11001004700201,G11000100047011003,110010047011003,0.3938505922,0.5154968095
G11000100047202,11001004700202,G11000100047021000,110010047021000,1,1
G11000100047203,11001004700203,G11000100047011001,110010047011001,1,1
G11000100047204,11001004700204,G11000100047021020,110010047021020,1,1
G11000100047205,11001004700205,G11000100047021021,110010047021021,1,1
G11000100047206,11001004700206,G11000100047021023,110010047021023,1,1
G11000100047301,11001004700301,G11000100047012003,110010047012003,1,1
G11000100047302,11001004700302,G11000100047021001,110010047021001,0.8674021492,1
G11000100047302,11001004700302,G11000100047021002,110010047021002,0.1325978508,0
G11000100047303,11001004700303,G11000100047021019,110010047021019,1,1
G11000100047304,11001004700304,G11000100047021018,110010047021018,1,1
G11000100047305,11001004700305,G11000100047021017,110010047021017,1,1
G11000100047306,11001004700306,G11000100047021014,110010047021014,0.0893308484,0.0893308484
G11000100047306,11001004700306,G11000100047021015,110010047021015,0.0322879529,0.0322879529
G11000100047306,11001004700306,G11000100047021016,110010047021016,0.8783811987,0.8783811987
G11000100047307,11001004700307,G11000100047021022,110010047021022,1,1
G11000100047308,11001004700308,G11000100047021022,110010047021022,1,1
G11000100047401,11001004700401,G11000100047021004,110010047021004,0.1543119569,0.1543119569
G11000100047401,11001004700401,G11000100047021005,110010047021005,0.735751235,0.735751235
G11000100047401,11001004700401,G11000100047021014,110010047021014,0.10901545,0.10901545
G11000100047401,11001004700401,G11000100047021015,110010047021015,0.0009213581,0.0009213581
G11000100047402,11001004700402,G11000100047021003,110010047021003,1,1
G11000100047420,11001004700420,G11000100047012004,110010047012004,0.5829397187,0
G11000100047420,11001004700420,G11000100047012005,110010047012005,0.0932395139,0
G11000100047420,11001004700420,G11000100047012006,110010047012006,0.3238207674,1
G11000100047501,11001004700501,G11000100047021011,110010047021011,1,1
G11000100047502,11001004700502,G11000100047021007,110010047021007,1,1
G11000100047503,11001004700503,G11000100047021008,110010047021008,0.9147090573,0.9147090573
G11000100047503,11001004700503,G11000100047021010,110010047021010,0.0852909427,0.0852909427
G11000100047504,11001004700504,G11000100047012007,110010047012007,1,1
G11000100047505,11001004700505,G11000100047021009,110010047021009,1,1
G11000100047506,11001004700506,G11000100047021006,110010047021006,1,1
G11000100047507,11001004700507,G11000100047012008,110010047012008,1,1
G11000100047508,11001004700508,G11000100047012010,110010047012010,1,1
G11000100047509,11001004700509,G11000100047012009,110010047012009,1,1
G11000100047510,11001004700510,G11000100047021012,110010047021012,0.8799994012,1
G11000100047510,11001004700510,G11000100047021013,110010047021013,0.1200005988,0
G1100010004801101,11001004801101,G11000100048011003,110010048011003,1,1
G1100010004801102,11001004801102,G11000100048011004,110010048011004,1,1
G1100010004801103,11001004801103,G11000100048011002,110010048011002,1,1
G1100010004801104,11001004801104,G11000100048011001,110010048011001,1,1
G1100010004801105,11001004801105,G11000100048011000,110010048011000,1,1
G1100010004801106,11001004801106,G11000100048011008,110010048011008,1,1
G1100010004801107,11001004801107,G11000100048011007,110010048011007,1,1
G1100010004801108,11001004801108,G11000100048011005,110010048011005,1,1
G1100010004801201,11001004801201,G11000100048011018,110010048011018,0.9192316174,0.9950738916
G1100010004801201,11001004801201,G11000100048011019,110010048011019,0.0807683826,0.0049261084
G1100010004801202,11001004801202,G11000100048011006,110010048011006,0.1463400146,0.1010452962
G1100010004801202,11001004801202,G11000100048011017,110010048011017,0.8536599854,0.8989547038
G1100010004801203,11001004801203,G11000100048011011,110010048011011,1,1
G1100010004801205,11001004801205,G11000100048011010,110010048011010,1,1
G1100010004801206,11001004801206,G11000100048011009,110010048011009,1,1
G1100010004801207,11001004801207,G11000100048011012,110010048011012,1,1
G1100010004801208,11001004801208,G11000100048011013,110010048011013,1,1
G1100010004801301,11001004801301,G11000100048011020,110010048011020,1,1
G1100010004801303,11001004801303,G11000100048011015,110010048011015,1,1
G1100010004801304,11001004801304,G11000100048011016,110010048011016,1,1
G1100010004801306,11001004801306,G11000100048011021,110010048011021,1,1
G1100010004801307,11001004801307,G11000100048011022,110010048011022,1,1
G1100010004801308,11001004801308,G11000100048011023,110010048011023,0.9683037052,0.8910891089
G1100010004801308,11001004801308,G11000100048011024,110010048011024,0.0086317516,0
G1100010004801308,11001004801308,G11000100048011025,110010048011025,0.0230645432,0.1089108911
G1100010004801320,11001004801320,G11000100048011014,110010048011014,1,1
G1100010004802104,11001004802104,G11000100048021001,110010048021001,1,1
G1100010004802105,11001004802105,G11000100048021007,110010048021007,1,1
G1100010004802106,11001004802106,G11000100048021002,110010048021002,0.7741029121,1
G1100010004802106,11001004802106,G11000100048021003,110010048021003,0.1267225807,0
G1100010004802106,11001004802106,G11000100048021004,110010048021004,0.0991745072,0
G1100010004802109,11001004802109,G11000100048021005,110010048021005,1,1
G1100010004802110,11001004802110,G11000100048021006,110010048021006,0.979151869,0.9671052632
G1100010004802110,11001004802110,G11000100048021008,110010048021008,0.020848131,0.0328947368
G1100010004802120,11001004802120,G11000100048021000,110010048021000,1,1
G1100010004802201,11001004802201,G11000100048022004,110010048022004,0.813526858,0.9360730594
G1100010004802201,11001004802201,G11000100048022007,110010048022007,0.186473142,0.0639269406
G1100010004802202,11001004802202,G11000100048022006,110010048022006,1,1
G1100010004802203,11001004802203,G11000100048022005,110010048022005,1,1
G1100010004802205,11001004802205,G11000100048022003,110010048022003,1,1
G1100010004802208,11001004802208,G11000100048022001,110010048022001,1,1
G1100010004802209,11001004802209,G11000100048022000,110010048022000,1,1
G1100010004802220,11001004802220,G11000100048022002,110010048022002,1,1
G1100010004901101,11001004901101,G11000100049011000,110010049011000,1,1
G1100010004901102,11001004901102,G11000100049011001,110010049011001,1,1
G1100010004901103,11001004901103,G11000100049011002,110010049011002,1,1
G1100010004901104,11001004901104,G11000100049011003,110010049011003,1,1
G1100010004901105,11001004901105,G11000100049011004,110010049011004,1,1
G1100010004901106,11001004901106,G11000100049011005,110010049011005,1,1
G1100010004901107,11001004901107,G11000100049011006,110010049011006,1,1
G1100010004901201,11001004901201,G11000100049012000,110010049012000,1,1
G1100010004901202,11001004901202,G11000100049012001,110010049012001,1,1
G1100010004901203,11001004901203,G11000100049012002,110010049012002,0.152344777,0
G1100010004901203,11001004901203,G11000100049012004,110010049012004,0.3011032691,1
G1100010004901203,11001004901203,G11000100049012010,110010049012010,0.5465519539,0
G1100010004901204,11001004901204,G11000100049012006,110010049012006,1,1
G1100010004901205,11001004901205,G11000100049012005,110010049012005,1,1
G1100010004901206,11001004901206,G11000100049012007,110010049012007,1,1
G1100010004901207,11001004901207,G11000100049012009,110010049012009,1,1
G1100010004901208,11001004901208,G11000100049012008,110010049012008,1,1
G1100010004901301,11001004901301,G11000100049012013,110010049012013,1,1
G1100010004901302,11001004901302,G11000100049012014,110010049012014,1,1
G1100010004901303,11001004901303,G11000100049012003,110010049012003,0.7906164592,0.7906164592
G1100010004901303,11001004901303,G11000100049012012,110010049012012,0.2093835408,0.2093835408
G1100010004901304,11001004901304,G11000100049012003,110010049012003,0.1039099321,0
G1100010004901304,11001004901304,G11000100049012004,110010049012004,0.3183082478,1
G1100010004901304,11001004901304,G11000100049012010,110010049012010,0.57778182,0
G1100010004901305,11001004901305,G11000100049012003,110010049012003,1,1
G1100010004901306,11001004901306,G11000100049012011,110010049012011,1,1
G1100010004901308,11001004901308,G11000100049012003,110010049012003,1,1
G1100010004902101,11001004902101,G11000100049021000,110010049021000,1,1
G1100010004902102,11001004902102,G11000100049021001,110010049021001,1,1
G1100010004902103,11001004902103,G11000100049021002,110010049021002,0.2226973304,0.1200787402
G1100010004902103,11001004902103,G11000100049021003,110010049021003,0.0782772834,0.092519685
G1100010004902103,11001004902103,G11000100049021004,110010049021004,0.2883393043,0.1220472441
G1100010004902103,11001004902103,G11000100049021006,110010049021006,0.3363765939,0.6653543307
G1100010004902103,11001004902103,G11000100049021007,110010049021007,0.074309488,0
G1100010004902104,11001004902104,G11000100049021005,110010049021005,1,1
G1100010004902105,11001004902105,G11000100049022004,110010049022004,1,1
G1100010004902106,11001004902106,G11000100049022001,110010049022001,0.3209625979,0.2012012012
G1100010004902106,11001004902106,G11000100049022002,110010049022002,0.328307722,0.4024024024
G1100010004902106,11001004902106,G11000100049022003,110010049022003,0.0311201314,0.003003003
G1100010004902106,11001004902106,G11000100049022005,110010049022005,0.188718147,0.2612612613
G1100010004902106,11001004902106,G11000100049022006,110010049022006,0.1308914017,0.1321321321
G1100010004902107,11001004902107,G11000100049022000,110010049022000,1,1
G1100010004902108,11001004902108,G11000100049022000,110010049022000,1,1
G1100010004902201,11001004902201,G11000100049022009,110010049022009,1,1
G1100010004902202,11001004902202,G11000100049022009,110010049022009,1,1
G1100010004902203,11001004902203,G11000100049022008,110010049022008,1,1
G1100010004902204,11001004902204,G11000100049022013,110010049022013,1,1
G1100010004902205,11001004902205,G11000100049022007,110010049022007,1,1
G1100010004902206,11001004902206,G11000100049022012,110010049022012,1,1
G1100010004902207,11001004902207,G11000100049022010,110010049022010,1,1
G1100010004902208,11001004902208,G11000100049022010,110010049022010,1,1
G1100010004902209,11001004902209,G11000100049022011,110010049022011,1,1
G11000100050101,11001005000101,G11000100050011000,110010050011000,1,1
G11000100050102,11001005000102,G11000100050011004,110010050011004,0.0155842615,0
G11000100050102,11001005000102,G11000100050011005,110010050011005,0.8675317402,0.7535545024
G11000100050102,11001005000102,G11000100050011006,110010050011006,0.1168839982,0.2464454976
G11000100050103,11001005000103,G11000100050011002,110010050011002,1,1
G11000100050104,11001005000104,G11000100050011003,110010050011003,1,1
G11000100050105,11001005000105,G11000100050011001,110010050011001,1,1
G11000100050106,11001005000106,G11000100050011008,110010050011008,1,1
G11000100050107,11001005000107,G11000100050011007,110010050011007,1,1
G11000100050108,11001005000108,G11000100050011009,110010050011009,1,1
G11000100050111,11001005000111,G11000100050011010,110010050011010,1,1
G11000100050201,11001005000201,G11000100050023005,110010050023005,1,1
G11000100050202,11001005000202,G11000100050023000,110010050023000,0.1384168862,0.1361702128
G11000100050202,11001005000202,G11000100050023004,110010050023004,0.7824864708,0.6936170213
G11000100050202,11001005000202,G11000100050023008,110010050023008,0.079096643,0.170212766
G11000100050203,11001005000203,G11000100050023007,110010050023007,1,1
G11000100050204,11001005000204,G11000100050023006,110010050023006,1,1
G11000100050205,11001005000205,G11000100050021000,110010050021000,1,1
G11000100050206,11001005000206,G11000100050023001,110010050023001,0.5276561081,0.9205356247
G11000100050206,11001005000206,G11000100050023002,110010050023002,0.2510680657,0.0794643753
G11000100050206,11001005000206,G11000100050023003,110010050023003,0.2212758262,0
G11000100050207,11001005000207,G11000100050024000,110010050024000,0.687232783,0.7939733707
G11000100050207,11001005000207,G11000100050024001,110010050024001,0.2757350523,0.2060266293
G11000100050207,11001005000207,G11000100050024004,110010050024004,0.0370321647,0
G11000100050208,11001005000208,G11000100050021001,110010050021001,1,1
G11000100050209,11001005000209,G11000100050024002,110010050024002,0.4985897838,0.6323877069
G11000100050209,11001005000209,G11000100050024003,110010050024003,0.5014102162,0.3676122931
G11000100050210,11001005000210,G11000100050021002,110010050021002,1,1
G11000100050301,11001005000301,G11000100050022000,110010050022000,1,1
G11000100050302,11001005000302,G11000100050022001,110010050022001,1,1
G11000100050303,11001005000303,G11000100050022002,110010050022002,1,1
G11000100050304,11001005000304,G11000100050022003,110010050022003,0.3848187448,0.5980105325
G11000100050304,11001005000304,G11000100050022005,110010050022005,0.6151812552,0.4019894675
G11000100050305,11001005000305,G11000100050022004,110010050022004,1,1
G11000100050306,11001005000306,G11000100050022006,110010050022006,1,1
G11000100050401,11001005000401,G11000100050012005,110010050012005,1,1
G11000100050402,11001005000402,G11000100050012004,110010050012004,0.8397032601,1
G11000100050402,11001005000402,G11000100050012006,110010050012006,0.0910902845,0
G11000100050402,11001005000402,G11000100050012007,110010050012007,0.0692064554,0
G11000100050403,11001005000403,G11000100050012003,110010050012003,1,1
G11000100050404,11001005000404,G11000100050012002,110010050012002,1,1
G11000100050405,11001005000405,G11000100050012001,110010050012001,1,1
G11000100050406,11001005000406,G11000100050012000,110010050012000,1,1
G11000100051101,11001005100101,G11000100101001000,110010101001000,1,1
G11000100051102,11001005100102,G11000100101001001,110010101001001,0.9060960212,1
G11000100051102,11001005100102,G11000100101001002,110010101001002,0.0939039788,0
G11000100051103,11001005100103,G11000100101001003,110010101001003,1,1
G11000100051104,11001005100104,G11000100101001011,110010101001011,1,1
G11000100051105,11001005100105,G11000100101001004,110010101001004,1,1
G11000100051106,11001005100106,G11000100101001010,110010101001010,1,1
G11000100051107,11001005100107,G11000100101001013,110010101001013,1,1
G11000100051108,11001005100108,G11000100101001012,110010101001012,1,1
G11000100051109,11001005100109,G11000100101001023,110010101001023,0.0734055455,0.0734055455
G11000100051109,11001005100109,G11000100101001024,110010101001024,0.9265944545,0.9265944545
G11000100051110,11001005100110,G11000100101001021,110010101001021,0.9286609551,0.9286609551
G11000100051110,11001005100110,G11000100101001022,110010101001022,0.0713390449,0.0713390449
G11000100051111,11001005100111,G11000100101001025,110010101001025,1,1
G11000100051113,11001005100113,G11000100101001020,110010101001020,1,1
G11000100051201,11001005100201,G11000100101001019,110010101001019,1,1
G11000100051202,11001005100202,G11000100101001028,110010101001028,1,1
G11000100051203,11001005100203,G11000100101001027,110010101001027,1,1
G11000100051208,11001005100208,G11000100101001015,110010101001015,1,1
G11000100051209,11001005100209,G11000100101001018,110010101001018,0.504494685,0.504494685
G11000100051209,11001005100209,G11000100101001029,110010101001029,0.495505315,0.495505315
G11000100051211,11001005100211,G11000100101001014,110010101001014,1,1
G11000100051212,11001005100212,G11000100101001009,110010101001009,1,1
G11000100051213,11001005100213,G11000100101001008,110010101001008,1,1
G11000100051214,11001005100214,G11000100101001007,110010101001007,1,1
G11000100051215,11001005100215,G11000100101001005,110010101001005,0.8169099942,0.9921182266
G11000100051215,11001005100215,G11000100101001006,110010101001006,0.1830900058,0.0078817734
G11000100051301,11001005100301,G11000100101001017,110010101001017,1,1
G11000100051302,11001005100302,G11000100101001026,110010101001026,1,1
G11000100051303,11001005100303,G11000100101001016,110010101001016,1,1
G1100010005210101,11001005210101,G11000100052014000,110010052014000,1,1
G1100010005210102,11001005210102,G11000100052014001,110010052014001,1,1
G1100010005210103,11001005210103,G11000100052011001,110010052011001,0.8467927513,0.5290140845
G1100010005210103,11001005210103,G11000100052011002,110010052011002,0.1532072487,0.4709859155
G1100010005210104,11001005210104,G11000100052014002,110010052014002,1,1
G1100010005210105,11001005210105,G11000100052014003,110010052014003,1,1
G1100010005210107,11001005210107,G11000100052011003,110010052011003,0.1713717694,0.1713717694
G1100010005210107,11001005210107,G11000100052011004,110010052011004,0.3117296223,0.3117296223
G1100010005210107,11001005210107,G11000100052011005,110010052011005,0.1884691849,0.1884691849
G1100010005210107,11001005210107,G11000100052011006,110010052011006,0.3284294235,0.3284294235
G1100010005210108,11001005210108,G11000100052014004,110010052014004,1,1
G1100010005210109,11001005210109,G11000100052014005,110010052014005,1,1
G1100010005210110,11001005210110,G11000100052013000,110010052013000,0.6722530835,0.2361020275
G1100010005210110,11001005210110,G11000100052013001,110010052013001,0.3277469165,0.7638979725
G1100010005210111,11001005210111,G11000100052011000,110010052011000,0.8207494602,0.961283984
G1100010005210111,11001005210111,G11000100052013002,110010052013002,0.1792505398,0.038716016
G1100010005210201,11001005210201,G11000100052012008,110010052012008,1,1
G1100010005210202,11001005210202,G11000100052012004,110010052012004,1,1
G1100010005210203,11001005210203,G11000100052012005,110010052012005,1,1
G1100010005210204,11001005210204,G11000100052012006,110010052012006,1,1
G1100010005210205,11001005210205,G11000100052012009,110010052012009,1,1
G1100010005210207,11001005210207,G11000100052012007,110010052012007,1,1
G1100010005210211,11001005210211,G11000100052012000,110010052012000,1,1
G1100010005210212,11001005210212,G11000100052012001,110010052012001,1,1
G1100010005210213,11001005210213,G11000100052012002,110010052012002,1,1
G1100010005210214,11001005210214,G11000100052012003,110010052012003,1,1
G1100010005220101,11001005220101,G11000100101002002,110010101002002,1,1
G1100010005220102,11001005220102,G11000100101002001,110010101002001,1,1
G1100010005220103,11001005220103,G11000100101002005,110010101002005,1,1
G1100010005220106,11001005220106,G11000100101002000,110010101002000,1,1
G1100010005220107,11001005220107,G11000100101002006,110010101002006,1,1
G1100010005220108,11001005220108,G11000100101002007,110010101002007,1,1
G1100010005220112,11001005220112,G11000100101002003,110010101002003,1,1
G1100010005220113,11001005220113,G11000100101002004,110010101002004,1,1
G1100010005301101,11001005301101,G11000100053011000,110010053011000,1,1
G1100010005301102,11001005301102,G11000100053011001,110010053011001,1,1
G1100010005301104,11001005301104,G11000100053011002,110010053011002,1,1
G1100010005301105,11001005301105,G11000100053014000,110010053014000,1,1
G1100010005301106,11001005301106,G11000100053014001,110010053014001,1,1
G1100010005301107,11001005301107,G11000100053014002,110010053014002,0.4314290863,0.2961460446
G1100010005301107,11001005301107,G11000100053014005,110010053014005,0.5685709137,0.7038539554
G1100010005301108,11001005301108,G11000100053014003,110010053014003,0.7626323644,0.5545808967
G1100010005301108,11001005301108,G11000100053014004,110010053014004,0.2373676356,0.4454191033
G1100010005301201,11001005301201,G11000100053012000,110010053012000,0.5004630619,0.9543269231
G1100010005301201,11001005301201,G11000100053012005,110010053012005,0.4995369381,0.0456730769
G1100010005301202,11001005301202,G11000100053012004,110010053012004,1,1
G1100010005301203,11001005301203,G11000100053012001,110010053012001,1,1
G1100010005301204,11001005301204,G11000100053012002,110010053012002,0.895669098,1
G1100010005301204,11001005301204,G11000100053012003,110010053012003,0.104330902,0
G1100010005301205,11001005301205,G11000100053013002,110010053013002,1,1
G1100010005301206,11001005301206,G11000100053013001,110010053013001,1,1
G1100010005301207,11001005301207,G11000100053013000,110010053013000,1,1
G1100010005301208,11001005301208,G11000100053013003,110010053013003,1,1
G1100010005301209,11001005301209,G11000100053013004,110010053013004,0.2450206689,0.2450206689
G1100010005301209,11001005301209,G11000100053013005,110010053013005,0.1739947388,0.1739947388
G1100010005301209,11001005301209,G11000100053013006,110010053013006,0.3246899662,0.3246899662
G1100010005301209,11001005301209,G11000100053013007,110010053013007,0.2562946261,0.2562946261
G1100010005302101,11001005302101,G11000100107002000,110010107002000,0.5099302201,0.5099302201
G1100010005302101,11001005302101,G11000100107002015,110010107002015,0.4900697799,0.4900697799
G1100010005302102,11001005302102,G11000100107002001,110010107002001,1,1
G1100010005302103,11001005302103,G11000100107002002,110010107002002,1,1
G1100010005302104,11001005302104,G11000100107002003,110010107002003,1,1
G1100010005302105,11001005302105,G11000100107002011,110010107002011,0.1078642477,0.1078642477
G1100010005302105,11001005302105,G11000100107002012,110010107002012,0.8921357523,0.8921357523
G1100010005302106,11001005302106,G11000100107002013,110010107002013,1,1
G1100010005302107,11001005302107,G11000100107002014,110010107002014,1,1
G1100010005302108,11001005302108,G11000100107002016,110010107002016,1,1
G1100010005302109,11001005302109,G11000100107002017,110010107002017,1,1
G1100010005302110,11001005302110,G11000100107002018,110010107002018,1,1
G1100010005302201,11001005302201,G11000100107001001,110010107001001,1,1
G1100010005302202,11001005302202,G11000100107001000,110010107001000,1,1
G1100010005302203,11001005302203,G11000100107001021,110010107001021,1,1
G1100010005302204,11001005302204,G11000100107001020,110010107001020,1,1
G1100010005302205,11001005302205,G11000100107001022,110010107001022,1,1
G1100010005302206,11001005302206,G11000100107001023,110010107001023,1,1
G1100010005302207,11001005302207,G11000100107001026,110010107001026,1,1
G1100010005302208,11001005302208,G11000100107001000,110010107001000,1,1
G1100010005401101,11001005401101,G11000100107002005,110010107002005,1,1
G1100010005401102,11001005401102,G11000100107001016,110010107001016,1,1
G1100010005401103,11001005401103,G11000100107002006,110010107002006,1,1
G1100010005401104,11001005401104,G11000100107002009,110010107002009,1,1
G1100010005401109,11001005401109,G11000100107001004,110010107001004,1,1
G1100010005401110,11001005401110,G11000100107001013,110010107001013,1,1
G1100010005401112,11001005401112,G11000100107001028,110010107001028,1,1
G1100010005401201,11001005401201,G11000100107002007,110010107002007,1,1
G1100010005401202,11001005401202,G11000100107001012,110010107001012,1,1
G1100010005401203,11001005401203,G11000100107001007,110010107001007,1,1
G1100010005401204,11001005401204,G11000100107002008,110010107002008,0.9117746261,0.0553977273
G1100010005401204,11001005401204,G11000100107002019,110010107002019,0.0882253739,0.9446022727
G1100010005401205,11001005401205,G11000100107001006,110010107001006,0.9900061732,0.990945674
G1100010005401205,11001005401205,G11000100107001008,110010107001008,0.0099938268,0.009054326
G1100010005401206,11001005401206,G11000100107001005,110010107001005,1,1
G1100010005401207,11001005401207,G11000100107001008,110010107001008,1,1
G1100010005401208,11001005401208,G11000100107001009,110010107001009,0.1042067258,0.1042067258
G1100010005401208,11001005401208,G11000100107001010,110010107001010,0.8957932742,0.8957932742
G1100010005401209,11001005401209,G11000100107001011,110010107001011,1,1
G1100010005401210,11001005401210,G11000100107001029,110010107001029,1,1
G1100010005402101,11001005402101,G11000100107002004,110010107002004,1,1
G1100010005402102,11001005402102,G11000100107002010,110010107002010,1,1
G1100010005402103,11001005402103,G11000100107002020,110010107002020,0.9006617302,0.9006617302
G1100010005402103,11001005402103,G11000100107002021,110010107002021,0.0993382698,0.0993382698
G1100010005402105,11001005402105,G11000100107001003,110010107001003,0.4283693178,0.4283693178
G1100010005402105,11001005402105,G11000100107001015,110010107001015,0.5716306822,0.5716306822
G1100010005402106,11001005402106,G11000100107001002,110010107001002,1,1
G1100010005402107,11001005402107,G11000100107001019,110010107001019,1,1
G1100010005402108,11001005402108,G11000100107001014,110010107001014,1,1
G1100010005402201,11001005402201,G11000100107001017,110010107001017,1,1
G1100010005402202,11001005402202,G11000100107001018,110010107001018,1,1
G1100010005402203,11001005402203,G11000100107001024,110010107001024,1,1
G1100010005402204,11001005402204,G11000100107001025,110010107001025,1,1
G1100010005402205,11001005402205,G11000100107001030,110010107001030,1,1
G1100010005402206,11001005402206,G11000100107001027,110010107001027,1,1
G1100010005402207,11001005402207,G11000100107001032,110010107001032,1,1
G1100010005402208,11001005402208,G11000100107001031,110010107001031,1,1
G1100010005402209,11001005402209,G11000100107001033,110010107001033,1,1
G1100010005501101,11001005501101,G11000100055001000,110010055001000,0.0599448886,0
G1100010005501101,11001005501101,G11000100055001001,110010055001001,0.9400551114,1
G1100010005501102,11001005501102,G11000100055001004,110010055001004,1,1
G1100010005501103,11001005501103,G11000100055001002,110010055001002,1,1
G1100010005501107,11001005501107,G11000100055001005,110010055001005,1,1
G1100010005501108,11001005501108,G11000100055001003,110010055001003,0.4894087667,0.8666666667
G1100010005501108,11001005501108,G11000100055001010,110010055001010,0.4202418671,0.1333333333
G1100010005501108,11001005501108,G11000100055001011,110010055001011,0.0903493662,0
G1100010005501201,11001005501201,G11000100055001009,110010055001009,0.0270166099,0.0010060362
G1100010005501201,11001005501201,G11000100055001016,110010055001016,0.4338706835,0.6665152329
G1100010005501201,11001005501201,G11000100055001017,110010055001017,0.5391127066,0.3324787308
G1100010005501202,11001005501202,G11000100055001004,110010055001004,0.1840813178,0.1840813178
G1100010005501202,11001005501202,G11000100055001006,110010055001006,0.8159186822,0.8159186822
G1100010005501203,11001005501203,G11000100055001015,110010055001015,1,1
G1100010005501204,11001005501204,G11000100055001008,110010055001008,1,1
G1100010005501205,11001005501205,G11000100055001007,110010055001007,0.7906575462,0.7906575462
G1100010005501205,11001005501205,G11000100055001014,110010055001014,0.2093424538,0.2093424538
G1100010005501206,11001005501206,G11000100055001012,110010055001012,0.4995948683,0
G1100010005501206,11001005501206,G11000100055001013,110010055001013,0.5004051317,1
G1100010005501207,11001005501207,G11000100055005002,110010055005002,1,1
G1100010005501208,11001005501208,G11000100055005000,110010055005000,1,1
G1100010005501209,11001005501209,G11000100055005001,110010055005001,1,1
G1100010005501210,11001005501210,G11000100055002001,110010055002001,1,1
G1100010005501210,11001005501210,G11000100055002003,110010055002003,0,0
G1100010005501210,11001005501210,G11000100055002009,110010055002009,0,0
G1100010005501211,11001005501211,G11000100055004000,110010055004000,1,1
G1100010005501212,11001005501212,G11000100055004001,110010055004001,1,1
G1100010005501213,11001005501213,G11000100055004002,110010055004002,1,1
G1100010005501214,11001005501214,G11000100055005003,110010055005003,0.963768424,0.3337765957
G1100010005501214,11001005501214,G11000100055005004,110010055005004,0.036231576,0.6662234043
G1100010005501215,11001005501215,G11000100055002000,110010055002000,0.3096176258,0.152979066
G1100010005501215,11001005501215,G11000100055002004,110010055002004,0.6903823742,0.847020934
G1100010005502301,11001005502301,G11000100055003000,110010055003000,1,1
G1100010005502302,11001005502302,G11000100055003001,110010055003001,1,1
G1100010005502303,11001005502303,G11000100055003007,110010055003007,1,1
G1100010005502304,11001005502304,G11000100055003002,110010055003002,1,1
G1100010005502306,11001005502306,G11000100055003003,110010055003003,1,1
G1100010005502307,11001005502307,G11000100055002002,110010055002002,1,1
G1100010005502401,11001005502401,G11000100055002005,110010055002005,1,1
G1100010005502402,11001005502402,G11000100055003005,110010055003005,1,1
G1100010005502403,11001005502403,G11000100055002010,110010055002010,0.5421077351,0.5421077351
G1100010005502403,11001005502403,G11000100055002011,110010055002011,0.4578922649,0.4578922649
G1100010005502404,11001005502404,G11000100055003004,110010055003004,1,1
G1100010005502405,11001005502405,G11000100055003009,110010055003009,1,1
G1100010005502406,11001005502406,G11000100055002006,110010055002006,1,1
G1100010005502406,11001005502406,G11000100055002007,110010055002007,0,0
G1100010005502406,11001005502406,G11000100055002008,110010055002008,0,0
G1100010005502407,11001005502407,G11000100055003008,110010055003008,1,1
G1100010005502408,11001005502408,G11000100055003005,110010055003005,1,1
G1100010005502409,11001005502409,G11000100055003006,110010055003006,1,1
G1100010005502410,11001005502410,G11000100055002012,110010055002012,1,1
G1100010005502411,11001005502411,G11000100055003010,110010055003010,0.4979554748,0.4979554748
G1100010005502411,11001005502411,G11000100055003011,110010055003011,0.2511585643,0.2511585643
G1100010005502411,11001005502411,G11000100055003012,110010055003012,0.2508859609,0.2508859609
G11000100056101,11001005600101,G11000100056001002,110010056001002,1,1
G11000100056102,11001005600102,G11000100056001004,110010056001004,0.7775866921,0.7762712648
G11000100056102,11001005600102,G11000100056001005,110010056001005,0.2001813577,0.2016533994
G11000100056102,11001005600102,G11000100056001012,110010056001012,0.0222319502,0.0220753358
G11000100056103,11001005600103,G11000100056001000,110010056001000,0.1372949405,0
G11000100056103,11001005600103,G11000100056001001,110010056001001,0.8627050595,1
G11000100056104,11001005600104,G11000100056001003,110010056001003,1,1
G11000100056105,11001005600105,G11000100056004000,110010056004000,1,1
G11000100056106,11001005600106,G11000100056004001,110010056004001,0.9719883894,0.559623431
G11000100056106,11001005600106,G11000100056004002,110010056004002,0.0280116106,0.440376569
G11000100056107,11001005600107,G11000100056001008,110010056001008,1,1
G11000100056108,11001005600108,G11000100056004006,110010056004006,1,1
G11000100056109,11001005600109,G11000100056001006,110010056001006,0.3929264289,0.4252441773
G11000100056109,11001005600109,G11000100056001007,110010056001007,0.6070735711,0.5747558227
G11000100056110,11001005600110,G11000100056001004,110010056001004,0.7775866921,1
G11000100056110,11001005600110,G11000100056001005,110010056001005,0.2001813577,0
G11000100056110,11001005600110,G11000100056001012,110010056001012,0.0222319502,0
G11000100056111,11001005600111,G11000100056001009,110010056001009,0.8065217391,0.8065217391
G11000100056111,11001005600111,G11000100056001010,110010056001010,0,0
G11000100056111,11001005600111,G11000100056001011,110010056001011,0,0
G11000100056111,11001005600111,G11000100056001013,110010056001013,0.1934782609,0.1934782609
G11000100056201,11001005600201,G11000100056002000,110010056002000,0.3839418454,0.8825216159
G11000100056201,11001005600201,G11000100056002008,110010056002008,0.276549006,0.1117830794
G11000100056201,11001005600201,G11000100056002012,110010056002012,0.3395091486,0.0056953047
G11000100056202,11001005600202,G11000100056002000,110010056002000,0.2878257358,0.2178235026
G11000100056202,11001005600202,G11000100056002001,110010056002001,0.2859347771,0
G11000100056202,11001005600202,G11000100056002002,110010056002002,0.3050177238,0.732639673
G11000100056202,11001005600202,G11000100056002003,110010056002003,0.0315281002,0
G11000100056202,11001005600202,G11000100056002004,110010056002004,0.013338199,0
G11000100056202,11001005600202,G11000100056002007,110010056002007,0.0084076841,0
G11000100056202,11001005600202,G11000100056002009,110010056002009,0.0347065273,0.0041053077
G11000100056202,11001005600202,G11000100056002010,110010056002010,0,0
G11000100056202,11001005600202,G11000100056002011,110010056002011,0,0
G11000100056202,11001005600202,G11000100056002012,110010056002012,0.0332412528,0.0454315167
G11000100056203,11001005600203,G11000100056002004,110010056002004,0.0501096,0.0421622793
G11000100056203,11001005600203,G11000100056002009,110010056002009,0.9498904,0.9578377207
G11000100056203,11001005600203,G11000100056002010,110010056002010,0,0
G11000100056203,11001005600203,G11000100056002011,110010056002011,0,0
G11000100056204,11001005600204,G11000100056004003,110010056004003,1,1
G11000100056205,11001005600205,G11000100056004004,110010056004004,1,1
G11000100056206,11001005600206,G11000100056004005,110010056004005,1,1
G11000100056207,11001005600207,G11000100056002018,110010056002018,1,1
G11000100056208,11001005600208,G11000100056002005,110010056002005,1,1
G11000100056209,11001005600209,G11000100056002006,110010056002006,0.2355516637,1
G11000100056209,11001005600209,G11000100056002013,110010056002013,0.2705779335,0
G11000100056209,11001005600209,G11000100056002014,110010056002014,0.4938704028,0
G11000100056210,11001005600210,G11000100056002015,110010056002015,0.0241287855,0
G11000100056210,11001005600210,G11000100056002016,110010056002016,0.0453791876,0
G11000100056210,11001005600210,G11000100056002017,110010056002017,0.9112961506,1
G11000100056210,11001005600210,G11000100056002020,110010056002020,0.0006052299,0
G11000100056210,11001005600210,G11000100056002021,110010056002021,0.0081706042,0
G11000100056210,11001005600210,G11000100056002022,110010056002022,0.0104200422,0
G11000100056211,11001005600211,G11000100056003000,110010056003000,1,1
G11000100056212,11001005600212,G11000100056003001,110010056003001,0.0777456002,0.2415841584
G11000100056212,11001005600212,G11000100056003002,110010056003002,0.5136401677,0.2361474876
G11000100056212,11001005600212,G11000100056003005,110010056003005,0.3663444511,0.522268354
G11000100056212,11001005600212,G11000100056003006,110010056003006,0.042269781,0
G11000100056213,11001005600213,G11000100056002020,110010056002020,0.3772869898,0.3772869898
G11000100056213,11001005600213,G11000100056002022,110010056002022,0.0091389662,0.0091389662
G11000100056213,11001005600213,G11000100056002023,110010056002023,0.1044888474,0.1044888474
G11000100056213,11001005600213,G11000100056003003,110010056003003,0.2164156756,0.2164156756
G11000100056213,11001005600213,G11000100056003004,110010056003004,0.292669521,0.292669521
G11000100056214,11001005600214,G11000100056002019,110010056002019,0.9020885678,0.9020885678
G11000100056214,11001005600214,G11000100056002024,110010056002024,0.0979114322,0.0979114322
G1100010005701101,11001005701101,G11000100108001002,110010108001002,1,1
G1100010005701102,11001005701102,G11000100108001003,110010108001003,1,1
G1100010005701103,11001005701103,G11000100108001004,110010108001004,1,1
G1100010005701104,11001005701104,G11000100108001005,110010108001005,1,1
G1100010005701105,11001005701105,G11000100108001006,110010108001006,1,1
G1100010005701106,11001005701106,G11000100108001001,110010108001001,1,1
G1100010005701107,11001005701107,G11000100108001000,110010108001000,1,1
G1100010005701108,11001005701108,G11000100108001007,110010108001007,1,1
G1100010005701201,11001005701201,G11000100108002006,110010108002006,1,1
G1100010005701202,11001005701202,G11000100108002007,110010108002007,1,1
G1100010005701203,11001005701203,G11000100108002008,110010108002008,1,1
G1100010005701204,11001005701204,G11000100108002005,110010108002005,1,1
G1100010005701205,11001005701205,G11000100108002010,110010108002010,1,1
G1100010005701206,11001005701206,G11000100108002009,110010108002009,1,1
G1100010005701301,11001005701301,G11000100108002018,110010108002018,0.2091131849,0.2091131849
G1100010005701301,11001005701301,G11000100108002019,110010108002019,0.1919607945,0.1919607945
G1100010005701301,11001005701301,G11000100108002020,110010108002020,0.5989260205,0.5989260205
G1100010005701320,11001005701320,G11000100108002016,110010108002016,1,1
G1100010005701321,11001005701321,G11000100108002017,110010108002017,1,1
G1100010005701501,11001005701501,G11000100108003006,110010108003006,1,1
G1100010005701502,11001005701502,G11000100108003007,110010108003007,0.5979404032,0.5979404032
G1100010005701502,11001005701502,G11000100108003008,110010108003008,0.1463628396,0.1463628396
G1100010005701502,11001005701502,G11000100108003009,110010108003009,0.2556967572,0.2556967572
G1100010005701503,11001005701503,G11000100108003004,110010108003004,1,1
G1100010005701504,11001005701504,G11000100108003005,110010108003005,1,1
G1100010005701505,11001005701505,G11000100108003002,110010108003002,1,1
G1100010005701506,11001005701506,G11000100108003003,110010108003003,1,1
G1100010005701507,11001005701507,G11000100108003000,110010108003000,1,1
G1100010005701508,11001005701508,G11000100108003001,110010108003001,1,1
G1100010005702101,11001005702101,G11000100108002001,110010108002001,1,1
G1100010005702102,11001005702102,G11000100108002004,110010108002004,1,1
G1100010005702103,11001005702103,G11000100108002011,110010108002011,1,1
G1100010005702104,11001005702104,G11000100108002000,110010108002000,1,1
G1100010005702105,11001005702105,G11000100108002001,110010108002001,0.1396471372,0.1396471372
G1100010005702105,11001005702105,G11000100108002002,110010108002002,0.8603528628,0.8603528628
G1100010005702108,11001005702108,G11000100108002003,110010108002003,1,1
G1100010005702109,11001005702109,G11000100108002012,110010108002012,1,1
G1100010005702111,11001005702111,G11000100108002011,110010108002011,1,1
G1100010005702112,11001005702112,G11000100108002013,110010108002013,1,1
G1100010005702201,11001005702201,G11000100108002022,110010108002022,1,1
G1100010005702207,11001005702207,G11000100108002014,110010108002014,1,1
G1100010005702208,11001005702208,G11000100108002015,110010108002015,1,1
G1100010005702209,11001005702209,G11000100108002023,110010108002023,1,1
G1100010005702211,11001005702211,G11000100108002021,110010108002021,1,1
G11000100058101,11001005800101,G11000100058002000,110010058002000,1,1
G11000100058102,11001005800102,G11000100058002001,110010058002001,1,1
G11000100058103,11001005800103,G11000100058001002,110010058001002,1,1
G11000100058104,11001005800104,G11000100058001000,110010058001000,1,1
G11000100058105,11001005800105,G11000100058001001,110010058001001,1,1
G11000100058106,11001005800106,G11000100058001005,110010058001005,1,1
G11000100058107,11001005800107,G11000100058001018,110010058001018,1,1
G11000100058108,11001005800108,G11000100058001006,110010058001006,1,1
G11000100058109,11001005800109,G11000100058001032,110010058001032,1,1
G11000100058111,11001005800111,G11000100058001004,110010058001004,1,1
G11000100058112,11001005800112,G11000100058001003,110010058001003,1,1
G11000100058113,11001005800113,G11000100058002002,110010058002002,1,1
G11000100058114,11001005800114,G11000100058002003,110010058002003,1,1
G11000100058115,11001005800115,G11000100058002004,110010058002004,1,1
G11000100058116,11001005800116,G11000100058002004,110010058002004,1,1
G11000100058117,11001005800117,G11000100058002005,110010058002005,1,1
G11000100058118,11001005800118,G11000100058001015,110010058001015,1,1
G11000100058119,11001005800119,G11000100058001014,110010058001014,1,1
G11000100058120,11001005800120,G11000100058001013,110010058001013,1,1
G11000100058122,11001005800122,G11000100058001012,110010058001012,1,1
G11000100058123,11001005800123,G11000100058001011,110010058001011,1,1
G11000100058125,11001005800125,G11000100058001031,110010058001031,1,1
G11000100058126,11001005800126,G11000100058001017,110010058001017,1,1
G11000100058127,11001005800127,G11000100058001016,110010058001016,1,1
G11000100058128,11001005800128,G11000100058002006,110010058002006,1,1
G11000100058129,11001005800129,G11000100058002007,110010058002007,1,1
G11000100058201,11001005800201,G11000100058002008,110010058002008,1,1
G11000100058202,11001005800202,G11000100058002009,110010058002009,1,1
G11000100058203,11001005800203,G11000100058001025,110010058001025,1,1
G11000100058204,11001005800204,G11000100058001024,110010058001024,1,1
G11000100058205,11001005800205,G11000100058001023,110010058001023,1,1
G11000100058206,11001005800206,G11000100058001030,110010058001030,1,1
G11000100058207,11001005800207,G11000100058001033,110010058001033,1,1
G11000100058208,11001005800208,G11000100058001044,110010058001044,1,1
G11000100058209,11001005800209,G11000100058001029,110010058001029,0.9130840808,0.9130840808
G11000100058209,11001005800209,G11000100058001037,110010058001037,0.0869159192,0.0869159192
G11000100058210,11001005800210,G11000100058001038,110010058001038,1,1
G11000100058211,11001005800211,G11000100058001040,110010058001040,1,1
G11000100058212,11001005800212,G11000100058001028,110010058001028,1,1
G11000100058213,11001005800213,G11000100058001027,110010058001027,1,1
G11000100058214,11001005800214,G11000100058001039,110010058001039,1,1
G11000100058218,11001005800218,G11000100058001026,110010058001026,1,1
G11000100058219,11001005800219,G11000100058002010,110010058002010,1,1
G11000100058220,11001005800220,G11000100058002011,110010058002011,0.8867746728,0.8867746728
G11000100058220,11001005800220,G11000100058002012,110010058002012,0.1132253272,0.1132253272
G11000100058222,11001005800222,G11000100058002013,110010058002013,1,1
G11000100058223,11001005800223,G11000100058002014,110010058002014,0.1463824592,0.1463824592
G11000100058223,11001005800223,G11000100058002015,110010058002015,0.8536175408,0.8536175408
G11000100058225,11001005800225,G11000100058002016,110010058002016,0.8976416834,1
G11000100058225,11001005800225,G11000100058002017,110010058002017,0.1023583166,0
G11000100058501,11001005800501,G11000100058001036,110010058001036,1,1
G11000100058502,11001005800502,G11000100058001035,110010058001035,0.9236416122,0.9236416122
G11000100058502,11001005800502,G11000100058001041,110010058001041,0.0763583878,0.0763583878
G11000100058503,11001005800503,G11000100058001007,110010058001007,1,1
G11000100058504,11001005800504,G11000100058001042,110010058001042,1,1
G11000100058505,11001005800505,G11000100058001043,110010058001043,1,1
G11000100058506,11001005800506,G11000100058001034,110010058001034,1,1
G11000100058507,11001005800507,G11000100058001019,110010058001019,1,1
G11000100058508,11001005800508,G11000100058001008,110010058001008,0.0660176491,0.0660176491
G11000100058508,11001005800508,G11000100058001009,110010058001009,0.9339823509,0.9339823509
G11000100058509,11001005800509,G11000100058001021,110010058001021,1,1
G11000100058510,11001005800510,G11000100058001022,110010058001022,1,1
G11000100058511,11001005800511,G11000100058001020,110010058001020,1,1
G11000100058512,11001005800512,G11000100058001010,110010058001010,1,1
G11000100059101,11001005900101,G11000100059001000,110010059001000,1,1
G11000100059102,11001005900102,G11000100059001001,110010059001001,0.812081172,0.812081172
G11000100059102,11001005900102,G11000100059001002,110010059001002,0.1208041721,0.1208041721
G11000100059102,11001005900102,G11000100059001020,110010059001020,0.0671146559,0.0671146559
G11000100059103,11001005900103,G11000100059001019,110010059001019,1,1
G11000100059104,11001005900104,G11000100059001022,110010059001022,1,1
G11000100059105,11001005900105,G11000100059001003,110010059001003,1,1
G11000100059107,11001005900107,G11000100059001003,110010059001003,1,1
G11000100059110,11001005900110,G11000100059001018,110010059001018,1,1
G11000100059111,11001005900111,G11000100059001023,110010059001023,0.1929297766,0.3574712644
G11000100059111,11001005900111,G11000100059001024,110010059001024,0.8070702234,0.6425287356
G11000100059115,11001005900115,G11000100059001021,110010059001021,1,1
G11000100059116,11001005900116,G11000100059001017,110010059001017,1,1
G11000100059201,11001005900201,G11000100059001031,110010059001031,0.7996732613,0.7996732613
G11000100059201,11001005900201,G11000100059001037,110010059001037,0.0267985617,0.0267985617
G11000100059201,11001005900201,G11000100059001038,110010059001038,0.173528177,0.173528177
G11000100059202,11001005900202,G11000100059001033,110010059001033,0.2633478046,0.2633478046
G11000100059202,11001005900202,G11000100059001034,110010059001034,0.0456689197,0.0456689197
G11000100059202,11001005900202,G11000100059001040,110010059001040,0.6909832757,0.6909832757
G11000100059203,11001005900203,G11000100059001041,110010059001041,1,1
G11000100059220,11001005900220,G11000100059001032,110010059001032,0.4876287877,0.4876287877
G11000100059220,11001005900220,G11000100059001039,110010059001039,0.5123712123,0.5123712123
G11000100059401,11001005900401,G11000100059001028,110010059001028,1,1
G11000100059402,11001005900402,G11000100059001027,110010059001027,1,1
G11000100059403,11001005900403,G11000100059001026,110010059001026,1,1
G11000100059404,11001005900404,G11000100059001025,110010059001025,1,1
G11000100059405,11001005900405,G11000100059001013,110010059001013,1,1
G11000100059406,11001005900406,G11000100059001014,110010059001014,1,1
G11000100059407,11001005900407,G11000100059001015,110010059001015,1,1
G11000100059408,11001005900408,G11000100059001008,110010059001008,1,1
G11000100059409,11001005900409,G11000100059001004,110010059001004,0.6649312954,0.6649312954
G11000100059409,11001005900409,G11000100059001005,110010059001005,0.0168399323,0.0168399323
G11000100059409,11001005900409,G11000100059001006,110010059001006,0.0554360116,0.0554360116
G11000100059409,11001005900409,G11000100059001007,110010059001007,0.0872354031,0.0872354031
G11000100059409,11001005900409,G11000100059001012,110010059001012,0.0647624839,0.0647624839
G11000100059409,11001005900409,G11000100059001016,110010059001016,0.0011257879,0.0011257879
G11000100059409,11001005900409,G11000100059001029,110010059001029,0.0100297471,0.0100297471
G11000100059409,11001005900409,G11000100059001030,110010059001030,0.0647034556,0.0647034556
G11000100059409,11001005900409,G11000100059001035,110010059001035,0.0044519796,0.0044519796
G11000100059409,11001005900409,G11000100059001036,110010059001036,0.0304839035,0.0304839035
G11000100059410,11001005900410,G11000100059001009,110010059001009,1,1
G11000100059411,11001005900411,G11000100059001010,110010059001010,0.9529667901,1
G11000100059411,11001005900411,G11000100059001011,110010059001011,0.0470332099,0
G11000100059412,11001005900412,G11000100059001016,110010059001016,0.5505067119,0.5505067119
G11000100059412,11001005900412,G11000100059001029,110010059001029,0.3320626799,0.3320626799
G11000100059412,11001005900412,G11000100059001035,110010059001035,0.1174306082,0.1174306082
G1100010006001101,11001006001101,G11000100105002000,110010105002000,0.0950687003,1
G1100010006001101,11001006001101,G11000100105002001,110010105002001,0.9046645026,0
G1100010006001101,11001006001101,G11000100105002004,110010105002004,0.0002667971,0
G1100010006001102,11001006001102,G11000100105002004,110010105002004,0.1122134593,0.1122134593
G1100010006001102,11001006001102,G11000100105002010,110010105002010,0.0460522051,0.0460522051
G1100010006001102,11001006001102,G11000100105002011,110010105002011,0.0445626459,0.0445626459
G1100010006001102,11001006001102,G11000100105002012,110010105002012,0.2682447849,0.2682447849
G1100010006001102,11001006001102,G11000100105002013,110010105002013,0.2184686818,0.2184686818
G1100010006001102,11001006001102,G11000100105002014,110010105002014,0.310458223,0.310458223
G1100010006001113,11001006001113,G11000100105002002,110010105002002,0.986413553,0.986413553
G1100010006001113,11001006001113,G11000100105002003,110010105002003,0.013586447,0.013586447
G1100010006001201,11001006001201,G11000100105002006,110010105002006,1,1
G1100010006001202,11001006001202,G11000100105002005,110010105002005,1,1
G1100010006001203,11001006001203,G11000100105002009,110010105002009,0.2752579003,0.2752579003
G1100010006001203,11001006001203,G11000100105002013,110010105002013,0.157631829,0.157631829
G1100010006001203,11001006001203,G11000100105002014,110010105002014,0.4780701191,0.4780701191
G1100010006001203,11001006001203,G11000100105002016,110010105002016,0.0485120888,0.0485120888
G1100010006001203,11001006001203,G11000100105002019,110010105002019,0.0405280628,0.0405280628
G1100010006001204,11001006001204,G11000100105002016,110010105002016,0.0695945125,0.0695945125
G1100010006001204,11001006001204,G11000100105002017,110010105002017,0.0811935979,0.0811935979
G1100010006001204,11001006001204,G11000100105002018,110010105002018,0.7978820138,0.7978820138
G1100010006001204,11001006001204,G11000100105002019,110010105002019,0.0513298758,0.0513298758
G1100010006001205,11001006001205,G11000100105002008,110010105002008,0.8245140636,0.8245140636
G1100010006001205,11001006001205,G11000100105002020,110010105002020,0.1754859364,0.1754859364
G1100010006001214,11001006001214,G11000100105002007,110010105002007,0.7682091983,0.7682091983
G1100010006001214,11001006001214,G11000100105002021,110010105002021,0.2317908017,0.2317908017
G1100010006001301,11001006001301,G11000100105002015,110010105002015,0.2082136412,0.2082136412
G1100010006001301,11001006001301,G11000100105002016,110010105002016,0.1180938695,0.1180938695
G1100010006001301,11001006001301,G11000100105002017,110010105002017,0.1944784087,0.1944784087
G1100010006001301,11001006001301,G11000100105002022,110010105002022,0.2851590716,0.2851590716
G1100010006001301,11001006001301,G11000100105002023,110010105002023,0.1104093979,0.1104093979
G1100010006001301,11001006001301,G11000100105002024,110010105002024,0.0836456111,0.0836456111
G1100010006001302,11001006001302,G11000100105002021,110010105002021,1,1
G1100010006001303,11001006001303,G11000100105002015,110010105002015,0.1104201997,0.1104201997
G1100010006001303,11001006001303,G11000100105002020,110010105002020,0.8895798003,0.8895798003
G1100010006001304,11001006001304,G11000100105001000,110010105001000,0.0269588971,0.001156809
G1100010006001304,11001006001304,G11000100105001001,110010105001001,0.5258157905,0.3698188114
G1100010006001304,11001006001304,G11000100105001002,110010105001002,0.0653683641,0
G1100010006001304,11001006001304,G11000100105001003,110010105001003,0.2329725717,0.390911488
G1100010006001304,11001006001304,G11000100105002025,110010105002025,0.0120865396,0.0006900343
G1100010006001304,11001006001304,G11000100105002026,110010105002026,0.0282680023,0
G1100010006001304,11001006001304,G11000100105002027,110010105002027,0.1085298347,0.2374228573
G1100010006001305,11001006001305,G11000100105001000,110010105001000,0.0337901166,0.0756450512
G1100010006001305,11001006001305,G11000100105001001,110010105001001,0.6590542933,0.9019244345
G1100010006001305,11001006001305,G11000100105001003,110010105001003,0.2920063954,0.019444438
G1100010006001305,11001006001305,G11000100105002025,110010105002025,0.0151491948,0.0029860763
G1100010006001306,11001006001306,G11000100105002028,110010105002028,1,1
G1100010006020101,11001006020101,G11000100105001006,110010105001006,1,1
G1100010006020102,11001006020102,G11000100105001005,110010105001005,1,1
G1100010006020103,11001006020103,G11000100105001004,110010105001004,1,1
G1100010006020104,11001006020104,G11000100105001010,110010105001010,1,1
G1100010006020105,11001006020105,G11000100105001009,110010105001009,1,1
G1100010006020106,11001006020106,G11000100105001007,110010105001007,1,1
G1100010006020107,11001006020107,G11000100105001008,110010105001008,1,1
G11000100061101,11001006100101,G11000100102001000,110010102001000,0.5002895194,0.5002895194
G11000100061101,11001006100101,G11000100102001001,110010102001001,0.4997104806,0.4997104806
G11000100061102,11001006100102,G11000100102001002,110010102001002,1,1
G11000100061103,11001006100103,G11000100102001005,110010102001005,0.7644339032,0.7644339032
G11000100061103,11001006100103,G11000100102001011,110010102001011,0.2355660968,0.2355660968
G11000100061104,11001006100104,G11000100102001007,110010102001007,1,1
G11000100061109,11001006100109,G11000100102001004,110010102001004,1,1
G11000100061110,11001006100110,G11000100102001003,110010102001003,1,1
G11000100061201,11001006100201,G11000100102001006,110010102001006,0.0878255883,0.0878255883
G11000100061201,11001006100201,G11000100102001010,110010102001010,0.9121744117,0.9121744117
G11000100061202,11001006100202,G11000100102001008,110010102001008,1,1
G11000100061203,11001006100203,G11000100102001013,110010102001013,1,1
G11000100061204,11001006100204,G11000100102001009,110010102001009,1,1
G11000100061205,11001006100205,G11000100102001009,110010102001009,0.3745075027,1
G11000100061205,11001006100205,G11000100102001012,110010102001012,0.6254924973,0
G11000100061206,11001006100206,G11000100102001014,110010102001014,0.5920487106,0.5920487106
G11000100061206,11001006100206,G11000100102001015,110010102001015,0.4079512894,0.4079512894
G11000100061207,11001006100207,G11000100102001019,110010102001019,1,1
G11000100061208,11001006100208,G11000100102001016,110010102001016,0.0329714058,0.0383184755
G11000100061208,11001006100208,G11000100102001019,110010102001019,0.9670285942,0.9616815245
G11000100061209,11001006100209,G11000100102001016,110010102001016,0.8560840025,0.8798856805
G11000100061209,11001006100209,G11000100102001017,110010102001017,0.0073433532,0
G11000100061209,11001006100209,G11000100102001019,110010102001019,0.1365726443,0.1201143195
G11000100061210,11001006100210,G11000100102002038,110010102002038,1,1
G11000100061211,11001006100211,G11000100102002042,110010102002042,0.4975358301,0.5236220472
G11000100061211,11001006100211,G11000100102002043,110010102002043,0.5024641699,0.4763779528
G11000100061212,11001006100212,G11000100102001018,110010102001018,0.5829912955,0.2026200873
G11000100061212,11001006100212,G11000100102001020,110010102001020,0.2165794421,0.1190777524
G11000100061212,11001006100212,G11000100102001021,110010102001021,0.2004292624,0.6783021602
G11000100061213,11001006100213,G11000100102002044,110010102002044,1,1
G11000100061214,11001006100214,G11000100102002036,110010102002036,1,1
G11000100061215,11001006100215,G11000100102002037,110010102002037,1,1
G11000100061221,11001006100221,G11000100102002041,110010102002041,1,1
G1100010006201101,11001006201101,G11000100102002001,110010102002001,0.5130244143,0.5130244143
G1100010006201101,11001006201101,G11000100102002002,110010102002002,0.4869755857,0.4869755857
G1100010006201102,11001006201102,G11000100102002012,110010102002012,1,1
G1100010006201103,11001006201103,G11000100102002005,110010102002005,0.9121240602,0.9121240602
G1100010006201103,11001006201103,G11000100102002011,110010102002011,0.0878759398,0.0878759398
G1100010006201104,11001006201104,G11000100102002006,110010102002006,0.3015567445,0.3015567445
G1100010006201104,11001006201104,G11000100102002007,110010102002007,0.0752305315,0.0752305315
G1100010006201104,11001006201104,G11000100102002018,110010102002018,0.0818082077,0.0818082077
G1100010006201104,11001006201104,G11000100102002019,110010102002019,0.3550938018,0.3550938018
G1100010006201104,11001006201104,G11000100102002020,110010102002020,0.0789724267,0.0789724267
G1100010006201104,11001006201104,G11000100102002021,110010102002021,0.0498569636,0.0498569636
G1100010006201104,11001006201104,G11000100102002022,110010102002022,0.0545006394,0.0545006394
G1100010006201104,11001006201104,G11000100102002045,110010102002045,0.0029806849,0.0029806849
G1100010006201105,11001006201105,G11000100102002009,110010102002009,0.7049180328,0.9587287947
G1100010006201105,11001006201105,G11000100102002010,110010102002010,0.2950819672,0.0412712053
G1100010006201106,11001006201106,G11000100102002009,110010102002009,0.7049180328,0.3375332101
G1100010006201106,11001006201106,G11000100102002010,110010102002010,0.2950819672,0.6624667899
G1100010006201107,11001006201107,G11000100102002000,110010102002000,1,1
G1100010006201108,11001006201108,G11000100102002008,110010102002008,1,1
G1100010006201111,11001006201111,G11000100102002003,110010102002003,0.7635158856,0.7635158856
G1100010006201111,11001006201111,G11000100102002013,110010102002013,0.2364841144,0.2364841144
G1100010006201201,11001006201201,G11000100102002014,110010102002014,0.9271828666,0.9271828666
G1100010006201201,11001006201201,G11000100102002017,110010102002017,0.0728171334,0.0728171334
G1100010006201202,11001006201202,G11000100102002011,110010102002011,0.0082671696,0.0082671696
G1100010006201202,11001006201202,G11000100102002012,110010102002012,0.2602717427,0.2602717427
G1100010006201202,11001006201202,G11000100102002014,110010102002014,0.4566637076,0.4566637076
G1100010006201202,11001006201202,G11000100102002017,110010102002017,0.0302884843,0.0302884843
G1100010006201202,11001006201202,G11000100102002027,110010102002027,0.06536368,0.06536368
G1100010006201202,11001006201202,G11000100102002028,110010102002028,0.0090283065,0.0090283065
G1100010006201202,11001006201202,G11000100102002029,110010102002029,0.0153830027,0.0153830027
G1100010006201202,11001006201202,G11000100102002030,110010102002030,0.1547339067,0.1547339067
G1100010006201203,11001006201203,G11000100102002025,110010102002025,0.1779123778,0
G1100010006201203,11001006201203,G11000100102002026,110010102002026,0.0245722849,0
G1100010006201203,11001006201203,G11000100102002034,110010102002034,0.6643975716,1
G1100010006201203,11001006201203,G11000100102002035,110010102002035,0.1331177658,0
G1100010006201204,11001006201204,G11000100102002024,110010102002024,0.9498803105,0.9498803105
G1100010006201204,11001006201204,G11000100102002046,110010102002046,0.0501196895,0.0501196895
G1100010006201205,11001006201205,G11000100102002023,110010102002023,0.3660327129,0.3660327129
G1100010006201205,11001006201205,G11000100102002040,110010102002040,0.6339672871,0.6339672871
G1100010006201206,11001006201206,G11000100102002039,110010102002039,1,1
G1100010006201215,11001006201215,G11000100102002016,110010102002016,1,1
G1100010006201216,11001006201216,G11000100102002015,110010102002015,1,1
G1100010006201217,11001006201217,G11000100102002004,110010102002004,1,1
G1100010006202101,11001006202101,G11000100062021032,110010062021032,1,1
G1100010006202102,11001006202102,G11000100062021031,110010062021031,0.6255352914,0.9524260612
G1100010006202102,11001006202102,G11000100062021034,110010062021034,0.0374314638,0.0226446614
G1100010006202102,11001006202102,G11000100062021035,110010062021035,0.108097507,0.0049930633
G1100010006202102,11001006202102,G11000100062021036,110010062021036,0.2289357378,0.0199362141
G1100010006202103,11001006202103,G11000100062021030,110010062021030,1,1
G1100010006202104,11001006202104,G11000100062021029,110010062021029,1,1
G1100010006202105,11001006202105,G11000100062021033,110010062021033,1,1
G1100010006202106,11001006202106,G11000100062021039,110010062021039,1,1
G1100010006202107,11001006202107,G11000100062021038,110010062021038,1,1
G1100010006202108,11001006202108,G11000100062021031,110010062021031,0.6388719821,0.0955809002
G1100010006202108,11001006202108,G11000100062021034,110010062021034,0.0169090744,0.0119199054
G1100010006202108,11001006202108,G11000100062021035,110010062021035,0.1104021939,0.8781729
G1100010006202108,11001006202108,G11000100062021036,110010062021036,0.2338167496,0.0143262945
G1100010006202109,11001006202109,G11000100062021031,110010062021031,0.6388719821,0.2168138323
G1100010006202109,11001006202109,G11000100062021034,110010062021034,0.0169090744,0
G1100010006202109,11001006202109,G11000100062021035,110010062021035,0.1104021939,0.0975559451
G1100010006202109,11001006202109,G11000100062021036,110010062021036,0.2338167496,0.6856302225
G1100010006202110,11001006202110,G11000100062021037,110010062021037,1,1
G1100010006202111,11001006202111,G11000100062021042,110010062021042,1,1
G1100010006202112,11001006202112,G11000100062021041,110010062021041,1,1
G1100010006202113,11001006202113,G11000100062021040,110010062021040,1,1
G1100010006202201,11001006202201,G11000100062021043,110010062021043,0.5138571747,0.5138571747
G1100010006202201,11001006202201,G11000100062021096,110010062021096,0.0112467705,0.0112467705
G1100010006202201,11001006202201,G11000100062021097,110010062021097,0.4657676262,0.4657676262
G1100010006202201,11001006202201,G11000100062021098,110010062021098,0.0046950543,0.0046950543
G1100010006202201,11001006202201,G11000100062021099,110010062021099,0.0044333743,0.0044333743
G1100010006202202,11001006202202,G11000100062021092,110010062021092,0.4546309651,0.7604201442
G1100010006202202,11001006202202,G11000100062021093,110010062021093,0,0
G1100010006202202,11001006202202,G11000100062021094,110010062021094,0.1699737523,0.0126209666
G1100010006202202,11001006202202,G11000100062021095,110010062021095,0,0
G1100010006202202,11001006202202,G11000100062021161,110010062021161,0.3753952826,0.2269588892
G1100010006202203,11001006202203,G11000100062021050,110010062021050,0.0009072832,0.0025092072
G1100010006202203,11001006202203,G11000100062021051,110010062021051,0.0076091563,0.0210362607
G1100010006202203,11001006202203,G11000100062021052,110010062021052,0.0385977216,0.0023454983
G1100010006202203,11001006202203,G11000100062021054,110010062021054,0.0166414925,0
G1100010006202203,11001006202203,G11000100062021055,110010062021055,0.1126596898,0.9319591701
G1100010006202203,11001006202203,G11000100062021056,110010062021056,0.0076077584,0.0210312021
G1100010006202203,11001006202203,G11000100062021057,110010062021057,0.0403742681,0.0211186615
G1100010006202203,11001006202203,G11000100062021058,110010062021058,0.0643672744,0
G1100010006202203,11001006202203,G11000100062021059,110010062021059,0.0168509648,0
G1100010006202203,11001006202203,G11000100062021060,110010062021060,0.0104417925,0
G1100010006202203,11001006202203,G11000100062021061,110010062021061,0.0195424378,0
G1100010006202203,11001006202203,G11000100062021062,110010062021062,0.0041494445,0
G1100010006202203,11001006202203,G11000100062021063,110010062021063,0.0500658643,0
G1100010006202203,11001006202203,G11000100062021064,110010062021064,0.1398682448,0
G1100010006202203,11001006202203,G11000100062021065,110010062021065,0.0250852959,0
G1100010006202203,11001006202203,G11000100062021066,110010062021066,0.0011833813,0
G1100010006202203,11001006202203,G11000100062021068,110010062021068,0.078799608,0
G1100010006202203,11001006202203,G11000100062021069,110010062021069,0.003717785,0
G1100010006202203,11001006202203,G11000100062021070,110010062021070,0.1613311451,0
G1100010006202203,11001006202203,G11000100062021072,110010062021072,0.019489309,0
G1100010006202203,11001006202203,G11000100062021073,110010062021073,0.0290817492,0
G1100010006202203,11001006202203,G11000100062021074,110010062021074,0.0213766058,0
G1100010006202203,11001006202203,G11000100062021075,110010062021075,0.0173802265,0
G1100010006202203,11001006202203,G11000100062021076,110010062021076,0.0093790864,0
G1100010006202203,11001006202203,G11000100062021091,110010062021091,0.031769874,0
G1100010006202203,11001006202203,G11000100062021163,110010062021163,0.0138579976,0
G1100010006202203,11001006202203,G11000100062021230,110010062021230,0.0578645432,0
G1100010006202204,11001006202204,G11000100062021071,110010062021071,1,1
G1100010006202205,11001006202205,G11000100062021162,110010062021162,1,1
G1100010006202206,11001006202206,G11000100062021092,110010062021092,0.4546309651,0.0605185488
G1100010006202206,11001006202206,G11000100062021093,110010062021093,0,0
G1100010006202206,11001006202206,G11000100062021094,110010062021094,0.1699737523,0.0226261861
G1100010006202206,11001006202206,G11000100062021095,110010062021095,0,0
G1100010006202206,11001006202206,G11000100062021161,110010062021161,0.3753952826,0.9168552651
G1100010006202207,11001006202207,G11000100062021158,110010062021158,0.4931929104,0.4931929104
G1100010006202207,11001006202207,G11000100062021159,110010062021159,0.5068070896,0.5068070896
G1100010006202208,11001006202208,G11000100062021171,110010062021171,1,1
G1100010006202209,11001006202209,G11000100062021160,110010062021160,1,1
G1100010006202210,11001006202210,G11000100062021178,110010062021178,1,1
G1100010006202211,11001006202211,G11000100062021177,110010062021177,1,1
G1100010006202212,11001006202212,G11000100062021176,110010062021176,1,1
G1100010006202213,11001006202213,G11000100062021174,110010062021174,0.2383710524,0.2383710524
G1100010006202213,11001006202213,G11000100062021175,110010062021175,0.0101617881,0.0101617881
G1100010006202213,11001006202213,G11000100062021179,110010062021179,0.3259210436,0.3259210436
G1100010006202213,11001006202213,G11000100062021180,110010062021180,0.0038583958,0.0038583958
G1100010006202213,11001006202213,G11000100062021181,110010062021181,0.0098361219,0.0098361219
G1100010006202213,11001006202213,G11000100062021182,110010062021182,0.0010445439,0.0010445439
G1100010006202213,11001006202213,G11000100062021183,110010062021183,0.0405546182,0.0405546182
G1100010006202213,11001006202213,G11000100062021184,110010062021184,0.0087728312,0.0087728312
G1100010006202213,11001006202213,G11000100062021185,110010062021185,0.0602144894,0.0602144894
G1100010006202213,11001006202213,G11000100062021186,110010062021186,0.2656151381,0.2656151381
G1100010006202213,11001006202213,G11000100062021187,110010062021187,0.003537389,0.003537389
G1100010006202213,11001006202213,G11000100062021188,110010062021188,0.0028096789,0.0028096789
G1100010006202213,11001006202213,G11000100062021190,110010062021190,0.0177469505,0.0177469505
G1100010006202213,11001006202213,G11000100062021200,110010062021200,0.0027674288,0.0027674288
G1100010006202213,11001006202213,G11000100062021201,110010062021201,0.0087885301,0.0087885301
G1100010006202214,11001006202214,G11000100062021152,110010062021152,1,1
G1100010006202215,11001006202215,G11000100062021189,110010062021189,0.2566205084,0.139327547
G1100010006202215,11001006202215,G11000100062021195,110010062021195,0.0078797687,0.0013896537
G1100010006202215,11001006202215,G11000100062021196,110010062021196,0.0916743987,0.0391471783
G1100010006202215,11001006202215,G11000100062021197,110010062021197,0.0076499606,0.0081915153
G1100010006202215,11001006202215,G11000100062021198,110010062021198,0.4919575178,0.6074200433
G1100010006202215,11001006202215,G11000100062021199,110010062021199,0.1188599474,0.1796936782
G1100010006202215,11001006202215,G11000100062021212,110010062021212,0.0253578986,0.0248303842
G1100010006202216,11001006202216,G11000100062021189,110010062021189,0.266612277,0.6773842417
G1100010006202216,11001006202216,G11000100062021195,110010062021195,0.0081865751,0.0000669569
G1100010006202216,11001006202216,G11000100062021196,110010062021196,0.0849743994,0.0006949942
G1100010006202216,11001006202216,G11000100062021197,110010062021197,0.000801778,0.0000065576
G1100010006202216,11001006202216,G11000100062021198,110010062021198,0.5111123614,0.3207977981
G1100010006202216,11001006202216,G11000100062021199,110010062021199,0.1234878749,0.0010099907
G1100010006202216,11001006202216,G11000100062021212,110010062021212,0.0048247341,0.0000394609
G1100010006202217,11001006202217,G11000100062021194,110010062021194,0.0511859924,0.0511859924
G1100010006202217,11001006202217,G11000100062021205,110010062021205,0.9090627023,0.9090627023
G1100010006202217,11001006202217,G11000100062021210,110010062021210,0.0397513052,0.0397513052
G1100010006202218,11001006202218,G11000100062021202,110010062021202,0.0291048813,0.0311012198
G1100010006202218,11001006202218,G11000100062021203,110010062021203,0.3884071226,0.4052074154
G1100010006202218,11001006202218,G11000100062021211,110010062021211,0.0733728537,0.0446000616
G1100010006202218,11001006202218,G11000100062021229,110010062021229,0.5091151425,0.5190913032
G1100010006202219,11001006202219,G11000100062021202,110010062021202,0.0291048813,0
G1100010006202219,11001006202219,G11000100062021203,110010062021203,0.3884071226,0
G1100010006202219,11001006202219,G11000100062021211,110010062021211,0.0733728537,0.3541164264
G1100010006202219,11001006202219,G11000100062021229,110010062021229,0.5091151425,0.6458835736
G1100010006202220,11001006202220,G11000100062021200,110010062021200,0.0387216925,0.0387216925
G1100010006202220,11001006202220,G11000100062021201,110010062021201,0.0107442059,0.0107442059
G1100010006202220,11001006202220,G11000100062021213,110010062021213,0.5253947988,0.5253947988
G1100010006202220,11001006202220,G11000100062021214,110010062021214,0.1136394658,0.1136394658
G1100010006202220,11001006202220,G11000100062021215,110010062021215,0.0085104446,0.0085104446
G1100010006202220,11001006202220,G11000100062021216,110010062021216,0.0170205242,0.0170205242
G1100010006202220,11001006202220,G11000100062021219,110010062021219,0.0090944947,0.0090944947
G1100010006202220,11001006202220,G11000100062021220,110010062021220,0.1646186975,0.1646186975
G1100010006202220,11001006202220,G11000100062021221,110010062021221,0.112255676,0.112255676
G1100010006202221,11001006202221,G11000100062021218,110010062021218,0.0061623905,0.0061623905
G1100010006202221,11001006202221,G11000100062021220,110010062021220,0.0048799622,0.0048799622
G1100010006202221,11001006202221,G11000100062021222,110010062021222,0.9805615307,0.9805615307
G1100010006202221,11001006202221,G11000100062021225,110010062021225,0.0083961167,0.0083961167
G1100010006202222,11001006202222,G11000100062021223,110010062021223,1,1
G1100010006202223,11001006202223,G11000100062021218,110010062021218,0.2208121827,0.2208121827
G1100010006202223,11001006202223,G11000100062021224,110010062021224,0.6560913706,0.6560913706
G1100010006202223,11001006202223,G11000100062021225,110010062021225,0.1230964467,0.1230964467
G1100010006202224,11001006202224,G11000100062021217,110010062021217,0.0592361652,0.0592361652
G1100010006202224,11001006202224,G11000100062021228,110010062021228,0.9407638348,0.9407638348
G1100010006202225,11001006202225,G11000100062021210,110010062021210,1,1
G1100010006202226,11001006202226,G11000100062021204,110010062021204,1,1
G1100010006202227,11001006202227,G11000100062021208,110010062021208,1,1
G1100010006202228,11001006202228,G11000100062021206,110010062021206,1,1
G1100010006202229,11001006202229,G11000100062021209,110010062021209,1,1
G1100010006202230,11001006202230,G11000100062021207,110010062021207,1,1
G1100010006202231,11001006202231,G11000100062021082,110010062021082,0.1451385887,0.1451385887
G1100010006202231,11001006202231,G11000100062021083,110010062021083,0.2704502887,0.2704502887
G1100010006202231,11001006202231,G11000100062021086,110010062021086,0.0058405648,0.0058405648
G1100010006202231,11001006202231,G11000100062021087,110010062021087,0.5567266239,0.5567266239
G1100010006202231,11001006202231,G11000100062021089,110010062021089,0.0218439339,0.0218439339
G1100010006202232,11001006202232,G11000100062021170,110010062021170,1,1
G1100010006202233,11001006202233,G11000100062021169,110010062021169,0.8266818048,0.8266818048
G1100010006202233,11001006202233,G11000100062021231,110010062021231,0.0386138653,0.1289325401
G1100010006202233,11001006202233,G11000100062021232,110010062021232,0.1347043299,0.0443856551
G1100010006202234,11001006202234,G11000100062021231,110010062021231,0.0106927838,0.0046346883
G1100010006202234,11001006202234,G11000100062021232,110010062021232,0.0373017377,0.0433598332
G1100010006202234,11001006202234,G11000100062021233,110010062021233,0.0906395356,0.0906395356
G1100010006202234,11001006202234,G11000100062021234,110010062021234,0.0233747914,0.0233747914
G1100010006202234,11001006202234,G11000100062021235,110010062021235,0.0224378478,0.0224378478
G1100010006202234,11001006202234,G11000100062021236,110010062021236,0.0474888899,0.0474888899
G1100010006202234,11001006202234,G11000100062021238,110010062021238,0.0720934198,0.0720934198
G1100010006202234,11001006202234,G11000100062021239,110010062021239,0.1225566177,0.1225566177
G1100010006202234,11001006202234,G11000100062021240,110010062021240,0.0221011337,0.0221011337
G1100010006202234,11001006202234,G11000100062021241,110010062021241,0.016874745,0.016874745
G1100010006202234,11001006202234,G11000100062021242,110010062021242,0.3769270511,0.3769270511
G1100010006202234,11001006202234,G11000100062021243,110010062021243,0.0188511105,0.0188511105
G1100010006202234,11001006202234,G11000100062021244,110010062021244,0.1254796866,0.1254796866
G1100010006202234,11001006202234,G11000100062021245,110010062021245,0.0131806496,0.0131806496
G1100010006202235,11001006202235,G11000100062021237,110010062021237,1,1
G1100010006202236,11001006202236,G11000100062021168,110010062021168,0.8764656616,0.8764656616
G1100010006202236,11001006202236,G11000100062021240,110010062021240,0.1235343384,0.1235343384
G1100010006202299C,11001006202299C,G11000100062021092,110010062021092,0.4546309651,0.9766413564
G1100010006202299C,11001006202299C,G11000100062021093,110010062021093,0,0.0233586436
G1100010006202299C,11001006202299C,G11000100062021094,110010062021094,0.1699737523,0
G1100010006202299C,11001006202299C,G11000100062021095,110010062021095,0,0
G1100010006202299C,11001006202299C,G11000100062021161,110010062021161,0.3753952826,0
G1100010006202301,11001006202301,G11000100062021021,110010062021021,1,1
G1100010006202302,11001006202302,G11000100062021022,110010062021022,1,1
G1100010006202303,11001006202303,G11000100062021023,110010062021023,1,1
G1100010006202304,11001006202304,G11000100062021000,110010062021000,0.9944074432,0.9944074432
G1100010006202304,11001006202304,G11000100062021002,110010062021002,0.0055925568,0.0055925568
G1100010006202305,11001006202305,G11000100062021103,110010062021103,1,1
G1100010006202306,11001006202306,G11000100062021104,110010062021104,1,1
G1100010006202307,11001006202307,G11000100062021002,110010062021002,1,1
G1100010006202308,11001006202308,G11000100062021001,110010062021001,1,1
G1100010006202309,11001006202309,G11000100062021005,110010062021005,1,1
G1100010006202310,11001006202310,G11000100062021006,110010062021006,1,1
G1100010006202311,11001006202311,G11000100062021007,110010062021007,1,1
G1100010006202312,11001006202312,G11000100062021008,110010062021008,1,1
G1100010006202313,11001006202313,G11000100062021009,110010062021009,0.9687694305,0.9687694305
G1100010006202313,11001006202313,G11000100062021010,110010062021010,0.0278582326,0.0278582326
G1100010006202313,11001006202313,G11000100062021012,110010062021012,0.0033723369,0.0033723369
G1100010006202314,11001006202314,G11000100062021011,110010062021011,1,1
G1100010006202315,11001006202315,G11000100062021004,110010062021004,1,1
G1100010006202316,11001006202316,G11000100062021026,110010062021026,1,1
G1100010006202317,11001006202317,G11000100062021027,110010062021027,1,1
G1100010006202318,11001006202318,G11000100062021025,110010062021025,1,1
G1100010006202319,11001006202319,G11000100062021101,110010062021101,0.9679643869,0.9679643869
G1100010006202319,11001006202319,G11000100062021102,110010062021102,0.0320356131,0.0320356131
G1100010006202320,11001006202320,G11000100062021003,110010062021003,1,1
G1100010006202321,11001006202321,G11000100062021118,110010062021118,1,1
G1100010006202322,11001006202322,G11000100062021117,110010062021117,1,1
G1100010006202323,11001006202323,G11000100062021115,110010062021115,0.571331637,0.571331637
G1100010006202323,11001006202323,G11000100062021116,110010062021116,0.428668363,0.428668363
G1100010006202324,11001006202324,G11000100062021009,110010062021009,1,1
G1100010006202325,11001006202325,G11000100062021013,110010062021013,1,1
G1100010006202326,11001006202326,G11000100062021014,110010062021014,0.7443903009,0.7443903009
G1100010006202326,11001006202326,G11000100062021015,110010062021015,0.0562783977,0.0562783977
G1100010006202326,11001006202326,G11000100062021016,110010062021016,0.1993313014,0.1993313014
G1100010006202327,11001006202327,G11000100062021017,110010062021017,0.6936443331,0.6936443331
G1100010006202327,11001006202327,G11000100062021018,110010062021018,0.3063556669,0.3063556669
G1100010006202328,11001006202328,G11000100062021019,110010062021019,1,1
G1100010006202329,11001006202329,G11000100062021020,110010062021020,1,1
G1100010006202330,11001006202330,G11000100062021020,110010062021020,1,1
G1100010006202331,11001006202331,G11000100062021024,110010062021024,1,1
G1100010006202332,11001006202332,G11000100062021100,110010062021100,1,1
G1100010006202333,11001006202333,G11000100062021028,110010062021028,1,1
G1100010006202334,11001006202334,G11000100062021253,110010062021253,1,1
G1100010006202335,11001006202335,G11000100062021151,110010062021151,1,1
G1100010006202336,11001006202336,G11000100062021150,110010062021150,1,1
G1100010006202337,11001006202337,G11000100062021105,110010062021105,0.3626317116,0.3626317116
G1100010006202337,11001006202337,G11000100062021149,110010062021149,0.6373682884,0.6373682884
G1100010006202338,11001006202338,G11000100062021106,110010062021106,1,1
G1100010006202339,11001006202339,G11000100062021107,110010062021107,1,1
G1100010006202340,11001006202340,G11000100062021108,110010062021108,0.5595164154,0.5595164154
G1100010006202340,11001006202340,G11000100062021109,110010062021109,0.0814183877,0.0814183877
G1100010006202340,11001006202340,G11000100062021110,110010062021110,0,0
G1100010006202340,11001006202340,G11000100062021111,110010062021111,0.359065197,0.359065197
G1100010006202340,11001006202340,G11000100062021112,110010062021112,0,0
G1100010006202341,11001006202341,G11000100062021132,110010062021132,0.8361881691,0.8361881691
G1100010006202341,11001006202341,G11000100062021156,110010062021156,0.1054783413,0.1054783413
G1100010006202341,11001006202341,G11000100062021157,110010062021157,0.0583334896,0.0583334896
G1100010006202342,11001006202342,G11000100062021131,110010062021131,1,1
G1100010006202343,11001006202343,G11000100062021130,110010062021130,0.0630179545,0
G1100010006202343,11001006202343,G11000100062021136,110010062021136,0.9369820455,1
G1100010006202344,11001006202344,G11000100062021113,110010062021113,0.007473132,0.007473132
G1100010006202344,11001006202344,G11000100062021114,110010062021114,0.7337122556,0.7337122556
G1100010006202344,11001006202344,G11000100062021119,110010062021119,0.2153766496,0.2153766496
G1100010006202344,11001006202344,G11000100062021127,110010062021127,0.0111173402,0.0111173402
G1100010006202344,11001006202344,G11000100062021133,110010062021133,0.0065767976,0.0065767976
G1100010006202344,11001006202344,G11000100062021134,110010062021134,0.0257438251,0.0257438251
G1100010006202345,11001006202345,G11000100062021135,110010062021135,1,1
G1100010006202346,11001006202346,G11000100062021120,110010062021120,0.0599382793,0.0599382793
G1100010006202346,11001006202346,G11000100062021121,110010062021121,0.9400617207,0.9400617207
G1100010006202347,11001006202347,G11000100062021122,110010062021122,1,1
G1100010006202348,11001006202348,G11000100062021123,110010062021123,1,1
G1100010006202349,11001006202349,G11000100062021124,110010062021124,1,1
G1100010006202350,11001006202350,G11000100062021164,110010062021164,1,1
G1100010006202351,11001006202351,G11000100062021125,110010062021125,1,1
G1100010006202352,11001006202352,G11000100062021126,110010062021126,1,1
G1100010006202353,11001006202353,G11000100062021128,110010062021128,1,1
G1100010006202354,11001006202354,G11000100062021129,110010062021129,1,1
G1100010006202355,11001006202355,G11000100062021137,110010062021137,1,1
G1100010006202356,11001006202356,G11000100062021138,110010062021138,1,1
G1100010006202357,11001006202357,G11000100062021139,110010062021139,1,1
G1100010006202358,11001006202358,G11000100062021143,110010062021143,1,1
G1100010006202359,11001006202359,G11000100062021142,110010062021142,1,1
G1100010006202360,11001006202360,G11000100062021140,110010062021140,0.3300127827,0.3300127827
G1100010006202360,11001006202360,G11000100062021141,110010062021141,0.6699872173,0.6699872173
G1100010006202361,11001006202361,G11000100062021165,110010062021165,1,1
G1100010006202362,11001006202362,G11000100062021155,110010062021155,1,1
G1100010006202363,11001006202363,G11000100062021155,110010062021155,0.0914043701,0.0914043701
G1100010006202363,11001006202363,G11000100062021156,110010062021156,0.1041493829,0.1041493829
G1100010006202363,11001006202363,G11000100062021157,110010062021157,0.804446247,0.804446247
G1100010006202364,11001006202364,G11000100062021145,110010062021145,1,1
G1100010006202365,11001006202365,G11000100062021144,110010062021144,1,1
G1100010006202366,11001006202366,G11000100062021146,110010062021146,1,1
G1100010006202367,11001006202367,G11000100062021147,110010062021147,0.312515026,0.312515026
G1100010006202367,11001006202367,G11000100062021148,110010062021148,0.687484974,0.687484974
G1100010006202368,11001006202368,G11000100062021153,110010062021153,0.9710483365,0.9710483365
G1100010006202368,11001006202368,G11000100062021154,110010062021154,0.0289516635,0.0289516635
G1100010006202401,11001006202401,G11000100062021045,110010062021045,1,1
G1100010006202402,11001006202402,G11000100062021044,110010062021044,0.9894102729,0.9894102729
G1100010006202402,11001006202402,G11000100062021251,110010062021251,0.0105897271,0.0105897271
G1100010006202404,11001006202404,G11000100062021077,110010062021077,1,1
G1100010006202405,11001006202405,G11000100062021079,110010062021079,1,1
G1100010006202406,11001006202406,G11000100062021078,110010062021078,1,1
G1100010006202407,11001006202407,G11000100062021047,110010062021047,1,1
G1100010006202409,11001006202409,G11000100062021048,110010062021048,0.8314460739,0.8314460739
G1100010006202409,11001006202409,G11000100062021049,110010062021049,0.0829775385,0.0829775385
G1100010006202409,11001006202409,G11000100062021053,110010062021053,0.0855763876,0.0855763876
G1100010006202422,11001006202422,G11000100062021045,110010062021045,1,1
G1100010006202423,11001006202423,G11000100062021046,110010062021046,1,1
G1100010006202424,11001006202424,G11000100062021252,110010062021252,1,1
G1100010006301101,11001006301101,G11000100110001001,110010110001001,1,1
G1100010006301102,11001006301102,G11000100110002000,110010110002000,0.561821079,0.6286786003
G1100010006301102,11001006301102,G11000100110003000,110010110003000,0.1839562941,0.2034424778
G1100010006301102,11001006301102,G11000100110003001,110010110003001,0.2542226269,0.1678789219
G1100010006301102,11001006301102,G11000100110003002,110010110003002,0,0
G1100010006301103,11001006301103,G11000100110001002,110010110001002,1,1
G1100010006301104,11001006301104,G11000100110003003,110010110003003,0.6156364719,0.6156364719
G1100010006301104,11001006301104,G11000100110003005,110010110003005,0.3843635281,0.3843635281
G1100010006301105,11001006301105,G11000100110003001,110010110003001,0.7615937296,0.7615937296
G1100010006301105,11001006301105,G11000100110003004,110010110003004,0.2384062704,0.2384062704
G1100010006301120,11001006301120,G11000100110001000,110010110001000,0.1006201132,0.0539722334
G1100010006301120,11001006301120,G11000100110004000,110010110004000,0.2649385664,0.1830199608
G1100010006301120,11001006301120,G11000100110004001,110010110004001,0.1875977352,0.2270924392
G1100010006301120,11001006301120,G11000100110004002,110010110004002,0.4468435851,0.5359153667
G1100010006302101,11001006302101,G11000100064002032,110010064002032,0.0248366049,0.0033585366
G1100010006302101,11001006302101,G11000100110002002,110010110002002,0.0280909254,0.0037083582
G1100010006302101,11001006302101,G11000100110002003,110010110002003,0.0620086601,0.0083854015
G1100010006302101,11001006302101,G11000100110002005,110010110002005,0.2017379919,0.6414625134
G1100010006302101,11001006302101,G11000100110002006,110010110002006,0.0201914562,0.0006273286
G1100010006302101,11001006302101,G11000100110002007,110010110002007,0.0432542119,0.2952439693
G1100010006302101,11001006302101,G11000100110002008,110010110002008,0.0434932605,0.005605727
G1100010006302101,11001006302101,G11000100110002009,110010110002009,0.0684249415,0.0086411586
G1100010006302101,11001006302101,G11000100110002010,110010110002010,0.0420562525,0.0034362049
G1100010006302101,11001006302101,G11000100110002011,110010110002011,0.0669526195,0.0089556678
G1100010006302101,11001006302101,G11000100110002012,110010110002012,0.2055980833,0.0102289136
G1100010006302101,11001006302101,G11000100110002013,110010110002013,0.0688622917,0.0065121804
G1100010006302101,11001006302101,G11000100110002015,110010110002015,0.1244927009,0.0038340401
G1100010006410101,11001006410101,G11000100064002003,110010064002003,1,1
G1100010006410105,11001006410105,G11000100064001006,110010064001006,1,1
G1100010006410106,11001006410106,G11000100064001007,110010064001007,1,1
G1100010006410107,11001006410107,G11000100064001008,110010064001008,1,1
G1100010006410108,11001006410108,G11000100064001009,110010064001009,1,1
G1100010006410108A,11001006410108A,G11000100064001000,110010064001000,1,1
G1100010006410108B,11001006410108B,G11000100064001000,110010064001000,1,1
G1100010006410109,11001006410109,G11000100064002000,110010064002000,1,1
G1100010006410109A,11001006410109A,G11000100064001001,110010064001001,1,1
G1100010006410109B,11001006410109B,G11000100064001001,110010064001001,1,1
G1100010006410110,11001006410110,G11000100064002001,110010064002001,1,1
G1100010006410110A,11001006410110A,G11000100064001002,110010064001002,0.4708715596,0.7925308464
G1100010006410110A,11001006410110A,G11000100064001003,110010064001003,0.5291284404,0.2074691536
G1100010006410110B,11001006410110B,G11000100064001002,110010064001002,0.4708715596,0.0756155358
G1100010006410110B,11001006410110B,G11000100064001003,110010064001003,0.5291284404,0.9243844642
G1100010006410111,11001006410111,G11000100064001004,110010064001004,0.9270794618,1
G1100010006410111,11001006410111,G11000100064001005,110010064001005,0.0729205382,0
G1100010006410111A,11001006410111A,G11000100064002002,110010064002002,1,1
G1100010006410111B,11001006410111B,G11000100064002002,110010064002002,1,1
G1100010006410201,11001006410201,G11000100064002004,110010064002004,1,1
G1100010006410202,11001006410202,G11000100064002009,110010064002009,1,1
G1100010006410203,11001006410203,G11000100064002010,110010064002010,1,1
G1100010006410204,11001006410204,G11000100064002033,110010064002033,1,1
G1100010006410205,11001006410205,G11000100064002012,110010064002012,0.4792562231,0.4792562231
G1100010006410205,11001006410205,G11000100064002021,110010064002021,0.5207437769,0.5207437769
G1100010006410206,11001006410206,G11000100064002008,110010064002008,0.8803981887,1
G1100010006410206,11001006410206,G11000100064002011,110010064002011,0.1196018113,0
G1100010006410207,11001006410207,G11000100064002007,110010064002007,1,1
G1100010006410208,11001006410208,G11000100064002024,110010064002024,1,1
G1100010006410209,11001006410209,G11000100064002024,110010064002024,1,1
G1100010006410210,11001006410210,G11000100064002023,110010064002023,1,1
G1100010006410211,11001006410211,G11000100064002023,110010064002023,0.8297866438,0.8297866438
G1100010006410211,11001006410211,G11000100064002024,110010064002024,0.1702133562,0.1702133562
G1100010006410301,11001006410301,G11000100064002013,110010064002013,0.6944601613,0.6944601613
G1100010006410301,11001006410301,G11000100064002015,110010064002015,0.0784411429,0.0784411429
G1100010006410301,11001006410301,G11000100064002016,110010064002016,0.1773899306,0.1773899306
G1100010006410301,11001006410301,G11000100064002022,110010064002022,0.0497087651,0.0497087651
G1100010006410302,11001006410302,G11000100064002027,110010064002027,1,1
G1100010006410303,11001006410303,G11000100064002026,110010064002026,1,1
G1100010006410304,11001006410304,G11000100064002025,110010064002025,1,1
G1100010006410305A,11001006410305A,G11000100064002029,110010064002029,1,1
G1100010006410305B,11001006410305B,G11000100064002005,110010064002005,0.1589479894,0.1589479894
G1100010006410305B,11001006410305B,G11000100064002006,110010064002006,0.5053564834,0.5053564834
G1100010006410305B,11001006410305B,G11000100064002030,110010064002030,0.3356955272,0.3356955272
G1100010006410305C,11001006410305C,G11000100064002030,110010064002030,1,1
G1100010006410306,11001006410306,G11000100064002017,110010064002017,1,1
G1100010006410307,11001006410307,G11000100064002017,110010064002017,1,1
G1100010006410308,11001006410308,G11000100064002014,110010064002014,1,1
G1100010006410309,11001006410309,G11000100064002013,110010064002013,0.4978292782,0.4978292782
G1100010006410309,11001006410309,G11000100064002028,110010064002028,0.4100634038,0.4100634038
G1100010006410309,11001006410309,G11000100110002005,110010110002005,0.092107318,0.092107318
G1100010006510101,11001006510101,G11000100065001005,110010065001005,1,1
G1100010006510102,11001006510102,G11000100065001006,110010065001006,1,1
G1100010006510103,11001006510103,G11000100065001004,110010065001004,1,1
G1100010006510104,11001006510104,G11000100065001007,110010065001007,1,1
G1100010006510105,11001006510105,G11000100065001003,110010065001003,1,1
G1100010006510106,11001006510106,G11000100065001000,110010065001000,1,1
G1100010006510107,11001006510107,G11000100065001009,110010065001009,1,1
G1100010006510108,11001006510108,G11000100065001008,110010065001008,1,1
G1100010006510109,11001006510109,G11000100065001002,110010065001002,1,1
G1100010006510120,11001006510120,G11000100065001001,110010065001001,1,1
G1100010006510201,11001006510201,G11000100065002002,110010065002002,1,1
G1100010006510202,11001006510202,G11000100065002000,110010065002000,1,1
G1100010006510203,11001006510203,G11000100065002001,110010065002001,1,1
G1100010006510204,11001006510204,G11000100065002003,110010065002003,1,1
G1100010006510205,11001006510205,G11000100065002015,110010065002015,1,1
G1100010006510206,11001006510206,G11000100065002016,110010065002016,0.481953078,0.481953078
G1100010006510206,11001006510206,G11000100065002017,110010065002017,0.518046922,0.518046922
G1100010006510207,11001006510207,G11000100065002014,110010065002014,1,1
G1100010006510301,11001006510301,G11000100065002022,110010065002022,1,1
G1100010006510301A,11001006510301A,G11000100065002019,110010065002019,0.9976904071,0.9992908434
G1100010006510301A,11001006510301A,G11000100065002021,110010065002021,0.0023095929,0.0007091566
G1100010006510301B,11001006510301B,G11000100065002019,110010065002019,0.9976904071,0.9790175218
G1100010006510301B,11001006510301B,G11000100065002021,110010065002021,0.0023095929,0.0209824782
G1100010006510302,11001006510302,G11000100065002013,110010065002013,1,1
G1100010006510303,11001006510303,G11000100065002023,110010065002023,1,1
G1100010006510304,11001006510304,G11000100065002019,110010065002019,0.9626679297,0.9626679297
G1100010006510304,11001006510304,G11000100065002021,110010065002021,0.0373320703,0.0373320703
G1100010006510305,11001006510305,G11000100065002018,110010065002018,1,1
G1100010006510306,11001006510306,G11000100065002020,110010065002020,0.0252589209,0.0252589209
G1100010006510306,11001006510306,G11000100065002025,110010065002025,0.3698091952,0.3698091952
G1100010006510306,11001006510306,G11000100065002026,110010065002026,0.4071108954,0.4071108954
G1100010006510306,11001006510306,G11000100065002027,110010065002027,0.1767548784,0.1767548784
G1100010006510306,11001006510306,G11000100065002028,110010065002028,0.0210661101,0.0210661101
G1100010006510401,11001006510401,G11000100065002006,110010065002006,1,1
G1100010006510402,11001006510402,G11000100065002008,110010065002008,0.5293692204,0.0519480519
G1100010006510402,11001006510402,G11000100065002009,110010065002009,0.4706307796,0.9480519481
G1100010006510403,11001006510403,G11000100065002010,110010065002010,0.8932782695,0.953125
G1100010006510403,11001006510403,G11000100065002024,110010065002024,0.1067217305,0.046875
G1100010006510404,11001006510404,G11000100065002007,110010065002007,0.9324267834,1
G1100010006510404,11001006510404,G11000100065002011,110010065002011,0.0675732166,0
G1100010006510405,11001006510405,G11000100065002004,110010065002004,1,1
G1100010006510406,11001006510406,G11000100065002012,110010065002012,1,1
G1100010006510420,11001006510420,G11000100065002005,110010065002005,1,1
G1100010006510501,11001006510501,G11000100065001010,110010065001010,1,1
G1100010006510502,11001006510502,G11000100065001011,110010065001011,0.782965155,0.9198312236
G1100010006510502,11001006510502,G11000100065001012,110010065001012,0.217034845,0.0801687764
G11000100066101,11001006600101,G11000100066001000,110010066001000,1,1
G11000100066102,11001006600102,G11000100066001001,110010066001001,1,1
G11000100066103,11001006600103,G11000100066001002,110010066001002,1,1
G11000100066104,11001006600104,G11000100066001009,110010066001009,1,1
G11000100066105,11001006600105,G11000100066001010,110010066001010,1,1
G11000100066106,11001006600106,G11000100066001011,110010066001011,0.8825753082,0.5846994536
G11000100066106,11001006600106,G11000100066001017,110010066001017,0.0411646388,0.1147540984
G11000100066106,11001006600106,G11000100066001019,110010066001019,0.076260053,0.3005464481
G11000100066201,11001006600201,G11000100066001018,110010066001018,1,1
G11000100066202,11001006600202,G11000100066001020,110010066001020,1,1
G11000100066203,11001006600203,G11000100066001016,110010066001016,1,1
G11000100066204,11001006600204,G11000100066001023,110010066001023,1,1
G11000100066205,11001006600205,G11000100066001022,110010066001022,1,1
G11000100066206,11001006600206,G11000100066001021,110010066001021,1,1
G11000100066220,11001006600220,G11000100066001015,110010066001015,1,1
G11000100066221,11001006600221,G11000100066001024,110010066001024,1,1
G11000100066301,11001006600301,G11000100066001006,110010066001006,0.5026372143,0.3211678832
G11000100066301,11001006600301,G11000100066001007,110010066001007,0.4973627857,0.6788321168
G11000100066302,11001006600302,G11000100066001014,110010066001014,1,1
G11000100066303,11001006600303,G11000100066001012,110010066001012,0.7676845301,1
G11000100066303,11001006600303,G11000100066001013,110010066001013,0.2323154699,0
G11000100066306,11001006600306,G11000100066001004,110010066001004,1,1
G11000100066308,11001006600308,G11000100066001008,110010066001008,1,1
G11000100066309,11001006600309,G11000100066001003,110010066001003,1,1
G11000100066310,11001006600310,G11000100066001005,110010066001005,1,1
G1100010006710101,11001006710101,G11000100067001000,110010067001000,1,1
G1100010006710102,11001006710102,G11000100067001001,110010067001001,1,1
G1100010006710103,11001006710103,G11000100067001003,110010067001003,1,1
G1100010006710104,11001006710104,G11000100067001004,110010067001004,1,1
G1100010006710105,11001006710105,G11000100067001002,110010067001002,0.9499836548,0.8210526316
G1100010006710105,11001006710105,G11000100067001005,110010067001005,0.0500163452,0.1789473684
G1100010006710106,11001006710106,G11000100067001007,110010067001007,1,1
G1100010006710107,11001006710107,G11000100067001006,110010067001006,1,1
G1100010006710108,11001006710108,G11000100067001008,110010067001008,0.736765147,0.6084507042
G1100010006710108,11001006710108,G11000100067001010,110010067001010,0.263234853,0.3915492958
G1100010006710109,11001006710109,G11000100067001009,110010067001009,1,1
G1100010006710201,11001006710201,G11000100067002010,110010067002010,1,1
G1100010006710202,11001006710202,G11000100067002009,110010067002009,1,1
G1100010006710203,11001006710203,G11000100067002005,110010067002005,0.4708634191,0.462406015
G1100010006710203,11001006710203,G11000100067002008,110010067002008,0.5291365809,0.537593985
G1100010006710204,11001006710204,G11000100067002007,110010067002007,1,1
G1100010006710205,11001006710205,G11000100067002006,110010067002006,1,1
G1100010006710206,11001006710206,G11000100067002000,110010067002000,0.0630241583,0.1081081081
G1100010006710206,11001006710206,G11000100067002001,110010067002001,0.9369758417,0.8918918919
G1100010006710207,11001006710207,G11000100067002002,110010067002002,1,1
G1100010006710208,11001006710208,G11000100067002003,110010067002003,0.3624913903,0.2717391304
G1100010006710208,11001006710208,G11000100067002004,110010067002004,0.6375086097,0.7282608696
G1100010006710301,11001006710301,G11000100067003007,110010067003007,1,1
G1100010006710302,11001006710302,G11000100067003012,110010067003012,1,1
G1100010006710303,11001006710303,G11000100067003013,110010067003013,1,1
G1100010006710304,11001006710304,G11000100067003011,110010067003011,1,1
G1100010006710306,11001006710306,G11000100067003008,110010067003008,1,1
G1100010006710307,11001006710307,G11000100067003009,110010067003009,1,1
G1100010006710401,11001006710401,G11000100067003000,110010067003000,1,1
G1100010006710402,11001006710402,G11000100067003001,110010067003001,1,1
G1100010006710403,11001006710403,G11000100067003002,110010067003002,1,1
G1100010006710404,11001006710404,G11000100067003003,110010067003003,1,1
G1100010006710405,11001006710405,G11000100067003004,110010067003004,0.1219950079,0.0769230769
G1100010006710405,11001006710405,G11000100067003005,110010067003005,0.8780049921,0.9230769231
G1100010006710406,11001006710406,G11000100067003006,110010067003006,1,1
G1100010006710407,11001006710407,G11000100067003010,110010067003010,1,1
G1100010006801101,11001006801101,G11000100068011000,110010068011000,1,1
G1100010006801102,11001006801102,G11000100068011001,110010068011001,1,1
G1100010006801103,11001006801103,G11000100068011002,110010068011002,1,1
G1100010006801104,11001006801104,G11000100068011003,110010068011003,1,1
G1100010006801105,11001006801105,G11000100068011004,110010068011004,1,1
G1100010006801106,11001006801106,G11000100068011005,110010068011005,1,1
G1100010006801107,11001006801107,G11000100068011007,110010068011007,1,1
G1100010006801108,11001006801108,G11000100068011008,110010068011008,1,1
G1100010006801109,11001006801109,G11000100068011009,110010068011009,1,1
G1100010006801110,11001006801110,G11000100068011006,110010068011006,0.9776733687,1
G1100010006801110,11001006801110,G11000100068011010,110010068011010,0.0223266313,0
G1100010006801201,11001006801201,G11000100068012004,110010068012004,1,1
G1100010006801202,11001006801202,G11000100068012005,110010068012005,1,1
G1100010006801203,11001006801203,G11000100068012002,110010068012002,1,1
G1100010006801204,11001006801204,G11000100068012003,110010068012003,1,1
G1100010006801205,11001006801205,G11000100068012000,110010068012000,1,1
G1100010006801206,11001006801206,G11000100068012001,110010068012001,1,1
G1100010006802101,11001006802101,G11000100068021000,110010068021000,1,1
G1100010006802102,11001006802102,G11000100068021001,110010068021001,1,1
G1100010006802103,11001006802103,G11000100068021002,110010068021002,1,1
G1100010006802104,11001006802104,G11000100068021006,110010068021006,1,1
G1100010006802105,11001006802105,G11000100068021003,110010068021003,1,1
G1100010006802106,11001006802106,G11000100068021004,110010068021004,1,1
G1100010006802107,11001006802107,G11000100068021005,110010068021005,1,1
G1100010006802201,11001006802201,G11000100068022003,110010068022003,1,1
G1100010006802202,11001006802202,G11000100068022002,110010068022002,1,1
G1100010006802203,11001006802203,G11000100068022001,110010068022001,0.8396099319,0.9692307692
G1100010006802203,11001006802203,G11000100068022006,110010068022006,0.1603900681,0.0307692308
G1100010006802204,11001006802204,G11000100068022000,110010068022000,1,1
G1100010006802206,11001006802206,G11000100068022005,110010068022005,1,1
G1100010006802301,11001006802301,G11000100068022008,110010068022008,0.2004901741,0
G1100010006802301,11001006802301,G11000100068022009,110010068022009,0.7995098259,1
G1100010006802302,11001006802302,G11000100068022004,110010068022004,0.8612125358,0.8954248366
G1100010006802302,11001006802302,G11000100068022012,110010068022012,0.1387874642,0.1045751634
G1100010006802303,11001006802303,G11000100068022007,110010068022007,1,1
G1100010006802304,11001006802304,G11000100068022010,110010068022010,0.4026601271,0.3993506494
G1100010006802304,11001006802304,G11000100068022011,110010068022011,0.029687978,0
G1100010006802304,11001006802304,G11000100068022013,110010068022013,0.5676518949,0.6006493506
G1100010006802305,11001006802305,G11000100068022015,110010068022015,1,1
G1100010006802308,11001006802308,G11000100068022014,110010068022014,1,1
G1100010006804101,11001006804101,G11000100068041001,110010068041001,1,1
G1100010006804102,11001006804102,G11000100068041017,110010068041017,1,1
G1100010006804103,11001006804103,G11000100068041001,110010068041001,0.5196707148,0.5196707148
G1100010006804103,11001006804103,G11000100068041002,110010068041002,0.4803292852,0.4803292852
G1100010006804104,11001006804104,G11000100068041003,110010068041003,0.9388243596,0.9388243596
G1100010006804104,11001006804104,G11000100068041004,110010068041004,0.0151196005,0.0151196005
G1100010006804104,11001006804104,G11000100068041009,110010068041009,0.017366594,0.017366594
G1100010006804104,11001006804104,G11000100079031017,110010079031017,0.028689446,0.028689446
G1100010006804105,11001006804105,G11000100068041004,110010068041004,0.502101718,0.502101718
G1100010006804105,11001006804105,G11000100068041006,110010068041006,0.497898282,0.497898282
G1100010006804106,11001006804106,G11000100068041005,110010068041005,0.4632873319,0.4632873319
G1100010006804106,11001006804106,G11000100068041010,110010068041010,0.5367126681,0.5367126681
G1100010006804107,11001006804107,G11000100068041011,110010068041011,0.9997984225,1
G1100010006804107,11001006804107,G11000100068041013,110010068041013,0.0002015775,0
G1100010006804108,11001006804108,G11000100068041014,110010068041014,1,1
G1100010006804109,11001006804109,G11000100068041011,110010068041011,0.9949821238,1
G1100010006804109,11001006804109,G11000100068041013,110010068041013,0.0050178762,0
G1100010006804110,11001006804110,G11000100068041006,110010068041006,0.0053949254,0.0053949254
G1100010006804110,11001006804110,G11000100068041012,110010068041012,0.1615948748,0.1615948748
G1100010006804110,11001006804110,G11000100068041022,110010068041022,0.0069403467,0.0069403467
G1100010006804110,11001006804110,G11000100068041023,110010068041023,0.0067436567,0.0067436567
G1100010006804110,11001006804110,G11000100068041024,110010068041024,0.8193261963,0.8193261963
G1100010006804111,11001006804111,G11000100068041007,110010068041007,0.0730466265,0.0730466265
G1100010006804111,11001006804111,G11000100068041008,110010068041008,0.0747083507,0.0747083507
G1100010006804111,11001006804111,G11000100068041021,110010068041021,0.4281018463,0.4281018463
G1100010006804111,11001006804111,G11000100068041025,110010068041025,0.4241431766,0.4241431766
G1100010006804112,11001006804112,G11000100068041020,110010068041020,1,1
G11000100069101,11001006900101,G11000100069001000,110010069001000,0.3756367678,0.5151515152
G11000100069101,11001006900101,G11000100069001014,110010069001014,0.6243632322,0.4848484848
G11000100069102,11001006900102,G11000100069001001,110010069001001,1,1
G11000100069103,11001006900103,G11000100069001002,110010069001002,1,1
G11000100069104,11001006900104,G11000100069001017,110010069001017,1,1
G11000100069105,11001006900105,G11000100069001016,110010069001016,1,1
G11000100069106,11001006900106,G11000100069001015,110010069001015,1,1
G11000100069201,11001006900201,G11000100069002000,110010069002000,1,1
G11000100069202,11001006900202,G11000100069002001,110010069002001,1,1
G11000100069203,11001006900203,G11000100069002002,110010069002002,1,1
G11000100069204,11001006900204,G11000100069002006,110010069002006,0.9199702583,0.9372693727
G11000100069204,11001006900204,G11000100069002007,110010069002007,0.0800297417,0.0627306273
G11000100069205,11001006900205,G11000100069002003,110010069002003,1,1
G11000100069206,11001006900206,G11000100069002003,110010069002003,0.1189550161,0.0184000723
G11000100069206,11001006900206,G11000100069002004,110010069002004,0.8810449839,0.9815999277
G11000100069207,11001006900207,G11000100069002005,110010069002005,1,1
G11000100069208,11001006900208,G11000100069002008,110010069002008,1,1
G11000100069209,11001006900209,G11000100069002009,110010069002009,1,1
G11000100069210,11001006900210,G11000100069002010,110010069002010,0.1475225961,0
G11000100069210,11001006900210,G11000100069002011,110010069002011,0.8524774039,1
G11000100069301,11001006900301,G11000100069001003,110010069001003,1,1
G11000100069302,11001006900302,G11000100069001004,110010069001004,1,1
G11000100069303,11001006900303,G11000100069001007,110010069001007,1,1
G11000100069304,11001006900304,G11000100069001008,110010069001008,1,1
G11000100069305,11001006900305,G11000100069001009,110010069001009,1,1
G11000100069306,11001006900306,G11000100069001010,110010069001010,0.8716042986,0.9401197605
G11000100069306,11001006900306,G11000100069001013,110010069001013,0.1283957014,0.0598802395
G11000100069307,11001006900307,G11000100069001006,110010069001006,1,1
G11000100069308,11001006900308,G11000100069001005,110010069001005,1,1
G11000100069309,11001006900309,G11000100069001011,110010069001011,1,1
G11000100069310,11001006900310,G11000100069001012,110010069001012,1,1
G1100010007010101,11001007010101,G11000100070002001,110010070002001,1,1
G1100010007010102,11001007010102,G11000100070002007,110010070002007,1,1
G1100010007010103,11001007010103,G11000100070002002,110010070002002,1,1
G1100010007010104,11001007010104,G11000100070002003,110010070002003,1,1
G1100010007010105,11001007010105,G11000100070002004,110010070002004,1,1
G1100010007010106,11001007010106,G11000100070002000,110010070002000,0.6162610109,0.6162610109
G1100010007010106,11001007010106,G11000100070002005,110010070002005,0.3837389891,0.3837389891
G1100010007010107,11001007010107,G11000100070002012,110010070002012,1,1
G1100010007010108,11001007010108,G11000100070002011,110010070002011,1,1
G1100010007010109,11001007010109,G11000100070002010,110010070002010,1,1
G1100010007010110,11001007010110,G11000100070002006,110010070002006,1,1
G1100010007010111,11001007010111,G11000100070002008,110010070002008,1,1
G1100010007010112,11001007010112,G11000100070002009,110010070002009,1,1
G1100010007010113,11001007010113,G11000100070002013,110010070002013,1,1
G1100010007010201,11001007010201,G11000100070002017,110010070002017,1,1
G1100010007010202,11001007010202,G11000100070002018,110010070002018,0.3157001222,0.9489625666
G1100010007010202,11001007010202,G11000100070002019,110010070002019,0.1970664131,0.0442363482
G1100010007010202,11001007010202,G11000100070002020,110010070002020,0.174215673,0.0055258964
G1100010007010202,11001007010202,G11000100070002023,110010070002023,0.3130177917,0.0012751888
G1100010007010203,11001007010203,G11000100070002016,110010070002016,1,1
G1100010007010204,11001007010204,G11000100070002015,110010070002015,1,1
G1100010007010205,11001007010205,G11000100070002014,110010070002014,1,1
G1100010007010206A,11001007010206A,G11000100070002018,110010070002018,0.3157001222,0.0112436828
G1100010007010206A,11001007010206A,G11000100070002019,110010070002019,0.1970664131,0.9864270093
G1100010007010206A,11001007010206A,G11000100070002020,110010070002020,0.174215673,0.0022354403
G1100010007010206A,11001007010206A,G11000100070002023,110010070002023,0.3130177917,0.0000938675
G1100010007010206B,11001007010206B,G11000100070002018,110010070002018,0.3157001222,0.0651088494
G1100010007010206B,11001007010206B,G11000100070002019,110010070002019,0.1970664131,0.7039219614
G1100010007010206B,11001007010206B,G11000100070002020,110010070002020,0.174215673,0.0813485155
G1100010007010206B,11001007010206B,G11000100070002023,110010070002023,0.3130177917,0.1496206737
G1100010007010212,11001007010212,G11000100070002021,110010070002021,0.6910454759,0.6910454759
G1100010007010212,11001007010212,G11000100070002022,110010070002022,0.3089545241,0.3089545241
G1100010007010302,11001007010302,G11000100070001006,110010070001006,0.5683234532,0.5683234532
G1100010007010302,11001007010302,G11000100070001015,110010070001015,0.4316765468,0.4316765468
G1100010007010303,11001007010303,G11000100070001001,110010070001001,0.521007884,0.5546875
G1100010007010303,11001007010303,G11000100070001002,110010070001002,0.478992116,0.4453125
G1100010007010304,11001007010304,G11000100070001000,110010070001000,1,1
G1100010007010305,11001007010305,G11000100070001003,110010070001003,1,1
G1100010007010306,11001007010306,G11000100070001007,110010070001007,0.640014897,0.4130434783
G1100010007010306,11001007010306,G11000100070001014,110010070001014,0.359985103,0.5869565217
G1100010007010310,11001007010310,G11000100070001008,110010070001008,0.1914528955,0.2168674699
G1100010007010310,11001007010310,G11000100070001009,110010070001009,0.0930337578,0.2620481928
G1100010007010310,11001007010310,G11000100070001010,110010070001010,0.367945196,0.1787462349
G1100010007010310,11001007010310,G11000100070001011,110010070001011,0.1568539181,0.1390248494
G1100010007010310,11001007010310,G11000100070001012,110010070001012,0.1124204547,0.1430722892
G1100010007010310,11001007010310,G11000100070001013,110010070001013,0.0732244206,0.0602409639
G1100010007010310,11001007010310,G11000100070001016,110010070001016,0.0050693574,0
G1100010007010312,11001007010312,G11000100070001004,110010070001004,1,1
G1100010007010313,11001007010313,G11000100070001005,110010070001005,1,1
G11000100071101,11001007100101,G11000100071002003,110010071002003,0.0861890837,0.2372881356
G11000100071101,11001007100101,G11000100071002005,110010071002005,0.9138109163,0.7627118644
G11000100071102,11001007100102,G11000100071002006,110010071002006,1,1
G11000100071103,11001007100103,G11000100071002007,110010071002007,1,1
G11000100071104,11001007100104,G11000100071002004,110010071002004,1,1
G11000100071105,11001007100105,G11000100071002009,110010071002009,1,1
G11000100071106,11001007100106,G11000100071002008,110010071002008,1,1
G11000100071107,11001007100107,G11000100071002010,110010071002010,1,1
G11000100071201,11001007100201,G11000100071002003,110010071002003,0.0046891027,0.0012511284
G11000100071201,11001007100201,G11000100071002011,110010071002011,0.9953108973,0.9987488716
G11000100071202,11001007100202,G11000100071002002,110010071002002,0.0831890584,0
G11000100071202,11001007100202,G11000100071002012,110010071002012,0.9168109416,1
G11000100071203,11001007100203,G11000100071002003,110010071002003,1,1
G11000100071204,11001007100204,G11000100071002000,110010071002000,1,1
G11000100071205,11001007100205,G11000100071002001,110010071002001,1,1
G11000100071206,11001007100206,G11000100071002013,110010071002013,1,1
G11000100071301,11001007100301,G11000100071001000,110010071001000,0.1669628767,0.1669628767
G11000100071301,11001007100301,G11000100071001002,110010071001002,0.29233319,0.29233319
G11000100071301,11001007100301,G11000100071001004,110010071001004,0.0083923843,0.0083923843
G11000100071301,11001007100301,G11000100071001016,110010071001016,0.532311549,0.532311549
G11000100071302,11001007100302,G11000100071001001,110010071001001,1,1
G11000100071303,11001007100303,G11000100071001003,110010071001003,0.5168462157,0
G11000100071303,11001007100303,G11000100071001007,110010071001007,0.4831537843,1
G11000100071304,11001007100304,G11000100071001009,110010071001009,1,1
G11000100071305,11001007100305,G11000100071001008,110010071001008,1,1
G11000100071306,11001007100306,G11000100071001005,110010071001005,0.1649875703,0
G11000100071306,11001007100306,G11000100071001006,110010071001006,0.8350124297,1
G11000100071307,11001007100307,G11000100071001010,110010071001010,0.0662636677,0.0662636677
G11000100071307,11001007100307,G11000100071001011,110010071001011,0.1076334929,0.1076334929
G11000100071307,11001007100307,G11000100071001012,110010071001012,0.0055399592,0.0055399592
G11000100071307,11001007100307,G11000100071001013,110010071001013,0.4787388111,0.4787388111
G11000100071307,11001007100307,G11000100071001024,110010071001024,0.1290019069,0.1290019069
G11000100071307,11001007100307,G11000100071001025,110010071001025,0.2128221622,0.2128221622
G11000100071308,11001007100308,G11000100071001014,110010071001014,0.4329457364,0.4329457364
G11000100071308,11001007100308,G11000100071001015,110010071001015,0.5608527132,0.5608527132
G11000100071308,11001007100308,G11000100071001024,110010071001024,0.0062015504,0.0062015504
G11000100071401,11001007100401,G11000100071001017,110010071001017,1,1
G11000100071402,11001007100402,G11000100071001018,110010071001018,0.8228973694,0.8228973694
G11000100071402,11001007100402,G11000100071001022,110010071001022,0.0099235953,0.0099235953
G11000100071402,11001007100402,G11000100071001023,110010071001023,0.0345172887,0.0345172887
G11000100071402,11001007100402,G11000100071001032,110010071001032,0.0469743549,0.0469743549
G11000100071402,11001007100402,G11000100071001033,110010071001033,0.0856873917,0.0856873917
G11000100071403,11001007100403,G11000100071001022,110010071001022,0.6083886606,0.5152037243
G11000100071403,11001007100403,G11000100071001023,110010071001023,0.3916113394,0.4847962757
G11000100071404,11001007100404,G11000100071001022,110010071001022,0.0493196916,0.0788732793
G11000100071404,11001007100404,G11000100071001023,110010071001023,0.0317464012,0.0021928135
G11000100071404,11001007100404,G11000100071001026,110010071001026,0.1463532748,0.1463532748
G11000100071404,11001007100404,G11000100071001027,110010071001027,0.3361483355,0.3361483355
G11000100071404,11001007100404,G11000100071001028,110010071001028,0.3393889526,0.3393889526
G11000100071404,11001007100404,G11000100071001029,110010071001029,0.0970433444,0.0970433444
G11000100071405,11001007100405,G11000100071001017,110010071001017,0.0790724309,0.0790724309
G11000100071405,11001007100405,G11000100071001021,110010071001021,0.7107507682,0.7107507682
G11000100071405,11001007100405,G11000100071001030,110010071001030,0.1568609276,0.1568609276
G11000100071405,11001007100405,G11000100071001031,110010071001031,0.0533158733,0.0533158733
G11000100072101,11001007200101,G11000100072002000,110010072002000,0.5151282445,0.5151282445
G11000100072101,11001007200101,G11000100072002014,110010072002014,0.0830901551,0.0830901551
G11000100072101,11001007200101,G11000100072002015,110010072002015,0.3639993857,0.3639993857
G11000100072101,11001007200101,G11000100072002016,110010072002016,0.0377822147,0.0377822147
G11000100072102,11001007200102,G11000100072002000,110010072002000,0.0365238842,0
G11000100072102,11001007200102,G11000100072002013,110010072002013,0.1555088338,1
G11000100072102,11001007200102,G11000100072002014,110010072002014,0.0697560062,0
G11000100072102,11001007200102,G11000100072002015,110010072002015,0.0458540384,0
G11000100072102,11001007200102,G11000100072002016,110010072002016,0.0979884043,0
G11000100072102,11001007200102,G11000100072002017,110010072002017,0.594368833,0
G11000100072103,11001007200103,G11000100072002001,110010072002001,0.174048363,0.0293899061
G11000100072103,11001007200103,G11000100072002006,110010072002006,0.0147748642,0
G11000100072103,11001007200103,G11000100072002007,110010072002007,0.2851792431,0.04815553
G11000100072103,11001007200103,G11000100072002008,110010072002008,0.1641456114,0.0277177218
G11000100072103,11001007200103,G11000100072002012,110010072002012,0.3618519182,0.8947368421
G11000100072104,11001007200104,G11000100072002018,110010072002018,0.8599271763,0.619047619
G11000100072104,11001007200104,G11000100072002039,110010072002039,0.1400728237,0.380952381
G11000100072105,11001007200105,G11000100072002040,110010072002040,1,1
G11000100072106,11001007200106,G11000100072002019,110010072002019,1,1
G11000100072107,11001007200107,G11000100072002041,110010072002041,1,1
G11000100072201,11001007200201,G11000100072001000,110010072001000,0.2044043025,0.2044043025
G11000100072201,11001007200201,G11000100072002002,110010072002002,0.1751382578,0.1751382578
G11000100072201,11001007200201,G11000100072002003,110010072002003,0.3190156481,0.3190156481
G11000100072201,11001007200201,G11000100072002004,110010072002004,0.1040083305,0.1040083305
G11000100072201,11001007200201,G11000100072002005,110010072002005,0.1786855406,0.1786855406
G11000100072201,11001007200201,G11000100072002009,110010072002009,0.0187479205,0.0187479205
G11000100072202,11001007200202,G11000100072001001,110010072001001,0.2659193895,0.2450008122
G11000100072202,11001007200202,G11000100072001017,110010072001017,0.7340806105,0.7549991878
G11000100072203,11001007200203,G11000100072001021,110010072001021,1,1
G11000100072204,11001007200204,G11000100072001001,110010072001001,0.1519534076,0.0667422318
G11000100072204,11001007200204,G11000100072001017,110010072001017,0.4194731735,0.5046843493
G11000100072204,11001007200204,G11000100072001018,110010072001018,0.4285734189,0.4285734189
G11000100072205,11001007200205,G11000100072001016,110010072001016,1,1
G11000100072206,11001007200206,G11000100072002010,110010072002010,0.1263012535,0.1263012535
G11000100072206,11001007200206,G11000100072002011,110010072002011,0.8736987465,0.8736987465
G11000100072207,11001007200207,G11000100072002020,110010072002020,1,1
G11000100072208,11001007200208,G11000100072002020,110010072002020,1,1
G11000100072211,11001007200211,G11000100072002021,110010072002021,1,1
G11000100072301,11001007200301,G11000100072002022,110010072002022,1,1
G11000100072302,11001007200302,G11000100072001002,110010072001002,0.3618973561,0.3618973561
G11000100072302,11001007200302,G11000100072001005,110010072001005,0.6381026439,0.6381026439
G11000100072303,11001007200303,G11000100072002025,110010072002025,1,1
G11000100072304,11001007200304,G11000100072001011,110010072001011,1,1
G11000100072305,11001007200305,G11000100072001003,110010072001003,0.4046875,0.4046875
G11000100072305,11001007200305,G11000100072001004,110010072001004,0.5953125,0.5953125
G11000100072306,11001007200306,G11000100072001020,110010072001020,1,1
G11000100072307,11001007200307,G11000100072001015,110010072001015,1,1
G11000100072308,11001007200308,G11000100072001006,110010072001006,1,1
G11000100072309,11001007200309,G11000100072001007,110010072001007,1,1
G11000100072310,11001007200310,G11000100072001009,110010072001009,1,1
G11000100072311,11001007200311,G11000100072001009,110010072001009,1,1
G11000100072312,11001007200312,G11000100072001013,110010072001013,1,1
G11000100072313,11001007200313,G11000100072001008,110010072001008,1,1
G11000100072314,11001007200314,G11000100072001014,110010072001014,1,1
G11000100072315,11001007200315,G11000100072001019,110010072001019,1,1
G11000100072316,11001007200316,G11000100072001012,110010072001012,1,1
G11000100072317,11001007200317,G11000100072002024,110010072002024,1,1
G11000100072318,11001007200318,G11000100072002023,110010072002023,1,1
G11000100072401,11001007200401,G11000100072001010,110010072001010,1,1
G11000100072402,11001007200402,G11000100072001010,110010072001010,1,1
G11000100072403,11001007200403,G11000100072001025,110010072001025,1,1
G11000100072404,11001007200404,G11000100072001024,110010072001024,1,1
G11000100072405,11001007200405,G11000100072001023,110010072001023,1,1
G11000100072406,11001007200406,G11000100072001022,110010072001022,1,1
G11000100072407,11001007200407,G11000100072002026,110010072002026,1,1
G11000100072408,11001007200408,G11000100072002027,110010072002027,1,1
G11000100072409,11001007200409,G11000100072002028,110010072002028,1,1
G11000100072410,11001007200410,G11000100072001027,110010072001027,1,1
G11000100072411,11001007200411,G11000100072001026,110010072001026,1,1
G11000100072412,11001007200412,G11000100072002029,110010072002029,1,1
G11000100072501,11001007200501,G11000100072002058,110010072002058,1,1
G11000100072502,11001007200502,G11000100072002059,110010072002059,1,1
G11000100072503A,11001007200503A,G11000100072002032,110010072002032,0.0995368923,0
G11000100072503A,11001007200503A,G11000100072002033,110010072002033,0.0831163183,0
G11000100072503A,11001007200503A,G11000100072002034,110010072002034,0.1577558037,0
G11000100072503A,11001007200503A,G11000100072002035,110010072002035,0.0024369026,0
G11000100072503A,11001007200503A,G11000100072002036,110010072002036,0.0522999659,0.9489759216
G11000100072503A,11001007200503A,G11000100072002037,110010072002037,0.0116110215,0.0115062629
G11000100072503A,11001007200503A,G11000100072002038,110010072002038,0.0077680389,0.0058296982
G11000100072503A,11001007200503A,G11000100072002043,110010072002043,0.01929409,0.0028304357
G11000100072503A,11001007200503A,G11000100072002044,110010072002044,0.0138540488,0
G11000100072503A,11001007200503A,G11000100072002046,110010072002046,0.0204633995,0
G11000100072503A,11001007200503A,G11000100072002047,110010072002047,0.02048947,0
G11000100072503A,11001007200503A,G11000100072002048,110010072002048,0.0557908378,0
G11000100072503A,11001007200503A,G11000100072002049,110010072002049,0.010224458,0
G11000100072503A,11001007200503A,G11000100072002050,110010072002050,0.0032269467,0
G11000100072503A,11001007200503A,G11000100072002051,110010072002051,0.0089161059,0
G11000100072503A,11001007200503A,G11000100072002052,110010072002052,0.0233636166,0
G11000100072503A,11001007200503A,G11000100072002053,110010072002053,0.0174208634,0
G11000100072503A,11001007200503A,G11000100072002054,110010072002054,0.0430105067,0.0308576816
G11000100072503A,11001007200503A,G11000100072002055,110010072002055,0.0786583814,0
G11000100072503A,11001007200503A,G11000100072002056,110010072002056,0.0074677456,0
G11000100072503A,11001007200503A,G11000100072002062,110010072002062,0.2632945861,0
G11000100072503B,11001007200503B,G11000100072002032,110010072002032,0.0056773466,0
G11000100072503B,11001007200503B,G11000100072002033,110010072002033,0.0113936317,0
G11000100072503B,11001007200503B,G11000100072002034,110010072002034,0.0216252545,0
G11000100072503B,11001007200503B,G11000100072002035,110010072002035,0.000334052,0
G11000100072503B,11001007200503B,G11000100072002036,110010072002036,0.0071693088,0.5129953217
G11000100072503B,11001007200503B,G11000100072002037,110010072002037,0.0324942182,0.0774795009
G11000100072503B,11001007200503B,G11000100072002038,110010072002038,0.0217393751,0.0517416637
G11000100072503B,11001007200503B,G11000100072002042,110010072002042,0.0816939631,0.2291051384
G11000100072503B,11001007200503B,G11000100072002043,110010072002043,0.0539957978,0.0128626672
G11000100072503B,11001007200503B,G11000100072002044,110010072002044,0.0387714796,0
G11000100072503B,11001007200503B,G11000100072002045,110010072002045,0.0591863615,0
G11000100072503B,11001007200503B,G11000100072002046,110010072002046,0.0572681885,0
G11000100072503B,11001007200503B,G11000100072002047,110010072002047,0.0573411485,0
G11000100072503B,11001007200503B,G11000100072002048,110010072002048,0.1561343807,0
G11000100072503B,11001007200503B,G11000100072002049,110010072002049,0.0286138276,0
G11000100072503B,11001007200503B,G11000100072002050,110010072002050,0.0090308255,0
G11000100072503B,11001007200503B,G11000100072002051,110010072002051,0.0249523169,0
G11000100072503B,11001007200503B,G11000100072002052,110010072002052,0.0032026977,0
G11000100072503B,11001007200503B,G11000100072002053,110010072002053,0.0023880618,0
G11000100072503B,11001007200503B,G11000100072002054,110010072002054,0.1203677718,0.1158157081
G11000100072503B,11001007200503B,G11000100072002056,110010072002056,0.0208989841,0
G11000100072503B,11001007200503B,G11000100072002062,110010072002062,0.1857210081,0
G11000100072504,11001007200504,G11000100072002057,110010072002057,1,1
G11000100072505,11001007200505,G11000100072002057,110010072002057,1,1
G11000100072506,11001007200506,G11000100072002031,110010072002031,0.7229082804,0.7229082804
G11000100072506,11001007200506,G11000100072002063,110010072002063,0.2770917196,0.2770917196
G11000100072507,11001007200507,G11000100072002030,110010072002030,1,1
G11000100072508,11001007200508,G11000100072002030,110010072002030,1,1
G11000100072509,11001007200509,G11000100072002057,110010072002057,1,1
G11000100072510,11001007200510,G11000100072002057,110010072002057,1,1
G11000100072511,11001007200511,G11000100072002057,110010072002057,1,1
G11000100072512,11001007200512,G11000100064002018,110010064002018,0.0430345845,0.0430345845
G11000100072512,11001007200512,G11000100072002057,110010072002057,0.9569654155,0.9569654155
G11000100072513,11001007200513,G11000100072002057,110010072002057,1,1
G11000100072514,11001007200514,G11000100072002062,110010072002062,1,1
G11000100072516,11001007200516,G11000100064002013,110010064002013,1,1
G1100010007301101,11001007301101,G11000100073011000,110010073011000,0.1216488118,0.1216488118
G1100010007301101,11001007301101,G11000100073011125,110010073011125,0.6077274458,0.6077274458
G1100010007301101,11001007301101,G11000100073011126,110010073011126,0.2706237425,0.2706237425
G1100010007301102,11001007301102,G11000100073011000,110010073011000,0.0878565351,0
G1100010007301102,11001007301102,G11000100073011001,110010073011001,0.2565264332,0.4950613935
G1100010007301102,11001007301102,G11000100073011002,110010073011002,0.002168843,0.0000043671
G1100010007301102,11001007301102,G11000100073011004,110010073011004,0.0576478811,0.0006882562
G1100010007301102,11001007301102,G11000100073011005,110010073011005,0.0024922224,0.0000042955
G1100010007301102,11001007301102,G11000100073011006,110010073011006,0.1494379678,0.0011627818
G1100010007301102,11001007301102,G11000100073011007,110010073011007,0.1410244597,0.5006258777
G1100010007301102,11001007301102,G11000100073011022,110010073011022,0.0981126337,0.0008899089
G1100010007301102,11001007301102,G11000100073011023,110010073011023,0.078799603,0.000734185
G1100010007301102,11001007301102,G11000100073011024,110010073011024,0.0683126291,0.0006145276
G1100010007301102,11001007301102,G11000100073011025,110010073011025,0.0193824472,0.0000930349
G1100010007301102,11001007301102,G11000100073011127,110010073011127,0.0060454453,0.0000162209
G1100010007301102,11001007301102,G11000100073011128,110010073011128,0.0050928023,0.0000125431
G1100010007301102,11001007301102,G11000100073011129,110010073011129,0.0069495532,0.0000199907
G1100010007301102,11001007301102,G11000100104002009,110010104002009,0.0129481565,0.000050816
G1100010007301102,11001007301102,G11000100104002010,110010104002010,0.0072023873,0.0000218012
G1100010007301103,11001007301103,G11000100073011001,110010073011001,0.0099517184,0.0134089461
G1100010007301103,11001007301103,G11000100073011002,110010073011002,0.0293490181,0.0196294804
G1100010007301103,11001007301103,G11000100073011004,110010073011004,0.0847538916,0.5793525013
G1100010007301103,11001007301103,G11000100073011005,110010073011005,0.0036640644,0.0000026241
G1100010007301103,11001007301103,G11000100073011006,110010073011006,0.21970364,0.0105599039
G1100010007301103,11001007301103,G11000100073011007,110010073011007,0.2073341038,0.3687695005
G1100010007301103,11001007301103,G11000100073011022,110010073011022,0.1442451545,0.000544088
G1100010007301103,11001007301103,G11000100073011023,110010073011023,0.1158511446,0.0004488333
G1100010007301103,11001007301103,G11000100073011024,110010073011024,0.1004331998,0.0003756599
G1100010007301103,11001007301103,G11000100073011025,110010073011025,0.028496066,0.0000568505
G1100010007301103,11001007301103,G11000100073011127,110010073011127,0.0088880113,0.006786294
G1100010007301103,11001007301103,G11000100073011128,110010073011128,0.0074874359,0.000007663
G1100010007301103,11001007301103,G11000100073011129,110010073011129,0.0102172303,0.0000122135
G1100010007301103,11001007301103,G11000100104002009,110010104002009,0.0190363744,0.0000310495
G1100010007301103,11001007301103,G11000100104002010,110010104002010,0.010588947,0.0000143919
G1100010007301104,11001007301104,G11000100073011001,110010073011001,0.0102190527,0.0010027097
G1100010007301104,11001007301104,G11000100073011002,110010073011002,0.0032742888,0.0000156578
G1100010007301104,11001007301104,G11000100073011004,110010073011004,0.0870306469,0.0051808787
G1100010007301104,11001007301104,G11000100073011005,110010073011005,0.0037624927,0.0024150643
G1100010007301104,11001007301104,G11000100073011006,110010073011006,0.2256055688,0.0838188293
G1100010007301104,11001007301104,G11000100073011007,110010073011007,0.212903748,0.6328106919
G1100010007301104,11001007301104,G11000100073011022,110010073011022,0.1481200317,0.0798918844
G1100010007301104,11001007301104,G11000100073011023,110010073011023,0.1189632697,0.0735297047
G1100010007301104,11001007301104,G11000100073011024,110010073011024,0.1031311505,0.0660922645
G1100010007301104,11001007301104,G11000100073011025,110010073011025,0.0292615597,0.018768369
G1100010007301104,11001007301104,G11000100073011127,110010073011127,0.0091267711,0.0052909622
G1100010007301104,11001007301104,G11000100073011128,110010073011128,0.0076885719,0.004934061
G1100010007301104,11001007301104,G11000100073011129,110010073011129,0.0104916971,0.0067323087
G1100010007301104,11001007301104,G11000100104002009,110010104002009,0.0195477511,0.0125401664
G1100010007301104,11001007301104,G11000100104002010,110010104002010,0.0108733993,0.0069764475
G1100010007301105A,11001007301105A,G11000100073011039,110010073011039,1,1
G1100010007301105B,11001007301105B,G11000100073011046,110010073011046,0.0015537473,0.0015537473
G1100010007301105B,11001007301105B,G11000100073011047,110010073011047,0.1995092255,0.1995092255
G1100010007301105B,11001007301105B,G11000100073011048,110010073011048,0.1412770199,0.1412770199
G1100010007301105B,11001007301105B,G11000100073011050,110010073011050,0.0097170587,0.0097170587
G1100010007301105B,11001007301105B,G11000100073011052,110010073011052,0.0194902347,0.0194902347
G1100010007301105B,11001007301105B,G11000100073011053,110010073011053,0.1065298982,0.1065298982
G1100010007301105B,11001007301105B,G11000100073011054,110010073011054,0.0103641612,0.0103641612
G1100010007301105B,11001007301105B,G11000100073011055,110010073011055,0.0202022228,0.0202022228
G1100010007301105B,11001007301105B,G11000100073011056,110010073011056,0.0063728192,0.0063728192
G1100010007301105B,11001007301105B,G11000100073011057,110010073011057,0.0103659148,0.0103659148
G1100010007301105B,11001007301105B,G11000100073011058,110010073011058,0.1305533573,0.1305533573
G1100010007301105B,11001007301105B,G11000100073011111,110010073011111,0.0084368831,0.0084368831
G1100010007301105B,11001007301105B,G11000100073011118,110010073011118,0.0701834338,0.0701834338
G1100010007301105B,11001007301105B,G11000100073011119,110010073011119,0.0221452838,0.0221452838
G1100010007301105B,11001007301105B,G11000100073011120,110010073011120,0.0047980279,0.0047980279
G1100010007301105B,11001007301105B,G11000100073011121,110010073011121,0.0068954115,0.0068954115
G1100010007301105B,11001007301105B,G11000100073011122,110010073011122,0.0148465293,0.0148465293
G1100010007301105B,11001007301105B,G11000100073011123,110010073011123,0.0280674111,0.0280674111
G1100010007301105B,11001007301105B,G11000100073011124,110010073011124,0.0719809406,0.0719809406
G1100010007301105B,11001007301105B,G11000100073011133,110010073011133,0.0014327444,0.0014327444
G1100010007301105B,11001007301105B,G11000100109002021,110010109002021,0.0128864509,0.0128864509
G1100010007301105B,11001007301105B,G11000100109002026,110010109002026,0.0020412663,0.0020412663
G1100010007301105B,11001007301105B,G11000100109002027,110010109002027,0.0717759576,0.0717759576
G1100010007301105B,11001007301105B,G11000100109002028,110010109002028,0.0053189394,0.0053189394
G1100010007301105B,11001007301105B,G11000100109002030,110010109002030,0.0232550606,0.0232550606
G1100010007301105C,11001007301105C,G11000100073011012,110010073011012,0.0130698713,0
G1100010007301105C,11001007301105C,G11000100073011013,110010073011013,0.0816552668,0
G1100010007301105C,11001007301105C,G11000100073011014,110010073011014,0.0728367448,0.1152386265
G1100010007301105C,11001007301105C,G11000100073011015,110010073011015,0.0031612991,0.0248619777
G1100010007301105C,11001007301105C,G11000100073011016,110010073011016,0.0018060186,0.0070554261
G1100010007301105C,11001007301105C,G11000100073011017,110010073011017,0.0090734036,0.0094072348
G1100010007301105C,11001007301105C,G11000100073011018,110010073011018,0.0070837936,0.0493879828
G1100010007301105C,11001007301105C,G11000100073011019,110010073011019,0.0048469675,0.0147827976
G1100010007301105C,11001007301105C,G11000100073011020,110010073011020,0.0287495008,0.064506753
G1100010007301105C,11001007301105C,G11000100073011021,110010073011021,0.0062826226,0.0000314861
G1100010007301105C,11001007301105C,G11000100073011026,110010073011026,0.0055788243,0.000032305
G1100010007301105C,11001007301105C,G11000100073011027,110010073011027,0.0004032407,0.000002342
G1100010007301105C,11001007301105C,G11000100073011028,110010073011028,0.0702366,0.0002199293
G1100010007301105C,11001007301105C,G11000100073011029,110010073011029,0.0028438386,0.0000165134
G1100010007301105C,11001007301105C,G11000100073011030,110010073011030,0.0021977314,0
G1100010007301105C,11001007301105C,G11000100073011031,110010073011031,0.0036441502,0.0000211614
G1100010007301105C,11001007301105C,G11000100073011032,110010073011032,0.0036952715,0.0000214562
G1100010007301105C,11001007301105C,G11000100073011034,110010073011034,0.0355147882,0
G1100010007301105C,11001007301105C,G11000100073011035,110010073011035,0.0076395506,0.0167986336
G1100010007301105C,11001007301105C,G11000100073011036,110010073011036,0.0037599835,0.0154547429
G1100010007301105C,11001007301105C,G11000100073011037,110010073011037,0.0108081733,0.0000582411
G1100010007301105C,11001007301105C,G11000100073011038,110010073011038,0.0067933941,0.0000394467
G1100010007301105C,11001007301105C,G11000100073011039,110010073011039,0.0506639572,0.013566644
G1100010007301105C,11001007301105C,G11000100073011040,110010073011040,0.0057373286,0
G1100010007301105C,11001007301105C,G11000100073011041,110010073011041,0.0038351065,0.003023754
G1100010007301105C,11001007301105C,G11000100073011042,110010073011042,0.0198432076,0.0110870982
G1100010007301105C,11001007301105C,G11000100073011043,110010073011043,0.0124527894,0.0016798634
G1100010007301105C,11001007301105C,G11000100073011044,110010073011044,0.0143561613,0.021502251
G1100010007301105C,11001007301105C,G11000100073011045,110010073011045,0.0146696849,0
G1100010007301105C,11001007301105C,G11000100073011063,110010073011063,0.0384798476,0.1189343259
G1100010007301105C,11001007301105C,G11000100073011064,110010073011064,0.002722826,0.0077273715
G1100010007301105C,11001007301105C,G11000100073011065,110010073011065,0.0109334648,0
G1100010007301105C,11001007301105C,G11000100073011066,110010073011066,0.081513453,0.2751616184
G1100010007301105C,11001007301105C,G11000100073011067,110010073011067,0.0072980475,0
G1100010007301105C,11001007301105C,G11000100073011068,110010073011068,0.0034966697,0
G1100010007301105C,11001007301105C,G11000100073011069,110010073011069,0.00866291,0
G1100010007301105C,11001007301105C,G11000100073011070,110010073011070,0.0108054491,0
G1100010007301105C,11001007301105C,G11000100073011071,110010073011071,0.0253758643,0
G1100010007301105C,11001007301105C,G11000100073011072,110010073011072,0.0176046523,0.0000814939
G1100010007301105C,11001007301105C,G11000100073011073,110010073011073,0.0117276224,0
G1100010007301105C,11001007301105C,G11000100073011078,110010073011078,0.0158172273,0.0346051852
G1100010007301105C,11001007301105C,G11000100073011079,110010073011079,0.0341062317,0
G1100010007301105C,11001007301105C,G11000100073011080,110010073011080,0.0004859999,0
G1100010007301105C,11001007301105C,G11000100073011081,110010073011081,0.0223701771,0.0070554261
G1100010007301105C,11001007301105C,G11000100073011082,110010073011082,0.0434927756,0.0507318735
G1100010007301105C,11001007301105C,G11000100073011083,110010073011083,0.0191663339,0
G1100010007301105C,11001007301105C,G11000100073011084,110010073011084,0.0195254679,0
G1100010007301105C,11001007301105C,G11000100073011085,110010073011085,0.0123642516,0
G1100010007301105C,11001007301105C,G11000100073011086,110010073011086,0.0072148756,0
G1100010007301105C,11001007301105C,G11000100073011087,110010073011087,0.03853504,0
G1100010007301105C,11001007301105C,G11000100073011088,110010073011088,0.0002981924,0
G1100010007301105C,11001007301105C,G11000100073011089,110010073011089,0.0107284096,0
G1100010007301105C,11001007301105C,G11000100073011090,110010073011090,0.0030129695,0
G1100010007301105C,11001007301105C,G11000100073011091,110010073011091,0.0043119077,0
G1100010007301105C,11001007301105C,G11000100073011094,110010073011094,0.0101688198,0
G1100010007301105C,11001007301105C,G11000100073011095,110010073011095,0.0034759725,0
G1100010007301105C,11001007301105C,G11000100073011096,110010073011096,0.0009283058,0
G1100010007301105C,11001007301105C,G11000100073011131,110010073011131,0.0070516445,0.0000409462
G1100010007301105C,11001007301105C,G11000100073011132,110010073011132,0.0041800417,0.000124215
G1100010007301105C,11001007301105C,G11000100073011134,110010073011134,0.003045165,0.0090712621
G1100010007301105C,11001007301105C,G11000100073011135,110010073011135,0.0031593827,0.0201583603
G1100010007301105C,11001007301105C,G11000100073011136,110010073011136,0.0028753717,0.0154547429
G1100010007301105C,11001007301105C,G11000100073011137,110010073011137,0.0001318486,0
G1100010007301105C,11001007301105C,G11000100073011138,110010073011138,0.004234485,0.0282217044
G1100010007301105C,11001007301105C,G11000100073011139,110010073011139,0.0001640441,0
G1100010007301105C,11001007301105C,G11000100073011140,110010073011140,0.0021494381,0.0151187702
G1100010007301105C,11001007301105C,G11000100073011141,110010073011141,0.0012678925,0.0060475081
G1100010007301105C,11001007301105C,G11000100073011142,110010073011142,0.0038776507,0.0426685293
G1100010007301106A,11001007301106A,G11000100073011097,110010073011097,0.9176954733,0.9176954733
G1100010007301106A,11001007301106A,G11000100073011101,110010073011101,0.0823045267,0.0823045267
G1100010007301106B,11001007301106B,G11000100073011101,110010073011101,0.0480071122,0.1498877684
G1100010007301106B,11001007301106B,G11000100073011102,110010073011102,0.2311453549,0.4328900796
G1100010007301106B,11001007301106B,G11000100073011103,110010073011103,0.4590309676,0.28918349
G1100010007301106B,11001007301106B,G11000100073011104,110010073011104,0.2618165654,0.1280386619
G1100010007301107A,11001007301107A,G11000100073011046,110010073011046,0.0072067411,0
G1100010007301107A,11001007301107A,G11000100073011047,110010073011047,0.0481423743,0
G1100010007301107A,11001007301107A,G11000100073011049,110010073011049,0.0018915595,0
G1100010007301107A,11001007301107A,G11000100073011051,110010073011051,0.0105766065,0
G1100010007301107A,11001007301107A,G11000100073011058,110010073011058,0.019174299,0
G1100010007301107A,11001007301107A,G11000100073011059,110010073011059,0.0062256835,0
G1100010007301107A,11001007301107A,G11000100073011060,110010073011060,0.0032421935,0
G1100010007301107A,11001007301107A,G11000100073011061,110010073011061,0.0322573059,0
G1100010007301107A,11001007301107A,G11000100073011062,110010073011062,0.020037764,0
G1100010007301107A,11001007301107A,G11000100073011074,110010073011074,0.0190096695,0
G1100010007301107A,11001007301107A,G11000100073011075,110010073011075,0.0015186233,0
G1100010007301107A,11001007301107A,G11000100073011076,110010073011076,0.0054428534,0
G1100010007301107A,11001007301107A,G11000100073011077,110010073011077,0.0147528205,0
G1100010007301107A,11001007301107A,G11000100073011092,110010073011092,0.0139498317,0
G1100010007301107A,11001007301107A,G11000100073011093,110010073011093,0.0317230999,0
G1100010007301107A,11001007301107A,G11000100073011097,110010073011097,0.0962343518,0.8167252183
G1100010007301107A,11001007301107A,G11000100073011098,110010073011098,0.0100558396,0.1466669673
G1100010007301107A,11001007301107A,G11000100073011099,110010073011099,0.0009508195,0
G1100010007301107A,11001007301107A,G11000100073011100,110010073011100,0.0052681445,0
G1100010007301107A,11001007301107A,G11000100073011102,110010073011102,0.0023518502,0
G1100010007301107A,11001007301107A,G11000100073011103,110010073011103,0.0007156344,0
G1100010007301107A,11001007301107A,G11000100073011104,110010073011104,0.0002620633,0
G1100010007301107A,11001007301107A,G11000100073011105,110010073011105,0.0069681963,0
G1100010007301107A,11001007301107A,G11000100073011106,110010073011106,0.0140002285,0
G1100010007301107A,11001007301107A,G11000100073011107,110010073011107,0.002842379,0
G1100010007301107A,11001007301107A,G11000100073011108,110010073011108,0.0181495642,0.0000745115
G1100010007301107A,11001007301107A,G11000100073011109,110010073011109,0.3190385636,0.0365333028
G1100010007301107A,11001007301107A,G11000100073011110,110010073011110,0.0430187006,0
G1100010007301107A,11001007301107A,G11000100073011111,110010073011111,0.0515290386,0
G1100010007301107A,11001007301107A,G11000100073011112,110010073011112,0.051428245,0
G1100010007301107A,11001007301107A,G11000100073011113,110010073011113,0.0531820534,0
G1100010007301107A,11001007301107A,G11000100073011114,110010073011114,0.0222149054,0
G1100010007301107A,11001007301107A,G11000100073011115,110010073011115,0.0158581902,0
G1100010007301107A,11001007301107A,G11000100073011116,110010073011116,0.0077241481,0
G1100010007301107A,11001007301107A,G11000100073011117,110010073011117,0.0212204087,0
G1100010007301107A,11001007301107A,G11000100073011118,110010073011118,0.0079257353,0
G1100010007301107A,11001007301107A,G11000100073011130,110010073011130,0.0139095142,0
G1100010007301107B,11001007301107B,G11000100073011101,110010073011101,0.0480071122,0.0039971843
G1100010007301107B,11001007301107B,G11000100073011102,110010073011102,0.2311453549,0.1591952904
G1100010007301107B,11001007301107B,G11000100073011103,110010073011103,0.4590309676,0.8019303707
G1100010007301107B,11001007301107B,G11000100073011104,110010073011104,0.2618165654,0.0348771547
G1100010007301108A,11001007301108A,G11000100073011046,110010073011046,0.0072067411,0
G1100010007301108A,11001007301108A,G11000100073011047,110010073011047,0.0481423743,0
G1100010007301108A,11001007301108A,G11000100073011049,110010073011049,0.0018915595,0
G1100010007301108A,11001007301108A,G11000100073011051,110010073011051,0.0105766065,0
G1100010007301108A,11001007301108A,G11000100073011058,110010073011058,0.019174299,0
G1100010007301108A,11001007301108A,G11000100073011059,110010073011059,0.0062256835,0
G1100010007301108A,11001007301108A,G11000100073011060,110010073011060,0.0032421935,0
G1100010007301108A,11001007301108A,G11000100073011061,110010073011061,0.0322573059,0
G1100010007301108A,11001007301108A,G11000100073011062,110010073011062,0.020037764,0
G1100010007301108A,11001007301108A,G11000100073011074,110010073011074,0.0190096695,0
G1100010007301108A,11001007301108A,G11000100073011075,110010073011075,0.0015186233,0
G1100010007301108A,11001007301108A,G11000100073011076,110010073011076,0.0054428534,0
G1100010007301108A,11001007301108A,G11000100073011077,110010073011077,0.0147528205,0
G1100010007301108A,11001007301108A,G11000100073011092,110010073011092,0.0139498317,0
G1100010007301108A,11001007301108A,G11000100073011093,110010073011093,0.0317230999,0
G1100010007301108A,11001007301108A,G11000100073011097,110010073011097,0.0962343518,0.9878888572
G1100010007301108A,11001007301108A,G11000100073011098,110010073011098,0.0100558396,0.0001168251
G1100010007301108A,11001007301108A,G11000100073011099,110010073011099,0.0009508195,0
G1100010007301108A,11001007301108A,G11000100073011100,110010073011100,0.0052681445,0
G1100010007301108A,11001007301108A,G11000100073011102,110010073011102,0.0023518502,0
G1100010007301108A,11001007301108A,G11000100073011103,110010073011103,0.0007156344,0
G1100010007301108A,11001007301108A,G11000100073011104,110010073011104,0.0002620633,0
G1100010007301108A,11001007301108A,G11000100073011105,110010073011105,0.0069681963,0
G1100010007301108A,11001007301108A,G11000100073011106,110010073011106,0.0140002285,0
G1100010007301108A,11001007301108A,G11000100073011107,110010073011107,0.002842379,0
G1100010007301108A,11001007301108A,G11000100073011108,110010073011108,0.0181495642,0.0000241384
G1100010007301108A,11001007301108A,G11000100073011109,110010073011109,0.3190385636,0.0119701793
G1100010007301108A,11001007301108A,G11000100073011110,110010073011110,0.0430187006,0
G1100010007301108A,11001007301108A,G11000100073011111,110010073011111,0.0515290386,0
G1100010007301108A,11001007301108A,G11000100073011112,110010073011112,0.051428245,0
G1100010007301108A,11001007301108A,G11000100073011113,110010073011113,0.0531820534,0
G1100010007301108A,11001007301108A,G11000100073011114,110010073011114,0.0222149054,0
G1100010007301108A,11001007301108A,G11000100073011115,110010073011115,0.0158581902,0
G1100010007301108A,11001007301108A,G11000100073011116,110010073011116,0.0077241481,0
G1100010007301108A,11001007301108A,G11000100073011117,110010073011117,0.0212204087,0
G1100010007301108A,11001007301108A,G11000100073011118,110010073011118,0.0079257353,0
G1100010007301108A,11001007301108A,G11000100073011130,110010073011130,0.0139095142,0
G1100010007301108B,11001007301108B,G11000100073011101,110010073011101,0.0480071122,0.0051412929
G1100010007301108B,11001007301108B,G11000100073011102,110010073011102,0.2311453549,0.0247543735
G1100010007301108B,11001007301108B,G11000100073011103,110010073011103,0.4590309676,0.0491596468
G1100010007301108B,11001007301108B,G11000100073011104,110010073011104,0.2618165654,0.9209446868
G1100010007301109,11001007301109,G11000100073011046,110010073011046,0.0072067411,0
G1100010007301109,11001007301109,G11000100073011047,110010073011047,0.0481423743,0
G1100010007301109,11001007301109,G11000100073011049,110010073011049,0.0018915595,0
G1100010007301109,11001007301109,G11000100073011051,110010073011051,0.0105766065,0
G1100010007301109,11001007301109,G11000100073011058,110010073011058,0.019174299,0
G1100010007301109,11001007301109,G11000100073011059,110010073011059,0.0062256835,0
G1100010007301109,11001007301109,G11000100073011060,110010073011060,0.0032421935,0
G1100010007301109,11001007301109,G11000100073011061,110010073011061,0.0322573059,0
G1100010007301109,11001007301109,G11000100073011062,110010073011062,0.020037764,0
G1100010007301109,11001007301109,G11000100073011074,110010073011074,0.0190096695,0
G1100010007301109,11001007301109,G11000100073011075,110010073011075,0.0015186233,0
G1100010007301109,11001007301109,G11000100073011076,110010073011076,0.0054428534,0
G1100010007301109,11001007301109,G11000100073011077,110010073011077,0.0147528205,0
G1100010007301109,11001007301109,G11000100073011092,110010073011092,0.0139498317,0
G1100010007301109,11001007301109,G11000100073011093,110010073011093,0.0317230999,0
G1100010007301109,11001007301109,G11000100073011097,110010073011097,0.0962343518,0.9991441886
G1100010007301109,11001007301109,G11000100073011098,110010073011098,0.0100558396,0.0000082282
G1100010007301109,11001007301109,G11000100073011099,110010073011099,0.0009508195,0
G1100010007301109,11001007301109,G11000100073011100,110010073011100,0.0052681445,0
G1100010007301109,11001007301109,G11000100073011102,110010073011102,0.0023518502,0
G1100010007301109,11001007301109,G11000100073011103,110010073011103,0.0007156344,0
G1100010007301109,11001007301109,G11000100073011104,110010073011104,0.0002620633,0
G1100010007301109,11001007301109,G11000100073011105,110010073011105,0.0069681963,0
G1100010007301109,11001007301109,G11000100073011106,110010073011106,0.0140002285,0
G1100010007301109,11001007301109,G11000100073011107,110010073011107,0.002842379,0
G1100010007301109,11001007301109,G11000100073011108,110010073011108,0.0181495642,0.0000017005
G1100010007301109,11001007301109,G11000100073011109,110010073011109,0.3190385636,0.0008458827
G1100010007301109,11001007301109,G11000100073011110,110010073011110,0.0430187006,0
G1100010007301109,11001007301109,G11000100073011111,110010073011111,0.0515290386,0
G1100010007301109,11001007301109,G11000100073011112,110010073011112,0.051428245,0
G1100010007301109,11001007301109,G11000100073011113,110010073011113,0.0531820534,0
G1100010007301109,11001007301109,G11000100073011114,110010073011114,0.0222149054,0
G1100010007301109,11001007301109,G11000100073011115,110010073011115,0.0158581902,0
G1100010007301109,11001007301109,G11000100073011116,110010073011116,0.0077241481,0
G1100010007301109,11001007301109,G11000100073011117,110010073011117,0.0212204087,0
G1100010007301109,11001007301109,G11000100073011118,110010073011118,0.0079257353,0
G1100010007301109,11001007301109,G11000100073011130,110010073011130,0.0139095142,0
G1100010007301110,11001007301110,G11000100073011046,110010073011046,0.0072067411,0
G1100010007301110,11001007301110,G11000100073011047,110010073011047,0.0481423743,0
G1100010007301110,11001007301110,G11000100073011049,110010073011049,0.0018915595,0
G1100010007301110,11001007301110,G11000100073011051,110010073011051,0.0105766065,0
G1100010007301110,11001007301110,G11000100073011058,110010073011058,0.019174299,0
G1100010007301110,11001007301110,G11000100073011059,110010073011059,0.0062256835,0
G1100010007301110,11001007301110,G11000100073011060,110010073011060,0.0032421935,0
G1100010007301110,11001007301110,G11000100073011061,110010073011061,0.0322573059,0
G1100010007301110,11001007301110,G11000100073011062,110010073011062,0.020037764,0
G1100010007301110,11001007301110,G11000100073011074,110010073011074,0.0190096695,0
G1100010007301110,11001007301110,G11000100073011075,110010073011075,0.0015186233,0
G1100010007301110,11001007301110,G11000100073011076,110010073011076,0.0054428534,0
G1100010007301110,11001007301110,G11000100073011077,110010073011077,0.0147528205,0
G1100010007301110,11001007301110,G11000100073011092,110010073011092,0.0139498317,0
G1100010007301110,11001007301110,G11000100073011093,110010073011093,0.0317230999,0
G1100010007301110,11001007301110,G11000100073011097,110010073011097,0.0962343518,0.1896137856
G1100010007301110,11001007301110,G11000100073011098,110010073011098,0.0100558396,0.0077964501
G1100010007301110,11001007301110,G11000100073011099,110010073011099,0.0009508195,0
G1100010007301110,11001007301110,G11000100073011100,110010073011100,0.0052681445,0
G1100010007301110,11001007301110,G11000100073011102,110010073011102,0.0023518502,0
G1100010007301110,11001007301110,G11000100073011103,110010073011103,0.0007156344,0
G1100010007301110,11001007301110,G11000100073011104,110010073011104,0.0002620633,0
G1100010007301110,11001007301110,G11000100073011105,110010073011105,0.0069681963,0
G1100010007301110,11001007301110,G11000100073011106,110010073011106,0.0140002285,0
G1100010007301110,11001007301110,G11000100073011107,110010073011107,0.002842379,0
G1100010007301110,11001007301110,G11000100073011108,110010073011108,0.0181495642,0.0016112203
G1100010007301110,11001007301110,G11000100073011109,110010073011109,0.3190385636,0.8009785441
G1100010007301110,11001007301110,G11000100073011110,110010073011110,0.0430187006,0
G1100010007301110,11001007301110,G11000100073011111,110010073011111,0.0515290386,0
G1100010007301110,11001007301110,G11000100073011112,110010073011112,0.051428245,0
G1100010007301110,11001007301110,G11000100073011113,110010073011113,0.0531820534,0
G1100010007301110,11001007301110,G11000100073011114,110010073011114,0.0222149054,0
G1100010007301110,11001007301110,G11000100073011115,110010073011115,0.0158581902,0
G1100010007301110,11001007301110,G11000100073011116,110010073011116,0.0077241481,0
G1100010007301110,11001007301110,G11000100073011117,110010073011117,0.0212204087,0
G1100010007301110,11001007301110,G11000100073011118,110010073011118,0.0079257353,0
G1100010007301110,11001007301110,G11000100073011130,110010073011130,0.0139095142,0
G1100010007301111,11001007301111,G11000100073011046,110010073011046,0.0072067411,0
G1100010007301111,11001007301111,G11000100073011047,110010073011047,0.0481423743,0
G1100010007301111,11001007301111,G11000100073011049,110010073011049,0.0018915595,0
G1100010007301111,11001007301111,G11000100073011051,110010073011051,0.0105766065,0
G1100010007301111,11001007301111,G11000100073011058,110010073011058,0.019174299,0
G1100010007301111,11001007301111,G11000100073011059,110010073011059,0.0062256835,0
G1100010007301111,11001007301111,G11000100073011060,110010073011060,0.0032421935,0
G1100010007301111,11001007301111,G11000100073011061,110010073011061,0.0322573059,0
G1100010007301111,11001007301111,G11000100073011062,110010073011062,0.020037764,0
G1100010007301111,11001007301111,G11000100073011074,110010073011074,0.0190096695,0
G1100010007301111,11001007301111,G11000100073011075,110010073011075,0.0015186233,0
G1100010007301111,11001007301111,G11000100073011076,110010073011076,0.0054428534,0
G1100010007301111,11001007301111,G11000100073011077,110010073011077,0.0147528205,0
G1100010007301111,11001007301111,G11000100073011092,110010073011092,0.0139498317,0
G1100010007301111,11001007301111,G11000100073011093,110010073011093,0.0317230999,0
G1100010007301111,11001007301111,G11000100073011097,110010073011097,0.0962343518,0.1928399178
G1100010007301111,11001007301111,G11000100073011098,110010073011098,0.0100558396,0.0077627224
G1100010007301111,11001007301111,G11000100073011099,110010073011099,0.0009508195,0
G1100010007301111,11001007301111,G11000100073011100,110010073011100,0.0052681445,0
G1100010007301111,11001007301111,G11000100073011102,110010073011102,0.0023518502,0
G1100010007301111,11001007301111,G11000100073011103,110010073011103,0.0007156344,0
G1100010007301111,11001007301111,G11000100073011104,110010073011104,0.0002620633,0
G1100010007301111,11001007301111,G11000100073011105,110010073011105,0.0069681963,0
G1100010007301111,11001007301111,G11000100073011106,110010073011106,0.0140002285,0
G1100010007301111,11001007301111,G11000100073011107,110010073011107,0.002842379,0
G1100010007301111,11001007301111,G11000100073011108,110010073011108,0.0181495642,0.0016042918
G1100010007301111,11001007301111,G11000100073011109,110010073011109,0.3190385636,0.797793068
G1100010007301111,11001007301111,G11000100073011110,110010073011110,0.0430187006,0
G1100010007301111,11001007301111,G11000100073011111,110010073011111,0.0515290386,0
G1100010007301111,11001007301111,G11000100073011112,110010073011112,0.051428245,0
G1100010007301111,11001007301111,G11000100073011113,110010073011113,0.0531820534,0
G1100010007301111,11001007301111,G11000100073011114,110010073011114,0.0222149054,0
G1100010007301111,11001007301111,G11000100073011115,110010073011115,0.0158581902,0
G1100010007301111,11001007301111,G11000100073011116,110010073011116,0.0077241481,0
G1100010007301111,11001007301111,G11000100073011117,110010073011117,0.0212204087,0
G1100010007301111,11001007301111,G11000100073011118,110010073011118,0.0079257353,0
G1100010007301111,11001007301111,G11000100073011130,110010073011130,0.0139095142,0
G1100010007301112,11001007301112,G11000100073011046,110010073011046,0.0072067411,0
G1100010007301112,11001007301112,G11000100073011047,110010073011047,0.0481423743,0
G1100010007301112,11001007301112,G11000100073011049,110010073011049,0.0018915595,0
G1100010007301112,11001007301112,G11000100073011051,110010073011051,0.0105766065,0
G1100010007301112,11001007301112,G11000100073011058,110010073011058,0.019174299,0
G1100010007301112,11001007301112,G11000100073011059,110010073011059,0.0062256835,0
G1100010007301112,11001007301112,G11000100073011060,110010073011060,0.0032421935,0
G1100010007301112,11001007301112,G11000100073011061,110010073011061,0.0322573059,0
G1100010007301112,11001007301112,G11000100073011062,110010073011062,0.020037764,0
G1100010007301112,11001007301112,G11000100073011074,110010073011074,0.0190096695,0
G1100010007301112,11001007301112,G11000100073011075,110010073011075,0.0015186233,0
G1100010007301112,11001007301112,G11000100073011076,110010073011076,0.0054428534,0
G1100010007301112,11001007301112,G11000100073011077,110010073011077,0.0147528205,0
G1100010007301112,11001007301112,G11000100073011092,110010073011092,0.0139498317,0
G1100010007301112,11001007301112,G11000100073011093,110010073011093,0.0317230999,0
G1100010007301112,11001007301112,G11000100073011097,110010073011097,0.0962343518,0.1972568265
G1100010007301112,11001007301112,G11000100073011098,110010073011098,0.0100558396,0.0077219044
G1100010007301112,11001007301112,G11000100073011099,110010073011099,0.0009508195,0
G1100010007301112,11001007301112,G11000100073011100,110010073011100,0.0052681445,0
G1100010007301112,11001007301112,G11000100073011102,110010073011102,0.0023518502,0
G1100010007301112,11001007301112,G11000100073011103,110010073011103,0.0007156344,0
G1100010007301112,11001007301112,G11000100073011104,110010073011104,0.0002620633,0
G1100010007301112,11001007301112,G11000100073011105,110010073011105,0.0069681963,0
G1100010007301112,11001007301112,G11000100073011106,110010073011106,0.0140002285,0
G1100010007301112,11001007301112,G11000100073011107,110010073011107,0.002842379,0
G1100010007301112,11001007301112,G11000100073011108,110010073011108,0.0181495642,0.0015958303
G1100010007301112,11001007301112,G11000100073011109,110010073011109,0.3190385636,0.7934254388
G1100010007301112,11001007301112,G11000100073011110,110010073011110,0.0430187006,0
G1100010007301112,11001007301112,G11000100073011111,110010073011111,0.0515290386,0
G1100010007301112,11001007301112,G11000100073011112,110010073011112,0.051428245,0
G1100010007301112,11001007301112,G11000100073011113,110010073011113,0.0531820534,0
G1100010007301112,11001007301112,G11000100073011114,110010073011114,0.0222149054,0
G1100010007301112,11001007301112,G11000100073011115,110010073011115,0.0158581902,0
G1100010007301112,11001007301112,G11000100073011116,110010073011116,0.0077241481,0
G1100010007301112,11001007301112,G11000100073011117,110010073011117,0.0212204087,0
G1100010007301112,11001007301112,G11000100073011118,110010073011118,0.0079257353,0
G1100010007301112,11001007301112,G11000100073011130,110010073011130,0.0139095142,0
G1100010007301113,11001007301113,G11000100073011046,110010073011046,0.0072067411,0
G1100010007301113,11001007301113,G11000100073011047,110010073011047,0.0481423743,0
G1100010007301113,11001007301113,G11000100073011049,110010073011049,0.0018915595,0
G1100010007301113,11001007301113,G11000100073011051,110010073011051,0.0105766065,0
G1100010007301113,11001007301113,G11000100073011058,110010073011058,0.019174299,0
G1100010007301113,11001007301113,G11000100073011059,110010073011059,0.0062256835,0
G1100010007301113,11001007301113,G11000100073011060,110010073011060,0.0032421935,0
G1100010007301113,11001007301113,G11000100073011061,110010073011061,0.0322573059,0
G1100010007301113,11001007301113,G11000100073011062,110010073011062,0.020037764,0
G1100010007301113,11001007301113,G11000100073011074,110010073011074,0.0190096695,0
G1100010007301113,11001007301113,G11000100073011075,110010073011075,0.0015186233,0
G1100010007301113,11001007301113,G11000100073011076,110010073011076,0.0054428534,0
G1100010007301113,11001007301113,G11000100073011077,110010073011077,0.0147528205,0
G1100010007301113,11001007301113,G11000100073011092,110010073011092,0.0139498317,0
G1100010007301113,11001007301113,G11000100073011093,110010073011093,0.0317230999,0
G1100010007301113,11001007301113,G11000100073011097,110010073011097,0.0962343518,0.2111665179
G1100010007301113,11001007301113,G11000100073011098,110010073011098,0.0100558396,0.0075841816
G1100010007301113,11001007301113,G11000100073011099,110010073011099,0.0009508195,0
G1100010007301113,11001007301113,G11000100073011100,110010073011100,0.0052681445,0
G1100010007301113,11001007301113,G11000100073011102,110010073011102,0.0023518502,0
G1100010007301113,11001007301113,G11000100073011103,110010073011103,0.0007156344,0
G1100010007301113,11001007301113,G11000100073011104,110010073011104,0.0002620633,0
G1100010007301113,11001007301113,G11000100073011105,110010073011105,0.0069681963,0
G1100010007301113,11001007301113,G11000100073011106,110010073011106,0.0140002285,0
G1100010007301113,11001007301113,G11000100073011107,110010073011107,0.002842379,0
G1100010007301113,11001007301113,G11000100073011108,110010073011108,0.0181495642,0.0015674289
G1100010007301113,11001007301113,G11000100073011109,110010073011109,0.3190385636,0.7796818716
G1100010007301113,11001007301113,G11000100073011110,110010073011110,0.0430187006,0
G1100010007301113,11001007301113,G11000100073011111,110010073011111,0.0515290386,0
G1100010007301113,11001007301113,G11000100073011112,110010073011112,0.051428245,0
G1100010007301113,11001007301113,G11000100073011113,110010073011113,0.0531820534,0
G1100010007301113,11001007301113,G11000100073011114,110010073011114,0.0222149054,0
G1100010007301113,11001007301113,G11000100073011115,110010073011115,0.0158581902,0
G1100010007301113,11001007301113,G11000100073011116,110010073011116,0.0077241481,0
G1100010007301113,11001007301113,G11000100073011117,110010073011117,0.0212204087,0
G1100010007301113,11001007301113,G11000100073011118,110010073011118,0.0079257353,0
G1100010007301113,11001007301113,G11000100073011130,110010073011130,0.0139095142,0
G1100010007301114,11001007301114,G11000100073011046,110010073011046,0.0072067411,0
G1100010007301114,11001007301114,G11000100073011047,110010073011047,0.0481423743,0
G1100010007301114,11001007301114,G11000100073011049,110010073011049,0.0018915595,0
G1100010007301114,11001007301114,G11000100073011051,110010073011051,0.0105766065,0
G1100010007301114,11001007301114,G11000100073011058,110010073011058,0.019174299,0
G1100010007301114,11001007301114,G11000100073011059,110010073011059,0.0062256835,0
G1100010007301114,11001007301114,G11000100073011060,110010073011060,0.0032421935,0
G1100010007301114,11001007301114,G11000100073011061,110010073011061,0.0322573059,0
G1100010007301114,11001007301114,G11000100073011062,110010073011062,0.020037764,0
G1100010007301114,11001007301114,G11000100073011074,110010073011074,0.0190096695,0
G1100010007301114,11001007301114,G11000100073011075,110010073011075,0.0015186233,0
G1100010007301114,11001007301114,G11000100073011076,110010073011076,0.0054428534,0
G1100010007301114,11001007301114,G11000100073011077,110010073011077,0.0147528205,0
G1100010007301114,11001007301114,G11000100073011092,110010073011092,0.0139498317,0
G1100010007301114,11001007301114,G11000100073011093,110010073011093,0.0317230999,0
G1100010007301114,11001007301114,G11000100073011097,110010073011097,0.0962343518,0.2020780781
G1100010007301114,11001007301114,G11000100073011098,110010073011098,0.0100558396,0.0076739049
G1100010007301114,11001007301114,G11000100073011099,110010073011099,0.0009508195,0
G1100010007301114,11001007301114,G11000100073011100,110010073011100,0.0052681445,0
G1100010007301114,11001007301114,G11000100073011102,110010073011102,0.0023518502,0
G1100010007301114,11001007301114,G11000100073011103,110010073011103,0.0007156344,0
G1100010007301114,11001007301114,G11000100073011104,110010073011104,0.0002620633,0
G1100010007301114,11001007301114,G11000100073011105,110010073011105,0.0069681963,0
G1100010007301114,11001007301114,G11000100073011106,110010073011106,0.0140002285,0
G1100010007301114,11001007301114,G11000100073011107,110010073011107,0.002842379,0
G1100010007301114,11001007301114,G11000100073011108,110010073011108,0.0181495642,0.0015859358
G1100010007301114,11001007301114,G11000100073011109,110010073011109,0.3190385636,0.7886620812
G1100010007301114,11001007301114,G11000100073011110,110010073011110,0.0430187006,0
G1100010007301114,11001007301114,G11000100073011111,110010073011111,0.0515290386,0
G1100010007301114,11001007301114,G11000100073011112,110010073011112,0.051428245,0
G1100010007301114,11001007301114,G11000100073011113,110010073011113,0.0531820534,0
G1100010007301114,11001007301114,G11000100073011114,110010073011114,0.0222149054,0
G1100010007301114,11001007301114,G11000100073011115,110010073011115,0.0158581902,0
G1100010007301114,11001007301114,G11000100073011116,110010073011116,0.0077241481,0
G1100010007301114,11001007301114,G11000100073011117,110010073011117,0.0212204087,0
G1100010007301114,11001007301114,G11000100073011118,110010073011118,0.0079257353,0
G1100010007301114,11001007301114,G11000100073011130,110010073011130,0.0139095142,0
G1100010007301115,11001007301115,G11000100073011046,110010073011046,0.0072067411,0
G1100010007301115,11001007301115,G11000100073011047,110010073011047,0.0481423743,0
G1100010007301115,11001007301115,G11000100073011049,110010073011049,0.0018915595,0
G1100010007301115,11001007301115,G11000100073011051,110010073011051,0.0105766065,0
G1100010007301115,11001007301115,G11000100073011058,110010073011058,0.019174299,0
G1100010007301115,11001007301115,G11000100073011059,110010073011059,0.0062256835,0
G1100010007301115,11001007301115,G11000100073011060,110010073011060,0.0032421935,0
G1100010007301115,11001007301115,G11000100073011061,110010073011061,0.0322573059,0
G1100010007301115,11001007301115,G11000100073011062,110010073011062,0.020037764,0
G1100010007301115,11001007301115,G11000100073011074,110010073011074,0.0190096695,0
G1100010007301115,11001007301115,G11000100073011075,110010073011075,0.0015186233,0
G1100010007301115,11001007301115,G11000100073011076,110010073011076,0.0054428534,0
G1100010007301115,11001007301115,G11000100073011077,110010073011077,0.0147528205,0
G1100010007301115,11001007301115,G11000100073011092,110010073011092,0.0139498317,0
G1100010007301115,11001007301115,G11000100073011093,110010073011093,0.0317230999,0
G1100010007301115,11001007301115,G11000100073011097,110010073011097,0.0962343518,0.4132919475
G1100010007301115,11001007301115,G11000100073011098,110010073011098,0.0100558396,0.0056366343
G1100010007301115,11001007301115,G11000100073011099,110010073011099,0.0009508195,0
G1100010007301115,11001007301115,G11000100073011100,110010073011100,0.0052681445,0
G1100010007301115,11001007301115,G11000100073011102,110010073011102,0.0023518502,0
G1100010007301115,11001007301115,G11000100073011103,110010073011103,0.0007156344,0
G1100010007301115,11001007301115,G11000100073011104,110010073011104,0.0002620633,0
G1100010007301115,11001007301115,G11000100073011105,110010073011105,0.0069681963,0
G1100010007301115,11001007301115,G11000100073011106,110010073011106,0.0140002285,0
G1100010007301115,11001007301115,G11000100073011107,110010073011107,0.002842379,0
G1100010007301115,11001007301115,G11000100073011108,110010073011108,0.0181495642,0.0011649933
G1100010007301115,11001007301115,G11000100073011109,110010073011109,0.3190385636,0.5799064249
G1100010007301115,11001007301115,G11000100073011110,110010073011110,0.0430187006,0
G1100010007301115,11001007301115,G11000100073011111,110010073011111,0.0515290386,0
G1100010007301115,11001007301115,G11000100073011112,110010073011112,0.051428245,0
G1100010007301115,11001007301115,G11000100073011113,110010073011113,0.0531820534,0
G1100010007301115,11001007301115,G11000100073011114,110010073011114,0.0222149054,0
G1100010007301115,11001007301115,G11000100073011115,110010073011115,0.0158581902,0
G1100010007301115,11001007301115,G11000100073011116,110010073011116,0.0077241481,0
G1100010007301115,11001007301115,G11000100073011117,110010073011117,0.0212204087,0
G1100010007301115,11001007301115,G11000100073011118,110010073011118,0.0079257353,0
G1100010007301115,11001007301115,G11000100073011130,110010073011130,0.0139095142,0
G1100010007301116,11001007301116,G11000100073011046,110010073011046,0.0072067411,0
G1100010007301116,11001007301116,G11000100073011047,110010073011047,0.0481423743,0
G1100010007301116,11001007301116,G11000100073011049,110010073011049,0.0018915595,0
G1100010007301116,11001007301116,G11000100073011051,110010073011051,0.0105766065,0
G1100010007301116,11001007301116,G11000100073011058,110010073011058,0.019174299,0
G1100010007301116,11001007301116,G11000100073011059,110010073011059,0.0062256835,0
G1100010007301116,11001007301116,G11000100073011060,110010073011060,0.0032421935,0
G1100010007301116,11001007301116,G11000100073011061,110010073011061,0.0322573059,0
G1100010007301116,11001007301116,G11000100073011062,110010073011062,0.020037764,0
G1100010007301116,11001007301116,G11000100073011074,110010073011074,0.0190096695,0
G1100010007301116,11001007301116,G11000100073011075,110010073011075,0.0015186233,0
G1100010007301116,11001007301116,G11000100073011076,110010073011076,0.0054428534,0
G1100010007301116,11001007301116,G11000100073011077,110010073011077,0.0147528205,0
G1100010007301116,11001007301116,G11000100073011092,110010073011092,0.0139498317,0
G1100010007301116,11001007301116,G11000100073011093,110010073011093,0.0317230999,0
G1100010007301116,11001007301116,G11000100073011097,110010073011097,0.0962343518,0.9999999999
G1100010007301116,11001007301116,G11000100073011098,110010073011098,0.0100558396,0
G1100010007301116,11001007301116,G11000100073011099,110010073011099,0.0009508195,0
G1100010007301116,11001007301116,G11000100073011100,110010073011100,0.0052681445,0
G1100010007301116,11001007301116,G11000100073011102,110010073011102,0.0023518502,0
G1100010007301116,11001007301116,G11000100073011103,110010073011103,0.0007156344,0
G1100010007301116,11001007301116,G11000100073011104,110010073011104,0.0002620633,0
G1100010007301116,11001007301116,G11000100073011105,110010073011105,0.0069681963,0
G1100010007301116,11001007301116,G11000100073011106,110010073011106,0.0140002285,0
G1100010007301116,11001007301116,G11000100073011107,110010073011107,0.002842379,0
G1100010007301116,11001007301116,G11000100073011108,110010073011108,0.0181495642,0
G1100010007301116,11001007301116,G11000100073011109,110010073011109,0.3190385636,0.0000000001
G1100010007301116,11001007301116,G11000100073011110,110010073011110,0.0430187006,0
G1100010007301116,11001007301116,G11000100073011111,110010073011111,0.0515290386,0
G1100010007301116,11001007301116,G11000100073011112,110010073011112,0.051428245,0
G1100010007301116,11001007301116,G11000100073011113,110010073011113,0.0531820534,0
G1100010007301116,11001007301116,G11000100073011114,110010073011114,0.0222149054,0
G1100010007301116,11001007301116,G11000100073011115,110010073011115,0.0158581902,0
G1100010007301116,11001007301116,G11000100073011116,110010073011116,0.0077241481,0
G1100010007301116,11001007301116,G11000100073011117,110010073011117,0.0212204087,0
G1100010007301116,11001007301116,G11000100073011118,110010073011118,0.0079257353,0
G1100010007301116,11001007301116,G11000100073011130,110010073011130,0.0139095142,0
G1100010007301117,11001007301117,G11000100073011046,110010073011046,0.0072067411,0
G1100010007301117,11001007301117,G11000100073011047,110010073011047,0.0481423743,0
G1100010007301117,11001007301117,G11000100073011049,110010073011049,0.0018915595,0
G1100010007301117,11001007301117,G11000100073011051,110010073011051,0.0105766065,0
G1100010007301117,11001007301117,G11000100073011058,110010073011058,0.019174299,0
G1100010007301117,11001007301117,G11000100073011059,110010073011059,0.0062256835,0
G1100010007301117,11001007301117,G11000100073011060,110010073011060,0.0032421935,0
G1100010007301117,11001007301117,G11000100073011061,110010073011061,0.0322573059,0
G1100010007301117,11001007301117,G11000100073011062,110010073011062,0.020037764,0
G1100010007301117,11001007301117,G11000100073011074,110010073011074,0.0190096695,0
G1100010007301117,11001007301117,G11000100073011075,110010073011075,0.0015186233,0
G1100010007301117,11001007301117,G11000100073011076,110010073011076,0.0054428534,0
G1100010007301117,11001007301117,G11000100073011077,110010073011077,0.0147528205,0
G1100010007301117,11001007301117,G11000100073011092,110010073011092,0.0139498317,0
G1100010007301117,11001007301117,G11000100073011093,110010073011093,0.0317230999,0
G1100010007301117,11001007301117,G11000100073011097,110010073011097,0.0962343518,0.9999999998
G1100010007301117,11001007301117,G11000100073011098,110010073011098,0.0100558396,0
G1100010007301117,11001007301117,G11000100073011099,110010073011099,0.0009508195,0
G1100010007301117,11001007301117,G11000100073011100,110010073011100,0.0052681445,0
G1100010007301117,11001007301117,G11000100073011102,110010073011102,0.0023518502,0
G1100010007301117,11001007301117,G11000100073011103,110010073011103,0.0007156344,0
G1100010007301117,11001007301117,G11000100073011104,110010073011104,0.0002620633,0
G1100010007301117,11001007301117,G11000100073011105,110010073011105,0.0069681963,0
G1100010007301117,11001007301117,G11000100073011106,110010073011106,0.0140002285,0
G1100010007301117,11001007301117,G11000100073011107,110010073011107,0.002842379,0
G1100010007301117,11001007301117,G11000100073011108,110010073011108,0.0181495642,0
G1100010007301117,11001007301117,G11000100073011109,110010073011109,0.3190385636,0.0000000002
G1100010007301117,11001007301117,G11000100073011110,110010073011110,0.0430187006,0
G1100010007301117,11001007301117,G11000100073011111,110010073011111,0.0515290386,0
G1100010007301117,11001007301117,G11000100073011112,110010073011112,0.051428245,0
G1100010007301117,11001007301117,G11000100073011113,110010073011113,0.0531820534,0
G1100010007301117,11001007301117,G11000100073011114,110010073011114,0.0222149054,0
G1100010007301117,11001007301117,G11000100073011115,110010073011115,0.0158581902,0
G1100010007301117,11001007301117,G11000100073011116,110010073011116,0.0077241481,0
G1100010007301117,11001007301117,G11000100073011117,110010073011117,0.0212204087,0
G1100010007301117,11001007301117,G11000100073011118,110010073011118,0.0079257353,0
G1100010007301117,11001007301117,G11000100073011130,110010073011130,0.0139095142,0
G1100010007301118,11001007301118,G11000100073011046,110010073011046,0.0072067411,0
G1100010007301118,11001007301118,G11000100073011047,110010073011047,0.0481423743,0
G1100010007301118,11001007301118,G11000100073011049,110010073011049,0.0018915595,0
G1100010007301118,11001007301118,G11000100073011051,110010073011051,0.0105766065,0
G1100010007301118,11001007301118,G11000100073011058,110010073011058,0.019174299,0
G1100010007301118,11001007301118,G11000100073011059,110010073011059,0.0062256835,0
G1100010007301118,11001007301118,G11000100073011060,110010073011060,0.0032421935,0
G1100010007301118,11001007301118,G11000100073011061,110010073011061,0.0322573059,0
G1100010007301118,11001007301118,G11000100073011062,110010073011062,0.020037764,0
G1100010007301118,11001007301118,G11000100073011074,110010073011074,0.0190096695,0
G1100010007301118,11001007301118,G11000100073011075,110010073011075,0.0015186233,0
G1100010007301118,11001007301118,G11000100073011076,110010073011076,0.0054428534,0
G1100010007301118,11001007301118,G11000100073011077,110010073011077,0.0147528205,0
G1100010007301118,11001007301118,G11000100073011092,110010073011092,0.0139498317,0
G1100010007301118,11001007301118,G11000100073011093,110010073011093,0.0317230999,0
G1100010007301118,11001007301118,G11000100073011097,110010073011097,0.0962343518,0.9999999612
G1100010007301118,11001007301118,G11000100073011098,110010073011098,0.0100558396,0
G1100010007301118,11001007301118,G11000100073011099,110010073011099,0.0009508195,0
G1100010007301118,11001007301118,G11000100073011100,110010073011100,0.0052681445,0
G1100010007301118,11001007301118,G11000100073011102,110010073011102,0.0023518502,0
G1100010007301118,11001007301118,G11000100073011103,110010073011103,0.0007156344,0
G1100010007301118,11001007301118,G11000100073011104,110010073011104,0.0002620633,0
G1100010007301118,11001007301118,G11000100073011105,110010073011105,0.0069681963,0
G1100010007301118,11001007301118,G11000100073011106,110010073011106,0.0140002285,0
G1100010007301118,11001007301118,G11000100073011107,110010073011107,0.002842379,0
G1100010007301118,11001007301118,G11000100073011108,110010073011108,0.0181495642,0
G1100010007301118,11001007301118,G11000100073011109,110010073011109,0.3190385636,0.0000000388
G1100010007301118,11001007301118,G11000100073011110,110010073011110,0.0430187006,0
G1100010007301118,11001007301118,G11000100073011111,110010073011111,0.0515290386,0
G1100010007301118,11001007301118,G11000100073011112,110010073011112,0.051428245,0
G1100010007301118,11001007301118,G11000100073011113,110010073011113,0.0531820534,0
G1100010007301118,11001007301118,G11000100073011114,110010073011114,0.0222149054,0
G1100010007301118,11001007301118,G11000100073011115,110010073011115,0.0158581902,0
G1100010007301118,11001007301118,G11000100073011116,110010073011116,0.0077241481,0
G1100010007301118,11001007301118,G11000100073011117,110010073011117,0.0212204087,0
G1100010007301118,11001007301118,G11000100073011118,110010073011118,0.0079257353,0
G1100010007301118,11001007301118,G11000100073011130,110010073011130,0.0139095142,0
G1100010007301119,11001007301119,G11000100073011046,110010073011046,0.0072067411,0
G1100010007301119,11001007301119,G11000100073011047,110010073011047,0.0481423743,0
G1100010007301119,11001007301119,G11000100073011049,110010073011049,0.0018915595,0
G1100010007301119,11001007301119,G11000100073011051,110010073011051,0.0105766065,0
G1100010007301119,11001007301119,G11000100073011058,110010073011058,0.019174299,0
G1100010007301119,11001007301119,G11000100073011059,110010073011059,0.0062256835,0
G1100010007301119,11001007301119,G11000100073011060,110010073011060,0.0032421935,0
G1100010007301119,11001007301119,G11000100073011061,110010073011061,0.0322573059,0
G1100010007301119,11001007301119,G11000100073011062,110010073011062,0.020037764,0
G1100010007301119,11001007301119,G11000100073011074,110010073011074,0.0190096695,0
G1100010007301119,11001007301119,G11000100073011075,110010073011075,0.0015186233,0
G1100010007301119,11001007301119,G11000100073011076,110010073011076,0.0054428534,0
G1100010007301119,11001007301119,G11000100073011077,110010073011077,0.0147528205,0
G1100010007301119,11001007301119,G11000100073011092,110010073011092,0.0139498317,0
G1100010007301119,11001007301119,G11000100073011093,110010073011093,0.0317230999,0
G1100010007301119,11001007301119,G11000100073011097,110010073011097,0.0962343518,0.9999999999
G1100010007301119,11001007301119,G11000100073011098,110010073011098,0.0100558396,0
G1100010007301119,11001007301119,G11000100073011099,110010073011099,0.0009508195,0
G1100010007301119,11001007301119,G11000100073011100,110010073011100,0.0052681445,0
G1100010007301119,11001007301119,G11000100073011102,110010073011102,0.0023518502,0
G1100010007301119,11001007301119,G11000100073011103,110010073011103,0.0007156344,0
G1100010007301119,11001007301119,G11000100073011104,110010073011104,0.0002620633,0
G1100010007301119,11001007301119,G11000100073011105,110010073011105,0.0069681963,0
G1100010007301119,11001007301119,G11000100073011106,110010073011106,0.0140002285,0
G1100010007301119,11001007301119,G11000100073011107,110010073011107,0.002842379,0
G1100010007301119,11001007301119,G11000100073011108,110010073011108,0.0181495642,0
G1100010007301119,11001007301119,G11000100073011109,110010073011109,0.3190385636,0.0000000001
G1100010007301119,11001007301119,G11000100073011110,110010073011110,0.0430187006,0
G1100010007301119,11001007301119,G11000100073011111,110010073011111,0.0515290386,0
G1100010007301119,11001007301119,G11000100073011112,110010073011112,0.051428245,0
G1100010007301119,11001007301119,G11000100073011113,110010073011113,0.0531820534,0
G1100010007301119,11001007301119,G11000100073011114,110010073011114,0.0222149054,0
G1100010007301119,11001007301119,G11000100073011115,110010073011115,0.0158581902,0
G1100010007301119,11001007301119,G11000100073011116,110010073011116,0.0077241481,0
G1100010007301119,11001007301119,G11000100073011117,110010073011117,0.0212204087,0
G1100010007301119,11001007301119,G11000100073011118,110010073011118,0.0079257353,0
G1100010007301119,11001007301119,G11000100073011130,110010073011130,0.0139095142,0
G1100010007301120,11001007301120,G11000100073011046,110010073011046,0.0072067411,0
G1100010007301120,11001007301120,G11000100073011047,110010073011047,0.0481423743,0
G1100010007301120,11001007301120,G11000100073011049,110010073011049,0.0018915595,0
G1100010007301120,11001007301120,G11000100073011051,110010073011051,0.0105766065,0
G1100010007301120,11001007301120,G11000100073011058,110010073011058,0.019174299,0
G1100010007301120,11001007301120,G11000100073011059,110010073011059,0.0062256835,0
G1100010007301120,11001007301120,G11000100073011060,110010073011060,0.0032421935,0
G1100010007301120,11001007301120,G11000100073011061,110010073011061,0.0322573059,0
G1100010007301120,11001007301120,G11000100073011062,110010073011062,0.020037764,0
G1100010007301120,11001007301120,G11000100073011074,110010073011074,0.0190096695,0
G1100010007301120,11001007301120,G11000100073011075,110010073011075,0.0015186233,0
G1100010007301120,11001007301120,G11000100073011076,110010073011076,0.0054428534,0
G1100010007301120,11001007301120,G11000100073011077,110010073011077,0.0147528205,0
G1100010007301120,11001007301120,G11000100073011092,110010073011092,0.0139498317,0
G1100010007301120,11001007301120,G11000100073011093,110010073011093,0.0317230999,0
G1100010007301120,11001007301120,G11000100073011097,110010073011097,0.0962343518,0.9999999999
G1100010007301120,11001007301120,G11000100073011098,110010073011098,0.0100558396,0
G1100010007301120,11001007301120,G11000100073011099,110010073011099,0.0009508195,0
G1100010007301120,11001007301120,G11000100073011100,110010073011100,0.0052681445,0
G1100010007301120,11001007301120,G11000100073011102,110010073011102,0.0023518502,0
G1100010007301120,11001007301120,G11000100073011103,110010073011103,0.0007156344,0
G1100010007301120,11001007301120,G11000100073011104,110010073011104,0.0002620633,0
G1100010007301120,11001007301120,G11000100073011105,110010073011105,0.0069681963,0
G1100010007301120,11001007301120,G11000100073011106,110010073011106,0.0140002285,0
G1100010007301120,11001007301120,G11000100073011107,110010073011107,0.002842379,0
G1100010007301120,11001007301120,G11000100073011108,110010073011108,0.0181495642,0
G1100010007301120,11001007301120,G11000100073011109,110010073011109,0.3190385636,0.0000000001
G1100010007301120,11001007301120,G11000100073011110,110010073011110,0.0430187006,0
G1100010007301120,11001007301120,G11000100073011111,110010073011111,0.0515290386,0
G1100010007301120,11001007301120,G11000100073011112,110010073011112,0.051428245,0
G1100010007301120,11001007301120,G11000100073011113,110010073011113,0.0531820534,0
G1100010007301120,11001007301120,G11000100073011114,110010073011114,0.0222149054,0
G1100010007301120,11001007301120,G11000100073011115,110010073011115,0.0158581902,0
G1100010007301120,11001007301120,G11000100073011116,110010073011116,0.0077241481,0
G1100010007301120,11001007301120,G11000100073011117,110010073011117,0.0212204087,0
G1100010007301120,11001007301120,G11000100073011118,110010073011118,0.0079257353,0
G1100010007301120,11001007301120,G11000100073011130,110010073011130,0.0139095142,0
G1100010007301121,11001007301121,G11000100073011046,110010073011046,0.0072067411,0
G1100010007301121,11001007301121,G11000100073011047,110010073011047,0.0481423743,0
G1100010007301121,11001007301121,G11000100073011049,110010073011049,0.0018915595,0
G1100010007301121,11001007301121,G11000100073011051,110010073011051,0.0105766065,0
G1100010007301121,11001007301121,G11000100073011058,110010073011058,0.019174299,0
G1100010007301121,11001007301121,G11000100073011059,110010073011059,0.0062256835,0
G1100010007301121,11001007301121,G11000100073011060,110010073011060,0.0032421935,0
G1100010007301121,11001007301121,G11000100073011061,110010073011061,0.0322573059,0
G1100010007301121,11001007301121,G11000100073011062,110010073011062,0.020037764,0
G1100010007301121,11001007301121,G11000100073011074,110010073011074,0.0190096695,0
G1100010007301121,11001007301121,G11000100073011075,110010073011075,0.0015186233,0
G1100010007301121,11001007301121,G11000100073011076,110010073011076,0.0054428534,0
G1100010007301121,11001007301121,G11000100073011077,110010073011077,0.0147528205,0
G1100010007301121,11001007301121,G11000100073011092,110010073011092,0.0139498317,0
G1100010007301121,11001007301121,G11000100073011093,110010073011093,0.0317230999,0
G1100010007301121,11001007301121,G11000100073011097,110010073011097,0.0962343518,0.9999999997
G1100010007301121,11001007301121,G11000100073011098,110010073011098,0.0100558396,0
G1100010007301121,11001007301121,G11000100073011099,110010073011099,0.0009508195,0
G1100010007301121,11001007301121,G11000100073011100,110010073011100,0.0052681445,0
G1100010007301121,11001007301121,G11000100073011102,110010073011102,0.0023518502,0
G1100010007301121,11001007301121,G11000100073011103,110010073011103,0.0007156344,0
G1100010007301121,11001007301121,G11000100073011104,110010073011104,0.0002620633,0
G1100010007301121,11001007301121,G11000100073011105,110010073011105,0.0069681963,0
G1100010007301121,11001007301121,G11000100073011106,110010073011106,0.0140002285,0
G1100010007301121,11001007301121,G11000100073011107,110010073011107,0.002842379,0
G1100010007301121,11001007301121,G11000100073011108,110010073011108,0.0181495642,0
G1100010007301121,11001007301121,G11000100073011109,110010073011109,0.3190385636,0.0000000003
G1100010007301121,11001007301121,G11000100073011110,110010073011110,0.0430187006,0
G1100010007301121,11001007301121,G11000100073011111,110010073011111,0.0515290386,0
G1100010007301121,11001007301121,G11000100073011112,110010073011112,0.051428245,0
G1100010007301121,11001007301121,G11000100073011113,110010073011113,0.0531820534,0
G1100010007301121,11001007301121,G11000100073011114,110010073011114,0.0222149054,0
G1100010007301121,11001007301121,G11000100073011115,110010073011115,0.0158581902,0
G1100010007301121,11001007301121,G11000100073011116,110010073011116,0.0077241481,0
G1100010007301121,11001007301121,G11000100073011117,110010073011117,0.0212204087,0
G1100010007301121,11001007301121,G11000100073011118,110010073011118,0.0079257353,0
G1100010007301121,11001007301121,G11000100073011130,110010073011130,0.0139095142,0
G1100010007301122,11001007301122,G11000100073011046,110010073011046,0.0072067411,0
G1100010007301122,11001007301122,G11000100073011047,110010073011047,0.0481423743,0
G1100010007301122,11001007301122,G11000100073011049,110010073011049,0.0018915595,0
G1100010007301122,11001007301122,G11000100073011051,110010073011051,0.0105766065,0
G1100010007301122,11001007301122,G11000100073011058,110010073011058,0.019174299,0
G1100010007301122,11001007301122,G11000100073011059,110010073011059,0.0062256835,0
G1100010007301122,11001007301122,G11000100073011060,110010073011060,0.0032421935,0
G1100010007301122,11001007301122,G11000100073011061,110010073011061,0.0322573059,0
G1100010007301122,11001007301122,G11000100073011062,110010073011062,0.020037764,0
G1100010007301122,11001007301122,G11000100073011074,110010073011074,0.0190096695,0
G1100010007301122,11001007301122,G11000100073011075,110010073011075,0.0015186233,0
G1100010007301122,11001007301122,G11000100073011076,110010073011076,0.0054428534,0
G1100010007301122,11001007301122,G11000100073011077,110010073011077,0.0147528205,0
G1100010007301122,11001007301122,G11000100073011092,110010073011092,0.0139498317,0
G1100010007301122,11001007301122,G11000100073011093,110010073011093,0.0317230999,0
G1100010007301122,11001007301122,G11000100073011097,110010073011097,0.0962343518,0.9427200882
G1100010007301122,11001007301122,G11000100073011098,110010073011098,0.0100558396,0
G1100010007301122,11001007301122,G11000100073011099,110010073011099,0.0009508195,0
G1100010007301122,11001007301122,G11000100073011100,110010073011100,0.0052681445,0
G1100010007301122,11001007301122,G11000100073011102,110010073011102,0.0023518502,0
G1100010007301122,11001007301122,G11000100073011103,110010073011103,0.0007156344,0
G1100010007301122,11001007301122,G11000100073011104,110010073011104,0.0002620633,0
G1100010007301122,11001007301122,G11000100073011105,110010073011105,0.0069681963,0
G1100010007301122,11001007301122,G11000100073011106,110010073011106,0.0140002285,0
G1100010007301122,11001007301122,G11000100073011107,110010073011107,0.002842379,0
G1100010007301122,11001007301122,G11000100073011108,110010073011108,0.0181495642,0.0572799118
G1100010007301122,11001007301122,G11000100073011109,110010073011109,0.3190385636,0
G1100010007301122,11001007301122,G11000100073011110,110010073011110,0.0430187006,0
G1100010007301122,11001007301122,G11000100073011111,110010073011111,0.0515290386,0
G1100010007301122,11001007301122,G11000100073011112,110010073011112,0.051428245,0
G1100010007301122,11001007301122,G11000100073011113,110010073011113,0.0531820534,0
G1100010007301122,11001007301122,G11000100073011114,110010073011114,0.0222149054,0
G1100010007301122,11001007301122,G11000100073011115,110010073011115,0.0158581902,0
G1100010007301122,11001007301122,G11000100073011116,110010073011116,0.0077241481,0
G1100010007301122,11001007301122,G11000100073011117,110010073011117,0.0212204087,0
G1100010007301122,11001007301122,G11000100073011118,110010073011118,0.0079257353,0
G1100010007301122,11001007301122,G11000100073011130,110010073011130,0.0139095142,0
G1100010007301123,11001007301123,G11000100073011046,110010073011046,0.0072067411,0
G1100010007301123,11001007301123,G11000100073011047,110010073011047,0.0481423743,0
G1100010007301123,11001007301123,G11000100073011049,110010073011049,0.0018915595,0
G1100010007301123,11001007301123,G11000100073011051,110010073011051,0.0105766065,0
G1100010007301123,11001007301123,G11000100073011058,110010073011058,0.019174299,0
G1100010007301123,11001007301123,G11000100073011059,110010073011059,0.0062256835,0
G1100010007301123,11001007301123,G11000100073011060,110010073011060,0.0032421935,0
G1100010007301123,11001007301123,G11000100073011061,110010073011061,0.0322573059,0
G1100010007301123,11001007301123,G11000100073011062,110010073011062,0.020037764,0
G1100010007301123,11001007301123,G11000100073011074,110010073011074,0.0190096695,0
G1100010007301123,11001007301123,G11000100073011075,110010073011075,0.0015186233,0
G1100010007301123,11001007301123,G11000100073011076,110010073011076,0.0054428534,0
G1100010007301123,11001007301123,G11000100073011077,110010073011077,0.0147528205,0
G1100010007301123,11001007301123,G11000100073011092,110010073011092,0.0139498317,0
G1100010007301123,11001007301123,G11000100073011093,110010073011093,0.0317230999,0
G1100010007301123,11001007301123,G11000100073011097,110010073011097,0.0962343518,1
G1100010007301123,11001007301123,G11000100073011098,110010073011098,0.0100558396,0
G1100010007301123,11001007301123,G11000100073011099,110010073011099,0.0009508195,0
G1100010007301123,11001007301123,G11000100073011100,110010073011100,0.0052681445,0
G1100010007301123,11001007301123,G11000100073011102,110010073011102,0.0023518502,0
G1100010007301123,11001007301123,G11000100073011103,110010073011103,0.0007156344,0
G1100010007301123,11001007301123,G11000100073011104,110010073011104,0.0002620633,0
G1100010007301123,11001007301123,G11000100073011105,110010073011105,0.0069681963,0
G1100010007301123,11001007301123,G11000100073011106,110010073011106,0.0140002285,0
G1100010007301123,11001007301123,G11000100073011107,110010073011107,0.002842379,0
G1100010007301123,11001007301123,G11000100073011108,110010073011108,0.0181495642,0
G1100010007301123,11001007301123,G11000100073011109,110010073011109,0.3190385636,0
G1100010007301123,11001007301123,G11000100073011110,110010073011110,0.0430187006,0
G1100010007301123,11001007301123,G11000100073011111,110010073011111,0.0515290386,0
G1100010007301123,11001007301123,G11000100073011112,110010073011112,0.051428245,0
G1100010007301123,11001007301123,G11000100073011113,110010073011113,0.0531820534,0
G1100010007301123,11001007301123,G11000100073011114,110010073011114,0.0222149054,0
G1100010007301123,11001007301123,G11000100073011115,110010073011115,0.0158581902,0
G1100010007301123,11001007301123,G11000100073011116,110010073011116,0.0077241481,0
G1100010007301123,11001007301123,G11000100073011117,110010073011117,0.0212204087,0
G1100010007301123,11001007301123,G11000100073011118,110010073011118,0.0079257353,0
G1100010007301123,11001007301123,G11000100073011130,110010073011130,0.0139095142,0
G1100010007301124,11001007301124,G11000100073011046,110010073011046,0.0072067411,0
G1100010007301124,11001007301124,G11000100073011047,110010073011047,0.0481423743,0
G1100010007301124,11001007301124,G11000100073011049,110010073011049,0.0018915595,0
G1100010007301124,11001007301124,G11000100073011051,110010073011051,0.0105766065,0
G1100010007301124,11001007301124,G11000100073011058,110010073011058,0.019174299,0
G1100010007301124,11001007301124,G11000100073011059,110010073011059,0.0062256835,0
G1100010007301124,11001007301124,G11000100073011060,110010073011060,0.0032421935,0
G1100010007301124,11001007301124,G11000100073011061,110010073011061,0.0322573059,0
G1100010007301124,11001007301124,G11000100073011062,110010073011062,0.020037764,0
G1100010007301124,11001007301124,G11000100073011074,110010073011074,0.0190096695,0
G1100010007301124,11001007301124,G11000100073011075,110010073011075,0.0015186233,0
G1100010007301124,11001007301124,G11000100073011076,110010073011076,0.0054428534,0
G1100010007301124,11001007301124,G11000100073011077,110010073011077,0.0147528205,0
G1100010007301124,11001007301124,G11000100073011092,110010073011092,0.0139498317,0
G1100010007301124,11001007301124,G11000100073011093,110010073011093,0.0317230999,0
G1100010007301124,11001007301124,G11000100073011097,110010073011097,0.0962343518,0.6545023193
G1100010007301124,11001007301124,G11000100073011098,110010073011098,0.0100558396,0.3345725003
G1100010007301124,11001007301124,G11000100073011099,110010073011099,0.0009508195,0
G1100010007301124,11001007301124,G11000100073011100,110010073011100,0.0052681445,0
G1100010007301124,11001007301124,G11000100073011102,110010073011102,0.0023518502,0
G1100010007301124,11001007301124,G11000100073011103,110010073011103,0.0007156344,0
G1100010007301124,11001007301124,G11000100073011104,110010073011104,0.0002620633,0
G1100010007301124,11001007301124,G11000100073011105,110010073011105,0.0069681963,0
G1100010007301124,11001007301124,G11000100073011106,110010073011106,0.0140002285,0
G1100010007301124,11001007301124,G11000100073011107,110010073011107,0.002842379,0
G1100010007301124,11001007301124,G11000100073011108,110010073011108,0.0181495642,0.0109251804
G1100010007301124,11001007301124,G11000100073011109,110010073011109,0.3190385636,0
G1100010007301124,11001007301124,G11000100073011110,110010073011110,0.0430187006,0
G1100010007301124,11001007301124,G11000100073011111,110010073011111,0.0515290386,0
G1100010007301124,11001007301124,G11000100073011112,110010073011112,0.051428245,0
G1100010007301124,11001007301124,G11000100073011113,110010073011113,0.0531820534,0
G1100010007301124,11001007301124,G11000100073011114,110010073011114,0.0222149054,0
G1100010007301124,11001007301124,G11000100073011115,110010073011115,0.0158581902,0
G1100010007301124,11001007301124,G11000100073011116,110010073011116,0.0077241481,0
G1100010007301124,11001007301124,G11000100073011117,110010073011117,0.0212204087,0
G1100010007301124,11001007301124,G11000100073011118,110010073011118,0.0079257353,0
G1100010007301124,11001007301124,G11000100073011130,110010073011130,0.0139095142,0
G1100010007301125,11001007301125,G11000100073011046,110010073011046,0.0072067411,0
G1100010007301125,11001007301125,G11000100073011047,110010073011047,0.0481423743,0
G1100010007301125,11001007301125,G11000100073011049,110010073011049,0.0018915595,0
G1100010007301125,11001007301125,G11000100073011051,110010073011051,0.0105766065,0
G1100010007301125,11001007301125,G11000100073011058,110010073011058,0.019174299,0
G1100010007301125,11001007301125,G11000100073011059,110010073011059,0.0062256835,0
G1100010007301125,11001007301125,G11000100073011060,110010073011060,0.0032421935,0
G1100010007301125,11001007301125,G11000100073011061,110010073011061,0.0322573059,0
G1100010007301125,11001007301125,G11000100073011062,110010073011062,0.020037764,0
G1100010007301125,11001007301125,G11000100073011074,110010073011074,0.0190096695,0
G1100010007301125,11001007301125,G11000100073011075,110010073011075,0.0015186233,0
G1100010007301125,11001007301125,G11000100073011076,110010073011076,0.0054428534,0
G1100010007301125,11001007301125,G11000100073011077,110010073011077,0.0147528205,0
G1100010007301125,11001007301125,G11000100073011092,110010073011092,0.0139498317,0
G1100010007301125,11001007301125,G11000100073011093,110010073011093,0.0317230999,0
G1100010007301125,11001007301125,G11000100073011097,110010073011097,0.0962343518,0.6732078423
G1100010007301125,11001007301125,G11000100073011098,110010073011098,0.0100558396,0.3267921577
G1100010007301125,11001007301125,G11000100073011099,110010073011099,0.0009508195,0
G1100010007301125,11001007301125,G11000100073011100,110010073011100,0.0052681445,0
G1100010007301125,11001007301125,G11000100073011102,110010073011102,0.0023518502,0
G1100010007301125,11001007301125,G11000100073011103,110010073011103,0.0007156344,0
G1100010007301125,11001007301125,G11000100073011104,110010073011104,0.0002620633,0
G1100010007301125,11001007301125,G11000100073011105,110010073011105,0.0069681963,0
G1100010007301125,11001007301125,G11000100073011106,110010073011106,0.0140002285,0
G1100010007301125,11001007301125,G11000100073011107,110010073011107,0.002842379,0
G1100010007301125,11001007301125,G11000100073011108,110010073011108,0.0181495642,0
G1100010007301125,11001007301125,G11000100073011109,110010073011109,0.3190385636,0
G1100010007301125,11001007301125,G11000100073011110,110010073011110,0.0430187006,0
G1100010007301125,11001007301125,G11000100073011111,110010073011111,0.0515290386,0
G1100010007301125,11001007301125,G11000100073011112,110010073011112,0.051428245,0
G1100010007301125,11001007301125,G11000100073011113,110010073011113,0.0531820534,0
G1100010007301125,11001007301125,G11000100073011114,110010073011114,0.0222149054,0
G1100010007301125,11001007301125,G11000100073011115,110010073011115,0.0158581902,0
G1100010007301125,11001007301125,G11000100073011116,110010073011116,0.0077241481,0
G1100010007301125,11001007301125,G11000100073011117,110010073011117,0.0212204087,0
G1100010007301125,11001007301125,G11000100073011118,110010073011118,0.0079257353,0
G1100010007301125,11001007301125,G11000100073011130,110010073011130,0.0139095142,0
G1100010007301126,11001007301126,G11000100073011046,110010073011046,0.0072067411,0
G1100010007301126,11001007301126,G11000100073011047,110010073011047,0.0481423743,0
G1100010007301126,11001007301126,G11000100073011049,110010073011049,0.0018915595,0
G1100010007301126,11001007301126,G11000100073011051,110010073011051,0.0105766065,0
G1100010007301126,11001007301126,G11000100073011058,110010073011058,0.019174299,0
G1100010007301126,11001007301126,G11000100073011059,110010073011059,0.0062256835,0
G1100010007301126,11001007301126,G11000100073011060,110010073011060,0.0032421935,0
G1100010007301126,11001007301126,G11000100073011061,110010073011061,0.0322573059,0
G1100010007301126,11001007301126,G11000100073011062,110010073011062,0.020037764,0
G1100010007301126,11001007301126,G11000100073011074,110010073011074,0.0190096695,0
G1100010007301126,11001007301126,G11000100073011075,110010073011075,0.0015186233,0
G1100010007301126,11001007301126,G11000100073011076,110010073011076,0.0054428534,0
G1100010007301126,11001007301126,G11000100073011077,110010073011077,0.0147528205,0
G1100010007301126,11001007301126,G11000100073011092,110010073011092,0.0139498317,0
G1100010007301126,11001007301126,G11000100073011093,110010073011093,0.0317230999,0
G1100010007301126,11001007301126,G11000100073011097,110010073011097,0.0962343518,0.9951795065
G1100010007301126,11001007301126,G11000100073011098,110010073011098,0.0100558396,0.0000464346
G1100010007301126,11001007301126,G11000100073011099,110010073011099,0.0009508195,0
G1100010007301126,11001007301126,G11000100073011100,110010073011100,0.0052681445,0
G1100010007301126,11001007301126,G11000100073011102,110010073011102,0.0023518502,0
G1100010007301126,11001007301126,G11000100073011103,110010073011103,0.0007156344,0
G1100010007301126,11001007301126,G11000100073011104,110010073011104,0.0002620633,0
G1100010007301126,11001007301126,G11000100073011105,110010073011105,0.0069681963,0
G1100010007301126,11001007301126,G11000100073011106,110010073011106,0.0140002285,0
G1100010007301126,11001007301126,G11000100073011107,110010073011107,0.002842379,0
G1100010007301126,11001007301126,G11000100073011108,110010073011108,0.0181495642,0.0000095953
G1100010007301126,11001007301126,G11000100073011109,110010073011109,0.3190385636,0.0047644636
G1100010007301126,11001007301126,G11000100073011110,110010073011110,0.0430187006,0
G1100010007301126,11001007301126,G11000100073011111,110010073011111,0.0515290386,0
G1100010007301126,11001007301126,G11000100073011112,110010073011112,0.051428245,0
G1100010007301126,11001007301126,G11000100073011113,110010073011113,0.0531820534,0
G1100010007301126,11001007301126,G11000100073011114,110010073011114,0.0222149054,0
G1100010007301126,11001007301126,G11000100073011115,110010073011115,0.0158581902,0
G1100010007301126,11001007301126,G11000100073011116,110010073011116,0.0077241481,0
G1100010007301126,11001007301126,G11000100073011117,110010073011117,0.0212204087,0
G1100010007301126,11001007301126,G11000100073011118,110010073011118,0.0079257353,0
G1100010007301126,11001007301126,G11000100073011130,110010073011130,0.0139095142,0
G1100010007301127,11001007301127,G11000100073011046,110010073011046,0.0072067411,0
G1100010007301127,11001007301127,G11000100073011047,110010073011047,0.0481423743,0
G1100010007301127,11001007301127,G11000100073011049,110010073011049,0.0018915595,0
G1100010007301127,11001007301127,G11000100073011051,110010073011051,0.0105766065,0
G1100010007301127,11001007301127,G11000100073011058,110010073011058,0.019174299,0
G1100010007301127,11001007301127,G11000100073011059,110010073011059,0.0062256835,0
G1100010007301127,11001007301127,G11000100073011060,110010073011060,0.0032421935,0
G1100010007301127,11001007301127,G11000100073011061,110010073011061,0.0322573059,0
G1100010007301127,11001007301127,G11000100073011062,110010073011062,0.020037764,0
G1100010007301127,11001007301127,G11000100073011074,110010073011074,0.0190096695,0
G1100010007301127,11001007301127,G11000100073011075,110010073011075,0.0015186233,0
G1100010007301127,11001007301127,G11000100073011076,110010073011076,0.0054428534,0
G1100010007301127,11001007301127,G11000100073011077,110010073011077,0.0147528205,0
G1100010007301127,11001007301127,G11000100073011092,110010073011092,0.0139498317,0
G1100010007301127,11001007301127,G11000100073011093,110010073011093,0.0317230999,0
G1100010007301127,11001007301127,G11000100073011097,110010073011097,0.0962343518,0.0000666126
G1100010007301127,11001007301127,G11000100073011098,110010073011098,0.0100558396,0.1256809303
G1100010007301127,11001007301127,G11000100073011099,110010073011099,0.0009508195,0
G1100010007301127,11001007301127,G11000100073011100,110010073011100,0.0052681445,0
G1100010007301127,11001007301127,G11000100073011102,110010073011102,0.0023518502,0
G1100010007301127,11001007301127,G11000100073011103,110010073011103,0.0007156344,0
G1100010007301127,11001007301127,G11000100073011104,110010073011104,0.0002620633,0
G1100010007301127,11001007301127,G11000100073011105,110010073011105,0.0069681963,0
G1100010007301127,11001007301127,G11000100073011106,110010073011106,0.0140002285,0
G1100010007301127,11001007301127,G11000100073011107,110010073011107,0.002842379,0
G1100010007301127,11001007301127,G11000100073011108,110010073011108,0.0181495642,0.0030953024
G1100010007301127,11001007301127,G11000100073011109,110010073011109,0.3190385636,0.8711571548
G1100010007301127,11001007301127,G11000100073011110,110010073011110,0.0430187006,0
G1100010007301127,11001007301127,G11000100073011111,110010073011111,0.0515290386,0
G1100010007301127,11001007301127,G11000100073011112,110010073011112,0.051428245,0
G1100010007301127,11001007301127,G11000100073011113,110010073011113,0.0531820534,0
G1100010007301127,11001007301127,G11000100073011114,110010073011114,0.0222149054,0
G1100010007301127,11001007301127,G11000100073011115,110010073011115,0.0158581902,0
G1100010007301127,11001007301127,G11000100073011116,110010073011116,0.0077241481,0
G1100010007301127,11001007301127,G11000100073011117,110010073011117,0.0212204087,0
G1100010007301127,11001007301127,G11000100073011118,110010073011118,0.0079257353,0
G1100010007301127,11001007301127,G11000100073011130,110010073011130,0.0139095142,0
G1100010007301128,11001007301128,G11000100073011046,110010073011046,0.0072067411,0
G1100010007301128,11001007301128,G11000100073011047,110010073011047,0.0481423743,0
G1100010007301128,11001007301128,G11000100073011049,110010073011049,0.0018915595,0
G1100010007301128,11001007301128,G11000100073011051,110010073011051,0.0105766065,0
G1100010007301128,11001007301128,G11000100073011058,110010073011058,0.019174299,0
G1100010007301128,11001007301128,G11000100073011059,110010073011059,0.0062256835,0
G1100010007301128,11001007301128,G11000100073011060,110010073011060,0.0032421935,0
G1100010007301128,11001007301128,G11000100073011061,110010073011061,0.0322573059,0
G1100010007301128,11001007301128,G11000100073011062,110010073011062,0.020037764,0
G1100010007301128,11001007301128,G11000100073011074,110010073011074,0.0190096695,0
G1100010007301128,11001007301128,G11000100073011075,110010073011075,0.0015186233,0
G1100010007301128,11001007301128,G11000100073011076,110010073011076,0.0054428534,0
G1100010007301128,11001007301128,G11000100073011077,110010073011077,0.0147528205,0
G1100010007301128,11001007301128,G11000100073011092,110010073011092,0.0139498317,0
G1100010007301128,11001007301128,G11000100073011093,110010073011093,0.0317230999,0
G1100010007301128,11001007301128,G11000100073011097,110010073011097,0.0962343518,0.0000770911
G1100010007301128,11001007301128,G11000100073011098,110010073011098,0.0100558396,0
G1100010007301128,11001007301128,G11000100073011099,110010073011099,0.0009508195,0
G1100010007301128,11001007301128,G11000100073011100,110010073011100,0.0052681445,0
G1100010007301128,11001007301128,G11000100073011102,110010073011102,0.0023518502,0
G1100010007301128,11001007301128,G11000100073011103,110010073011103,0.0007156344,0
G1100010007301128,11001007301128,G11000100073011104,110010073011104,0.0002620633,0
G1100010007301128,11001007301128,G11000100073011105,110010073011105,0.0069681963,0
G1100010007301128,11001007301128,G11000100073011106,110010073011106,0.0140002285,0
G1100010007301128,11001007301128,G11000100073011107,110010073011107,0.002842379,0
G1100010007301128,11001007301128,G11000100073011108,110010073011108,0.0181495642,0.0163722725
G1100010007301128,11001007301128,G11000100073011109,110010073011109,0.3190385636,0.9835506364
G1100010007301128,11001007301128,G11000100073011110,110010073011110,0.0430187006,0
G1100010007301128,11001007301128,G11000100073011111,110010073011111,0.0515290386,0
G1100010007301128,11001007301128,G11000100073011112,110010073011112,0.051428245,0
G1100010007301128,11001007301128,G11000100073011113,110010073011113,0.0531820534,0
G1100010007301128,11001007301128,G11000100073011114,110010073011114,0.0222149054,0
G1100010007301128,11001007301128,G11000100073011115,110010073011115,0.0158581902,0
G1100010007301128,11001007301128,G11000100073011116,110010073011116,0.0077241481,0
G1100010007301128,11001007301128,G11000100073011117,110010073011117,0.0212204087,0
G1100010007301128,11001007301128,G11000100073011118,110010073011118,0.0079257353,0
G1100010007301128,11001007301128,G11000100073011130,110010073011130,0.0139095142,0
G1100010007301129,11001007301129,G11000100073011046,110010073011046,0.0072067411,0
G1100010007301129,11001007301129,G11000100073011047,110010073011047,0.0481423743,0
G1100010007301129,11001007301129,G11000100073011049,110010073011049,0.0018915595,0
G1100010007301129,11001007301129,G11000100073011051,110010073011051,0.0105766065,0
G1100010007301129,11001007301129,G11000100073011058,110010073011058,0.019174299,0
G1100010007301129,11001007301129,G11000100073011059,110010073011059,0.0062256835,0
G1100010007301129,11001007301129,G11000100073011060,110010073011060,0.0032421935,0
G1100010007301129,11001007301129,G11000100073011061,110010073011061,0.0322573059,0
G1100010007301129,11001007301129,G11000100073011062,110010073011062,0.020037764,0
G1100010007301129,11001007301129,G11000100073011074,110010073011074,0.0190096695,0
G1100010007301129,11001007301129,G11000100073011075,110010073011075,0.0015186233,0
G1100010007301129,11001007301129,G11000100073011076,110010073011076,0.0054428534,0
G1100010007301129,11001007301129,G11000100073011077,110010073011077,0.0147528205,0
G1100010007301129,11001007301129,G11000100073011092,110010073011092,0.0139498317,0
G1100010007301129,11001007301129,G11000100073011093,110010073011093,0.0317230999,0
G1100010007301129,11001007301129,G11000100073011097,110010073011097,0.0962343518,0.9261912097
G1100010007301129,11001007301129,G11000100073011098,110010073011098,0.0100558396,0
G1100010007301129,11001007301129,G11000100073011099,110010073011099,0.0009508195,0
G1100010007301129,11001007301129,G11000100073011100,110010073011100,0.0052681445,0
G1100010007301129,11001007301129,G11000100073011102,110010073011102,0.0023518502,0
G1100010007301129,11001007301129,G11000100073011103,110010073011103,0.0007156344,0
G1100010007301129,11001007301129,G11000100073011104,110010073011104,0.0002620633,0
G1100010007301129,11001007301129,G11000100073011105,110010073011105,0.0069681963,0
G1100010007301129,11001007301129,G11000100073011106,110010073011106,0.0140002285,0
G1100010007301129,11001007301129,G11000100073011107,110010073011107,0.002842379,0
G1100010007301129,11001007301129,G11000100073011108,110010073011108,0.0181495642,0.0738087903
G1100010007301129,11001007301129,G11000100073011109,110010073011109,0.3190385636,0
G1100010007301129,11001007301129,G11000100073011110,110010073011110,0.0430187006,0
G1100010007301129,11001007301129,G11000100073011111,110010073011111,0.0515290386,0
G1100010007301129,11001007301129,G11000100073011112,110010073011112,0.051428245,0
G1100010007301129,11001007301129,G11000100073011113,110010073011113,0.0531820534,0
G1100010007301129,11001007301129,G11000100073011114,110010073011114,0.0222149054,0
G1100010007301129,11001007301129,G11000100073011115,110010073011115,0.0158581902,0
G1100010007301129,11001007301129,G11000100073011116,110010073011116,0.0077241481,0
G1100010007301129,11001007301129,G11000100073011117,110010073011117,0.0212204087,0
G1100010007301129,11001007301129,G11000100073011118,110010073011118,0.0079257353,0
G1100010007301129,11001007301129,G11000100073011130,110010073011130,0.0139095142,0
G1100010007301130,11001007301130,G11000100073011046,110010073011046,0.0072067411,0
G1100010007301130,11001007301130,G11000100073011047,110010073011047,0.0481423743,0
G1100010007301130,11001007301130,G11000100073011049,110010073011049,0.0018915595,0
G1100010007301130,11001007301130,G11000100073011051,110010073011051,0.0105766065,0
G1100010007301130,11001007301130,G11000100073011058,110010073011058,0.019174299,0
G1100010007301130,11001007301130,G11000100073011059,110010073011059,0.0062256835,0
G1100010007301130,11001007301130,G11000100073011060,110010073011060,0.0032421935,0
G1100010007301130,11001007301130,G11000100073011061,110010073011061,0.0322573059,0
G1100010007301130,11001007301130,G11000100073011062,110010073011062,0.020037764,0
G1100010007301130,11001007301130,G11000100073011074,110010073011074,0.0190096695,0
G1100010007301130,11001007301130,G11000100073011075,110010073011075,0.0015186233,0
G1100010007301130,11001007301130,G11000100073011076,110010073011076,0.0054428534,0
G1100010007301130,11001007301130,G11000100073011077,110010073011077,0.0147528205,0
G1100010007301130,11001007301130,G11000100073011092,110010073011092,0.0139498317,0
G1100010007301130,11001007301130,G11000100073011093,110010073011093,0.0317230999,0
G1100010007301130,11001007301130,G11000100073011097,110010073011097,0.0962343518,0.0001850345
G1100010007301130,11001007301130,G11000100073011098,110010073011098,0.0100558396,0
G1100010007301130,11001007301130,G11000100073011099,110010073011099,0.0009508195,0
G1100010007301130,11001007301130,G11000100073011100,110010073011100,0.0052681445,0
G1100010007301130,11001007301130,G11000100073011102,110010073011102,0.0023518502,0
G1100010007301130,11001007301130,G11000100073011103,110010073011103,0.0007156344,0
G1100010007301130,11001007301130,G11000100073011104,110010073011104,0.0002620633,0
G1100010007301130,11001007301130,G11000100073011105,110010073011105,0.0069681963,0
G1100010007301130,11001007301130,G11000100073011106,110010073011106,0.0140002285,0
G1100010007301130,11001007301130,G11000100073011107,110010073011107,0.002842379,0
G1100010007301130,11001007301130,G11000100073011108,110010073011108,0.0181495642,0.0016732868
G1100010007301130,11001007301130,G11000100073011109,110010073011109,0.3190385636,0.9981416787
G1100010007301130,11001007301130,G11000100073011110,110010073011110,0.0430187006,0
G1100010007301130,11001007301130,G11000100073011111,110010073011111,0.0515290386,0
G1100010007301130,11001007301130,G11000100073011112,110010073011112,0.051428245,0
G1100010007301130,11001007301130,G11000100073011113,110010073011113,0.0531820534,0
G1100010007301130,11001007301130,G11000100073011114,110010073011114,0.0222149054,0
G1100010007301130,11001007301130,G11000100073011115,110010073011115,0.0158581902,0
G1100010007301130,11001007301130,G11000100073011116,110010073011116,0.0077241481,0
G1100010007301130,11001007301130,G11000100073011117,110010073011117,0.0212204087,0
G1100010007301130,11001007301130,G11000100073011118,110010073011118,0.0079257353,0
G1100010007301130,11001007301130,G11000100073011130,110010073011130,0.0139095142,0
G1100010007301131,11001007301131,G11000100073011046,110010073011046,0.0072067411,0
G1100010007301131,11001007301131,G11000100073011047,110010073011047,0.0481423743,0
G1100010007301131,11001007301131,G11000100073011049,110010073011049,0.0018915595,0
G1100010007301131,11001007301131,G11000100073011051,110010073011051,0.0105766065,0
G1100010007301131,11001007301131,G11000100073011058,110010073011058,0.019174299,0
G1100010007301131,11001007301131,G11000100073011059,110010073011059,0.0062256835,0
G1100010007301131,11001007301131,G11000100073011060,110010073011060,0.0032421935,0
G1100010007301131,11001007301131,G11000100073011061,110010073011061,0.0322573059,0
G1100010007301131,11001007301131,G11000100073011062,110010073011062,0.020037764,0
G1100010007301131,11001007301131,G11000100073011074,110010073011074,0.0190096695,0
G1100010007301131,11001007301131,G11000100073011075,110010073011075,0.0015186233,0
G1100010007301131,11001007301131,G11000100073011076,110010073011076,0.0054428534,0
G1100010007301131,11001007301131,G11000100073011077,110010073011077,0.0147528205,0
G1100010007301131,11001007301131,G11000100073011092,110010073011092,0.0139498317,0
G1100010007301131,11001007301131,G11000100073011093,110010073011093,0.0317230999,0
G1100010007301131,11001007301131,G11000100073011097,110010073011097,0.0962343518,0.0002338702
G1100010007301131,11001007301131,G11000100073011098,110010073011098,0.0100558396,0
G1100010007301131,11001007301131,G11000100073011099,110010073011099,0.0009508195,0
G1100010007301131,11001007301131,G11000100073011100,110010073011100,0.0052681445,0
G1100010007301131,11001007301131,G11000100073011102,110010073011102,0.0023518502,0
G1100010007301131,11001007301131,G11000100073011103,110010073011103,0.0007156344,0
G1100010007301131,11001007301131,G11000100073011104,110010073011104,0.0002620633,0
G1100010007301131,11001007301131,G11000100073011105,110010073011105,0.0069681963,0
G1100010007301131,11001007301131,G11000100073011106,110010073011106,0.0140002285,0
G1100010007301131,11001007301131,G11000100073011107,110010073011107,0.002842379,0
G1100010007301131,11001007301131,G11000100073011108,110010073011108,0.0181495642,0
G1100010007301131,11001007301131,G11000100073011109,110010073011109,0.3190385636,0.9997661298
G1100010007301131,11001007301131,G11000100073011110,110010073011110,0.0430187006,0
G1100010007301131,11001007301131,G11000100073011111,110010073011111,0.0515290386,0
G1100010007301131,11001007301131,G11000100073011112,110010073011112,0.051428245,0
G1100010007301131,11001007301131,G11000100073011113,110010073011113,0.0531820534,0
G1100010007301131,11001007301131,G11000100073011114,110010073011114,0.0222149054,0
G1100010007301131,11001007301131,G11000100073011115,110010073011115,0.0158581902,0
G1100010007301131,11001007301131,G11000100073011116,110010073011116,0.0077241481,0
G1100010007301131,11001007301131,G11000100073011117,110010073011117,0.0212204087,0
G1100010007301131,11001007301131,G11000100073011118,110010073011118,0.0079257353,0
G1100010007301131,11001007301131,G11000100073011130,110010073011130,0.0139095142,0
G1100010007301132,11001007301132,G11000100073011046,110010073011046,0.0072067411,0
G1100010007301132,11001007301132,G11000100073011047,110010073011047,0.0481423743,0
G1100010007301132,11001007301132,G11000100073011049,110010073011049,0.0018915595,0
G1100010007301132,11001007301132,G11000100073011051,110010073011051,0.0105766065,0
G1100010007301132,11001007301132,G11000100073011058,110010073011058,0.019174299,0
G1100010007301132,11001007301132,G11000100073011059,110010073011059,0.0062256835,0
G1100010007301132,11001007301132,G11000100073011060,110010073011060,0.0032421935,0
G1100010007301132,11001007301132,G11000100073011061,110010073011061,0.0322573059,0
G1100010007301132,11001007301132,G11000100073011062,110010073011062,0.020037764,0
G1100010007301132,11001007301132,G11000100073011074,110010073011074,0.0190096695,0
G1100010007301132,11001007301132,G11000100073011075,110010073011075,0.0015186233,0
G1100010007301132,11001007301132,G11000100073011076,110010073011076,0.0054428534,0
G1100010007301132,11001007301132,G11000100073011077,110010073011077,0.0147528205,0
G1100010007301132,11001007301132,G11000100073011092,110010073011092,0.0139498317,0
G1100010007301132,11001007301132,G11000100073011093,110010073011093,0.0317230999,0
G1100010007301132,11001007301132,G11000100073011097,110010073011097,0.0962343518,0.9999999994
G1100010007301132,11001007301132,G11000100073011098,110010073011098,0.0100558396,0
G1100010007301132,11001007301132,G11000100073011099,110010073011099,0.0009508195,0
G1100010007301132,11001007301132,G11000100073011100,110010073011100,0.0052681445,0
G1100010007301132,11001007301132,G11000100073011102,110010073011102,0.0023518502,0
G1100010007301132,11001007301132,G11000100073011103,110010073011103,0.0007156344,0
G1100010007301132,11001007301132,G11000100073011104,110010073011104,0.0002620633,0
G1100010007301132,11001007301132,G11000100073011105,110010073011105,0.0069681963,0
G1100010007301132,11001007301132,G11000100073011106,110010073011106,0.0140002285,0
G1100010007301132,11001007301132,G11000100073011107,110010073011107,0.002842379,0
G1100010007301132,11001007301132,G11000100073011108,110010073011108,0.0181495642,0
G1100010007301132,11001007301132,G11000100073011109,110010073011109,0.3190385636,0.0000000006
G1100010007301132,11001007301132,G11000100073011110,110010073011110,0.0430187006,0
G1100010007301132,11001007301132,G11000100073011111,110010073011111,0.0515290386,0
G1100010007301132,11001007301132,G11000100073011112,110010073011112,0.051428245,0
G1100010007301132,11001007301132,G11000100073011113,110010073011113,0.0531820534,0
G1100010007301132,11001007301132,G11000100073011114,110010073011114,0.0222149054,0
G1100010007301132,11001007301132,G11000100073011115,110010073011115,0.0158581902,0
G1100010007301132,11001007301132,G11000100073011116,110010073011116,0.0077241481,0
G1100010007301132,11001007301132,G11000100073011117,110010073011117,0.0212204087,0
G1100010007301132,11001007301132,G11000100073011118,110010073011118,0.0079257353,0
G1100010007301132,11001007301132,G11000100073011130,110010073011130,0.0139095142,0
G1100010007301133,11001007301133,G11000100073011046,110010073011046,0.0072067411,0
G1100010007301133,11001007301133,G11000100073011047,110010073011047,0.0481423743,0
G1100010007301133,11001007301133,G11000100073011049,110010073011049,0.0018915595,0
G1100010007301133,11001007301133,G11000100073011051,110010073011051,0.0105766065,0
G1100010007301133,11001007301133,G11000100073011058,110010073011058,0.019174299,0
G1100010007301133,11001007301133,G11000100073011059,110010073011059,0.0062256835,0
G1100010007301133,11001007301133,G11000100073011060,110010073011060,0.0032421935,0
G1100010007301133,11001007301133,G11000100073011061,110010073011061,0.0322573059,0
G1100010007301133,11001007301133,G11000100073011062,110010073011062,0.020037764,0
G1100010007301133,11001007301133,G11000100073011074,110010073011074,0.0190096695,0
G1100010007301133,11001007301133,G11000100073011075,110010073011075,0.0015186233,0
G1100010007301133,11001007301133,G11000100073011076,110010073011076,0.0054428534,0
G1100010007301133,11001007301133,G11000100073011077,110010073011077,0.0147528205,0
G1100010007301133,11001007301133,G11000100073011092,110010073011092,0.0139498317,0
G1100010007301133,11001007301133,G11000100073011093,110010073011093,0.0317230999,0
G1100010007301133,11001007301133,G11000100073011097,110010073011097,0.0962343518,0.9999999992
G1100010007301133,11001007301133,G11000100073011098,110010073011098,0.0100558396,0
G1100010007301133,11001007301133,G11000100073011099,110010073011099,0.0009508195,0
G1100010007301133,11001007301133,G11000100073011100,110010073011100,0.0052681445,0
G1100010007301133,11001007301133,G11000100073011102,110010073011102,0.0023518502,0
G1100010007301133,11001007301133,G11000100073011103,110010073011103,0.0007156344,0
G1100010007301133,11001007301133,G11000100073011104,110010073011104,0.0002620633,0
G1100010007301133,11001007301133,G11000100073011105,110010073011105,0.0069681963,0
G1100010007301133,11001007301133,G11000100073011106,110010073011106,0.0140002285,0
G1100010007301133,11001007301133,G11000100073011107,110010073011107,0.002842379,0
G1100010007301133,11001007301133,G11000100073011108,110010073011108,0.0181495642,0
G1100010007301133,11001007301133,G11000100073011109,110010073011109,0.3190385636,0.0000000008
G1100010007301133,11001007301133,G11000100073011110,110010073011110,0.0430187006,0
G1100010007301133,11001007301133,G11000100073011111,110010073011111,0.0515290386,0
G1100010007301133,11001007301133,G11000100073011112,110010073011112,0.051428245,0
G1100010007301133,11001007301133,G11000100073011113,110010073011113,0.0531820534,0
G1100010007301133,11001007301133,G11000100073011114,110010073011114,0.0222149054,0
G1100010007301133,11001007301133,G11000100073011115,110010073011115,0.0158581902,0
G1100010007301133,11001007301133,G11000100073011116,110010073011116,0.0077241481,0
G1100010007301133,11001007301133,G11000100073011117,110010073011117,0.0212204087,0
G1100010007301133,11001007301133,G11000100073011118,110010073011118,0.0079257353,0
G1100010007301133,11001007301133,G11000100073011130,110010073011130,0.0139095142,0
G1100010007301134,11001007301134,G11000100073011046,110010073011046,0.0072067411,0
G1100010007301134,11001007301134,G11000100073011047,110010073011047,0.0481423743,0
G1100010007301134,11001007301134,G11000100073011049,110010073011049,0.0018915595,0
G1100010007301134,11001007301134,G11000100073011051,110010073011051,0.0105766065,0
G1100010007301134,11001007301134,G11000100073011058,110010073011058,0.019174299,0
G1100010007301134,11001007301134,G11000100073011059,110010073011059,0.0062256835,0
G1100010007301134,11001007301134,G11000100073011060,110010073011060,0.0032421935,0
G1100010007301134,11001007301134,G11000100073011061,110010073011061,0.0322573059,0
G1100010007301134,11001007301134,G11000100073011062,110010073011062,0.020037764,0
G1100010007301134,11001007301134,G11000100073011074,110010073011074,0.0190096695,0
G1100010007301134,11001007301134,G11000100073011075,110010073011075,0.0015186233,0
G1100010007301134,11001007301134,G11000100073011076,110010073011076,0.0054428534,0
G1100010007301134,11001007301134,G11000100073011077,110010073011077,0.0147528205,0
G1100010007301134,11001007301134,G11000100073011092,110010073011092,0.0139498317,0
G1100010007301134,11001007301134,G11000100073011093,110010073011093,0.0317230999,0
G1100010007301134,11001007301134,G11000100073011097,110010073011097,0.0962343518,1
G1100010007301134,11001007301134,G11000100073011098,110010073011098,0.0100558396,0
G1100010007301134,11001007301134,G11000100073011099,110010073011099,0.0009508195,0
G1100010007301134,11001007301134,G11000100073011100,110010073011100,0.0052681445,0
G1100010007301134,11001007301134,G11000100073011102,110010073011102,0.0023518502,0
G1100010007301134,11001007301134,G11000100073011103,110010073011103,0.0007156344,0
G1100010007301134,11001007301134,G11000100073011104,110010073011104,0.0002620633,0
G1100010007301134,11001007301134,G11000100073011105,110010073011105,0.0069681963,0
G1100010007301134,11001007301134,G11000100073011106,110010073011106,0.0140002285,0
G1100010007301134,11001007301134,G11000100073011107,110010073011107,0.002842379,0
G1100010007301134,11001007301134,G11000100073011108,110010073011108,0.0181495642,0
G1100010007301134,11001007301134,G11000100073011109,110010073011109,0.3190385636,0
G1100010007301134,11001007301134,G11000100073011110,110010073011110,0.0430187006,0
G1100010007301134,11001007301134,G11000100073011111,110010073011111,0.0515290386,0
G1100010007301134,11001007301134,G11000100073011112,110010073011112,0.051428245,0
G1100010007301134,11001007301134,G11000100073011113,110010073011113,0.0531820534,0
G1100010007301134,11001007301134,G11000100073011114,110010073011114,0.0222149054,0
G1100010007301134,11001007301134,G11000100073011115,110010073011115,0.0158581902,0
G1100010007301134,11001007301134,G11000100073011116,110010073011116,0.0077241481,0
G1100010007301134,11001007301134,G11000100073011117,110010073011117,0.0212204087,0
G1100010007301134,11001007301134,G11000100073011118,110010073011118,0.0079257353,0
G1100010007301134,11001007301134,G11000100073011130,110010073011130,0.0139095142,0
G1100010007301135,11001007301135,G11000100073011046,110010073011046,0.0072067411,0
G1100010007301135,11001007301135,G11000100073011047,110010073011047,0.0481423743,0
G1100010007301135,11001007301135,G11000100073011049,110010073011049,0.0018915595,0
G1100010007301135,11001007301135,G11000100073011051,110010073011051,0.0105766065,0
G1100010007301135,11001007301135,G11000100073011058,110010073011058,0.019174299,0
G1100010007301135,11001007301135,G11000100073011059,110010073011059,0.0062256835,0
G1100010007301135,11001007301135,G11000100073011060,110010073011060,0.0032421935,0
G1100010007301135,11001007301135,G11000100073011061,110010073011061,0.0322573059,0
G1100010007301135,11001007301135,G11000100073011062,110010073011062,0.020037764,0
G1100010007301135,11001007301135,G11000100073011074,110010073011074,0.0190096695,0
G1100010007301135,11001007301135,G11000100073011075,110010073011075,0.0015186233,0
G1100010007301135,11001007301135,G11000100073011076,110010073011076,0.0054428534,0
G1100010007301135,11001007301135,G11000100073011077,110010073011077,0.0147528205,0
G1100010007301135,11001007301135,G11000100073011092,110010073011092,0.0139498317,0
G1100010007301135,11001007301135,G11000100073011093,110010073011093,0.0317230999,0
G1100010007301135,11001007301135,G11000100073011097,110010073011097,0.0962343518,0.0000605731
G1100010007301135,11001007301135,G11000100073011098,110010073011098,0.0100558396,0
G1100010007301135,11001007301135,G11000100073011099,110010073011099,0.0009508195,0
G1100010007301135,11001007301135,G11000100073011100,110010073011100,0.0052681445,0
G1100010007301135,11001007301135,G11000100073011102,110010073011102,0.0023518502,0
G1100010007301135,11001007301135,G11000100073011103,110010073011103,0.0007156344,0
G1100010007301135,11001007301135,G11000100073011104,110010073011104,0.0002620633,0
G1100010007301135,11001007301135,G11000100073011105,110010073011105,0.0069681963,0
G1100010007301135,11001007301135,G11000100073011106,110010073011106,0.0140002285,0
G1100010007301135,11001007301135,G11000100073011107,110010073011107,0.002842379,0
G1100010007301135,11001007301135,G11000100073011108,110010073011108,0.0181495642,0
G1100010007301135,11001007301135,G11000100073011109,110010073011109,0.3190385636,0.9999394269
G1100010007301135,11001007301135,G11000100073011110,110010073011110,0.0430187006,0
G1100010007301135,11001007301135,G11000100073011111,110010073011111,0.0515290386,0
G1100010007301135,11001007301135,G11000100073011112,110010073011112,0.051428245,0
G1100010007301135,11001007301135,G11000100073011113,110010073011113,0.0531820534,0
G1100010007301135,11001007301135,G11000100073011114,110010073011114,0.0222149054,0
G1100010007301135,11001007301135,G11000100073011115,110010073011115,0.0158581902,0
G1100010007301135,11001007301135,G11000100073011116,110010073011116,0.0077241481,0
G1100010007301135,11001007301135,G11000100073011117,110010073011117,0.0212204087,0
G1100010007301135,11001007301135,G11000100073011118,110010073011118,0.0079257353,0
G1100010007301135,11001007301135,G11000100073011130,110010073011130,0.0139095142,0
G1100010007301136,11001007301136,G11000100073011046,110010073011046,0.0072067411,0
G1100010007301136,11001007301136,G11000100073011047,110010073011047,0.0481423743,0
G1100010007301136,11001007301136,G11000100073011049,110010073011049,0.0018915595,0
G1100010007301136,11001007301136,G11000100073011051,110010073011051,0.0105766065,0
G1100010007301136,11001007301136,G11000100073011058,110010073011058,0.019174299,0
G1100010007301136,11001007301136,G11000100073011059,110010073011059,0.0062256835,0
G1100010007301136,11001007301136,G11000100073011060,110010073011060,0.0032421935,0
G1100010007301136,11001007301136,G11000100073011061,110010073011061,0.0322573059,0
G1100010007301136,11001007301136,G11000100073011062,110010073011062,0.020037764,0
G1100010007301136,11001007301136,G11000100073011074,110010073011074,0.0190096695,0
G1100010007301136,11001007301136,G11000100073011075,110010073011075,0.0015186233,0
G1100010007301136,11001007301136,G11000100073011076,110010073011076,0.0054428534,0
G1100010007301136,11001007301136,G11000100073011077,110010073011077,0.0147528205,0
G1100010007301136,11001007301136,G11000100073011092,110010073011092,0.0139498317,0
G1100010007301136,11001007301136,G11000100073011093,110010073011093,0.0317230999,0
G1100010007301136,11001007301136,G11000100073011097,110010073011097,0.0962343518,0.0000575617
G1100010007301136,11001007301136,G11000100073011098,110010073011098,0.0100558396,0
G1100010007301136,11001007301136,G11000100073011099,110010073011099,0.0009508195,0
G1100010007301136,11001007301136,G11000100073011100,110010073011100,0.0052681445,0
G1100010007301136,11001007301136,G11000100073011102,110010073011102,0.0023518502,0
G1100010007301136,11001007301136,G11000100073011103,110010073011103,0.0007156344,0
G1100010007301136,11001007301136,G11000100073011104,110010073011104,0.0002620633,0
G1100010007301136,11001007301136,G11000100073011105,110010073011105,0.0069681963,0
G1100010007301136,11001007301136,G11000100073011106,110010073011106,0.0140002285,0
G1100010007301136,11001007301136,G11000100073011107,110010073011107,0.002842379,0
G1100010007301136,11001007301136,G11000100073011108,110010073011108,0.0181495642,0
G1100010007301136,11001007301136,G11000100073011109,110010073011109,0.3190385636,0.9999424383
G1100010007301136,11001007301136,G11000100073011110,110010073011110,0.0430187006,0
G1100010007301136,11001007301136,G11000100073011111,110010073011111,0.0515290386,0
G1100010007301136,11001007301136,G11000100073011112,110010073011112,0.051428245,0
G1100010007301136,11001007301136,G11000100073011113,110010073011113,0.0531820534,0
G1100010007301136,11001007301136,G11000100073011114,110010073011114,0.0222149054,0
G1100010007301136,11001007301136,G11000100073011115,110010073011115,0.0158581902,0
G1100010007301136,11001007301136,G11000100073011116,110010073011116,0.0077241481,0
G1100010007301136,11001007301136,G11000100073011117,110010073011117,0.0212204087,0
G1100010007301136,11001007301136,G11000100073011118,110010073011118,0.0079257353,0
G1100010007301136,11001007301136,G11000100073011130,110010073011130,0.0139095142,0
G1100010007301137,11001007301137,G11000100073011046,110010073011046,0.0072067411,0
G1100010007301137,11001007301137,G11000100073011047,110010073011047,0.0481423743,0
G1100010007301137,11001007301137,G11000100073011049,110010073011049,0.0018915595,0
G1100010007301137,11001007301137,G11000100073011051,110010073011051,0.0105766065,0
G1100010007301137,11001007301137,G11000100073011058,110010073011058,0.019174299,0
G1100010007301137,11001007301137,G11000100073011059,110010073011059,0.0062256835,0
G1100010007301137,11001007301137,G11000100073011060,110010073011060,0.0032421935,0
G1100010007301137,11001007301137,G11000100073011061,110010073011061,0.0322573059,0
G1100010007301137,11001007301137,G11000100073011062,110010073011062,0.020037764,0
G1100010007301137,11001007301137,G11000100073011074,110010073011074,0.0190096695,0
G1100010007301137,11001007301137,G11000100073011075,110010073011075,0.0015186233,0
G1100010007301137,11001007301137,G11000100073011076,110010073011076,0.0054428534,0
G1100010007301137,11001007301137,G11000100073011077,110010073011077,0.0147528205,0
G1100010007301137,11001007301137,G11000100073011092,110010073011092,0.0139498317,0
G1100010007301137,11001007301137,G11000100073011093,110010073011093,0.0317230999,0
G1100010007301137,11001007301137,G11000100073011097,110010073011097,0.0962343518,0.0017640689
G1100010007301137,11001007301137,G11000100073011098,110010073011098,0.0100558396,0.0000661326
G1100010007301137,11001007301137,G11000100073011099,110010073011099,0.0009508195,0
G1100010007301137,11001007301137,G11000100073011100,110010073011100,0.0052681445,0
G1100010007301137,11001007301137,G11000100073011102,110010073011102,0.0023518502,0
G1100010007301137,11001007301137,G11000100073011103,110010073011103,0.0007156344,0
G1100010007301137,11001007301137,G11000100073011104,110010073011104,0.0002620633,0
G1100010007301137,11001007301137,G11000100073011105,110010073011105,0.0069681963,0
G1100010007301137,11001007301137,G11000100073011106,110010073011106,0.0140002285,0
G1100010007301137,11001007301137,G11000100073011107,110010073011107,0.002842379,0
G1100010007301137,11001007301137,G11000100073011108,110010073011108,0.0181495642,0.0000136666
G1100010007301137,11001007301137,G11000100073011109,110010073011109,0.3190385636,0.9981561319
G1100010007301137,11001007301137,G11000100073011110,110010073011110,0.0430187006,0
G1100010007301137,11001007301137,G11000100073011111,110010073011111,0.0515290386,0
G1100010007301137,11001007301137,G11000100073011112,110010073011112,0.051428245,0
G1100010007301137,11001007301137,G11000100073011113,110010073011113,0.0531820534,0
G1100010007301137,11001007301137,G11000100073011114,110010073011114,0.0222149054,0
G1100010007301137,11001007301137,G11000100073011115,110010073011115,0.0158581902,0
G1100010007301137,11001007301137,G11000100073011116,110010073011116,0.0077241481,0
G1100010007301137,11001007301137,G11000100073011117,110010073011117,0.0212204087,0
G1100010007301137,11001007301137,G11000100073011118,110010073011118,0.0079257353,0
G1100010007301137,11001007301137,G11000100073011130,110010073011130,0.0139095142,0
G1100010007301138,11001007301138,G11000100073011046,110010073011046,0.0072067411,0
G1100010007301138,11001007301138,G11000100073011047,110010073011047,0.0481423743,0
G1100010007301138,11001007301138,G11000100073011049,110010073011049,0.0018915595,0
G1100010007301138,11001007301138,G11000100073011051,110010073011051,0.0105766065,0
G1100010007301138,11001007301138,G11000100073011058,110010073011058,0.019174299,0
G1100010007301138,11001007301138,G11000100073011059,110010073011059,0.0062256835,0
G1100010007301138,11001007301138,G11000100073011060,110010073011060,0.0032421935,0
G1100010007301138,11001007301138,G11000100073011061,110010073011061,0.0322573059,0
G1100010007301138,11001007301138,G11000100073011062,110010073011062,0.020037764,0
G1100010007301138,11001007301138,G11000100073011074,110010073011074,0.0190096695,0
G1100010007301138,11001007301138,G11000100073011075,110010073011075,0.0015186233,0
G1100010007301138,11001007301138,G11000100073011076,110010073011076,0.0054428534,0
G1100010007301138,11001007301138,G11000100073011077,110010073011077,0.0147528205,0
G1100010007301138,11001007301138,G11000100073011092,110010073011092,0.0139498317,0
G1100010007301138,11001007301138,G11000100073011093,110010073011093,0.0317230999,0
G1100010007301138,11001007301138,G11000100073011097,110010073011097,0.0962343518,0.000157196
G1100010007301138,11001007301138,G11000100073011098,110010073011098,0.0100558396,0
G1100010007301138,11001007301138,G11000100073011099,110010073011099,0.0009508195,0
G1100010007301138,11001007301138,G11000100073011100,110010073011100,0.0052681445,0
G1100010007301138,11001007301138,G11000100073011102,110010073011102,0.0023518502,0
G1100010007301138,11001007301138,G11000100073011103,110010073011103,0.0007156344,0
G1100010007301138,11001007301138,G11000100073011104,110010073011104,0.0002620633,0
G1100010007301138,11001007301138,G11000100073011105,110010073011105,0.0069681963,0
G1100010007301138,11001007301138,G11000100073011106,110010073011106,0.0140002285,0
G1100010007301138,11001007301138,G11000100073011107,110010073011107,0.002842379,0
G1100010007301138,11001007301138,G11000100073011108,110010073011108,0.0181495642,0
G1100010007301138,11001007301138,G11000100073011109,110010073011109,0.3190385636,0.999842804
G1100010007301138,11001007301138,G11000100073011110,110010073011110,0.0430187006,0
G1100010007301138,11001007301138,G11000100073011111,110010073011111,0.0515290386,0
G1100010007301138,11001007301138,G11000100073011112,110010073011112,0.051428245,0
G1100010007301138,11001007301138,G11000100073011113,110010073011113,0.0531820534,0
G1100010007301138,11001007301138,G11000100073011114,110010073011114,0.0222149054,0
G1100010007301138,11001007301138,G11000100073011115,110010073011115,0.0158581902,0
G1100010007301138,11001007301138,G11000100073011116,110010073011116,0.0077241481,0
G1100010007301138,11001007301138,G11000100073011117,110010073011117,0.0212204087,0
G1100010007301138,11001007301138,G11000100073011118,110010073011118,0.0079257353,0
G1100010007301138,11001007301138,G11000100073011130,110010073011130,0.0139095142,0
G1100010007301139,11001007301139,G11000100073011046,110010073011046,0.0072067411,0
G1100010007301139,11001007301139,G11000100073011047,110010073011047,0.0481423743,0
G1100010007301139,11001007301139,G11000100073011049,110010073011049,0.0018915595,0
G1100010007301139,11001007301139,G11000100073011051,110010073011051,0.0105766065,0
G1100010007301139,11001007301139,G11000100073011058,110010073011058,0.019174299,0
G1100010007301139,11001007301139,G11000100073011059,110010073011059,0.0062256835,0
G1100010007301139,11001007301139,G11000100073011060,110010073011060,0.0032421935,0
G1100010007301139,11001007301139,G11000100073011061,110010073011061,0.0322573059,0
G1100010007301139,11001007301139,G11000100073011062,110010073011062,0.020037764,0
G1100010007301139,11001007301139,G11000100073011074,110010073011074,0.0190096695,0
G1100010007301139,11001007301139,G11000100073011075,110010073011075,0.0015186233,0
G1100010007301139,11001007301139,G11000100073011076,110010073011076,0.0054428534,0
G1100010007301139,11001007301139,G11000100073011077,110010073011077,0.0147528205,0
G1100010007301139,11001007301139,G11000100073011092,110010073011092,0.0139498317,0
G1100010007301139,11001007301139,G11000100073011093,110010073011093,0.0317230999,0
G1100010007301139,11001007301139,G11000100073011097,110010073011097,0.0962343518,0.127007108
G1100010007301139,11001007301139,G11000100073011098,110010073011098,0.0100558396,0.1295655907
G1100010007301139,11001007301139,G11000100073011099,110010073011099,0.0009508195,0
G1100010007301139,11001007301139,G11000100073011100,110010073011100,0.0052681445,0
G1100010007301139,11001007301139,G11000100073011102,110010073011102,0.0023518502,0
G1100010007301139,11001007301139,G11000100073011103,110010073011103,0.0007156344,0
G1100010007301139,11001007301139,G11000100073011104,110010073011104,0.0002620633,0
G1100010007301139,11001007301139,G11000100073011105,110010073011105,0.0069681963,0
G1100010007301139,11001007301139,G11000100073011106,110010073011106,0.0140002285,0
G1100010007301139,11001007301139,G11000100073011107,110010073011107,0.002842379,0
G1100010007301139,11001007301139,G11000100073011108,110010073011108,0.0181495642,0
G1100010007301139,11001007301139,G11000100073011109,110010073011109,0.3190385636,0.7434273013
G1100010007301139,11001007301139,G11000100073011110,110010073011110,0.0430187006,0
G1100010007301139,11001007301139,G11000100073011111,110010073011111,0.0515290386,0
G1100010007301139,11001007301139,G11000100073011112,110010073011112,0.051428245,0
G1100010007301139,11001007301139,G11000100073011113,110010073011113,0.0531820534,0
G1100010007301139,11001007301139,G11000100073011114,110010073011114,0.0222149054,0
G1100010007301139,11001007301139,G11000100073011115,110010073011115,0.0158581902,0
G1100010007301139,11001007301139,G11000100073011116,110010073011116,0.0077241481,0
G1100010007301139,11001007301139,G11000100073011117,110010073011117,0.0212204087,0
G1100010007301139,11001007301139,G11000100073011118,110010073011118,0.0079257353,0
G1100010007301139,11001007301139,G11000100073011130,110010073011130,0.0139095142,0
G1100010007301140,11001007301140,G11000100073011046,110010073011046,0.0072067411,0
G1100010007301140,11001007301140,G11000100073011047,110010073011047,0.0481423743,0
G1100010007301140,11001007301140,G11000100073011049,110010073011049,0.0018915595,0
G1100010007301140,11001007301140,G11000100073011051,110010073011051,0.0105766065,0
G1100010007301140,11001007301140,G11000100073011058,110010073011058,0.019174299,0
G1100010007301140,11001007301140,G11000100073011059,110010073011059,0.0062256835,0
G1100010007301140,11001007301140,G11000100073011060,110010073011060,0.0032421935,0
G1100010007301140,11001007301140,G11000100073011061,110010073011061,0.0322573059,0
G1100010007301140,11001007301140,G11000100073011062,110010073011062,0.020037764,0
G1100010007301140,11001007301140,G11000100073011074,110010073011074,0.0190096695,0
G1100010007301140,11001007301140,G11000100073011075,110010073011075,0.0015186233,0
G1100010007301140,11001007301140,G11000100073011076,110010073011076,0.0054428534,0
G1100010007301140,11001007301140,G11000100073011077,110010073011077,0.0147528205,0
G1100010007301140,11001007301140,G11000100073011092,110010073011092,0.0139498317,0
G1100010007301140,11001007301140,G11000100073011093,110010073011093,0.0317230999,0
G1100010007301140,11001007301140,G11000100073011097,110010073011097,0.0962343518,0.0000571646
G1100010007301140,11001007301140,G11000100073011098,110010073011098,0.0100558396,0
G1100010007301140,11001007301140,G11000100073011099,110010073011099,0.0009508195,0
G1100010007301140,11001007301140,G11000100073011100,110010073011100,0.0052681445,0
G1100010007301140,11001007301140,G11000100073011102,110010073011102,0.0023518502,0
G1100010007301140,11001007301140,G11000100073011103,110010073011103,0.0007156344,0
G1100010007301140,11001007301140,G11000100073011104,110010073011104,0.0002620633,0
G1100010007301140,11001007301140,G11000100073011105,110010073011105,0.0069681963,0
G1100010007301140,11001007301140,G11000100073011106,110010073011106,0.0140002285,0
G1100010007301140,11001007301140,G11000100073011107,110010073011107,0.002842379,0
G1100010007301140,11001007301140,G11000100073011108,110010073011108,0.0181495642,0
G1100010007301140,11001007301140,G11000100073011109,110010073011109,0.3190385636,0.9999428354
G1100010007301140,11001007301140,G11000100073011110,110010073011110,0.0430187006,0
G1100010007301140,11001007301140,G11000100073011111,110010073011111,0.0515290386,0
G1100010007301140,11001007301140,G11000100073011112,110010073011112,0.051428245,0
G1100010007301140,11001007301140,G11000100073011113,110010073011113,0.0531820534,0
G1100010007301140,11001007301140,G11000100073011114,110010073011114,0.0222149054,0
G1100010007301140,11001007301140,G11000100073011115,110010073011115,0.0158581902,0
G1100010007301140,11001007301140,G11000100073011116,110010073011116,0.0077241481,0
G1100010007301140,11001007301140,G11000100073011117,110010073011117,0.0212204087,0
G1100010007301140,11001007301140,G11000100073011118,110010073011118,0.0079257353,0
G1100010007301140,11001007301140,G11000100073011130,110010073011130,0.0139095142,0
G1100010007301141,11001007301141,G11000100073011046,110010073011046,0.0072067411,0
G1100010007301141,11001007301141,G11000100073011047,110010073011047,0.0481423743,0
G1100010007301141,11001007301141,G11000100073011049,110010073011049,0.0018915595,0
G1100010007301141,11001007301141,G11000100073011051,110010073011051,0.0105766065,0
G1100010007301141,11001007301141,G11000100073011058,110010073011058,0.019174299,0
G1100010007301141,11001007301141,G11000100073011059,110010073011059,0.0062256835,0
G1100010007301141,11001007301141,G11000100073011060,110010073011060,0.0032421935,0
G1100010007301141,11001007301141,G11000100073011061,110010073011061,0.0322573059,0
G1100010007301141,11001007301141,G11000100073011062,110010073011062,0.020037764,0
G1100010007301141,11001007301141,G11000100073011074,110010073011074,0.0190096695,0
G1100010007301141,11001007301141,G11000100073011075,110010073011075,0.0015186233,0
G1100010007301141,11001007301141,G11000100073011076,110010073011076,0.0054428534,0
G1100010007301141,11001007301141,G11000100073011077,110010073011077,0.0147528205,0
G1100010007301141,11001007301141,G11000100073011092,110010073011092,0.0139498317,0
G1100010007301141,11001007301141,G11000100073011093,110010073011093,0.0317230999,0
G1100010007301141,11001007301141,G11000100073011097,110010073011097,0.0962343518,0.000053159
G1100010007301141,11001007301141,G11000100073011098,110010073011098,0.0100558396,0
G1100010007301141,11001007301141,G11000100073011099,110010073011099,0.0009508195,0
G1100010007301141,11001007301141,G11000100073011100,110010073011100,0.0052681445,0
G1100010007301141,11001007301141,G11000100073011102,110010073011102,0.0023518502,0
G1100010007301141,11001007301141,G11000100073011103,110010073011103,0.0007156344,0
G1100010007301141,11001007301141,G11000100073011104,110010073011104,0.0002620633,0
G1100010007301141,11001007301141,G11000100073011105,110010073011105,0.0069681963,0
G1100010007301141,11001007301141,G11000100073011106,110010073011106,0.0140002285,0
G1100010007301141,11001007301141,G11000100073011107,110010073011107,0.002842379,0
G1100010007301141,11001007301141,G11000100073011108,110010073011108,0.0181495642,0
G1100010007301141,11001007301141,G11000100073011109,110010073011109,0.3190385636,0.999946841
G1100010007301141,11001007301141,G11000100073011110,110010073011110,0.0430187006,0
G1100010007301141,11001007301141,G11000100073011111,110010073011111,0.0515290386,0
G1100010007301141,11001007301141,G11000100073011112,110010073011112,0.051428245,0
G1100010007301141,11001007301141,G11000100073011113,110010073011113,0.0531820534,0
G1100010007301141,11001007301141,G11000100073011114,110010073011114,0.0222149054,0
G1100010007301141,11001007301141,G11000100073011115,110010073011115,0.0158581902,0
G1100010007301141,11001007301141,G11000100073011116,110010073011116,0.0077241481,0
G1100010007301141,11001007301141,G11000100073011117,110010073011117,0.0212204087,0
G1100010007301141,11001007301141,G11000100073011118,110010073011118,0.0079257353,0
G1100010007301141,11001007301141,G11000100073011130,110010073011130,0.0139095142,0
G1100010007302101,11001007302101,G11000100104002000,110010104002000,0.0532347571,0
G1100010007302101,11001007302101,G11000100104002020,110010104002020,0.9467652429,1
G1100010007302102,11001007302102,G11000100104002019,110010104002019,1,1
G1100010007302103,11001007302103,G11000100104002016,110010104002016,1,1
G1100010007302104,11001007302104,G11000100104002042,110010104002042,1,1
G1100010007302105,11001007302105,G11000100104002041,110010104002041,1,1
G1100010007302106,11001007302106,G11000100104002040,110010104002040,1,1
G1100010007302107,11001007302107,G11000100104002039,110010104002039,1,1
G1100010007302201,11001007302201,G11000100104001000,110010104001000,0.5800865801,0.5800865801
G1100010007302201,11001007302201,G11000100104001003,110010104001003,0.4199134199,0.4199134199
G1100010007302202,11001007302202,G11000100104001004,110010104001004,1,1
G1100010007302203,11001007302203,G11000100104001001,110010104001001,0.2459280885,0
G1100010007302203,11001007302203,G11000100104001002,110010104001002,0.7540719115,1
G1100010007302204,11001007302204,G11000100104001007,110010104001007,1,1
G1100010007302205,11001007302205,G11000100104001013,110010104001013,1,1
G1100010007302206,11001007302206,G11000100104001008,110010104001008,1,1
G1100010007302207,11001007302207,G11000100104001009,110010104001009,1,1
G1100010007302208,11001007302208,G11000100104001005,110010104001005,1,1
G1100010007302209,11001007302209,G11000100104001010,110010104001010,1,1
G1100010007302301,11001007302301,G11000100104001011,110010104001011,0.9370607769,1
G1100010007302301,11001007302301,G11000100104001014,110010104001014,0.0629392231,0
G1100010007302302,11001007302302,G11000100104001015,110010104001015,1,1
G1100010007302303,11001007302303,G11000100104001025,110010104001025,1,1
G1100010007302304,11001007302304,G11000100104001016,110010104001016,1,1
G1100010007302305,11001007302305,G11000100104001012,110010104001012,1,1
G1100010007302306,11001007302306,G11000100104001006,110010104001006,1,1
G1100010007302401,11001007302401,G11000100104002017,110010104002017,1,1
G1100010007302402,11001007302402,G11000100104002043,110010104002043,1,1
G1100010007302403,11001007302403,G11000100104002014,110010104002014,1,1
G1100010007302404,11001007302404,G11000100104002018,110010104002018,1,1
G1100010007302405,11001007302405,G11000100104002015,110010104002015,1,1
G1100010007302406,11001007302406,G11000100104002011,110010104002011,0.5793745558,0.5793745558
G1100010007302406,11001007302406,G11000100104002012,110010104002012,0.4206254442,0.4206254442
G1100010007302407,11001007302407,G11000100104002013,110010104002013,1,1
G1100010007302408,11001007302408,G11000100104001017,110010104001017,1,1
G1100010007302409,11001007302409,G11000100104001024,110010104001024,1,1
G1100010007302410,11001007302410,G11000100104001016,110010104001016,0.5860812457,0.5788682322
G1100010007302410,11001007302410,G11000100104001021,110010104001021,0.4000132936,0.4211317678
G1100010007302410,11001007302410,G11000100104001026,110010104001026,0.0139054606,0
G1100010007302501,11001007302501,G11000100104001016,110010104001016,0.5943458993,0.9878311469
G1100010007302501,11001007302501,G11000100104001021,110010104001021,0.4056541007,0.0121688531
G1100010007302502,11001007302502,G11000100104001018,110010104001018,0.1629920413,0.1629920413
G1100010007302502,11001007302502,G11000100104001019,110010104001019,0.6705922421,0.6705922421
G1100010007302502,11001007302502,G11000100104001020,110010104001020,0.1664157166,0.1664157166
G1100010007302601,11001007302601,G11000100104001023,110010104001023,1,1
G1100010007302602,11001007302602,G11000100104001022,110010104001022,1,1
G1100010007304101,11001007304101,G11000100073041002,110010073041002,0.0413756045,0.1867247853
G1100010007304101,11001007304101,G11000100073041003,110010073041003,0.9586243955,0.8132752147
G1100010007304102,11001007304102,G11000100073041001,110010073041001,0.017168763,0.017168763
G1100010007304102,11001007304102,G11000100073041009,110010073041009,0.9764456871,0.9764456871
G1100010007304102,11001007304102,G11000100073041012,110010073041012,0.0063855499,0.0063855499
G1100010007304103,11001007304103,G11000100073041000,110010073041000,0,0
G1100010007304103,11001007304103,G11000100073041009,110010073041009,0,0
G1100010007304103,11001007304103,G11000100073041010,110010073041010,0,0
G1100010007304103,11001007304103,G11000100073041011,110010073041011,0,0
G1100010007304103,11001007304103,G11000100073041012,110010073041012,0.9605710318,0.6441794062
G1100010007304103,11001007304103,G11000100073041013,110010073041013,0.0394289682,0.3558205938
G1100010007304104,11001007304104,G11000100073041008,110010073041008,1,1
G1100010007304105,11001007304105,G11000100073041004,110010073041004,1,1
G1100010007304106,11001007304106,G11000100073041000,110010073041000,0,0
G1100010007304106,11001007304106,G11000100073041009,110010073041009,0,0
G1100010007304106,11001007304106,G11000100073041010,110010073041010,0,0
G1100010007304106,11001007304106,G11000100073041011,110010073041011,0,0
G1100010007304106,11001007304106,G11000100073041012,110010073041012,1,1
G1100010007304108,11001007304108,G11000100073041007,110010073041007,1,1
G1100010007304109,11001007304109,G11000100073041006,110010073041006,1,1
G1100010007304110,11001007304110,G11000100073041005,110010073041005,1,1
G1100010007304201,11001007304201,G11000100073042000,110010073042000,1,1
G1100010007304202,11001007304202,G11000100073042001,110010073042001,1,1
G1100010007304203,11001007304203,G11000100073042004,110010073042004,1,1
G1100010007304204,11001007304204,G11000100073042005,110010073042005,1,1
G1100010007304205,11001007304205,G11000100073042006,110010073042006,1,1
G1100010007304206,11001007304206,G11000100073042003,110010073042003,1,1
G1100010007304207,11001007304207,G11000100073042002,110010073042002,1,1
G1100010007304301,11001007304301,G11000100073043000,110010073043000,1,1
G1100010007304302,11001007304302,G11000100073043001,110010073043001,1,1
G1100010007304303,11001007304303,G11000100073043002,110010073043002,1,1
G1100010007304304,11001007304304,G11000100073043003,110010073043003,1,1
G1100010007304305,11001007304305,G11000100073043004,110010073043004,1,1
G1100010007304306,11001007304306,G11000100073043005,110010073043005,1,1
G1100010007308101,11001007308101,G11000100109002008,110010109002008,0.4808629471,1
G1100010007308101,11001007308101,G11000100109002009,110010109002009,0.0204184632,0
G1100010007308101,11001007308101,G11000100109002010,110010109002010,0.0503653961,0
G1100010007308101,11001007308101,G11000100109002011,110010109002011,0.0566239098,0
G1100010007308101,11001007308101,G11000100109002012,110010109002012,0.0585975918,0
G1100010007308101,11001007308101,G11000100109002013,110010109002013,0.0786512815,0
G1100010007308101,11001007308101,G11000100109002014,110010109002014,0.2031403404,0
G1100010007308101,11001007308101,G11000100109002015,110010109002015,0.0052018812,0
G1100010007308101,11001007308101,G11000100109002019,110010109002019,0.0234654799,0
G1100010007308101,11001007308101,G11000100109002022,110010109002022,0.0063150187,0
G1100010007308101,11001007308101,G11000100109002029,110010109002029,0.0163576902,0
G1100010007308102,11001007308102,G11000100109002008,110010109002008,0.6107778204,1
G1100010007308102,11001007308102,G11000100109002010,110010109002010,0.0643057205,0
G1100010007308102,11001007308102,G11000100109002014,110010109002014,0.2593662906,0
G1100010007308102,11001007308102,G11000100109002015,110010109002015,0.0066416776,0
G1100010007308102,11001007308102,G11000100109002019,110010109002019,0.0299603441,0
G1100010007308102,11001007308102,G11000100109002022,110010109002022,0.0080629134,0
G1100010007308102,11001007308102,G11000100109002029,110010109002029,0.0208852335,0
G1100010007308103,11001007308103,G11000100109002036,110010109002036,0.7179648241,0.7179648241
G1100010007308103,11001007308103,G11000100109002037,110010109002037,0.2820351759,0.2820351759
G1100010007308109,11001007308109,G11000100109002043,110010109002043,1,1
G1100010007308116,11001007308116,G11000100109002040,110010109002040,1,1
G1100010007308121,11001007308121,G11000100109002008,110010109002008,0.6107778204,1
G1100010007308121,11001007308121,G11000100109002010,110010109002010,0.0643057205,0
G1100010007308121,11001007308121,G11000100109002014,110010109002014,0.2593662906,0
G1100010007308121,11001007308121,G11000100109002015,110010109002015,0.0066416776,0
G1100010007308121,11001007308121,G11000100109002019,110010109002019,0.0299603441,0
G1100010007308121,11001007308121,G11000100109002022,110010109002022,0.0080629134,0
G1100010007308121,11001007308121,G11000100109002029,110010109002029,0.0208852335,0
G1100010007308201,11001007308201,G11000100109002016,110010109002016,0.3310185741,0.3310185741
G1100010007308201,11001007308201,G11000100109002017,110010109002017,0.5164368255,0.5164368255
G1100010007308201,11001007308201,G11000100109002018,110010109002018,0.1525446004,0.1525446004
G1100010007308202,11001007308202,G11000100109002020,110010109002020,0.0182702826,0.0182702826
G1100010007308202,11001007308202,G11000100109002021,110010109002021,0.0100671376,0.0100671376
G1100010007308202,11001007308202,G11000100109002028,110010109002028,0.0943662627,0.0943662627
G1100010007308202,11001007308202,G11000100109002030,110010109002030,0.2422467344,0.2422467344
G1100010007308202,11001007308202,G11000100109002031,110010109002031,0.3022669353,0.3022669353
G1100010007308202,11001007308202,G11000100109002032,110010109002032,0.0091488376,0.0091488376
G1100010007308202,11001007308202,G11000100109002033,110010109002033,0.0112259449,0.0112259449
G1100010007308202,11001007308202,G11000100109002034,110010109002034,0.0749863053,0.0749863053
G1100010007308202,11001007308202,G11000100109002035,110010109002035,0.2315045369,0.2315045369
G1100010007308202,11001007308202,G11000100109002044,110010109002044,0.0059170227,0.0059170227
G1100010007308203,11001007308203,G11000100109002045,110010109002045,1,1
G1100010007401101,11001007401101,G11000100074011002,110010074011002,1,1
G1100010007401102,11001007401102,G11000100074011003,110010074011003,0.6903056458,0.6903056458
G1100010007401102,11001007401102,G11000100074011004,110010074011004,0.24278151,0.24278151
G1100010007401102,11001007401102,G11000100074011007,110010074011007,0.0669128442,0.0669128442
G1100010007401103,11001007401103,G11000100074011008,110010074011008,0.6074789811,0.6074789811
G1100010007401103,11001007401103,G11000100074011012,110010074011012,0.3925210189,0.3925210189
G1100010007401104,11001007401104,G11000100074011010,110010074011010,0.0847309717,0.0847309717
G1100010007401104,11001007401104,G11000100074011011,110010074011011,0.351959421,0.351959421
G1100010007401104,11001007401104,G11000100074011013,110010074011013,0.4138964141,0.4138964141
G1100010007401104,11001007401104,G11000100074011022,110010074011022,0.1494131932,0.1494131932
G1100010007401105,11001007401105,G11000100074011006,110010074011006,0.0005788063,0
G1100010007401105,11001007401105,G11000100074011009,110010074011009,0.0124582181,0
G1100010007401105,11001007401105,G11000100074011014,110010074011014,0.0187909142,0
G1100010007401105,11001007401105,G11000100074011015,110010074011015,0.8479063658,0.9887352052
G1100010007401105,11001007401105,G11000100074011016,110010074011016,0.0640125586,0
G1100010007401105,11001007401105,G11000100074011017,110010074011017,0.0279428883,0
G1100010007401105,11001007401105,G11000100074011018,110010074011018,0.0206426672,0
G1100010007401105,11001007401105,G11000100074011019,110010074011019,0.0076675815,0.0112647948
G1100010007401106,11001007401106,G11000100074011019,110010074011019,0.9243718118,1
G1100010007401106,11001007401106,G11000100074011020,110010074011020,0.0756281882,0
G1100010007401107,11001007401107,G11000100074011023,110010074011023,0.1823766486,0.1823766486
G1100010007401107,11001007401107,G11000100074011024,110010074011024,0.3541948565,0.3541948565
G1100010007401107,11001007401107,G11000100074011025,110010074011025,0.1425042102,0.1425042102
G1100010007401107,11001007401107,G11000100074011026,110010074011026,0.1249277228,0.1249277228
G1100010007401107,11001007401107,G11000100074011027,110010074011027,0.1377770359,0.1377770359
G1100010007401107,11001007401107,G11000100074011030,110010074011030,0.0317000517,0.0317000517
G1100010007401107,11001007401107,G11000100074011041,110010074011041,0.003062062,0.003062062
G1100010007401107,11001007401107,G11000100104002007,110010104002007,0.0020721385,0.0020721385
G1100010007401107,11001007401107,G11000100104002008,110010104002008,0.0213852739,0.0213852739
G1100010007401108,11001007401108,G11000100074011028,110010074011028,0.2300673497,0
G1100010007401108,11001007401108,G11000100074011030,110010074011030,0.3097183508,0
G1100010007401108,11001007401108,G11000100074011032,110010074011032,0.0625054006,0.6342764298
G1100010007401108,11001007401108,G11000100074011033,110010074011033,0.3854373584,0.1448004543
G1100010007401108,11001007401108,G11000100074011040,110010074011040,0.0122715405,0.220923116
G1100010007401109,11001007401109,G11000100074011021,110010074011021,0.3653384668,0.3653384668
G1100010007401109,11001007401109,G11000100074011029,110010074011029,0.3333942138,0.3333942138
G1100010007401109,11001007401109,G11000100074011034,110010074011034,0.3012673194,0.3012673194
G1100010007401110,11001007401110,G11000100074011030,110010074011030,0.0495501544,0.0495501544
G1100010007401110,11001007401110,G11000100074011031,110010074011031,0.9504498456,0.9504498456
G1100010007401201,11001007401201,G11000100074012000,110010074012000,0.3051420125,0
G1100010007401201,11001007401201,G11000100074012001,110010074012001,0.6948579875,1
G1100010007401202,11001007401202,G11000100074011032,110010074011032,0.1358180323,0.0944558074
G1100010007401202,11001007401202,G11000100074011033,110010074011033,0.837517128,0.8909483403
G1100010007401202,11001007401202,G11000100074011040,110010074011040,0.0266648397,0.0145958523
G1100010007401203,11001007401203,G11000100074012002,110010074012002,1,1
G1100010007401204,11001007401204,G11000100074012004,110010074012004,1,1
G1100010007401205,11001007401205,G11000100074012003,110010074012003,1,1
G1100010007401206,11001007401206,G11000100074011039,110010074011039,1,1
G1100010007401207,11001007401207,G11000100074011035,110010074011035,1,1
G1100010007401208,11001007401208,G11000100074011035,110010074011035,1,1
G1100010007401209,11001007401209,G11000100074011037,110010074011037,1,1
G1100010007401210,11001007401210,G11000100074011036,110010074011036,1,1
G1100010007401211,11001007401211,G11000100074011035,110010074011035,1,1
G1100010007401212,11001007401212,G11000100074011034,110010074011034,1,1
G1100010007401213,11001007401213,G11000100074011038,110010074011038,1,1
G1100010007404101,11001007404101,G11000100074041000,110010074041000,0.9926306055,0.9816031537
G1100010007404101,11001007404101,G11000100074041001,110010074041001,0.0073693945,0.0183968463
G1100010007404102,11001007404102,G11000100074041002,110010074041002,1,1
G1100010007404103,11001007404103,G11000100074041003,110010074041003,1,1
G1100010007404104,11001007404104,G11000100074041004,110010074041004,0.2577510854,0.2122510085
G1100010007404104,11001007404104,G11000100074041008,110010074041008,0.2900369145,0.3183231219
G1100010007404104,11001007404104,G11000100074041009,110010074041009,0.4522120001,0.4694258696
G1100010007404105,11001007404105,G11000100074041004,110010074041004,0.0496258128,0.0346881511
G1100010007404105,11001007404105,G11000100074041005,110010074041005,0.5843761502,0.6746213489
G1100010007404105,11001007404105,G11000100074041006,110010074041006,0.2020610968,0.2824634103
G1100010007404105,11001007404105,G11000100074041007,110010074041007,0.1639369403,0.0082270896
G1100010007404106,11001007404106,G11000100074041010,110010074041010,0.8059234848,0.4525139665
G1100010007404106,11001007404106,G11000100074041011,110010074041011,0.1940765152,0.5474860335
G1100010007404201,11001007404201,G11000100074042009,110010074042009,0.3217377313,0.4401838886
G1100010007404201,11001007404201,G11000100074042010,110010074042010,0.6469831054,0.5444749391
G1100010007404201,11001007404201,G11000100074042011,110010074042011,0.0312791633,0.0153411723
G1100010007404202,11001007404202,G11000100074042007,110010074042007,1,1
G1100010007404203,11001007404203,G11000100074043000,110010074043000,0.9955228287,1
G1100010007404203,11001007404203,G11000100074043002,110010074043002,0.0044771713,0
G1100010007404204,11001007404204,G11000100074043001,110010074043001,1,1
G1100010007404205,11001007404205,G11000100074042000,110010074042000,0.246200321,0.2708333333
G1100010007404205,11001007404205,G11000100074042004,110010074042004,0.2616586425,0.26875
G1100010007404205,11001007404205,G11000100074042005,110010074042005,0.3178514113,0.325
G1100010007404205,11001007404205,G11000100074042008,110010074042008,0.1742896252,0.1354166667
G1100010007404206,11001007404206,G11000100074042001,110010074042001,0.3553033142,0.298013245
G1100010007404206,11001007404206,G11000100074042002,110010074042002,0.4822508968,0.701986755
G1100010007404206,11001007404206,G11000100074042003,110010074042003,0.1624457889,0
G1100010007404207,11001007404207,G11000100074043003,110010074043003,1,1
G1100010007404208,11001007404208,G11000100074042006,110010074042006,0.8616215383,0.8175884656
G1100010007404208,11001007404208,G11000100074043004,110010074043004,0.1383784617,0.1824115344
G1100010007406401,11001007406401,G11000100074061000,110010074061000,1,1
G1100010007406402,11001007406402,G11000100074061001,110010074061001,1,1
G1100010007406403,11001007406403,G11000100074062000,110010074062000,1,1
G1100010007407101,11001007407101,G11000100074071000,110010074071000,0.3831252222,0
G1100010007407101,11001007407101,G11000100074071001,110010074071001,0.1726294558,0.0726122839
G1100010007407101,11001007407101,G11000100074071010,110010074071010,0.444245322,0.9273877161
G1100010007407102,11001007407102,G11000100074071000,110010074071000,0.3831252222,0
G1100010007407102,11001007407102,G11000100074071001,110010074071001,0.1726294558,0.0691391587
G1100010007407102,11001007407102,G11000100074071010,110010074071010,0.444245322,0.9308608413
G1100010007407201,11001007407201,G11000100074071004,110010074071004,1,1
G1100010007407202,11001007407202,G11000100074071003,110010074071003,1,1
G1100010007407205,11001007407205,G11000100074071002,110010074071002,1,1
G1100010007407206,11001007407206,G11000100074071012,110010074071012,1,1
G1100010007407301,11001007407301,G11000100074071005,110010074071005,1,1
G1100010007407302,11001007407302,G11000100074071011,110010074071011,1,1
G1100010007407303,11001007407303,G11000100074071007,110010074071007,1,1
G1100010007407304,11001007407304,G11000100074071009,110010074071009,1,1
G1100010007407305,11001007407305,G11000100074071006,110010074071006,1,1
G1100010007407306,11001007407306,G11000100074071008,110010074071008,1,1
G1100010007407501,11001007407501,G11000100074072010,110010074072010,0.3989285714,0.4476987448
G1100010007407501,11001007407501,G11000100074072011,110010074072011,0.6010714286,0.5523012552
G1100010007407502,11001007407502,G11000100074072009,110010074072009,1,1
G1100010007407503,11001007407503,G11000100074072008,110010074072008,1,1
G1100010007407504,11001007407504,G11000100074072003,110010074072003,1,1
G1100010007407505,11001007407505,G11000100074072006,110010074072006,1,1
G1100010007407506,11001007407506,G11000100074072001,110010074072001,1,1
G1100010007407507,11001007407507,G11000100074072000,110010074072000,1,1
G1100010007407508,11001007407508,G11000100074072002,110010074072002,1,1
G1100010007407509,11001007407509,G11000100074072004,110010074072004,0.5289719626,0.1343283582
G1100010007407509,11001007407509,G11000100074072007,110010074072007,0.4710280374,0.8656716418
G1100010007407510,11001007407510,G11000100074072005,110010074072005,1,1
G1100010007408101,11001007408101,G11000100074081001,110010074081001,1,1
G1100010007408102,11001007408102,G11000100074081011,110010074081011,1,1
G1100010007408103,11001007408103,G11000100074081009,110010074081009,1,1
G1100010007408104,11001007408104,G11000100074081005,110010074081005,1,1
G1100010007408105,11001007408105,G11000100074081004,110010074081004,1,1
G1100010007408106,11001007408106,G11000100074081000,110010074081000,0.9152111079,0.9612097304
G1100010007408106,11001007408106,G11000100074081008,110010074081008,0.0847888921,0.0387902696
G1100010007408107,11001007408107,G11000100074081003,110010074081003,1,1
G1100010007408108,11001007408108,G11000100074081007,110010074081007,1,1
G1100010007408109,11001007408109,G11000100074081002,110010074081002,1,1
G1100010007408110,11001007408110,G11000100074081006,110010074081006,1,1
G1100010007408111,11001007408111,G11000100074081010,110010074081010,1,1
G1100010007408112,11001007408112,G11000100074081012,110010074081012,1,1
G1100010007409101,11001007409101,G11000100074091000,110010074091000,1,1
G1100010007409102,11001007409102,G11000100074091001,110010074091001,1,1
G1100010007409103,11001007409103,G11000100074091002,110010074091002,1,1
G1100010007409201,11001007409201,G11000100074092000,110010074092000,1,1
G1100010007409202,11001007409202,G11000100074092001,110010074092001,1,1
G1100010007409203,11001007409203,G11000100074092002,110010074092002,0.5350889174,0.6479217604
G1100010007409203,11001007409203,G11000100074092003,110010074092003,0.4649110826,0.3520782396
G1100010007409204,11001007409204,G11000100074093000,110010074093000,1,1
G1100010007409205,11001007409205,G11000100074093001,110010074093001,1,1
G1100010007409206,11001007409206,G11000100074093002,110010074093002,1,1
G1100010007409207,11001007409207,G11000100074093003,110010074093003,1,1
G1100010007409208,11001007409208,G11000100074093004,110010074093004,1,1
G1100010007409209,11001007409209,G11000100074092004,110010074092004,1,1
G1100010007409210,11001007409210,G11000100074093005,110010074093005,1,1
G1100010007430101,11001007430101,G11000100074031000,110010074031000,1,1
G1100010007430102,11001007430102,G11000100074031001,110010074031001,1,1
G1100010007430103,11001007430103,G11000100074031002,110010074031002,0.8214181652,0.8446866485
G1100010007430103,11001007430103,G11000100074031003,110010074031003,0.1785818348,0.1553133515
G1100010007430104,11001007430104,G11000100074031004,110010074031004,1,1
G1100010007430105,11001007430105,G11000100074031005,110010074031005,1,1
G1100010007430106,11001007430106,G11000100074031006,110010074031006,1,1
G1100010007430107,11001007430107,G11000100074031007,110010074031007,1,1
G1100010007502101,11001007502101,G11000100075021000,110010075021000,0.9569762073,0.9774038462
G1100010007502101,11001007502101,G11000100075021002,110010075021002,0.0430237927,0.0225961538
G1100010007502102,11001007502102,G11000100075021004,110010075021004,1,1
G1100010007502103,11001007502103,G11000100075021003,110010075021003,1,1
G1100010007502104,11001007502104,G11000100075021001,110010075021001,1,1
G1100010007502106,11001007502106,G11000100075021005,110010075021005,1,1
G1100010007502201,11001007502201,G11000100075022002,110010075022002,1,1
G1100010007502202,11001007502202,G11000100075022005,110010075022005,1,1
G1100010007502203,11001007502203,G11000100075022007,110010075022007,1,1
G1100010007502204,11001007502204,G11000100075022008,110010075022008,1,1
G1100010007502205,11001007502205,G11000100075022006,110010075022006,1,1
G1100010007502206,11001007502206,G11000100075022005,110010075022005,1,1
G1100010007502207,11001007502207,G11000100075022009,110010075022009,1,1
G1100010007502301,11001007502301,G11000100075022000,110010075022000,1,1
G1100010007502302,11001007502302,G11000100075022001,110010075022001,1,1
G1100010007502303,11001007502303,G11000100075022004,110010075022004,1,1
G1100010007502304,11001007502304,G11000100075022003,110010075022003,1,1
G1100010007503201,11001007503201,G11000100075032000,110010075032000,0.829453855,0.5301583668
G1100010007503201,11001007503201,G11000100075032001,110010075032001,0.170546145,0.4698416332
G1100010007503202,11001007503202,G11000100075032002,110010075032002,1,1
G1100010007503203,11001007503203,G11000100075032003,110010075032003,0.5489111448,0.5616045845
G1100010007503203,11001007503203,G11000100075032004,110010075032004,0.4510888552,0.4383954155
G1100010007503204,11001007503204,G11000100075032005,110010075032005,1,1
G1100010007503205,11001007503205,G11000100075032006,110010075032006,1,1
G1100010007503301,11001007503301,G11000100075031000,110010075031000,1,1
G1100010007503302,11001007503302,G11000100075031001,110010075031001,1,1
G1100010007503303,11001007503303,G11000100075031011,110010075031011,1,1
G1100010007503304,11001007503304,G11000100075031012,110010075031012,1,1
G1100010007503305,11001007503305,G11000100075031013,110010075031013,1,1
G1100010007503306,11001007503306,G11000100075031014,110010075031014,1,1
G1100010007503307,11001007503307,G11000100075031015,110010075031015,1,1
G1100010007503308,11001007503308,G11000100075031016,110010075031016,1,1
G1100010007503401,11001007503401,G11000100075031002,110010075031002,1,1
G1100010007503402,11001007503402,G11000100075031003,110010075031003,0.5768251826,0.5768251826
G1100010007503402,11001007503402,G11000100075031004,110010075031004,0.3831838508,0.3831838508
G1100010007503402,11001007503402,G11000100075031005,110010075031005,0.0399909666,0.0399909666
G1100010007503403,11001007503403,G11000100075031010,110010075031010,1,1
G1100010007503404,11001007503404,G11000100075031009,110010075031009,1,1
G1100010007503405,11001007503405,G11000100075031008,110010075031008,1,1
G1100010007503406,11001007503406,G11000100075031007,110010075031007,1,1
G1100010007503407,11001007503407,G11000100075031005,110010075031005,0.0025470278,0
G1100010007503407,11001007503407,G11000100075031006,110010075031006,0.9974529722,1
G1100010007503408,11001007503408,G11000100075031017,110010075031017,1,1
G1100010007503409,11001007503409,G11000100075031018,110010075031018,1,1
G1100010007503410,11001007503410,G11000100075031019,110010075031019,1,1
G1100010007504101,11001007504101,G11000100075041004,110010075041004,0.9042196638,0.8039982616
G1100010007504101,11001007504101,G11000100075041005,110010075041005,0.053306768,0.1960017384
G1100010007504101,11001007504101,G11000100075041006,110010075041006,0.0424735682,0
G1100010007504102,11001007504102,G11000100075041008,110010075041008,1,1
G1100010007504103,11001007504103,G11000100075041007,110010075041007,1,1
G1100010007504104,11001007504104,G11000100075041001,110010075041001,1,1
G1100010007504105,11001007504105,G11000100075041000,110010075041000,1,1
G1100010007504106,11001007504106,G11000100075041003,110010075041003,1,1
G1100010007504201,11001007504201,G11000100075041008,110010075041008,1,1
G1100010007504202,11001007504202,G11000100075041009,110010075041009,1,1
G1100010007504203,11001007504203,G11000100075041010,110010075041010,1,1
G1100010007504301,11001007504301,G11000100075041002,110010075041002,1,1
G1100010007601101,11001007601101,G11000100076011006,110010076011006,1,1
G1100010007601102,11001007601102,G11000100076011007,110010076011007,0.3245192308,0.3245192308
G1100010007601102,11001007601102,G11000100076011008,110010076011008,0.6754807692,0.6754807692
G1100010007601103,11001007601103,G11000100076011000,110010076011000,1,1
G1100010007601104,11001007601104,G11000100076011001,110010076011001,1,1
G1100010007601105,11001007601105,G11000100076011005,110010076011005,1,1
G1100010007601106,11001007601106,G11000100076011002,110010076011002,1,1
G1100010007601107,11001007601107,G11000100076011003,110010076011003,0.1888088228,0.0197820613
G1100010007601107,11001007601107,G11000100076011004,110010076011004,0.8111911772,0.9802179387
G1100010007601201,11001007601201,G11000100076012003,110010076012003,0.8802988052,0.8192771084
G1100010007601201,11001007601201,G11000100076012006,110010076012006,0.1197011948,0.1807228916
G1100010007601202,11001007601202,G11000100076012005,110010076012005,1,1
G1100010007601203,11001007601203,G11000100076012002,110010076012002,1,1
G1100010007601204,11001007601204,G11000100076012000,110010076012000,0.9312641218,1
G1100010007601204,11001007601204,G11000100076012001,110010076012001,0.0687358782,0
G1100010007601205,11001007601205,G11000100076012009,110010076012009,1,1
G1100010007601206,11001007601206,G11000100076012007,110010076012007,0.9160831395,0.9469026549
G1100010007601206,11001007601206,G11000100076012008,110010076012008,0.0839168605,0.0530973451
G1100010007601207,11001007601207,G11000100076012004,110010076012004,1,1
G1100010007601208,11001007601208,G11000100076012013,110010076012013,1,1
G1100010007601210,11001007601210,G11000100076012011,110010076012011,1,1
G1100010007601211,11001007601211,G11000100076012012,110010076012012,0.9413750422,1
G1100010007601211,11001007601211,G11000100076012014,110010076012014,0.0586249578,0
G1100010007601220,11001007601220,G11000100076012010,110010076012010,1,1
G1100010007601301,11001007601301,G11000100076014008,110010076014008,0.0355767621,0
G1100010007601301,11001007601301,G11000100076014010,110010076014010,0.9644232379,1
G1100010007601302,11001007601302,G11000100076013009,110010076013009,1,1
G1100010007601303,11001007601303,G11000100076013007,110010076013007,0.1602357082,0
G1100010007601303,11001007601303,G11000100076013008,110010076013008,0.8397642918,1
G1100010007601304,11001007601304,G11000100076013013,110010076013013,0.5599634883,0.5531914894
G1100010007601304,11001007601304,G11000100076013014,110010076013014,0.4400365117,0.4468085106
G1100010007601305,11001007601305,G11000100076013006,110010076013006,1,1
G1100010007601306,11001007601306,G11000100076013012,110010076013012,1,1
G1100010007601307,11001007601307,G11000100076013010,110010076013010,1,1
G1100010007601401,11001007601401,G11000100076013000,110010076013000,1,1
G1100010007601402,11001007601402,G11000100076013011,110010076013011,1,1
G1100010007601403,11001007601403,G11000100076014006,110010076014006,1,1
G1100010007601404,11001007601404,G11000100076014002,110010076014002,1,1
G1100010007601405,11001007601405,G11000100076014003,110010076014003,1,1
G1100010007601406,11001007601406,G11000100076014004,110010076014004,1,1
G1100010007601407,11001007601407,G11000100076014005,110010076014005,1,1
G1100010007601408,11001007601408,G11000100076014007,110010076014007,1,1
G1100010007601409,11001007601409,G11000100076013005,110010076013005,1,1
G1100010007601410,11001007601410,G11000100076013003,110010076013003,1,1
G1100010007601411,11001007601411,G11000100076013004,110010076013004,1,1
G1100010007601412,11001007601412,G11000100076014009,110010076014009,1,1
G1100010007601413,11001007601413,G11000100076013002,110010076013002,1,1
G1100010007601414,11001007601414,G11000100076013001,110010076013001,1,1
G1100010007601415,11001007601415,G11000100076014000,110010076014000,1,1
G1100010007601416,11001007601416,G11000100076014001,110010076014001,1,1
G1100010007601501,11001007601501,G11000100076015015,110010076015015,1,1
G1100010007601502,11001007601502,G11000100076015018,110010076015018,1,1
G1100010007601503,11001007601503,G11000100076015017,110010076015017,1,1
G1100010007601504,11001007601504,G11000100076015020,110010076015020,1,1
G1100010007601505,11001007601505,G11000100076015019,110010076015019,1,1
G1100010007601506,11001007601506,G11000100076015022,110010076015022,1,1
G1100010007601507,11001007601507,G11000100076015021,110010076015021,1,1
G1100010007601508,11001007601508,G11000100076015016,110010076015016,1,1
G1100010007601509,11001007601509,G11000100076015023,110010076015023,1,1
G1100010007601510,11001007601510,G11000100076015011,110010076015011,0.5632109895,0.5632109895
G1100010007601510,11001007601510,G11000100076015016,110010076015016,0.4367890105,0.4367890105
G1100010007601511,11001007601511,G11000100076015001,110010076015001,0.6163631686,0.0968962849
G1100010007601511,11001007601511,G11000100076015003,110010076015003,0.3836368314,0.9031037151
G1100010007601512,11001007601512,G11000100076015001,110010076015001,0.6163631686,0.7781969391
G1100010007601512,11001007601512,G11000100076015003,110010076015003,0.3836368314,0.2218030609
G1100010007601513,11001007601513,G11000100076015002,110010076015002,0.0153224191,0.0153224191
G1100010007601513,11001007601513,G11000100076015007,110010076015007,0.9277715494,0.9277715494
G1100010007601513,11001007601513,G11000100076015008,110010076015008,0.0569060315,0.0569060315
G1100010007601514,11001007601514,G11000100076015008,110010076015008,0.0275947018,0.0275947018
G1100010007601514,11001007601514,G11000100076015012,110010076015012,0.7045367289,0.7045367289
G1100010007601514,11001007601514,G11000100076015014,110010076015014,0.2678685692,0.2678685692
G1100010007601515,11001007601515,G11000100076015009,110010076015009,0.1614708233,0.1614708233
G1100010007601515,11001007601515,G11000100076015010,110010076015010,0.4862509992,0.4862509992
G1100010007601515,11001007601515,G11000100076015013,110010076015013,0.3522781775,0.3522781775
G1100010007601516,11001007601516,G11000100076015013,110010076015013,1,1
G1100010007601517,11001007601517,G11000100076015011,110010076015011,0.5966864192,0.5966864192
G1100010007601517,11001007601517,G11000100076015024,110010076015024,0.4033135808,0.4033135808
G1100010007601518,11001007601518,G11000100076015006,110010076015006,0.8229042481,0.8229042481
G1100010007601518,11001007601518,G11000100076015007,110010076015007,0.06904888,0.06904888
G1100010007601518,11001007601518,G11000100076015008,110010076015008,0.0472880208,0.0472880208
G1100010007601518,11001007601518,G11000100076015025,110010076015025,0.0607588511,0.0607588511
G1100010007601519,11001007601519,G11000100076015005,110010076015005,1,1
G1100010007603101,11001007603101,G11000100076031001,110010076031001,1,1
G1100010007603102,11001007603102,G11000100076031004,110010076031004,1,1
G1100010007603103,11001007603103,G11000100076031003,110010076031003,1,1
G1100010007603104,11001007603104,G11000100076031002,110010076031002,1,1
G1100010007603105,11001007603105,G11000100076031000,110010076031000,1,1
G1100010007603106,11001007603106,G11000100076031005,110010076031005,0.3160438593,0.5010306857
G1100010007603106,11001007603106,G11000100076031006,110010076031006,0.6791751266,0.4355364784
G1100010007603106,11001007603106,G11000100076033004,110010076033004,0.004781014,0.0634328358
G1100010007603201,11001007603201,G11000100076033000,110010076033000,1,1
G1100010007603202,11001007603202,G11000100076033001,110010076033001,1,1
G1100010007603203,11001007603203,G11000100076033004,110010076033004,1,1
G1100010007603204,11001007603204,G11000100076033003,110010076033003,1,1
G1100010007603205,11001007603205,G11000100076033002,110010076033002,1,1
G1100010007603206,11001007603206,G11000100076033007,110010076033007,1,1
G1100010007603208,11001007603208,G11000100076033005,110010076033005,1,1
G1100010007603209,11001007603209,G11000100076033006,110010076033006,1,1
G1100010007603301,11001007603301,G11000100076033010,110010076033010,1,1
G1100010007603302,11001007603302,G11000100076033008,110010076033008,1,1
G1100010007603303,11001007603303,G11000100076033009,110010076033009,1,1
G1100010007603306,11001007603306,G11000100076033011,110010076033011,1,1
G1100010007603307,11001007603307,G11000100076033012,110010076033012,1,1
G1100010007603401,11001007603401,G11000100076034005,110010076034005,1,1
G1100010007603402,11001007603402,G11000100076034006,110010076034006,1,1
G1100010007603403,11001007603403,G11000100076034000,110010076034000,1,1
G1100010007603404,11001007603404,G11000100076034001,110010076034001,1,1
G1100010007603405,11001007603405,G11000100076034007,110010076034007,1,1
G1100010007603406,11001007603406,G11000100076034002,110010076034002,1,1
G1100010007603407,11001007603407,G11000100076034008,110010076034008,0.6713782941,0.85
G1100010007603407,11001007603407,G11000100076034009,110010076034009,0.3286217059,0.15
G1100010007603408,11001007603408,G11000100076034003,110010076034003,1,1
G1100010007603409,11001007603409,G11000100076034004,110010076034004,1,1
G1100010007603501,11001007603501,G11000100076032005,110010076032005,1,1
G1100010007603502,11001007603502,G11000100076032003,110010076032003,1,1
G1100010007603503,11001007603503,G11000100076032004,110010076032004,1,1
G1100010007603504,11001007603504,G11000100076032002,110010076032002,1,1
G1100010007603505,11001007603505,G11000100076032006,110010076032006,1,1
G1100010007603506,11001007603506,G11000100076032011,110010076032011,1,1
G1100010007603507,11001007603507,G11000100076032010,110010076032010,1,1
G1100010007603508,11001007603508,G11000100076032007,110010076032007,1,1
G1100010007603509,11001007603509,G11000100076032008,110010076032008,1,1
G1100010007603510,11001007603510,G11000100076032009,110010076032009,1,1
G1100010007603511,11001007603511,G11000100076032001,110010076032001,1,1
G1100010007603512,11001007603512,G11000100076032000,110010076032000,1,1
G1100010007604101,11001007604101,G11000100076041001,110010076041001,0.5604543994,0.2367346939
G1100010007604101,11001007604101,G11000100076041002,110010076041002,0.0260586939,0.1428571429
G1100010007604101,11001007604101,G11000100076041006,110010076041006,0.4134869067,0.6204081633
G1100010007604102,11001007604102,G11000100076041000,110010076041000,1,1
G1100010007604103,11001007604103,G11000100076041003,110010076041003,1,1
G1100010007604104,11001007604104,G11000100076041004,110010076041004,0.528229824,0.6545454545
G1100010007604104,11001007604104,G11000100076041007,110010076041007,0.471770176,0.3454545455
G1100010007604105,11001007604105,G11000100076041005,110010076041005,1,1
G1100010007604106,11001007604106,G11000100076041008,110010076041008,1,1
G1100010007604107,11001007604107,G11000100076041009,110010076041009,1,1
G1100010007604201,11001007604201,G11000100076043009,110010076043009,1,1
G1100010007604202,11001007604202,G11000100076043008,110010076043008,1,1
G1100010007604203,11001007604203,G11000100076043010,110010076043010,1,1
G1100010007604204,11001007604204,G11000100076043006,110010076043006,1,1
G1100010007604205,11001007604205,G11000100076043007,110010076043007,1,1
G1100010007604207,11001007604207,G11000100076043005,110010076043005,1,1
G1100010007604208,11001007604208,G11000100076043004,110010076043004,1,1
G1100010007604209,11001007604209,G11000100076043003,110010076043003,1,1
G1100010007604210,11001007604210,G11000100076043002,110010076043002,1,1
G1100010007604302,11001007604302,G11000100076043000,110010076043000,1,1
G1100010007604303,11001007604303,G11000100076043001,110010076043001,1,1
G1100010007604320,11001007604320,G11000100076043000,110010076043000,0.6839081321,0.4372990354
G1100010007604320,11001007604320,G11000100076043011,110010076043011,0.2932153671,0.5384466127
G1100010007604320,11001007604320,G11000100076043012,110010076043012,0.0228765008,0.0242543519
G1100010007604401,11001007604401,G11000100076042002,110010076042002,0.6787210688,0.6787210688
G1100010007604401,11001007604401,G11000100076042003,110010076042003,0.3212789312,0.3212789312
G1100010007604402,11001007604402,G11000100076042005,110010076042005,1,1
G1100010007604403,11001007604403,G11000100076042006,110010076042006,1,1
G1100010007604404,11001007604404,G11000100076042004,110010076042004,1,1
G1100010007604405,11001007604405,G11000100076042000,110010076042000,0.0392033358,0.0392033358
G1100010007604405,11001007604405,G11000100076042001,110010076042001,0.657966012,0.657966012
G1100010007604405,11001007604405,G11000100076042007,110010076042007,0.0949723485,0.0949723485
G1100010007604405,11001007604405,G11000100076042008,110010076042008,0.2078583036,0.2078583036
G1100010007604406,11001007604406,G11000100076042031,110010076042031,1,1
G1100010007604407,11001007604407,G11000100076042030,110010076042030,1,1
G1100010007604408,11001007604408,G11000100076042029,110010076042029,1,1
G1100010007604409,11001007604409,G11000100076042004,110010076042004,1,1
G1100010007604501,11001007604501,G11000100076042009,110010076042009,1,1
G1100010007604502,11001007604502,G11000100076042028,110010076042028,1,1
G1100010007604503,11001007604503,G11000100076042027,110010076042027,1,1
G1100010007604504,11001007604504,G11000100076042010,110010076042010,1,1
G1100010007604505,11001007604505,G11000100076042011,110010076042011,1,1
G1100010007604506,11001007604506,G11000100076042022,110010076042022,1,1
G1100010007604507,11001007604507,G11000100076042023,110010076042023,1,1
G1100010007604508,11001007604508,G11000100076042026,110010076042026,1,1
G1100010007604601,11001007604601,G11000100076042025,110010076042025,1,1
G1100010007604602,11001007604602,G11000100076042032,110010076042032,1,1
G1100010007604603,11001007604603,G11000100076042019,110010076042019,1,1
G1100010007604604,11001007604604,G11000100076042015,110010076042015,1,1
G1100010007604605,11001007604605,G11000100076042024,110010076042024,1,1
G1100010007604606,11001007604606,G11000100076042021,110010076042021,1,1
G1100010007604607,11001007604607,G11000100076042012,110010076042012,1,1
G1100010007604608,11001007604608,G11000100076042013,110010076042013,1,1
G1100010007604609,11001007604609,G11000100076042014,110010076042014,1,1
G1100010007604610,11001007604610,G11000100076042016,110010076042016,0.0491689711,0.0843369761
G1100010007604610,11001007604610,G11000100076042017,110010076042017,0.1324993419,0.0286006129
G1100010007604610,11001007604610,G11000100076042018,110010076042018,0.7440861763,0.6259226176
G1100010007604610,11001007604610,G11000100076042020,110010076042020,0.0742455108,0.2611397934
G1100010007604611,11001007604611,G11000100076042033,110010076042033,1,1
G1100010007605701,11001007605701,G11000100076052003,110010076052003,0.9551832992,1
G1100010007605701,11001007605701,G11000100076052004,110010076052004,0.0448167008,0
G1100010007605702,11001007605702,G11000100076051002,110010076051002,0.0652489301,0.0403347044
G1100010007605702,11001007605702,G11000100076051003,110010076051003,0.0085152567,0.0002420158
G1100010007605702,11001007605702,G11000100076051004,110010076051004,0.0264688282,0.0066542693
G1100010007605702,11001007605702,G11000100076052001,110010076052001,0.7077293847,0.8182809872
G1100010007605702,11001007605702,G11000100076052002,110010076052002,0.1920376003,0.1344880233
G1100010007605703,11001007605703,G11000100076052000,110010076052000,1,1
G1100010007605704,11001007605704,G11000100076051000,110010076051000,1,1
G1100010007605705,11001007605705,G11000100076051001,110010076051001,1,1
G1100010007605706,11001007605706,G11000100076051006,110010076051006,0.8784190914,0.8431372549
G1100010007605706,11001007605706,G11000100076051007,110010076051007,0.1215809086,0.1568627451
G1100010007605707,11001007605707,G11000100076053001,110010076053001,1,1
G1100010007605708,11001007605708,G11000100076051005,110010076051005,1,1
G1100010007605709,11001007605709,G11000100076051009,110010076051009,1,1
G1100010007605710,11001007605710,G11000100076051008,110010076051008,1,1
G1100010007605711,11001007605711,G11000100076053005,110010076053005,1,1
G1100010007605712,11001007605712,G11000100076053000,110010076053000,1,1
G1100010007605713,11001007605713,G11000100076053002,110010076053002,1,1
G1100010007605714,11001007605714,G11000100076053004,110010076053004,1,1
G1100010007605716,11001007605716,G11000100076053003,110010076053003,1,1
G1100010007703101,11001007703101,G11000100077031000,110010077031000,1,1
G1100010007703102,11001007703102,G11000100077031001,110010077031001,1,1
G1100010007703103,11001007703103,G11000100077031002,110010077031002,1,1
G1100010007703104,11001007703104,G11000100077031004,110010077031004,1,1
G1100010007703105,11001007703105,G11000100077031003,110010077031003,1,1
G1100010007703107,11001007703107,G11000100077031005,110010077031005,1,1
G1100010007703108,11001007703108,G11000100077031006,110010077031006,1,1
G1100010007703201,11001007703201,G11000100077032000,110010077032000,0.0311039329,0.0057640184
G1100010007703201,11001007703201,G11000100077032001,110010077032001,0.2743148326,0.1906352177
G1100010007703201,11001007703201,G11000100077032002,110010077032002,0.4311684068,0.3812704354
G1100010007703201,11001007703201,G11000100077032003,110010077032003,0.0918925277,0.1451760504
G1100010007703201,11001007703201,G11000100077032004,110010077032004,0.1171475316,0.1979673415
G1100010007703201,11001007703201,G11000100077032006,110010077032006,0.0543727685,0.0791869366
G1100010007703202,11001007703202,G11000100077032007,110010077032007,1,1
G1100010007703203,11001007703203,G11000100077032008,110010077032008,1,1
G1100010007703204,11001007703204,G11000100077032009,110010077032009,1,1
G1100010007703206,11001007703206,G11000100077032005,110010077032005,1,1
G1100010007703301,11001007703301,G11000100077034000,110010077034000,1,1
G1100010007703302,11001007703302,G11000100077033000,110010077033000,1,1
G1100010007703303,11001007703303,G11000100077033002,110010077033002,0.5341655149,0.4247954688
G1100010007703303,11001007703303,G11000100077033003,110010077033003,0.4658344851,0.5752045312
G1100010007703304,11001007703304,G11000100077033004,110010077033004,0.6920870627,0.6164079823
G1100010007703304,11001007703304,G11000100077033005,110010077033005,0.3079129373,0.3835920177
G1100010007703305,11001007703305,G11000100077033001,110010077033001,1,1
G1100010007703306,11001007703306,G11000100077034001,110010077034001,0.7745089209,0.9012345679
G1100010007703306,11001007703306,G11000100077034002,110010077034002,0.2254910791,0.0987654321
G1100010007703320,11001007703320,G11000100077034003,110010077034003,1,1
G1100010007707104,11001007707104,G11000100077071008,110010077071008,1,1
G1100010007707105,11001007707105,G11000100077071011,110010077071011,1,1
G1100010007707106,11001007707106,G11000100077071012,110010077071012,1,1
G1100010007707107,11001007707107,G11000100077071013,110010077071013,1,1
G1100010007707111,11001007707111,G11000100077071003,110010077071003,1,1
G1100010007707112,11001007707112,G11000100077071006,110010077071006,1,1
G1100010007707113,11001007707113,G11000100077071007,110010077071007,1,1
G1100010007707114,11001007707114,G11000100077071005,110010077071005,1,1
G1100010007707115,11001007707115,G11000100077071004,110010077071004,1,1
G1100010007707120,11001007707120,G11000100077071000,110010077071000,0.0708061182,0
G1100010007707120,11001007707120,G11000100077071001,110010077071001,0.0963290616,0.2530120482
G1100010007707120,11001007707120,G11000100077071002,110010077071002,0.82424969,0.7469879518
G1100010007707120,11001007707120,G11000100077071010,110010077071010,0.0086151302,0
G1100010007707121,11001007707121,G11000100077071009,110010077071009,1,1
G1100010007707201,11001007707201,G11000100077072000,110010077072000,1,1
G1100010007707202,11001007707202,G11000100077072009,110010077072009,1,1
G1100010007707203,11001007707203,G11000100077072016,110010077072016,0.9545463505,0.9285714286
G1100010007707203,11001007707203,G11000100077072017,110010077072017,0.0454536495,0.0714285714
G1100010007707204,11001007707204,G11000100077072015,110010077072015,1,1
G1100010007707205,11001007707205,G11000100077072014,110010077072014,1,1
G1100010007707206,11001007707206,G11000100077072018,110010077072018,1,1
G1100010007707207,11001007707207,G11000100077072019,110010077072019,1,1
G1100010007707208,11001007707208,G11000100077072020,110010077072020,1,1
G1100010007707209,11001007707209,G11000100077072021,110010077072021,1,1
G1100010007707210,11001007707210,G11000100077072025,110010077072025,1,1
G1100010007707211,11001007707211,G11000100077072023,110010077072023,1,1
G1100010007707213,11001007707213,G11000100077072022,110010077072022,1,1
G1100010007707301,11001007707301,G11000100077072002,110010077072002,1,1
G1100010007707302,11001007707302,G11000100077072003,110010077072003,1,1
G1100010007707303,11001007707303,G11000100077072007,110010077072007,1,1
G1100010007707304,11001007707304,G11000100077072013,110010077072013,1,1
G1100010007707305,11001007707305,G11000100077072005,110010077072005,1,1
G1100010007707306,11001007707306,G11000100077072006,110010077072006,1,1
G1100010007707307,11001007707307,G11000100077072004,110010077072004,1,1
G1100010007707308,11001007707308,G11000100077072011,110010077072011,1,1
G1100010007707309,11001007707309,G11000100077072010,110010077072010,1,1
G1100010007707310,11001007707310,G11000100077072008,110010077072008,1,1
G1100010007707311,11001007707311,G11000100077072001,110010077072001,1,1
G1100010007707312,11001007707312,G11000100077072012,110010077072012,1,1
G1100010007707313,11001007707313,G11000100077072024,110010077072024,1,1
G1100010007708101,11001007708101,G11000100077081000,110010077081000,1,1
G1100010007708102,11001007708102,G11000100077081003,110010077081003,1,1
G1100010007708103,11001007708103,G11000100077081002,110010077081002,1,1
G1100010007708104,11001007708104,G11000100077081001,110010077081001,1,1
G1100010007708105,11001007708105,G11000100077081005,110010077081005,1,1
G1100010007708106,11001007708106,G11000100077081004,110010077081004,1,1
G1100010007708107,11001007708107,G11000100077081003,110010077081003,1,1
G1100010007708108,11001007708108,G11000100077081000,110010077081000,1,1
G1100010007708201,11001007708201,G11000100077082006,110010077082006,1,1
G1100010007708202,11001007708202,G11000100077082011,110010077082011,1,1
G1100010007708203,11001007708203,G11000100077082012,110010077082012,1,1
G1100010007708204,11001007708204,G11000100077082009,110010077082009,1,1
G1100010007708205,11001007708205,G11000100077082010,110010077082010,1,1
G1100010007708206,11001007708206,G11000100077082006,110010077082006,1,1
G1100010007708207,11001007708207,G11000100077082008,110010077082008,1,1
G1100010007708208,11001007708208,G11000100077082007,110010077082007,1,1
G1100010007708209,11001007708209,G11000100077082013,110010077082013,0.140259215,0
G1100010007708209,11001007708209,G11000100077082014,110010077082014,0.859740785,1
G1100010007708210,11001007708210,G11000100077082006,110010077082006,1,1
G1100010007708211,11001007708211,G11000100077082015,110010077082015,1,1
G1100010007708212,11001007708212,G11000100077082017,110010077082017,1,1
G1100010007708213,11001007708213,G11000100077082017,110010077082017,1,1
G1100010007708214,11001007708214,G11000100077082016,110010077082016,1,1
G1100010007708301,11001007708301,G11000100077082000,110010077082000,0.3968388023,0.3968388023
G1100010007708301,11001007708301,G11000100077082001,110010077082001,0.440975938,0.440975938
G1100010007708301,11001007708301,G11000100077082002,110010077082002,0.1621852597,0.1621852597
G1100010007708302,11001007708302,G11000100077082003,110010077082003,0.0393763689,0.0393763689
G1100010007708302,11001007708302,G11000100077082005,110010077082005,0.0595274624,0.0595274624
G1100010007708302,11001007708302,G11000100077082018,110010077082018,0.9010961687,0.9010961687
G1100010007708303,11001007708303,G11000100077082019,110010077082019,0.7602398672,0.7602398672
G1100010007708303,11001007708303,G11000100077082021,110010077082021,0.2397601328,0.2397601328
G1100010007708304,11001007708304,G11000100077082002,110010077082002,0.0827676307,0.0827676307
G1100010007708304,11001007708304,G11000100077082004,110010077082004,0.9172323693,0.9172323693
G1100010007709301,11001007709301,G11000100077091000,110010077091000,0.0598488578,0.2198154998
G1100010007709301,11001007709301,G11000100077091001,110010077091001,0.092594313,0.1969180519
G1100010007709301,11001007709301,G11000100077091003,110010077091003,0.0527470947,0
G1100010007709301,11001007709301,G11000100077091004,110010077091004,0.0331493442,0.2922166529
G1100010007709301,11001007709301,G11000100077091005,110010077091005,0.0254395226,0
G1100010007709301,11001007709301,G11000100077091006,110010077091006,0.5092249891,0
G1100010007709301,11001007709301,G11000100077091007,110010077091007,0.0250801693,0
G1100010007709301,11001007709301,G11000100077091015,110010077091015,0.035299991,0.2910497953
G1100010007709301,11001007709301,G11000100077091022,110010077091022,0.0457846803,0
G1100010007709301,11001007709301,G11000100077091026,110010077091026,0.0281625649,0
G1100010007709301,11001007709301,G11000100077091027,110010077091027,0.0739733966,0
G1100010007709301,11001007709301,G11000100077091028,110010077091028,0.0186950765,0
G1100010007709302,11001007709302,G11000100077091008,110010077091008,1,1
G1100010007709303,11001007709303,G11000100077091002,110010077091002,1,1
G1100010007709304,11001007709304,G11000100077091012,110010077091012,0.8429838261,0.88
G1100010007709304,11001007709304,G11000100077091018,110010077091018,0.1570161739,0.12
G1100010007709309,11001007709309,G11000100077091014,110010077091014,1,1
G1100010007709310,11001007709310,G11000100077091013,110010077091013,1,1
G1100010007709317,11001007709317,G11000100077091010,110010077091010,1,1
G1100010007709318,11001007709318,G11000100077091011,110010077091011,1,1
G1100010007709401,11001007709401,G11000100077091017,110010077091017,1,1
G1100010007709402,11001007709402,G11000100077091019,110010077091019,1,1
G1100010007709403,11001007709403,G11000100077091020,110010077091020,1,1
G1100010007709404,11001007709404,G11000100077091016,110010077091016,1,1
G1100010007709405,11001007709405,G11000100077091021,110010077091021,1,1
G1100010007709406,11001007709406,G11000100077091025,110010077091025,1,1
G1100010007709407,11001007709407,G11000100077091024,110010077091024,1,1
G1100010007709408,11001007709408,G11000100077091023,110010077091023,1,1
G1100010007709409,11001007709409,G11000100077091029,110010077091029,1,1
G1100010007709410,11001007709410,G11000100077091030,110010077091030,1,1
G1100010007709411,11001007709411,G11000100077091031,110010077091031,0.3584178209,1
G1100010007709411,11001007709411,G11000100077091032,110010077091032,0.6415821791,0
G1100010007709501,11001007709501,G11000100077092008,110010077092008,0.9770316612,1
G1100010007709501,11001007709501,G11000100077092009,110010077092009,0.0229683388,0
G1100010007709502,11001007709502,G11000100077092010,110010077092010,1,1
G1100010007709503,11001007709503,G11000100077092003,110010077092003,0.0513249227,0
G1100010007709503,11001007709503,G11000100077092004,110010077092004,0.9486750773,1
G1100010007709504,11001007709504,G11000100077092001,110010077092001,1,1
G1100010007709505,11001007709505,G11000100077092002,110010077092002,1,1
G1100010007709506,11001007709506,G11000100077092011,110010077092011,0.9743589918,0.1578947368
G1100010007709506,11001007709506,G11000100077092014,110010077092014,0.0256410082,0.8421052632
G1100010007709507,11001007709507,G11000100077092000,110010077092000,1,1
G1100010007709508,11001007709508,G11000100077092007,110010077092007,1,1
G1100010007709509,11001007709509,G11000100077092006,110010077092006,1,1
G1100010007709510,11001007709510,G11000100077092005,110010077092005,1,1
G1100010007709511,11001007709511,G11000100077092013,110010077092013,1,1
G1100010007709512,11001007709512,G11000100077092012,110010077092012,1,1
G1100010007709513,11001007709513,G11000100077092015,110010077092015,1,1
G1100010007803101,11001007803101,G11000100078031003,110010078031003,1,1
G1100010007803102,11001007803102,G11000100078092014,110010078092014,0.5175093383,0.0848384475
G1100010007803102,11001007803102,G11000100078092015,110010078092015,0.4824906617,0.9151615525
G1100010007803103,11001007803103,G11000100078031000,110010078031000,1,1
G1100010007803104,11001007803104,G11000100078041009,110010078041009,1,1
G1100010007803105,11001007803105,G11000100078041008,110010078041008,1,1
G1100010007803106,11001007803106,G11000100078031002,110010078031002,1,1
G1100010007803107,11001007803107,G11000100078031010,110010078031010,0.9077372796,1
G1100010007803107,11001007803107,G11000100078031011,110010078031011,0,0
G1100010007803107,11001007803107,G11000100078031012,110010078031012,0.0922627204,0
G1100010007803108,11001007803108,G11000100078041006,110010078041006,0.6723480824,1
G1100010007803108,11001007803108,G11000100078041007,110010078041007,0,0
G1100010007803108,11001007803108,G11000100078041010,110010078041010,0.0007906311,0
G1100010007803108,11001007803108,G11000100078041014,110010078041014,0.3268612866,0
G1100010007803109,11001007803109,G11000100078031005,110010078031005,1,1
G1100010007803110,11001007803110,G11000100078031006,110010078031006,1,1
G1100010007803111,11001007803111,G11000100078031001,110010078031001,0,0
G1100010007803111,11001007803111,G11000100078031006,110010078031006,1,1
G1100010007803201,11001007803201,G11000100078032000,110010078032000,1,1
G1100010007803202,11001007803202,G11000100078032001,110010078032001,1,1
G1100010007803203,11001007803203,G11000100078032002,110010078032002,1,1
G1100010007803204,11001007803204,G11000100078032003,110010078032003,1,1
G1100010007803205,11001007803205,G11000100078032004,110010078032004,1,1
G1100010007803206,11001007803206,G11000100078032007,110010078032007,1,1
G1100010007803207,11001007803207,G11000100078032006,110010078032006,1,1
G1100010007803208,11001007803208,G11000100078032005,110010078032005,1,1
G1100010007803301,11001007803301,G11000100078033000,110010078033000,1,1
G1100010007803302,11001007803302,G11000100078033001,110010078033001,1,1
G1100010007803303,11001007803303,G11000100078033004,110010078033004,1,1
G1100010007803304,11001007803304,G11000100078033003,110010078033003,1,1
G1100010007803305,11001007803305,G11000100078033002,110010078033002,1,1
G1100010007803306,11001007803306,G11000100078033010,110010078033010,1,1
G1100010007803307,11001007803307,G11000100078033009,110010078033009,1,1
G1100010007803308,11001007803308,G11000100078033011,110010078033011,1,1
G1100010007803309,11001007803309,G11000100078033008,110010078033008,1,1
G1100010007803310,11001007803310,G11000100078033007,110010078033007,1,1
G1100010007803311,11001007803311,G11000100078033006,110010078033006,1,1
G1100010007803321,11001007803321,G11000100078033005,110010078033005,1,1
G1100010007803401,11001007803401,G11000100078034006,110010078034006,1,1
G1100010007803402,11001007803402,G11000100078034005,110010078034005,1,1
G1100010007803403,11001007803403,G11000100078034004,110010078034004,1,1
G1100010007803404,11001007803404,G11000100078034003,110010078034003,1,1
G1100010007803405,11001007803405,G11000100078034002,110010078034002,1,1
G1100010007803406,11001007803406,G11000100078034001,110010078034001,1,1
G1100010007803407,11001007803407,G11000100078034000,110010078034000,1,1
G1100010007803501,11001007803501,G11000100078031013,110010078031013,1,1
G1100010007803502,11001007803502,G11000100078031004,110010078031004,0.7115747323,0.7115747323
G1100010007803502,11001007803502,G11000100078031014,110010078031014,0.2884252677,0.2884252677
G1100010007803503,11001007803503,G11000100078031009,110010078031009,1,1
G1100010007803506,11001007803506,G11000100078031008,110010078031008,1,1
G1100010007803508,11001007803508,G11000100078031007,110010078031007,1,1
G1100010007804101,11001007804101,G11000100078041000,110010078041000,0.8984213522,0.9833021597
G1100010007804101,11001007804101,G11000100078041001,110010078041001,0.1015786478,0.0166978403
G1100010007804102,11001007804102,G11000100078041002,110010078041002,0.225605992,0
G1100010007804102,11001007804102,G11000100078041005,110010078041005,0.774394008,1
G1100010007804103,11001007804103,G11000100078041000,110010078041000,1,1
G1100010007804104,11001007804104,G11000100078092014,110010078092014,0.5175093383,0.0751996666
G1100010007804104,11001007804104,G11000100078092015,110010078092015,0.4824906617,0.9248003334
G1100010007804105,11001007804105,G11000100078041004,110010078041004,1,1
G1100010007804106,11001007804106,G11000100078041003,110010078041003,0.3377240006,0.5195061739
G1100010007804106,11001007804106,G11000100078041004,110010078041004,0.6622759994,0.4804938261
G1100010007804107,11001007804107,G11000100078041003,110010078041003,1,1
G1100010007804201,11001007804201,G11000100078042007,110010078042007,1,1
G1100010007804202,11001007804202,G11000100078042009,110010078042009,1,1
G1100010007804203,11001007804203,G11000100078042000,110010078042000,1,1
G1100010007804204,11001007804204,G11000100078042008,110010078042008,1,1
G1100010007804205,11001007804205,G11000100078042011,110010078042011,1,1
G1100010007804206,11001007804206,G11000100078042010,110010078042010,1,1
G1100010007804207,11001007804207,G11000100078042000,110010078042000,1,1
G1100010007804208,11001007804208,G11000100078042001,110010078042001,0.0540837997,0.3333333333
G1100010007804208,11001007804208,G11000100078042002,110010078042002,0.9459162003,0.6666666667
G1100010007804209,11001007804209,G11000100078042005,110010078042005,1,1
G1100010007804210,11001007804210,G11000100078042003,110010078042003,0.9348526703,0.813253012
G1100010007804210,11001007804210,G11000100078042004,110010078042004,0.0651473297,0.186746988
G1100010007804211,11001007804211,G11000100078042006,110010078042006,1,1
G1100010007804301,11001007804301,G11000100078043006,110010078043006,0.5131396957,1
G1100010007804301,11001007804301,G11000100078043007,110010078043007,0.4868603043,0
G1100010007804302,11001007804302,G11000100078043005,110010078043005,1,1
G1100010007804303,11001007804303,G11000100078043010,110010078043010,1,1
G1100010007804304,11001007804304,G11000100078043009,110010078043009,1,1
G1100010007804305,11001007804305,G11000100078043008,110010078043008,1,1
G1100010007804306,11001007804306,G11000100078043019,110010078043019,1,1
G1100010007804307,11001007804307,G11000100078043018,110010078043018,0.9196422492,1
G1100010007804307,11001007804307,G11000100078043021,110010078043021,0.0803577508,0
G1100010007804308,11001007804308,G11000100078043017,110010078043017,1,1
G1100010007804309,11001007804309,G11000100078043020,110010078043020,1,1
G1100010007804401,11001007804401,G11000100078043015,110010078043015,1,1
G1100010007804402,11001007804402,G11000100078043014,110010078043014,1,1
G1100010007804403,11001007804403,G11000100078043013,110010078043013,1,1
G1100010007804404,11001007804404,G11000100078043012,110010078043012,1,1
G1100010007804405,11001007804405,G11000100078043011,110010078043011,1,1
G1100010007804406,11001007804406,G11000100078043004,110010078043004,1,1
G1100010007804407,11001007804407,G11000100078043003,110010078043003,1,1
G1100010007804408,11001007804408,G11000100078043002,110010078043002,1,1
G1100010007804409,11001007804409,G11000100078043001,110010078043001,1,1
G1100010007804410,11001007804410,G11000100078043000,110010078043000,1,1
G1100010007804411,11001007804411,G11000100078043016,110010078043016,1,1
G1100010007804501,11001007804501,G11000100078041016,110010078041016,1,1
G1100010007804502,11001007804502,G11000100078041010,110010078041010,0.0167936557,0.0167936557
G1100010007804502,11001007804502,G11000100078041011,110010078041011,0.9832063443,0.9832063443
G1100010007804502,11001007804502,G11000100078041012,110010078041012,0,0
G1100010007804503,11001007804503,G11000100078041017,110010078041017,1,1
G1100010007804504,11001007804504,G11000100078041012,110010078041012,0,0
G1100010007804504,11001007804504,G11000100078041013,110010078041013,1,1
G1100010007804505,11001007804505,G11000100078041006,110010078041006,0.9939106077,1
G1100010007804505,11001007804505,G11000100078041010,110010078041010,0.0060893923,0
G1100010007804508,11001007804508,G11000100078041015,110010078041015,1,1
G1100010007807104,11001007807104,G11000100078071007,110010078071007,1,1
G1100010007807107,11001007807107,G11000100078071013,110010078071013,0.9309958453,1
G1100010007807107,11001007807107,G11000100078071014,110010078071014,0.0690041547,0
G1100010007807111,11001007807111,G11000100078071012,110010078071012,1,1
G1100010007807112,11001007807112,G11000100078071008,110010078071008,1,1
G1100010007807120,11001007807120,G11000100078071005,110010078071005,1,1
G1100010007807121,11001007807121,G11000100078071006,110010078071006,1,1
G1100010007807201,11001007807201,G11000100078071009,110010078071009,1,1
G1100010007807202,11001007807202,G11000100078071011,110010078071011,1,1
G1100010007807203,11001007807203,G11000100078071009,110010078071009,0.5214107292,0.2676574527
G1100010007807203,11001007807203,G11000100078071010,110010078071010,0.4785892708,0.7323425473
G1100010007807204,11001007807204,G11000100078071003,110010078071003,1,1
G1100010007807205,11001007807205,G11000100078071000,110010078071000,0.6747062726,0.8023255814
G1100010007807205,11001007807205,G11000100078071004,110010078071004,0.3252937274,0.1976744186
G1100010007807207,11001007807207,G11000100078071001,110010078071001,1,1
G1100010007807208,11001007807208,G11000100078071002,110010078071002,1,1
G1100010007807301,11001007807301,G11000100078072007,110010078072007,1,1
G1100010007807302,11001007807302,G11000100078072008,110010078072008,1,1
G1100010007807401,11001007807401,G11000100078072006,110010078072006,1,1
G1100010007807402,11001007807402,G11000100078072004,110010078072004,1,1
G1100010007807403,11001007807403,G11000100078072005,110010078072005,1,1
G1100010007807404,11001007807404,G11000100078072003,110010078072003,1,1
G1100010007807405,11001007807405,G11000100078072002,110010078072002,1,1
G1100010007807406,11001007807406,G11000100078072003,110010078072003,1,1
G1100010007807407,11001007807407,G11000100078072001,110010078072001,1,1
G1100010007807408,11001007807408,G11000100078072000,110010078072000,1,1
G1100010007808101,11001007808101,G11000100078082000,110010078082000,1,1
G1100010007808102,11001007808102,G11000100078082009,110010078082009,0.9359749121,0.6051282051
G1100010007808102,11001007808102,G11000100078082018,110010078082018,0.0640250879,0.3948717949
G1100010007808103,11001007808103,G11000100078082010,110010078082010,1,1
G1100010007808104,11001007808104,G11000100078082008,110010078082008,1,1
G1100010007808105,11001007808105,G11000100078082016,110010078082016,0.9544626594,0.9544626594
G1100010007808105,11001007808105,G11000100078082017,110010078082017,0.0455373406,0.0455373406
G1100010007808106,11001007808106,G11000100078082007,110010078082007,1,1
G1100010007808107,11001007808107,G11000100078082011,110010078082011,1,1
G1100010007808108,11001007808108,G11000100078082015,110010078082015,1,1
G1100010007808201,11001007808201,G11000100078082012,110010078082012,1,1
G1100010007808202,11001007808202,G11000100078082004,110010078082004,1,1
G1100010007808203,11001007808203,G11000100078082005,110010078082005,1,1
G1100010007808204,11001007808204,G11000100078082006,110010078082006,1,1
G1100010007808205,11001007808205,G11000100078082001,110010078082001,1,1
G1100010007808206,11001007808206,G11000100078082002,110010078082002,1,1
G1100010007808207,11001007808207,G11000100078082003,110010078082003,1,1
G1100010007808208,11001007808208,G11000100078082012,110010078082012,1,1
G1100010007808209,11001007808209,G11000100078082013,110010078082013,0,0
G1100010007808209,11001007808209,G11000100078082014,110010078082014,1,1
G1100010007808210,11001007808210,G11000100078082019,110010078082019,1,1
G1100010007808301,11001007808301,G11000100078083000,110010078083000,1,1
G1100010007808302,11001007808302,G11000100078083001,110010078083001,1,1
G1100010007808303,11001007808303,G11000100078083002,110010078083002,0.5028647127,1
G1100010007808303,11001007808303,G11000100078083014,110010078083014,0.4971352873,0
G1100010007808304,11001007808304,G11000100078083003,110010078083003,0,0
G1100010007808304,11001007808304,G11000100078083004,110010078083004,0.0588647922,0.0192307692
G1100010007808304,11001007808304,G11000100078083005,110010078083005,0,0
G1100010007808304,11001007808304,G11000100078083006,110010078083006,0.9411352078,0.9807692308
G1100010007808305,11001007808305,G11000100078083012,110010078083012,0.5104526301,0.7665198238
G1100010007808305,11001007808305,G11000100078083013,110010078083013,0.4895473699,0.2334801762
G1100010007808307,11001007808307,G11000100078083011,110010078083011,1,1
G1100010007808308,11001007808308,G11000100078083007,110010078083007,1,1
G1100010007808309,11001007808309,G11000100078083008,110010078083008,1,1
G1100010007808310,11001007808310,G11000100078083009,110010078083009,1,1
G1100010007808311,11001007808311,G11000100078083010,110010078083010,1,1
G1100010007808401,11001007808401,G11000100078081015,110010078081015,1,1
G1100010007808402,11001007808402,G11000100078081009,110010078081009,1,1
G1100010007808403,11001007808403,G11000100078081008,110010078081008,1,1
G1100010007808404,11001007808404,G11000100078081006,110010078081006,1,1
G1100010007808405,11001007808405,G11000100078081005,110010078081005,1,1
G1100010007808406,11001007808406,G11000100078081007,110010078081007,1,1
G1100010007808407,11001007808407,G11000100078081000,110010078081000,1,1
G1100010007808408,11001007808408,G11000100078081001,110010078081001,1,1
G1100010007808409,11001007808409,G11000100078081002,110010078081002,1,1
G1100010007808409,11001007808409,G11000100078081003,110010078081003,0,0
G1100010007808502,11001007808502,G11000100078081004,110010078081004,1,1
G1100010007808503,11001007808503,G11000100078081013,110010078081013,1,1
G1100010007808504,11001007808504,G11000100078081012,110010078081012,1,1
G1100010007808505,11001007808505,G11000100078081011,110010078081011,1,1
G1100010007808506,11001007808506,G11000100078081010,110010078081010,1,1
G1100010007808507,11001007808507,G11000100078081014,110010078081014,1,1
G1100010007809301,11001007809301,G11000100078091000,110010078091000,1,1
G1100010007809302,11001007809302,G11000100078091001,110010078091001,1,1
G1100010007809303,11001007809303,G11000100078091002,110010078091002,1,1
G1100010007809304,11001007809304,G11000100078091007,110010078091007,1,1
G1100010007809305,11001007809305,G11000100078091006,110010078091006,1,1
G1100010007809306,11001007809306,G11000100078091005,110010078091005,1,1
G1100010007809307,11001007809307,G11000100078091004,110010078091004,1,1
G1100010007809308,11001007809308,G11000100078091003,110010078091003,1,1
G1100010007809401,11001007809401,G11000100078092000,110010078092000,1,1
G1100010007809402,11001007809402,G11000100078092001,110010078092001,1,1
G1100010007809403,11001007809403,G11000100078092002,110010078092002,1,1
G1100010007809404,11001007809404,G11000100078092003,110010078092003,1,1
G1100010007809405,11001007809405,G11000100078092004,110010078092004,1,1
G1100010007809406,11001007809406,G11000100078092010,110010078092010,1,1
G1100010007809407,11001007809407,G11000100078092011,110010078092011,1,1
G1100010007809408,11001007809408,G11000100078092012,110010078092012,1,1
G1100010007809409,11001007809409,G11000100078092013,110010078092013,1,1
G1100010007809701,11001007809701,G11000100078092005,110010078092005,1,1
G1100010007809702,11001007809702,G11000100078092006,110010078092006,1,1
G1100010007809703,11001007809703,G11000100078092007,110010078092007,1,1
G1100010007809704,11001007809704,G11000100078092008,110010078092008,1,1
G1100010007809705,11001007809705,G11000100078092009,110010078092009,1,1
G1100010007809706,11001007809706,G11000100078092014,110010078092014,0.5175093383,0.9777194778
G1100010007809706,11001007809706,G11000100078092015,110010078092015,0.4824906617,0.0222805222
G1100010007860101,11001007860101,G11000100078061000,110010078061000,1,1
G1100010007860102,11001007860102,G11000100078061001,110010078061001,1,1
G1100010007860103,11001007860103,G11000100078061002,110010078061002,1,1
G1100010007860104,11001007860104,G11000100078061003,110010078061003,1,1
G1100010007860105,11001007860105,G11000100078061004,110010078061004,1,1
G1100010007860106,11001007860106,G11000100078061005,110010078061005,1,1
G1100010007860107,11001007860107,G11000100078061006,110010078061006,1,1
G1100010007860108,11001007860108,G11000100078061007,110010078061007,1,1
G1100010007860201,11001007860201,G11000100078061012,110010078061012,1,1
G1100010007860202,11001007860202,G11000100078061011,110010078061011,1,1
G1100010007860203,11001007860203,G11000100078061010,110010078061010,1,1
G1100010007860204,11001007860204,G11000100078061009,110010078061009,1,1
G1100010007860205,11001007860205,G11000100078061008,110010078061008,1,1
G1100010007860206,11001007860206,G11000100078061017,110010078061017,1,1
G1100010007860207,11001007860207,G11000100078061016,110010078061016,1,1
G1100010007860208,11001007860208,G11000100078061015,110010078061015,1,1
G1100010007860209,11001007860209,G11000100078061014,110010078061014,1,1
G1100010007860210,11001007860210,G11000100078061013,110010078061013,1,1
G1100010007860501,11001007860501,G11000100078062017,110010078062017,1,1
G1100010007860502,11001007860502,G11000100078062016,110010078062016,1,1
G1100010007860503,11001007860503,G11000100078062007,110010078062007,1,1
G1100010007860504,11001007860504,G11000100078062008,110010078062008,1,1
G1100010007860505,11001007860505,G11000100078062020,110010078062020,1,1
G1100010007860506,11001007860506,G11000100078062019,110010078062019,1,1
G1100010007860507,11001007860507,G11000100078062014,110010078062014,1,1
G1100010007860508,11001007860508,G11000100078062015,110010078062015,1,1
G1100010007860509,11001007860509,G11000100078062018,110010078062018,1,1
G1100010007860510,11001007860510,G11000100078062013,110010078062013,1,1
G1100010007860601,11001007860601,G11000100078062000,110010078062000,0.4002476234,0.2814981354
G1100010007860601,11001007860601,G11000100078062011,110010078062011,0.4513356976,0.672714981
G1100010007860601,11001007860601,G11000100078062021,110010078062021,0.0689358487,0.0457868835
G1100010007860601,11001007860601,G11000100078062022,110010078062022,0.0794808302,0
G1100010007860602,11001007860602,G11000100078062004,110010078062004,1,1
G1100010007860603,11001007860603,G11000100078062003,110010078062003,1,1
G1100010007860604,11001007860604,G11000100078062001,110010078062001,1,1
G1100010007860605,11001007860605,G11000100078062002,110010078062002,1,1
G1100010007860606,11001007860606,G11000100078062006,110010078062006,1,1
G1100010007860607,11001007860607,G11000100078062005,110010078062005,1,1
G1100010007860608,11001007860608,G11000100078062000,110010078062000,1,1
G1100010007860609,11001007860609,G11000100078062009,110010078062009,1,1
G1100010007860610,11001007860610,G11000100078062010,110010078062010,0.379273361,0.5535714286
G1100010007860610,11001007860610,G11000100078062012,110010078062012,0.620726639,0.4464285714
G1100010007901101,11001007901101,G11000100079011000,110010079011000,1,1
G1100010007901102,11001007901102,G11000100079011001,110010079011001,1,1
G1100010007901103,11001007901103,G11000100079011002,110010079011002,1,1
G1100010007901104,11001007901104,G11000100079011003,110010079011003,1,1
G1100010007901105,11001007901105,G11000100079011004,110010079011004,1,1
G1100010007901106,11001007901106,G11000100079011005,110010079011005,1,1
G1100010007901201,11001007901201,G11000100079012001,110010079012001,1,1
G1100010007901202,11001007901202,G11000100079012000,110010079012000,1,1
G1100010007901203,11001007901203,G11000100079012002,110010079012002,1,1
G1100010007901204,11001007901204,G11000100079012003,110010079012003,1,1
G1100010007901205,11001007901205,G11000100079012004,110010079012004,1,1
G1100010007901206,11001007901206,G11000100079012005,110010079012005,1,1
G1100010007901301,11001007901301,G11000100079013006,110010079013006,1,1
G1100010007901302,11001007901302,G11000100079013005,110010079013005,1,1
G1100010007901303,11001007901303,G11000100079013004,110010079013004,1,1
G1100010007901304,11001007901304,G11000100079013003,110010079013003,1,1
G1100010007901305,11001007901305,G11000100079013002,110010079013002,1,1
G1100010007901306,11001007901306,G11000100079013001,110010079013001,1,1
G1100010007901307,11001007901307,G11000100079013000,110010079013000,1,1
G1100010007901401,11001007901401,G11000100079014002,110010079014002,1,1
G1100010007901402,11001007901402,G11000100079014004,110010079014004,1,1
G1100010007901403,11001007901403,G11000100079014005,110010079014005,0.8997289203,0.9507575758
G1100010007901403,11001007901403,G11000100079014006,110010079014006,0.1002710797,0.0492424242
G1100010007901405,11001007901405,G11000100079014003,110010079014003,1,1
G1100010007901406,11001007901406,G11000100079014000,110010079014000,1,1
G1100010007901407,11001007901407,G11000100079014001,110010079014001,1,1
G1100010007903101,11001007903101,G11000100079031000,110010079031000,1,1
G1100010007903105,11001007903105,G11000100079031014,110010079031014,1,1
G1100010007903107,11001007903107,G11000100079031001,110010079031001,1,1
G1100010007903108,11001007903108,G11000100079031002,110010079031002,1,1
G1100010007903109,11001007903109,G11000100079031003,110010079031003,1,1
G1100010007903201,11001007903201,G11000100079031013,110010079031013,1,1
G1100010007903202,11001007903202,G11000100079031012,110010079031012,1,1
G1100010007903203,11001007903203,G11000100079031017,110010079031017,0.8950574319,0.796875
G1100010007903203,11001007903203,G11000100079031018,110010079031018,0.1049425681,0.203125
G1100010007903205,11001007903205,G11000100079031016,110010079031016,1,1
G1100010007903206,11001007903206,G11000100079031015,110010079031015,1,1
G1100010007903207,11001007903207,G11000100079031011,110010079031011,1,1
G1100010007903301,11001007903301,G11000100079031007,110010079031007,1,1
G1100010007903302,11001007903302,G11000100079031010,110010079031010,1,1
G1100010007903303,11001007903303,G11000100079031009,110010079031009,1,1
G1100010007903304,11001007903304,G11000100079031008,110010079031008,1,1
G1100010007903305,11001007903305,G11000100079031005,110010079031005,1,1
G1100010007903306,11001007903306,G11000100079031004,110010079031004,1,1
G1100010007903307,11001007903307,G11000100079031006,110010079031006,1,1
G1100010008001101,11001008001101,G11000100080011000,110010080011000,1,1
G1100010008001102,11001008001102,G11000100080011006,110010080011006,1,1
G1100010008001103,11001008001103,G11000100080011003,110010080011003,1,1
G1100010008001104,11001008001104,G11000100080011001,110010080011001,1,1
G1100010008001105,11001008001105,G11000100080011002,110010080011002,0.9631686838,0.8620689655
G1100010008001105,11001008001105,G11000100080011004,110010080011004,0.0368313162,0.1379310345
G1100010008001106,11001008001106,G11000100080011005,110010080011005,1,1
G1100010008001201,11001008001201,G11000100080012003,110010080012003,1,1
G1100010008001202,11001008001202,G11000100080012002,110010080012002,1,1
G1100010008001203,11001008001203,G11000100080012012,110010080012012,1,1
G1100010008001204,11001008001204,G11000100080012001,110010080012001,1,1
G1100010008001205,11001008001205,G11000100080012000,110010080012000,1,1
G1100010008001206,11001008001206,G11000100080012008,110010080012008,0.0441787456,0.0318471338
G1100010008001206,11001008001206,G11000100080012009,110010080012009,0.9558212544,0.9681528662
G1100010008001207,11001008001207,G11000100080012004,110010080012004,0.7275394254,1
G1100010008001207,11001008001207,G11000100080012013,110010080012013,0.2724605746,0
G1100010008001208,11001008001208,G11000100080012005,110010080012005,1,1
G1100010008001209,11001008001209,G11000100080012006,110010080012006,1,1
G1100010008001210,11001008001210,G11000100080012007,110010080012007,1,1
G1100010008001211,11001008001211,G11000100080012010,110010080012010,1,1
G1100010008001212,11001008001212,G11000100080012011,110010080012011,1,1
G1100010008001301,11001008001301,G11000100080013004,110010080013004,1,1
G1100010008001302,11001008001302,G11000100080013003,110010080013003,1,1
G1100010008001303,11001008001303,G11000100080013005,110010080013005,1,1
G1100010008001304,11001008001304,G11000100080013002,110010080013002,1,1
G1100010008001305,11001008001305,G11000100080013001,110010080013001,1,1
G1100010008001306,11001008001306,G11000100080013000,110010080013000,1,1
G1100010008002101,11001008002101,G11000100080021002,110010080021002,1,1
G1100010008002102,11001008002102,G11000100080021000,110010080021000,1,1
G1100010008002103,11001008002103,G11000100080021001,110010080021001,1,1
G1100010008002104,11001008002104,G11000100080021003,110010080021003,1,1
G1100010008002105,11001008002105,G11000100080021008,110010080021008,1,1
G1100010008002106,11001008002106,G11000100080021009,110010080021009,1,1
G1100010008002201,11001008002201,G11000100080021004,110010080021004,1,1
G1100010008002202,11001008002202,G11000100080021013,110010080021013,1,1
G1100010008002203,11001008002203,G11000100080021005,110010080021005,1,1
G1100010008002204,11001008002204,G11000100080021012,110010080021012,1,1
G1100010008002205,11001008002205,G11000100080021011,110010080021011,1,1
G1100010008002206,11001008002206,G11000100080021010,110010080021010,1,1
G1100010008002207,11001008002207,G11000100080021006,110010080021006,0.8734664809,0.8897058824
G1100010008002207,11001008002207,G11000100080021007,110010080021007,0.1265335191,0.1102941176
G1100010008002301,11001008002301,G11000100080022000,110010080022000,1,1
G1100010008002302,11001008002302,G11000100080022001,110010080022001,1,1
G1100010008002303,11001008002303,G11000100080022002,110010080022002,0.8658020358,0.8471760797
G1100010008002303,11001008002303,G11000100080022003,110010080022003,0.1341979642,0.1528239203
G1100010008002304,11001008002304,G11000100080022004,110010080022004,1,1
G1100010008002305,11001008002305,G11000100080022005,110010080022005,0.8678245351,0.9895833333
G1100010008002305,11001008002305,G11000100080022018,110010080022018,0.1321754649,0.0104166667
G1100010008002306,11001008002306,G11000100080022017,110010080022017,1,1
G1100010008002401,11001008002401,G11000100080022011,110010080022011,1,1
G1100010008002402,11001008002402,G11000100080022010,110010080022010,1,1
G1100010008002403,11001008002403,G11000100080022012,110010080022012,1,1
G1100010008002404,11001008002404,G11000100080022009,110010080022009,1,1
G1100010008002405,11001008002405,G11000100080022008,110010080022008,1,1
G1100010008002406,11001008002406,G11000100080022007,110010080022007,1,1
G1100010008002407,11001008002407,G11000100080022006,110010080022006,1,1
G1100010008002408,11001008002408,G11000100080022013,110010080022013,0.9372504583,0.8469945355
G1100010008002408,11001008002408,G11000100080022023,110010080022023,0.0627495417,0.1530054645
G1100010008002409,11001008002409,G11000100080022014,110010080022014,0.9662090003,0.9621840846
G1100010008002409,11001008002409,G11000100080022016,110010080022016,0.0206080316,0.0374738887
G1100010008002409,11001008002409,G11000100080022019,110010080022019,0.0131829681,0.0003420267
G1100010008002410,11001008002410,G11000100080022015,110010080022015,1,1
G1100010008002411,11001008002411,G11000100080022016,110010080022016,0.6098674724,0.5544777415
G1100010008002411,11001008002411,G11000100080022019,110010080022019,0.3901325276,0.4455222585
G1100010008002412,11001008002412,G11000100080022020,110010080022020,0.3016612985,0.3016612985
G1100010008002412,11001008002412,G11000100080022021,110010080022021,0.1994405831,0.1994405831
G1100010008002412,11001008002412,G11000100080022022,110010080022022,0.4988981183,0.4988981183
G1100010008110101,11001008110101,G11000100081001000,110010081001000,1,1
G1100010008110102,11001008110102,G11000100081001005,110010081001005,1,1
G1100010008110103,11001008110103,G11000100081001004,110010081001004,1,1
G1100010008110104,11001008110104,G11000100081001001,110010081001001,1,1
G1100010008110105,11001008110105,G11000100081001002,110010081001002,0.0558625675,0.0806451613
G1100010008110105,11001008110105,G11000100081001003,110010081001003,0.9441374325,0.9193548387
G1100010008110107,11001008110107,G11000100081001006,110010081001006,1,1
G1100010008110201,11001008110201,G11000100081002003,110010081002003,1,1
G1100010008110202,11001008110202,G11000100081002002,110010081002002,1,1
G1100010008110203,11001008110203,G11000100081002001,110010081002001,1,1
G1100010008110204,11001008110204,G11000100081002000,110010081002000,1,1
G1100010008110205,11001008110205,G11000100081002007,110010081002007,1,1
G1100010008110206,11001008110206,G11000100081002008,110010081002008,1,1
G1100010008110207,11001008110207,G11000100081002006,110010081002006,1,1
G1100010008110208,11001008110208,G11000100081002005,110010081002005,1,1
G1100010008110209,11001008110209,G11000100081002004,110010081002004,1,1
G1100010008110301,11001008110301,G11000100081003003,110010081003003,1,1
G1100010008110302,11001008110302,G11000100081003004,110010081003004,1,1
G1100010008110303,11001008110303,G11000100081003002,110010081003002,0.8133424724,0.6692307692
G1100010008110303,11001008110303,G11000100081003005,110010081003005,0.0262519312,0
G1100010008110303,11001008110303,G11000100081003007,110010081003007,0.1604055964,0.3307692308
G1100010008110305,11001008110305,G11000100081003001,110010081003001,1,1
G1100010008110306,11001008110306,G11000100081003000,110010081003000,0.4479151523,0.1447368421
G1100010008110306,11001008110306,G11000100081003009,110010081003009,0.5520848477,0.8552631579
G1100010008110308,11001008110308,G11000100081003010,110010081003010,1,1
G1100010008110309,11001008110309,G11000100081003006,110010081003006,1,1
G1100010008110310,11001008110310,G11000100081003008,110010081003008,1,1
G11000100082101,11001008200101,G11000100082001000,110010082001000,0.9615313976,0.6742857143
G11000100082101,11001008200101,G11000100082001001,110010082001001,0.0384686024,0.3257142857
G11000100082102,11001008200102,G11000100082001002,110010082001002,1,1
G11000100082105,11001008200105,G11000100082001003,110010082001003,1,1
G11000100082107,11001008200107,G11000100082001005,110010082001005,1,1
G11000100082108,11001008200108,G11000100082001004,110010082001004,1,1
G11000100082201,11001008200201,G11000100082002018,110010082002018,1,1
G11000100082202,11001008200202,G11000100082002001,110010082002001,1,1
G11000100082203,11001008200203,G11000100082002013,110010082002013,1,1
G11000100082204,11001008200204,G11000100082002012,110010082002012,1,1
G11000100082205,11001008200205,G11000100082002009,110010082002009,1,1
G11000100082206,11001008200206,G11000100082002008,110010082002008,1,1
G11000100082207,11001008200207,G11000100082002003,110010082002003,1,1
G11000100082208,11001008200208,G11000100082002000,110010082002000,1,1
G11000100082209,11001008200209,G11000100082002010,110010082002010,1,1
G11000100082210,11001008200210,G11000100082002011,110010082002011,1,1
G11000100082211,11001008200211,G11000100082002019,110010082002019,1,1
G11000100082212,11001008200212,G11000100082002002,110010082002002,1,1
G11000100082213,11001008200213,G11000100082002014,110010082002014,1,1
G11000100082214,11001008200214,G11000100082002005,110010082002005,1,1
G11000100082215,11001008200215,G11000100082002004,110010082002004,1,1
G11000100082216,11001008200216,G11000100082002006,110010082002006,1,1
G11000100082217,11001008200217,G11000100082002007,110010082002007,1,1
G11000100082218,11001008200218,G11000100082002015,110010082002015,1,1
G11000100082219,11001008200219,G11000100082002016,110010082002016,1,1
G11000100082220,11001008200220,G11000100082002017,110010082002017,1,1
G11000100082221,11001008200221,G11000100082002017,110010082002017,1,1
G1100010008301101,11001008301101,G11000100083011000,110010083011000,1,1
G1100010008301102,11001008301102,G11000100083011001,110010083011001,1,1
G1100010008301103,11001008301103,G11000100083011002,110010083011002,1,1
G1100010008301201,11001008301201,G11000100083012000,110010083012000,1,1
G1100010008301202,11001008301202,G11000100083012001,110010083012001,1,1
G1100010008301203,11001008301203,G11000100083012002,110010083012002,1,1
G1100010008301204,11001008301204,G11000100083012005,110010083012005,1,1
G1100010008301205,11001008301205,G11000100083012006,110010083012006,0.3113916315,0.6619047619
G1100010008301205,11001008301205,G11000100083012007,110010083012007,0.6886083685,0.3380952381
G1100010008301206,11001008301206,G11000100083012008,110010083012008,1,1
G1100010008301207,11001008301207,G11000100083012009,110010083012009,1,1
G1100010008301208,11001008301208,G11000100083012013,110010083012013,0.5166987322,0.5166987322
G1100010008301208,11001008301208,G11000100083012014,110010083012014,0.4833012678,0.4833012678
G1100010008301209,11001008301209,G11000100083012010,110010083012010,1,1
G1100010008301210,11001008301210,G11000100083011005,110010083011005,1,1
G1100010008301211,11001008301211,G11000100083011006,110010083011006,1,1
G1100010008301212,11001008301212,G11000100083011007,110010083011007,1,1
G1100010008301213,11001008301213,G11000100083012004,110010083012004,1,1
G1100010008301214,11001008301214,G11000100083012003,110010083012003,1,1
G1100010008301215,11001008301215,G11000100083011004,110010083011004,1,1
G1100010008301216,11001008301216,G11000100083012011,110010083012011,0.9458846862,1
G1100010008301216,11001008301216,G11000100083012012,110010083012012,0.0541153138,0
G1100010008301307,11001008301307,G11000100083011003,110010083011003,1,1
G1100010008302101,11001008302101,G11000100083021000,110010083021000,1,1
G1100010008302102,11001008302102,G11000100083021001,110010083021001,1,1
G1100010008302201,11001008302201,G11000100083021008,110010083021008,1,1
G1100010008302202,11001008302202,G11000100083021007,110010083021007,1,1
G1100010008302203,11001008302203,G11000100083021010,110010083021010,1,1
G1100010008302204,11001008302204,G11000100083021011,110010083021011,0.941713791,0.8831168831
G1100010008302204,11001008302204,G11000100083021012,110010083021012,0.058286209,0.1168831169
G1100010008302205,11001008302205,G11000100083021013,110010083021013,1,1
G1100010008302207,11001008302207,G11000100083021014,110010083021014,1,1
G1100010008302208,11001008302208,G11000100083021015,110010083021015,1,1
G1100010008302209,11001008302209,G11000100083021016,110010083021016,0.9503773244,1
G1100010008302209,11001008302209,G11000100083021018,110010083021018,0.0496226756,0
G1100010008302210,11001008302210,G11000100083021017,110010083021017,1,1
G1100010008302211,11001008302211,G11000100083021002,110010083021002,1,1
G1100010008302212,11001008302212,G11000100083021003,110010083021003,1,1
G1100010008302213,11001008302213,G11000100083021004,110010083021004,1,1
G1100010008302214,11001008302214,G11000100083021005,110010083021005,1,1
G1100010008302215,11001008302215,G11000100083021006,110010083021006,1,1
G1100010008302216,11001008302216,G11000100083021009,110010083021009,1,1
G1100010008402301,11001008402301,G11000100084021000,110010084021000,1,1
G1100010008402302,11001008402302,G11000100084021009,110010084021009,1,1
G1100010008402309,11001008402309,G11000100084021001,110010084021001,0.6454253927,0.3950617284
G1100010008402309,11001008402309,G11000100084021002,110010084021002,0.3545746073,0.6049382716
G1100010008402310,11001008402310,G11000100084021003,110010084021003,1,1
G1100010008402311,11001008402311,G11000100084021007,110010084021007,1,1
G1100010008402313,11001008402313,G11000100084021006,110010084021006,1,1
G1100010008402401,11001008402401,G11000100084022001,110010084022001,1,1
G1100010008402402,11001008402402,G11000100084021008,110010084021008,1,1
G1100010008402403,11001008402403,G11000100084022008,110010084022008,1,1
G1100010008402404,11001008402404,G11000100084022007,110010084022007,0.9482228702,0.9108280255
G1100010008402404,11001008402404,G11000100084022010,110010084022010,0.0517771298,0.0891719745
G1100010008402405,11001008402405,G11000100084022006,110010084022006,1,1
G1100010008402406,11001008402406,G11000100084022005,110010084022005,1,1
G1100010008402407,11001008402407,G11000100084022004,110010084022004,1,1
G1100010008402408,11001008402408,G11000100084022003,110010084022003,1,1
G1100010008402409,11001008402409,G11000100084022002,110010084022002,1,1
G1100010008402410,11001008402410,G11000100084021005,110010084021005,1,1
G1100010008402411,11001008402411,G11000100084021004,110010084021004,1,1
G1100010008402412,11001008402412,G11000100084022000,110010084022000,1,1
G1100010008402413,11001008402413,G11000100084022009,110010084022009,1,1
G1100010008410108,11001008410108,G11000100084101010,110010084101010,1,1
G1100010008410109,11001008410109,G11000100084101011,110010084101011,1,1
G1100010008410110,11001008410110,G11000100084101018,110010084101018,1,1
G1100010008410201,11001008410201,G11000100084101016,110010084101016,1,1
G1100010008410202,11001008410202,G11000100084101005,110010084101005,1,1
G1100010008410203,11001008410203,G11000100084101007,110010084101007,0.8229512735,1
G1100010008410203,11001008410203,G11000100084101008,110010084101008,0.1770487265,0
G1100010008410204,11001008410204,G11000100084101013,110010084101013,1,1
G1100010008410205,11001008410205,G11000100084101006,110010084101006,1,1
G1100010008410206,11001008410206,G11000100084101009,110010084101009,1,1
G1100010008410207,11001008410207,G11000100084101014,110010084101014,1,1
G1100010008410208,11001008410208,G11000100084101012,110010084101012,1,1
G1100010008410209,11001008410209,G11000100084101017,110010084101017,1,1
G1100010008410210,11001008410210,G11000100084101015,110010084101015,1,1
G1100010008410301,11001008410301,G11000100084101003,110010084101003,0.9606732227,0.9698795181
G1100010008410301,11001008410301,G11000100084101004,110010084101004,0.0393267773,0.0301204819
G1100010008410302,11001008410302,G11000100084101000,110010084101000,1,1
G1100010008410303,11001008410303,G11000100084101019,110010084101019,1,1
G1100010008410304,11001008410304,G11000100084101002,110010084101002,1,1
G1100010008410305,11001008410305,G11000100084101020,110010084101020,1,1
G1100010008410306,11001008410306,G11000100084101001,110010084101001,1,1
G1100010008510101,11001008510101,G11000100106001000,110010106001000,0.2170568521,0.2848837209
G1100010008510101,11001008510101,G11000100106001001,110010106001001,0.7829431479,0.7151162791
G1100010008510102,11001008510102,G11000100106001003,110010106001003,1,1
G1100010008510103,11001008510103,G11000100106001006,110010106001006,1,1
G1100010008510104,11001008510104,G11000100106001005,110010106001005,1,1
G1100010008510105,11001008510105,G11000100106001002,110010106001002,1,1
G1100010008510106,11001008510106,G11000100106001004,110010106001004,1,1
G1100010008510107,11001008510107,G11000100106001007,110010106001007,1,1
G1100010008510201,11001008510201,G11000100106003000,110010106003000,0.9346044808,1
G1100010008510201,11001008510201,G11000100106003001,110010106003001,0.0653955192,0
G1100010008510202,11001008510202,G11000100106003002,110010106003002,1,1
G1100010008510203,11001008510203,G11000100106003004,110010106003004,1,1
G1100010008510204,11001008510204,G11000100106003003,110010106003003,1,1
G1100010008510205,11001008510205,G11000100106003005,110010106003005,1,1
G1100010008510208,11001008510208,G11000100106003006,110010106003006,1,1
G1100010008510301,11001008510301,G11000100106002048,110010106002048,1,1
G1100010008510302,11001008510302,G11000100106002049,110010106002049,1,1
G1100010008510303,11001008510303,G11000100106002044,110010106002044,1,1
G1100010008510304,11001008510304,G11000100106002045,110010106002045,1,1
G1100010008510305,11001008510305,G11000100106002046,110010106002046,1,1
G1100010008510306,11001008510306,G11000100106002047,110010106002047,1,1
G1100010008510401,11001008510401,G11000100106002017,110010106002017,1,1
G1100010008510402,11001008510402,G11000100106002018,110010106002018,1,1
G1100010008510403,11001008510403,G11000100106002050,110010106002050,1,1
G1100010008510404,11001008510404,G11000100106002051,110010106002051,1,1
G1100010008510405,11001008510405,G11000100106002042,110010106002042,1,1
G1100010008510406,11001008510406,G11000100106002036,110010106002036,1,1
G1100010008510407,11001008510407,G11000100106002037,110010106002037,1,1
G1100010008510408,11001008510408,G11000100106002043,110010106002043,1,1
G1100010008510501,11001008510501,G11000100106002011,110010106002011,1,1
G1100010008510502,11001008510502,G11000100106002014,110010106002014,1,1
G1100010008510503,11001008510503,G11000100106002012,110010106002012,1,1
G1100010008510504,11001008510504,G11000100106002013,110010106002013,1,1
G1100010008510506,11001008510506,G11000100106002015,110010106002015,1,1
G1100010008510601,11001008510601,G11000100106002016,110010106002016,1,1
G1100010008510602,11001008510602,G11000100106002000,110010106002000,1,1
G1100010008510603,11001008510603,G11000100106002001,110010106002001,1,1
G1100010008510604,11001008510604,G11000100106002002,110010106002002,1,1
G1100010008510605,11001008510605,G11000100106002003,110010106002003,1,1
G11000100086101,11001008600101,G11000100106002010,110010106002010,1,1
G11000100086102,11001008600102,G11000100106002009,110010106002009,1,1
G11000100086103,11001008600103,G11000100106002007,110010106002007,1,1
G11000100086108,11001008600108,G11000100106002025,110010106002025,1,1
G11000100086201,11001008600201,G11000100106002005,110010106002005,0.9328342233,0.9328342233
G11000100086201,11001008600201,G11000100106002006,110010106002006,0.0382645735,0.0382645735
G11000100086201,11001008600201,G11000100106002008,110010106002008,0.0289012032,0.0289012032
G11000100086202,11001008600202,G11000100106002020,110010106002020,0.1328534226,0.1328534226
G11000100086202,11001008600202,G11000100106002021,110010106002021,0.8671465774,0.8671465774
G11000100086203,11001008600203,G11000100106002022,110010106002022,1,1
G11000100086204,11001008600204,G11000100106002026,110010106002026,1,1
G11000100086205,11001008600205,G11000100106002027,110010106002027,1,1
G11000100086206,11001008600206,G11000100106002019,110010106002019,0.042356118,0.042356118
G11000100086206,11001008600206,G11000100106002028,110010106002028,0.957643882,0.957643882
G11000100086207,11001008600207,G11000100106002019,110010106002019,1,1
G11000100086209,11001008600209,G11000100106002024,110010106002024,1,1
G11000100086210,11001008600210,G11000100106002023,110010106002023,1,1
G11000100086211,11001008600211,G11000100106002023,110010106002023,1,1
G11000100086212,11001008600212,G11000100106002004,110010106002004,1,1
G11000100086301,11001008600301,G11000100106002035,110010106002035,1,1
G11000100086302,11001008600302,G11000100106002060,110010106002060,1,1
G11000100086303,11001008600303,G11000100106002033,110010106002033,1,1
G11000100086304,11001008600304,G11000100106002041,110010106002041,1,1
G11000100086305,11001008600305,G11000100106002040,110010106002040,0.9945839488,0.9945839488
G11000100086305,11001008600305,G11000100106002057,110010106002057,0.0054160512,0.0054160512
G11000100086306,11001008600306,G11000100106002038,110010106002038,0.3202668159,0.587250996
G11000100086306,11001008600306,G11000100106002039,110010106002039,0.0467620573,0
G11000100086306,11001008600306,G11000100106002053,110010106002053,0.0929824089,0
G11000100086306,11001008600306,G11000100106002054,110010106002054,0.0203132184,0
G11000100086306,11001008600306,G11000100106002055,110010106002055,0.0796607408,0
G11000100086306,11001008600306,G11000100106002056,110010106002056,0.225099336,0.412749004
G11000100086306,11001008600306,G11000100106002057,110010106002057,0.0580847443,0
G11000100086306,11001008600306,G11000100106002058,110010106002058,0.0772607228,0
G11000100086306,11001008600306,G11000100106002059,110010106002059,0.0795699556,0
G11000100086307,11001008600307,G11000100106002029,110010106002029,1,1
G11000100086308,11001008600308,G11000100106002031,110010106002031,1,1
G11000100086309,11001008600309,G11000100106002032,110010106002032,1,1
G11000100086310,11001008600310,G11000100106002034,110010106002034,0.9960480514,0.9960480514
G11000100086310,11001008600310,G11000100106002052,110010106002052,0.0039519486,0.0039519486
G11000100086311,11001008600311,G11000100106002030,110010106002030,1,1
G1100010008701101,11001008701101,G11000100087012001,110010087012001,1,1
G1100010008701107,11001008701107,G11000100087012000,110010087012000,1,1
G1100010008701401,11001008701401,G11000100087011011,110010087011011,1,1
G1100010008701402,11001008701402,G11000100087011008,110010087011008,1,1
G1100010008701403,11001008701403,G11000100087011009,110010087011009,0.9839143734,0.6034482759
G1100010008701403,11001008701403,G11000100087011010,110010087011010,0.0160856266,0.3965517241
G1100010008701405,11001008701405,G11000100087011005,110010087011005,0.1205475543,0.4201388889
G1100010008701405,11001008701405,G11000100087011006,110010087011006,0.8794524457,0.5798611111
G1100010008701407,11001008701407,G11000100087011007,110010087011007,1,1
G1100010008701408,11001008701408,G11000100087011000,110010087011000,1,1
G1100010008701409,11001008701409,G11000100087011004,110010087011004,1,1
G1100010008701410,11001008701410,G11000100087011003,110010087011003,1,1
G1100010008701411,11001008701411,G11000100087011002,110010087011002,1,1
G1100010008701412,11001008701412,G11000100087011001,110010087011001,1,1
G1100010008701501,11001008701501,G11000100087012004,110010087012004,1,1
G1100010008701502,11001008701502,G11000100087012008,110010087012008,1,1
G1100010008701503,11001008701503,G11000100087012007,110010087012007,1,1
G1100010008701504,11001008701504,G11000100087012011,110010087012011,1,1
G1100010008701505,11001008701505,G11000100087012006,110010087012006,1,1
G1100010008701506,11001008701506,G11000100087012005,110010087012005,1,1
G1100010008701507,11001008701507,G11000100087012003,110010087012003,0.1992480659,0.0628930818
G1100010008701507,11001008701507,G11000100087012004,110010087012004,0.8007519341,0.9371069182
G1100010008701508,11001008701508,G11000100087012010,110010087012010,1,1
G1100010008701509,11001008701509,G11000100087012002,110010087012002,1,1
G1100010008701510,11001008701510,G11000100087012009,110010087012009,1,1
G1100010008702101,11001008702101,G11000100087021000,110010087021000,1,1
G1100010008702102,11001008702102,G11000100087021001,110010087021001,1,1
G1100010008702103,11001008702103,G11000100087021011,110010087021011,1,1
G1100010008702104,11001008702104,G11000100087021002,110010087021002,1,1
G1100010008702105,11001008702105,G11000100087021003,110010087021003,1,1
G1100010008702106,11001008702106,G11000100087021004,110010087021004,1,1
G1100010008702107,11001008702107,G11000100087021000,110010087021000,0.5418674817,0.5418674817
G1100010008702107,11001008702107,G11000100087021008,110010087021008,0.4581325183,0.4581325183
G1100010008702201,11001008702201,G11000100087021005,110010087021005,1,1
G1100010008702202,11001008702202,G11000100087021006,110010087021006,1,1
G1100010008702203,11001008702203,G11000100087021009,110010087021009,1,1
G1100010008702204,11001008702204,G11000100087021010,110010087021010,1,1
G1100010008702205,11001008702205,G11000100087021007,110010087021007,1,1
G1100010008702206,11001008702206,G11000100087021005,110010087021005,1,1
G1100010008702301,11001008702301,G11000100087022000,110010087022000,0.5840385151,0.965074453
G1100010008702301,11001008702301,G11000100087022002,110010087022002,0.4159614849,0.034925547
G1100010008702302,11001008702302,G11000100087022005,110010087022005,1,1
G1100010008702303,11001008702303,G11000100087022008,110010087022008,1,1
G1100010008702304,11001008702304,G11000100087022007,110010087022007,1,1
G1100010008702305,11001008702305,G11000100087022001,110010087022001,1,1
G1100010008702306,11001008702306,G11000100087022004,110010087022004,1,1
G1100010008702307,11001008702307,G11000100087022003,110010087022003,1,1
G1100010008702308,11001008702308,G11000100087022006,110010087022006,1,1
G1100010008702309,11001008702309,G11000100087022000,110010087022000,0.5840385151,0.947916578
G1100010008702309,11001008702309,G11000100087022002,110010087022002,0.4159614849,0.052083422
G1100010008702310,11001008702310,G11000100087022000,110010087022000,0.5840385151,0.1372630502
G1100010008702310,11001008702310,G11000100087022002,110010087022002,0.4159614849,0.8627369498
G1100010008702311,11001008702311,G11000100087022000,110010087022000,1,1
G1100010008702312,11001008702312,G11000100087022000,110010087022000,1,1
G1100010008802101,11001008802101,G11000100088021005,110010088021005,1,1
G1100010008802102,11001008802102,G11000100088021004,110010088021004,1,1
G1100010008802103,11001008802103,G11000100088021000,110010088021000,1,1
G1100010008802104,11001008802104,G11000100088021003,110010088021003,1,1
G1100010008802105,11001008802105,G11000100088021002,110010088021002,1,1
G1100010008802106,11001008802106,G11000100088021001,110010088021001,1,1
G1100010008802201,11001008802201,G11000100088022002,110010088022002,1,1
G1100010008802202,11001008802202,G11000100088022003,110010088022003,1,1
G1100010008802203,11001008802203,G11000100088022001,110010088022001,1,1
G1100010008802204,11001008802204,G11000100088022000,110010088022000,1,1
G1100010008802205,11001008802205,G11000100088022007,110010088022007,1,1
G1100010008802206,11001008802206,G11000100088022008,110010088022008,1,1
G1100010008802207,11001008802207,G11000100088022006,110010088022006,1,1
G1100010008802208,11001008802208,G11000100088022009,110010088022009,1,1
G1100010008802209,11001008802209,G11000100088022010,110010088022010,1,1
G1100010008802210,11001008802210,G11000100088022005,110010088022005,1,1
G1100010008802211,11001008802211,G11000100088022004,110010088022004,1,1
G1100010008802212,11001008802212,G11000100088022011,110010088022011,1,1
G1100010008802213,11001008802213,G11000100084021000,110010084021000,1,1
G1100010008802301,11001008802301,G11000100088023004,110010088023004,1,1
G1100010008802302,11001008802302,G11000100088023005,110010088023005,1,1
G1100010008802303,11001008802303,G11000100088023002,110010088023002,1,1
G1100010008802304,11001008802304,G11000100088023003,110010088023003,1,1
G1100010008802305,11001008802305,G11000100088023000,110010088023000,1,1
G1100010008802306,11001008802306,G11000100088023001,110010088023001,1,1
G1100010008802401,11001008802401,G11000100088024005,110010088024005,1,1
G1100010008802402,11001008802402,G11000100088024004,110010088024004,1,1
G1100010008802403,11001008802403,G11000100088024000,110010088024000,1,1
G1100010008802404,11001008802404,G11000100088024001,110010088024001,1,1
G1100010008802405,11001008802405,G11000100088024003,110010088024003,1,1
G1100010008802406,11001008802406,G11000100088024002,110010088024002,1,1
G1100010008803101,11001008803101,G11000100088031000,110010088031000,1,1
G1100010008803103,11001008803103,G11000100088031001,110010088031001,1,1
G1100010008803104,11001008803104,G11000100088031003,110010088031003,1,1
G1100010008803501,11001008803501,G11000100088031012,110010088031012,1,1
G1100010008803502,11001008803502,G11000100088031008,110010088031008,0.2037167607,0.5688622754
G1100010008803502,11001008803502,G11000100088031016,110010088031016,0.7962832393,0.4311377246
G1100010008803503,11001008803503,G11000100088031009,110010088031009,1,1
G1100010008803504,11001008803504,G11000100088031014,110010088031014,1,1
G1100010008803505,11001008803505,G11000100088031013,110010088031013,1,1
G1100010008803506,11001008803506,G11000100088031010,110010088031010,1,1
G1100010008803507,11001008803507,G11000100088031002,110010088031002,1,1
G1100010008803508,11001008803508,G11000100088031004,110010088031004,1,1
G1100010008803509,11001008803509,G11000100088031005,110010088031005,0.5318458307,0.131443299
G1100010008803509,11001008803509,G11000100088031006,110010088031006,0.4644035896,0.868556701
G1100010008803509,11001008803509,G11000100088031020,110010088031020,0.0037505796,0
G1100010008803510,11001008803510,G11000100088031011,110010088031011,1,1
G1100010008803601,11001008803601,G11000100088031021,110010088031021,0.3447350012,0.3447350012
G1100010008803601,11001008803601,G11000100088031022,110010088031022,0.5247493855,0.5247493855
G1100010008803601,11001008803601,G11000100088031026,110010088031026,0.1305156133,0.1305156133
G1100010008803602,11001008803602,G11000100088031018,110010088031018,1,1
G1100010008803603,11001008803603,G11000100088031007,110010088031007,0.2244892539,0
G1100010008803603,11001008803603,G11000100088031017,110010088031017,0.7755107461,1
G1100010008803620,11001008803620,G11000100088031015,110010088031015,1,1
G1100010008803621,11001008803621,G11000100088031017,110010088031017,1,1
G1100010008803701,11001008803701,G11000100088031023,110010088031023,1,1
G1100010008803702,11001008803702,G11000100088031027,110010088031027,1,1
G1100010008803703,11001008803703,G11000100088031025,110010088031025,0.8037294523,0.8037294523
G1100010008803703,11001008803703,G11000100088031028,110010088031028,0.1962705477,0.1962705477
G1100010008803704,11001008803704,G11000100088031024,110010088031024,1,1
G1100010008803705,11001008803705,G11000100088031029,110010088031029,1,1
G1100010008803706,11001008803706,G11000100088031030,110010088031030,1,1
G1100010008803707,11001008803707,G11000100088031019,110010088031019,1,1
G1100010008804101,11001008804101,G11000100088042000,110010088042000,1,1
G1100010008804102,11001008804102,G11000100088042001,110010088042001,1,1
G1100010008804103,11001008804103,G11000100088042001,110010088042001,1,1
G1100010008804105,11001008804105,G11000100088042003,110010088042003,1,1
G1100010008804201,11001008804201,G11000100088042001,110010088042001,0.0433693039,0
G1100010008804201,11001008804201,G11000100088042006,110010088042006,0.8765918273,1
G1100010008804201,11001008804201,G11000100088042017,110010088042017,0.0800388687,0
G1100010008804202,11001008804202,G11000100088042007,110010088042007,1,1
G1100010008804203,11001008804203,G11000100088042008,110010088042008,1,1
G1100010008804205,11001008804205,G11000100088042015,110010088042015,1,1
G1100010008804206,11001008804206,G11000100088042014,110010088042014,1,1
G1100010008804207,11001008804207,G11000100088042016,110010088042016,1,1
G1100010008804301,11001008804301,G11000100088041005,110010088041005,1,1
G1100010008804302,11001008804302,G11000100088041006,110010088041006,1,1
G1100010008804303,11001008804303,G11000100088041002,110010088041002,1,1
G1100010008804304,11001008804304,G11000100088041003,110010088041003,1,1
G1100010008804305,11001008804305,G11000100088041004,110010088041004,1,1
G1100010008804306,11001008804306,G11000100088041000,110010088041000,1,1
G1100010008804307,11001008804307,G11000100088041001,110010088041001,1,1
G1100010008804401,11001008804401,G11000100088042011,110010088042011,1,1
G1100010008804402,11001008804402,G11000100088042010,110010088042010,1,1
G1100010008804403,11001008804403,G11000100088042012,110010088042012,1,1
G1100010008804404,11001008804404,G11000100088042002,110010088042002,1,1
G1100010008804406,11001008804406,G11000100088042004,110010088042004,1,1
G1100010008804407,11001008804407,G11000100088042013,110010088042013,1,1
G1100010008804420,11001008804420,G11000100088042005,110010088042005,1,1
G1100010008804421,11001008804421,G11000100088042009,110010088042009,1,1
G1100010008903101,11001008903101,G11000100089031010,110010089031010,0.9865590017,0.9166666667
G1100010008903101,11001008903101,G11000100089031016,110010089031016,0.0134409983,0.0833333333
G1100010008903102,11001008903102,G11000100089031003,110010089031003,1,1
G1100010008903103,11001008903103,G11000100089031004,110010089031004,1,1
G1100010008903104,11001008903104,G11000100089031005,110010089031005,1,1
G1100010008903105,11001008903105,G11000100089031002,110010089031002,1,1
G1100010008903106,11001008903106,G11000100089031001,110010089031001,1,1
G1100010008903107,11001008903107,G11000100089031000,110010089031000,1,1
G1100010008903108,11001008903108,G11000100089032004,110010089032004,1,1
G1100010008903109,11001008903109,G11000100089032003,110010089032003,1,1
G1100010008903110,11001008903110,G11000100089031006,110010089031006,1,1
G1100010008903111,11001008903111,G11000100089031007,110010089031007,1,1
G1100010008903112,11001008903112,G11000100089031008,110010089031008,1,1
G1100010008903113,11001008903113,G11000100089031009,110010089031009,1,1
G1100010008903114,11001008903114,G11000100089031011,110010089031011,1,1
G1100010008903115,11001008903115,G11000100089031012,110010089031012,1,1
G1100010008903116,11001008903116,G11000100089031013,110010089031013,1,1
G1100010008903117,11001008903117,G11000100089031014,110010089031014,1,1
G1100010008903118,11001008903118,G11000100089031017,110010089031017,1,1
G1100010008903119,11001008903119,G11000100089031015,110010089031015,1,1
G1100010008903122,11001008903122,G11000100089032002,110010089032002,1,1
G1100010008903123,11001008903123,G11000100089032001,110010089032001,1,1
G1100010008903124,11001008903124,G11000100089032000,110010089032000,1,1
G1100010008904101,11001008904101,G11000100111003050,110010111003050,0.1003963919,0.0064507258
G1100010008904101,11001008904101,G11000100111003051,110010111003051,0.0068997454,0.0000435236
G1100010008904101,11001008904101,G11000100111003052,110010111003052,0.8927038627,0.9935057505
G1100010008904102,11001008904102,G11000100089041004,110010089041004,1,1
G1100010008904103,11001008904103,G11000100089041004,110010089041004,1,1
G1100010008904105,11001008904105,G11000100089041005,110010089041005,0.5387652702,0.6388888889
G1100010008904105,11001008904105,G11000100089041006,110010089041006,0.4612347298,0.3611111111
G1100010008904106,11001008904106,G11000100089042008,110010089042008,1,1
G1100010008904107,11001008904107,G11000100089042007,110010089042007,1,1
G1100010008904108,11001008904108,G11000100089041002,110010089041002,1,1
G1100010008904109,11001008904109,G11000100089041003,110010089041003,1,1
G1100010008904110,11001008904110,G11000100089041000,110010089041000,1,1
G1100010008904111,11001008904111,G11000100089041001,110010089041001,1,1
G1100010008904201,11001008904201,G11000100089042000,110010089042000,0.49369112,0.593625498
G1100010008904201,11001008904201,G11000100089042002,110010089042002,0.50630888,0.406374502
G1100010008904202,11001008904202,G11000100089042003,110010089042003,1,1
G1100010008904203,11001008904203,G11000100089042004,110010089042004,1,1
G1100010008904204,11001008904204,G11000100089042005,110010089042005,1,1
G1100010008904205,11001008904205,G11000100089042006,110010089042006,1,1
G1100010008904206,11001008904206,G11000100089042009,110010089042009,1,1
G1100010008904207,11001008904207,G11000100089042001,110010089042001,1,1
G1100010008905101,11001008905101,G11000100111003023,110010111003023,0.0323730515,0.0323730515
G1100010008905101,11001008905101,G11000100111003029,110010111003029,0.9676269485,0.9676269485
G1100010008905101,11001008905101,G11000100111003049,110010111003049,0,0
G1100010008905102,11001008905102,G11000100111003028,110010111003028,1,1
G1100010008905103,11001008905103,G11000100111003026,110010111003026,0.468486675,0.468486675
G1100010008905103,11001008905103,G11000100111003027,110010111003027,0.531513325,0.531513325
G1100010008905104,11001008905104,G11000100111003025,110010111003025,1,1
G1100010008905104,11001008905104,G11000100111003033,110010111003033,0,0
G1100010008905105,11001008905105,G11000100111003024,110010111003024,1,1
G1100010008905106,11001008905106,G11000100111003023,110010111003023,1,1
G1100010008905107,11001008905107,G11000100111003042,110010111003042,0.6960285753,0.6960285753
G1100010008905107,11001008905107,G11000100111003044,110010111003044,0.3039714247,0.3039714247
G1100010008905108,11001008905108,G11000100111003043,110010111003043,1,1
G1100010008905109,11001008905109,G11000100111003045,110010111003045,1,1
G1100010008905110,11001008905110,G11000100111003043,110010111003043,0.0143912065,0.0143912065
G1100010008905110,11001008905110,G11000100111003045,110010111003045,0.9856087935,0.9856087935
G1100010008905111,11001008905111,G11000100111003046,110010111003046,0.3684682895,0.3684682895
G1100010008905111,11001008905111,G11000100111003047,110010111003047,0.6315317105,0.6315317105
G1100010008905112,11001008905112,G11000100111003034,110010111003034,0,0
G1100010008905112,11001008905112,G11000100111003035,110010111003035,0.1738652427,0.1738652427
G1100010008905112,11001008905112,G11000100111003036,110010111003036,0.8261347573,0.8261347573
G1100010008905112,11001008905112,G11000100111003048,110010111003048,0,0
G1100010008905113,11001008905113,G11000100111003031,110010111003031,1,1
G1100010008905114,11001008905114,G11000100111003030,110010111003030,1,1
G1100010008905115,11001008905115,G11000100111003030,110010111003030,1,1
G1100010008905116,11001008905116,G11000100111003050,110010111003050,1,1
G1100010008905117,11001008905117,G11000100111003050,110010111003050,0.1003963919,0.1064538632
G1100010008905117,11001008905117,G11000100111003051,110010111003051,0.0068997454,0.0073933507
G1100010008905117,11001008905117,G11000100111003052,110010111003052,0.8927038627,0.8861527861
G1100010008905118,11001008905118,G11000100111003050,110010111003050,1,1
G1100010008905119,11001008905119,G11000100111003045,110010111003045,1,1
G1100010008905120,11001008905120,G11000100111003052,110010111003052,0.8398769348,0.8398769348
G1100010008905120,11001008905120,G11000100111003054,110010111003054,0.1047675833,0.1047675833
G1100010008905120,11001008905120,G11000100111003057,110010111003057,0.0553554819,0.0553554819
G1100010009001101,11001009001101,G11000100090001002,110010090001002,0.0026491471,0.0009930647
G1100010009001101,11001009001101,G11000100090001010,110010090001010,0.0572543291,0.0162818674
G1100010009001101,11001009001101,G11000100090002000,110010090002000,0.1481828102,0.0846544243
G1100010009001101,11001009001101,G11000100090002001,110010090002001,0.1265983307,0.0145593885
G1100010009001101,11001009001101,G11000100090002002,110010090002002,0.6653153829,0.8835112551
G1100010009001102,11001009001102,G11000100090001000,110010090001000,0.0011488219,0
G1100010009001102,11001009001102,G11000100090001001,110010090001001,0.7543791809,1
G1100010009001102,11001009001102,G11000100090001003,110010090001003,0.2444719972,0
G1100010009001103,11001009001103,G11000100090001002,110010090001002,0.044223595,0.0238535948
G1100010009001103,11001009001103,G11000100090001010,110010090001010,0.955776405,0.9761464052
G1100010009001111,11001009001111,G11000100090001006,110010090001006,0.8960964444,0.8960964444
G1100010009001111,11001009001111,G11000100090001007,110010090001007,0.0404977697,0.0404977697
G1100010009001111,11001009001111,G11000100090001008,110010090001008,0.0344391454,0.0344391454
G1100010009001111,11001009001111,G11000100090001009,110010090001009,0.0289666405,0.0289666405
G1100010009001121,11001009001121,G11000100090001002,110010090001002,0.0180711483,0.0028895382
G1100010009001121,11001009001121,G11000100090001010,110010090001010,0.3905602242,0.0539073319
G1100010009001121,11001009001121,G11000100090002003,110010090002003,0.096033601,0.0137778232
G1100010009001121,11001009001121,G11000100090002004,110010090002004,0.4953350265,0.9294253067
G1100010009001122,11001009001122,G11000100090002000,110010090002000,0.0225620953,0.000235595
G1100010009001122,11001009001122,G11000100090002001,110010090002001,0.0192756744,0.0000350872
G1100010009001122,11001009001122,G11000100090002002,110010090002002,0.1012999352,0.0195556215
G1100010009001122,11001009001122,G11000100090002003,110010090002003,0.1391476787,0.3264200351
G1100010009001122,11001009001122,G11000100090002004,110010090002004,0.7177146165,0.6537536611
G1100010009002101,11001009002101,G11000100111001004,110010111001004,1,1
G1100010009002102,11001009002102,G11000100111001005,110010111001005,1,1
G1100010009002103,11001009002103,G11000100111001006,110010111001006,1,1
G1100010009002104,11001009002104,G11000100111001007,110010111001007,1,1
G1100010009002105,11001009002105,G11000100111001008,110010111001008,0.8694146983,0.875
G1100010009002105,11001009002105,G11000100111001018,110010111001018,0.1305853017,0.125
G1100010009002106,11001009002106,G11000100111001006,110010111001006,1,1
G1100010009002201,11001009002201,G11000100111001031,110010111001031,0.5625108188,0
G1100010009002201,11001009002201,G11000100111001038,110010111001038,0.4374891812,1
G1100010009002202,11001009002202,G11000100111001010,110010111001010,1,1
G1100010009002203,11001009002203,G11000100111001030,110010111001030,1,1
G1100010009002204,11001009002204,G11000100111001023,110010111001023,1,1
G1100010009002205,11001009002205,G11000100111001024,110010111001024,1,1
G1100010009002206,11001009002206,G11000100111001019,110010111001019,1,1
G1100010009002207,11001009002207,G11000100111001020,110010111001020,1,1
G1100010009002208,11001009002208,G11000100111001021,110010111001021,1,1
G1100010009002209,11001009002209,G11000100111001016,110010111001016,0.7870024712,1
G1100010009002209,11001009002209,G11000100111001022,110010111001022,0.2129975288,0
G1100010009002210,11001009002210,G11000100111001013,110010111001013,0.8956513372,0.8205128205
G1100010009002210,11001009002210,G11000100111001014,110010111001014,0.1043486628,0.1794871795
G1100010009002211,11001009002211,G11000100111001015,110010111001015,0.081080686,0.0555555556
G1100010009002211,11001009002211,G11000100111001016,110010111001016,0.918919314,0.9444444444
G1100010009002212,11001009002212,G11000100111001026,110010111001026,0.8246764492,0.9130434783
G1100010009002212,11001009002212,G11000100111001027,110010111001027,0.1753235508,0.0869565217
G1100010009002213,11001009002213,G11000100111001028,110010111001028,1,1
G1100010009002214,11001009002214,G11000100111001025,110010111001025,1,1
G1100010009002215,11001009002215,G11000100111001029,110010111001029,1,1
G1100010009002216,11001009002216,G11000100111001028,110010111001028,1,1
G1100010009002230,11001009002230,G11000100111001012,110010111001012,0.2311630367,1
G1100010009002230,11001009002230,G11000100111001032,110010111001032,0.1698920502,0
G1100010009002230,11001009002230,G11000100111001033,110010111001033,0.291315197,0
G1100010009002230,11001009002230,G11000100111001034,110010111001034,0.307629716,0
G1100010009002231,11001009002231,G11000100111001012,110010111001012,1,1
G1100010009002235,11001009002235,G11000100111001017,110010111001017,1,1
G1100010009002236,11001009002236,G11000100111001009,110010111001009,1,1
G1100010009002237,11001009002237,G11000100111001011,110010111001011,1,1
G1100010009002301,11001009002301,G11000100111003019,110010111003019,0.6290654503,0.6290654503
G1100010009002301,11001009002301,G11000100111003020,110010111003020,0.3630741487,0.3630741487
G1100010009002301,11001009002301,G11000100111003021,110010111003021,0.007860401,0.007860401
G1100010009002302,11001009002302,G11000100111003018,110010111003018,0.983560349,1
G1100010009002302,11001009002302,G11000100111003022,110010111003022,0.016439651,0
G1100010009002303,11001009002303,G11000100111003023,110010111003023,1,1
G1100010009002304,11001009002304,G11000100111003017,110010111003017,1,1
G1100010009002305,11001009002305,G11000100111003023,110010111003023,1,1
G1100010009002321,11001009002321,G11000100111003038,110010111003038,1,1
G1100010009002322,11001009002322,G11000100111003041,110010111003041,1,1
G1100010009002323,11001009002323,G11000100111003040,110010111003040,1,1
G1100010009002324,11001009002324,G11000100111003039,110010111003039,1,1
G1100010009002325,11001009002325,G11000100111003032,110010111003032,1,1
G1100010009002326,11001009002326,G11000100111003037,110010111003037,1,1
G1100010009102101,11001009102101,G11000100091021000,110010091021000,0.9256499907,1
G1100010009102101,11001009102101,G11000100091021001,110010091021001,0.0743500093,0
G1100010009102102,11001009102102,G11000100091021008,110010091021008,1,1
G1100010009102103,11001009102103,G11000100091021003,110010091021003,1,1
G1100010009102104,11001009102104,G11000100091021002,110010091021002,1,1
G1100010009102105,11001009102105,G11000100091021006,110010091021006,1,1
G1100010009102106,11001009102106,G11000100091021005,110010091021005,1,1
G1100010009102107,11001009102107,G11000100091021004,110010091021004,1,1
G1100010009102108,11001009102108,G11000100091021013,110010091021013,1,1
G1100010009102109,11001009102109,G11000100091021007,110010091021007,1,1
G1100010009102111,11001009102111,G11000100091021009,110010091021009,1,1
G1100010009102112,11001009102112,G11000100091021010,110010091021010,1,1
G1100010009102113,11001009102113,G11000100091021011,110010091021011,1,1
G1100010009102114,11001009102114,G11000100091021012,110010091021012,1,1
G1100010009102115,11001009102115,G11000100091021014,110010091021014,0.9440641228,1
G1100010009102115,11001009102115,G11000100091021015,110010091021015,0.0559358772,0
G1100010009102201,11001009102201,G11000100091022006,110010091022006,0.2128797857,0
G1100010009102201,11001009102201,G11000100091022012,110010091022012,0.0155271276,0
G1100010009102201,11001009102201,G11000100091022013,110010091022013,0.4258323176,0
G1100010009102201,11001009102201,G11000100091022014,110010091022014,0.1251776418,0.991258635
G1100010009102201,11001009102201,G11000100091022015,110010091022015,0.0011038728,0.008741365
G1100010009102201,11001009102201,G11000100091022024,110010091022024,0.2194792545,0
G1100010009102202,11001009102202,G11000100091023002,110010091023002,1,1
G1100010009102203,11001009102203,G11000100091023004,110010091023004,1,1
G1100010009102204,11001009102204,G11000100091023003,110010091023003,1,1
G1100010009102205,11001009102205,G11000100091023001,110010091023001,1,1
G1100010009102206,11001009102206,G11000100091023000,110010091023000,1,1
G1100010009102207,11001009102207,G11000100091022000,110010091022000,1,1
G1100010009102208,11001009102208,G11000100091022005,110010091022005,1,1
G1100010009102209,11001009102209,G11000100091022009,110010091022009,1,1
G1100010009102210,11001009102210,G11000100091022010,110010091022010,0.6199665704,0.6202830189
G1100010009102210,11001009102210,G11000100091022011,110010091022011,0.3800334296,0.3797169811
G1100010009102211,11001009102211,G11000100091022007,110010091022007,1,1
G1100010009102212,11001009102212,G11000100091022003,110010091022003,0.4997458058,1
G1100010009102212,11001009102212,G11000100091022023,110010091022023,0.5002541942,0
G1100010009102213,11001009102213,G11000100091022006,110010091022006,1,1
G1100010009102214,11001009102214,G11000100091022008,110010091022008,1,1
G1100010009102215,11001009102215,G11000100091022002,110010091022002,1,1
G1100010009102216,11001009102216,G11000100091022001,110010091022001,1,1
G1100010009102217,11001009102217,G11000100091022004,110010091022004,1,1
G1100010009102218,11001009102218,G11000100091022021,110010091022021,0.2200389776,0.2200389776
G1100010009102218,11001009102218,G11000100091022022,110010091022022,0.7799610224,0.7799610224
G1100010009102219,11001009102219,G11000100091022020,110010091022020,1,1
G1100010009102220,11001009102220,G11000100091022027,110010091022027,1,1
G1100010009102221,11001009102221,G11000100091022017,110010091022017,0.7814026971,0.7814026971
G1100010009102221,11001009102221,G11000100091022018,110010091022018,0.2185973029,0.2185973029
G1100010009102222,11001009102222,G11000100091022028,110010091022028,1,1
G1100010009102223,11001009102223,G11000100091022026,110010091022026,1,1
G1100010009102224,11001009102224,G11000100091022025,110010091022025,1,1
G1100010009102225,11001009102225,G11000100091022028,110010091022028,1,1
G1100010009102226,11001009102226,G11000100091022019,110010091022019,1,1
G1100010009102227,11001009102227,G11000100091022016,110010091022016,0.4135720579,1
G1100010009102227,11001009102227,G11000100091022017,110010091022017,0.5864279421,0
G1100010009110201,11001009110201,G11000100111001037,110010111001037,1,1
G1100010009110202,11001009110202,G11000100111001035,110010111001035,1,1
G1100010009110203,11001009110203,G11000100111001001,110010111001001,1,1
G1100010009110204,11001009110204,G11000100111001036,110010111001036,1,1
G1100010009110205,11001009110205,G11000100111001002,110010111001002,1,1
G1100010009110206,11001009110206,G11000100111001003,110010111001003,1,1
G1100010009110207,11001009110207,G11000100111001000,110010111001000,1,1
G1100010009110401,11001009110401,G11000100111003002,110010111003002,1,1
G1100010009110402,11001009110402,G11000100111003006,110010111003006,1,1
G1100010009110403,11001009110403,G11000100111003000,110010111003000,0.2670291332,0
G1100010009110403,11001009110403,G11000100111003001,110010111003001,0.7329708668,1
G1100010009110404,11001009110404,G11000100111003007,110010111003007,1,1
G1100010009110405,11001009110405,G11000100111003007,110010111003007,0.8793098779,0.5588235294
G1100010009110405,11001009110405,G11000100111003010,110010111003010,0.1206901221,0.4411764706
G1100010009110406,11001009110406,G11000100111003005,110010111003005,1,1
G1100010009110407,11001009110407,G11000100111003004,110010111003004,0.1442777738,0.0519480519
G1100010009110407,11001009110407,G11000100111003011,110010111003011,0.8557222262,0.9480519481
G1100010009110408,11001009110408,G11000100111003008,110010111003008,0.8095249277,0.8620689655
G1100010009110408,11001009110408,G11000100111003009,110010111003009,0.1904750723,0.1379310345
G1100010009110409,11001009110409,G11000100111003003,110010111003003,1,1
G1100010009110410,11001009110410,G11000100111003001,110010111003001,1,1
G1100010009110411,11001009110411,G11000100111003007,110010111003007,1,1
G1100010009110412,11001009110412,G11000100111003013,110010111003013,1,1
G1100010009110413,11001009110413,G11000100111003014,110010111003014,1,1
G1100010009110414,11001009110414,G11000100111003013,110010111003013,1,1
G1100010009110416,11001009110416,G11000100111003016,110010111003016,1,1
G1100010009110417,11001009110417,G11000100111003015,110010111003015,1,1
G1100010009110421,11001009110421,G11000100111003012,110010111003012,1,1
G1100010009110501,11001009110501,G11000100111002027,110010111002027,1,1
G1100010009110502,11001009110502,G11000100111002028,110010111002028,1,1
G1100010009110503,11001009110503,G11000100111002029,110010111002029,1,1
G1100010009110504,11001009110504,G11000100111002015,110010111002015,1,1
G1100010009110505,11001009110505,G11000100111002017,110010111002017,1,1
G1100010009110506,11001009110506,G11000100111002016,110010111002016,1,1
G1100010009110507,11001009110507,G11000100111002020,110010111002020,1,1
G1100010009110508,11001009110508,G11000100111002018,110010111002018,0.0291663385,0
G1100010009110508,11001009110508,G11000100111002019,110010111002019,0.9708336615,1
G1100010009110512,11001009110512,G11000100111002030,110010111002030,1,1
G1100010009110513,11001009110513,G11000100111002031,110010111002031,1,1
G1100010009110604,11001009110604,G11000100111002000,110010111002000,1,1
G1100010009110605,11001009110605,G11000100111002001,110010111002001,1,1
G1100010009110613,11001009110613,G11000100111002002,110010111002002,1,1
G1100010009110614,11001009110614,G11000100111002004,110010111002004,1,1
G1100010009110615,11001009110615,G11000100111002005,110010111002005,1,1
G1100010009110616,11001009110616,G11000100111002006,110010111002006,1,1
G1100010009110617,11001009110617,G11000100111002003,110010111002003,1,1
G1100010009110618,11001009110618,G11000100111002007,110010111002007,0.9412581913,0.8709677419
G1100010009110618,11001009110618,G11000100111002009,110010111002009,0.0587418087,0.1290322581
G1100010009110621,11001009110621,G11000100111002008,110010111002008,1,1
G1100010009110622,11001009110622,G11000100111002014,110010111002014,1,1
G1100010009110623,11001009110623,G11000100111002013,110010111002013,1,1
G1100010009110624,11001009110624,G11000100111002012,110010111002012,1,1
G1100010009110625,11001009110625,G11000100111002011,110010111002011,1,1
G1100010009110626,11001009110626,G11000100111002010,110010111002010,1,1
G1100010009110627,11001009110627,G11000100111002026,110010111002026,1,1
G1100010009110628,11001009110628,G11000100111002025,110010111002025,1,1
G1100010009110629,11001009110629,G11000100111002023,110010111002023,0.9826587603,1
G1100010009110629,11001009110629,G11000100111002024,110010111002024,0.0173412397,0
G1100010009110630,11001009110630,G11000100111002022,110010111002022,1,1
G1100010009110631,11001009110631,G11000100111002021,110010111002021,1,1
G1100010009203401,11001009203401,G11000100092032000,110010092032000,1,1
G1100010009203402,11001009203402,G11000100092032001,110010092032001,0.693179909,1
G1100010009203402,11001009203402,G11000100092032002,110010092032002,0.306820091,0
G1100010009203403,11001009203403,G11000100092032003,110010092032003,1,1
G1100010009203404,11001009203404,G11000100092032004,110010092032004,1,1
G1100010009203405,11001009203405,G11000100092032005,110010092032005,1,1
G1100010009203406,11001009203406,G11000100092032011,110010092032011,1,1
G1100010009203501,11001009203501,G11000100092031001,110010092031001,1,1
G1100010009203502,11001009203502,G11000100092031000,110010092031000,0.6138606832,0.341813521
G1100010009203502,11001009203502,G11000100092031002,110010092031002,0.0775323406,0.336457357
G1100010009203502,11001009203502,G11000100092031003,110010092031003,0.0495633361,0.0128296889
G1100010009203502,11001009203502,G11000100092031004,110010092031004,0.0236177933,0.0661222429
G1100010009203502,11001009203502,G11000100092031005,110010092031005,0.2354258467,0.2427771902
G1100010009203601,11001009203601,G11000100092032010,110010092032010,1,1
G1100010009203602,11001009203602,G11000100092032008,110010092032008,1,1
G1100010009203603,11001009203603,G11000100092032006,110010092032006,1,1
G1100010009203604,11001009203604,G11000100092032007,110010092032007,1,1
G1100010009203605,11001009203605,G11000100092032009,110010092032009,1,1
G1100010009203606,11001009203606,G11000100092032012,110010092032012,1,1
G1100010009203607,11001009203607,G11000100092032013,110010092032013,1,1
G1100010009210301,11001009210301,G11000100092011000,110010092011000,0.0679202387,0.0679202387
G1100010009210301,11001009210301,G11000100092011001,110010092011001,0.8707905082,0.8707905082
G1100010009210301,11001009210301,G11000100092011017,110010092011017,0.0612892531,0.0612892531
G1100010009210302,11001009210302,G11000100092011002,110010092011002,1,1
G1100010009210303,11001009210303,G11000100092011003,110010092011003,1,1
G1100010009210304,11001009210304,G11000100092011012,110010092011012,1,1
G1100010009210305,11001009210305,G11000100092011013,110010092011013,1,1
G1100010009210306,11001009210306,G11000100092011011,110010092011011,1,1
G1100010009210307,11001009210307,G11000100092011010,110010092011010,1,1
G1100010009210308,11001009210308,G11000100092011009,110010092011009,1,1
G1100010009210309,11001009210309,G11000100092011004,110010092011004,0.9933378613,0.9173553719
G1100010009210309,11001009210309,G11000100092011005,110010092011005,0.0066621387,0.0826446281
G1100010009210310,11001009210310,G11000100092011016,110010092011016,1,1
G1100010009210311,11001009210311,G11000100092011015,110010092011015,1,1
G1100010009210312,11001009210312,G11000100092011014,110010092011014,1,1
G1100010009210401,11001009210401,G11000100092011006,110010092011006,1,1
G1100010009210402,11001009210402,G11000100092011007,110010092011007,1,1
G1100010009210403,11001009210403,G11000100092011008,110010092011008,1,1
G1100010009240201,11001009240201,G11000100092041000,110010092041000,0.0140657104,0
G1100010009240201,11001009240201,G11000100092041007,110010092041007,0.0093773821,0.0055201699
G1100010009240201,11001009240201,G11000100092042000,110010092042000,0.0757170063,0.1498497054
G1100010009240201,11001009240201,G11000100092042001,110010092042001,0.5283498551,0.0662499363
G1100010009240201,11001009240201,G11000100092042002,110010092042002,0.0833561269,0.1392067849
G1100010009240201,11001009240201,G11000100092042003,110010092042003,0.2891339192,0.6391734036
G1100010009240202,11001009240202,G11000100092041001,110010092041001,1,1
G1100010009240203,11001009240203,G11000100092041002,110010092041002,1,1
G1100010009240204,11001009240204,G11000100092041002,110010092041002,1,1
G1100010009240205,11001009240205,G11000100092041006,110010092041006,1,1
G1100010009240206,11001009240206,G11000100092041005,110010092041005,1,1
G1100010009240401,11001009240401,G11000100092041003,110010092041003,1,1
G1100010009240402,11001009240402,G11000100092041004,110010092041004,1,1
G1100010009301101,11001009301101,G11000100093011000,110010093011000,1,1
G1100010009301102,11001009301102,G11000100093011001,110010093011001,1,1
G1100010009301103,11001009301103,G11000100093011002,110010093011002,1,1
G1100010009301104,11001009301104,G11000100093011003,110010093011003,1,1
G1100010009301105,11001009301105,G11000100093011004,110010093011004,1,1
G1100010009301106,11001009301106,G11000100093011005,110010093011005,1,1
G1100010009301107,11001009301107,G11000100093011006,110010093011006,1,1
G1100010009301108,11001009301108,G11000100093011007,110010093011007,1,1
G1100010009301109,11001009301109,G11000100093011008,110010093011008,1,1
G1100010009301110,11001009301110,G11000100093011009,110010093011009,1,1
G1100010009301111,11001009301111,G11000100093011010,110010093011010,1,1
G1100010009301112,11001009301112,G11000100093011011,110010093011011,1,1
G1100010009301113,11001009301113,G11000100093011012,110010093011012,1,1
G1100010009301114,11001009301114,G11000100093011013,110010093011013,1,1
G1100010009301115,11001009301115,G11000100093011014,110010093011014,1,1
G1100010009301201,11001009301201,G11000100093013003,110010093013003,1,1
G1100010009301202,11001009301202,G11000100093013000,110010093013000,1,1
G1100010009301203,11001009301203,G11000100093013001,110010093013001,0.369080208,0.2272727273
G1100010009301203,11001009301203,G11000100093013002,110010093013002,0.630919792,0.7727272727
G1100010009301204,11001009301204,G11000100093013010,110010093013010,1,1
G1100010009301205,11001009301205,G11000100093013008,110010093013008,1,1
G1100010009301206,11001009301206,G11000100093013009,110010093013009,1,1
G1100010009301207,11001009301207,G11000100093013009,110010093013009,0.018230563,0.020123839
G1100010009301207,11001009301207,G11000100093013013,110010093013013,0.981769437,0.979876161
G1100010009301208,11001009301208,G11000100093013014,110010093013014,1,1
G1100010009301209,11001009301209,G11000100093013015,110010093013015,0.9199996976,0.65
G1100010009301209,11001009301209,G11000100093013019,110010093013019,0.0800003024,0.35
G1100010009301210,11001009301210,G11000100093013011,110010093013011,1,1
G1100010009301211,11001009301211,G11000100093013012,110010093013012,1,1
G1100010009301212,11001009301212,G11000100093013023,110010093013023,1,1
G1100010009301214,11001009301214,G11000100093013018,110010093013018,0.8749987853,0.969924812
G1100010009301214,11001009301214,G11000100093013020,110010093013020,0.1250012147,0.030075188
G1100010009301301,11001009301301,G11000100093013021,110010093013021,1,1
G1100010009301302,11001009301302,G11000100093013017,110010093013017,0.9433595083,0.9545830766
G1100010009301302,11001009301302,G11000100093013024,110010093013024,0.0566404917,0.0454169234
G1100010009301303,11001009301303,G11000100093013022,110010093013022,1,1
G1100010009301308,11001009301308,G11000100093013016,110010093013016,1,1
G1100010009301310,11001009301310,G11000100093013006,110010093013006,1,1
G1100010009301311,11001009301311,G11000100093013007,110010093013007,1,1
G1100010009301312,11001009301312,G11000100093013004,110010093013004,1,1
G1100010009301313,11001009301313,G11000100093013005,110010093013005,1,1
G1100010009301401,11001009301401,G11000100093014009,110010093014009,1,1
G1100010009301402,11001009301402,G11000100093014005,110010093014005,1,1
G1100010009301403,11001009301403,G11000100093014007,110010093014007,1,1
G1100010009301404,11001009301404,G11000100093014006,110010093014006,1,1
G1100010009301405,11001009301405,G11000100093014008,110010093014008,1,1
G1100010009301406,11001009301406,G11000100093014004,110010093014004,1,1
G1100010009301407,11001009301407,G11000100093014003,110010093014003,1,1
G1100010009301408,11001009301408,G11000100093014002,110010093014002,1,1
G1100010009301409,11001009301409,G11000100093014000,110010093014000,1,1
G1100010009301410,11001009301410,G11000100093014001,110010093014001,1,1
G1100010009301501,11001009301501,G11000100093012000,110010093012000,1,1
G1100010009301502,11001009301502,G11000100093012001,110010093012001,1,1
G1100010009301503,11001009301503,G11000100093012002,110010093012002,1,1
G1100010009301504,11001009301504,G11000100093012003,110010093012003,0.6412034317,0.6412034317
G1100010009301504,11001009301504,G11000100093012004,110010093012004,0.2925138089,0.2925138089
G1100010009301504,11001009301504,G11000100093012005,110010093012005,0.0470090492,0.0470090492
G1100010009301504,11001009301504,G11000100093012006,110010093012006,0.0192737102,0.0192737102
G1100010009301505,11001009301505,G11000100093012005,110010093012005,0.599259543,0.599259543
G1100010009301505,11001009301505,G11000100093012006,110010093012006,0.400740457,0.400740457
G1100010009301506,11001009301506,G11000100093012007,110010093012007,1,1
G1100010009301507,11001009301507,G11000100093012008,110010093012008,1,1
G1100010009301508,11001009301508,G11000100093012009,110010093012009,1,1
G1100010009301509,11001009301509,G11000100093012010,110010093012010,1,1
G1100010009301510,11001009301510,G11000100093012011,110010093012011,1,1
G1100010009301511,11001009301511,G11000100093012012,110010093012012,1,1
G1100010009301512,11001009301512,G11000100093012013,110010093012013,1,1
G1100010009301601,11001009301601,G11000100093012015,110010093012015,1,1
G1100010009301602,11001009301602,G11000100093012016,110010093012016,1,1
G1100010009301603,11001009301603,G11000100093012017,110010093012017,1,1
G1100010009301604,11001009301604,G11000100093012018,110010093012018,1,1
G1100010009301605,11001009301605,G11000100093012019,110010093012019,1,1
G1100010009301606,11001009301606,G11000100093012020,110010093012020,1,1
G1100010009301607,11001009301607,G11000100093012021,110010093012021,1,1
G1100010009301608,11001009301608,G11000100093012022,110010093012022,1,1
G1100010009301609,11001009301609,G11000100093012023,110010093012023,1,1
G1100010009301610,11001009301610,G11000100093012024,110010093012024,1,1
G1100010009301611,11001009301611,G11000100093012025,110010093012025,1,1
G1100010009301612,11001009301612,G11000100093012026,110010093012026,1,1
G1100010009301613,11001009301613,G11000100093012014,110010093012014,1,1
G1100010009302701,11001009302701,G11000100093021008,110010093021008,1,1
G1100010009302702,11001009302702,G11000100093021016,110010093021016,1,1
G1100010009302704,11001009302704,G11000100093021003,110010093021003,1,1
G1100010009302705,11001009302705,G11000100093021002,110010093021002,1,1
G1100010009302706,11001009302706,G11000100093021001,110010093021001,1,1
G1100010009302707,11001009302707,G11000100093021006,110010093021006,1,1
G1100010009302708,11001009302708,G11000100093021005,110010093021005,1,1
G1100010009302711,11001009302711,G11000100093021007,110010093021007,1,1
G1100010009302712,11001009302712,G11000100093021000,110010093021000,1,1
G1100010009302713,11001009302713,G11000100093021004,110010093021004,1,1
G1100010009302801,11001009302801,G11000100093021011,110010093021011,1,1
G1100010009302802,11001009302802,G11000100093021010,110010093021010,1,1
G1100010009302803,11001009302803,G11000100093021009,110010093021009,1,1
G1100010009302804,11001009302804,G11000100093021012,110010093021012,1,1
G1100010009302805,11001009302805,G11000100093021013,110010093021013,1,1
G1100010009302806,11001009302806,G11000100093021017,110010093021017,1,1
G1100010009302807,11001009302807,G11000100093021011,110010093021011,0.5860517435,0.5860517435
G1100010009302807,11001009302807,G11000100093021015,110010093021015,0.4139482565,0.4139482565
G1100010009302808,11001009302808,G11000100093021014,110010093021014,1,1
G1100010009410101,11001009410101,G11000100094001000,110010094001000,1,1
G1100010009410102,11001009410102,G11000100094001001,110010094001001,1,1
G1100010009410103,11001009410103,G11000100094001004,110010094001004,1,1
G1100010009410104,11001009410104,G11000100094001003,110010094001003,1,1
G1100010009410105,11001009410105,G11000100094001002,110010094001002,1,1
G1100010009410106,11001009410106,G11000100094001011,110010094001011,1,1
G1100010009410107,11001009410107,G11000100094001017,110010094001017,1,1
G1100010009410108,11001009410108,G11000100094001007,110010094001007,1,1
G1100010009410109,11001009410109,G11000100094001008,110010094001008,1,1
G1100010009410110,11001009410110,G11000100094001009,110010094001009,1,1
G1100010009410111,11001009410111,G11000100094001010,110010094001010,1,1
G1100010009410112,11001009410112,G11000100094001013,110010094001013,1,1
G1100010009410113,11001009410113,G11000100094001014,110010094001014,1,1
G1100010009410114,11001009410114,G11000100094001012,110010094001012,1,1
G1100010009410115,11001009410115,G11000100094001015,110010094001015,1,1
G1100010009410116,11001009410116,G11000100094001016,110010094001016,1,1
G1100010009410117,11001009410117,G11000100094001018,110010094001018,1,1
G1100010009410118,11001009410118,G11000100094001005,110010094001005,1,1
G1100010009410119,11001009410119,G11000100094001006,110010094001006,1,1
G1100010009410201,11001009410201,G11000100094003000,110010094003000,1,1
G1100010009410202,11001009410202,G11000100094003007,110010094003007,1,1
G1100010009410204,11001009410204,G11000100094003006,110010094003006,1,1
G1100010009410207,11001009410207,G11000100094003008,110010094003008,1,1
G1100010009410208,11001009410208,G11000100094003009,110010094003009,1,1
G1100010009410209,11001009410209,G11000100094003020,110010094003020,1,1
G1100010009410211,11001009410211,G11000100094003025,110010094003025,1,1
G1100010009410213,11001009410213,G11000100094003019,110010094003019,1,1
G1100010009410215,11001009410215,G11000100094003010,110010094003010,1,1
G1100010009410301,11001009410301,G11000100094003001,110010094003001,1,1
G1100010009410302,11001009410302,G11000100094003002,110010094003002,0.9856590724,1
G1100010009410302,11001009410302,G11000100094003003,110010094003003,0.0143409276,0
G1100010009410303,11001009410303,G11000100094003012,110010094003012,1,1
G1100010009410304,11001009410304,G11000100094003011,110010094003011,1,1
G1100010009410305,11001009410305,G11000100094003018,110010094003018,1,1
G1100010009410306,11001009410306,G11000100094003021,110010094003021,1,1
G1100010009410307,11001009410307,G11000100094003023,110010094003023,0.0821914532,0.6610169492
G1100010009410307,11001009410307,G11000100094003024,110010094003024,0.9178085468,0.3389830508
G1100010009410308,11001009410308,G11000100094003022,110010094003022,1,1
G1100010009410309,11001009410309,G11000100094003017,110010094003017,1,1
G1100010009410310,11001009410310,G11000100094003016,110010094003016,1,1
G1100010009410311,11001009410311,G11000100094003013,110010094003013,1,1
G1100010009410312,11001009410312,G11000100094003014,110010094003014,1,1
G1100010009410313,11001009410313,G11000100094003015,110010094003015,1,1
G1100010009410314,11001009410314,G11000100094003004,110010094003004,0.969274177,0.8444444444
G1100010009410314,11001009410314,G11000100094003005,110010094003005,0.030725823,0.1555555556
G1100010009410401,11001009410401,G11000100094004000,110010094004000,1,1
G1100010009410402,11001009410402,G11000100094004001,110010094004001,1,1
G1100010009410403,11001009410403,G11000100094004002,110010094004002,0.9870130113,0.8571428571
G1100010009410403,11001009410403,G11000100094004004,110010094004004,0.0129869887,0.1428571429
G1100010009410404,11001009410404,G11000100094004003,110010094004003,1,1
G1100010009410405,11001009410405,G11000100094004004,110010094004004,1,1
G1100010009410406,11001009410406,G11000100094004005,110010094004005,1,1
G1100010009410407,11001009410407,G11000100094004006,110010094004006,1,1
G1100010009410408,11001009410408,G11000100094004007,110010094004007,0.4905165083,0.4158415842
G1100010009410408,11001009410408,G11000100094004008,110010094004008,0.5094834917,0.5841584158
G1100010009410409,11001009410409,G11000100094004009,110010094004009,1,1
G1100010009410410,11001009410410,G11000100094004010,110010094004010,1,1
G1100010009410411,11001009410411,G11000100094004011,110010094004011,1,1
G1100010009410412,11001009410412,G11000100094004012,110010094004012,1,1
G1100010009410413,11001009410413,G11000100094004013,110010094004013,0.8964065027,0.7319587629
G1100010009410413,11001009410413,G11000100094004014,110010094004014,0.1035934973,0.2680412371
G1100010009410415,11001009410415,G11000100094004015,110010094004015,1,1
G1100010009410416,11001009410416,G11000100094004016,110010094004016,1,1
G1100010009410417,11001009410417,G11000100094004017,110010094004017,1,1
G1100010009410418,11001009410418,G11000100094004018,110010094004018,0.9340652743,0.7692307692
G1100010009410418,11001009410418,G11000100094004019,110010094004019,0.0659347257,0.2307692308
G1100010009410501,11001009410501,G11000100094002007,110010094002007,0.9259253889,0.9611650485
G1100010009410501,11001009410501,G11000100094002008,110010094002008,0.0740746111,0.0388349515
G1100010009410502,11001009410502,G11000100094002002,110010094002002,0.9627710557,1
G1100010009410502,11001009410502,G11000100094002003,110010094002003,0.0372289443,0
G1100010009410503,11001009410503,G11000100094002004,110010094002004,1,1
G1100010009410506,11001009410506,G11000100094002001,110010094002001,1,1
G1100010009410507,11001009410507,G11000100094002000,110010094002000,1,1
G1100010009410508,11001009410508,G11000100094002005,110010094002005,1,1
G1100010009410509,11001009410509,G11000100094002006,110010094002006,1,1
G1100010009410601,11001009410601,G11000100094002011,110010094002011,1,1
G1100010009410602,11001009410602,G11000100094002010,110010094002010,1,1
G1100010009410603,11001009410603,G11000100094002009,110010094002009,1,1
G1100010009410606,11001009410606,G11000100094002025,110010094002025,1,1
G1100010009410607,11001009410607,G11000100094002016,110010094002016,1,1
G1100010009410608,11001009410608,G11000100094002013,110010094002013,1,1
G1100010009410609,11001009410609,G11000100094002012,110010094002012,1,1
G1100010009410610,11001009410610,G11000100094002017,110010094002017,1,1
G1100010009410611,11001009410611,G11000100094002018,110010094002018,1,1
G1100010009410612,11001009410612,G11000100094002019,110010094002019,1,1
G1100010009410619,11001009410619,G11000100094002015,110010094002015,1,1
G1100010009410620,11001009410620,G11000100094002014,110010094002014,1,1
G1100010009410632,11001009410632,G11000100094002020,110010094002020,0.7632826569,0.88
G1100010009410632,11001009410632,G11000100094002021,110010094002021,0.0878407242,0
G1100010009410632,11001009410632,G11000100094002022,110010094002022,0.0898877047,0
G1100010009410632,11001009410632,G11000100094002024,110010094002024,0.0589889141,0.12
G1100010009410633,11001009410633,G11000100094002023,110010094002023,1,1
G1100010009501101,11001009501101,G11000100095011002,110010095011002,1,1
G1100010009501102,11001009501102,G11000100095011000,110010095011000,0.9969750773,0.9969750773
G1100010009501102,11001009501102,G11000100095011008,110010095011008,0.0030249227,0.0030249227
G1100010009501103,11001009501103,G11000100095011007,110010095011007,1,1
G1100010009501104,11001009501104,G11000100095011003,110010095011003,1,1
G1100010009501105,11001009501105,G11000100095011001,110010095011001,1,1
G1100010009501106,11001009501106,G11000100095011006,110010095011006,1,1
G1100010009501107,11001009501107,G11000100095011005,110010095011005,1,1
G1100010009501108,11001009501108,G11000100095011004,110010095011004,1,1
G1100010009501109,11001009501109,G11000100095011009,110010095011009,1,1
G1100010009501201,11001009501201,G11000100095013012,110010095013012,1,1
G1100010009501202,11001009501202,G11000100095013010,110010095013010,1,1
G1100010009501203,11001009501203,G11000100095013010,110010095013010,0.9874078481,1
G1100010009501203,11001009501203,G11000100095013011,110010095013011,0.0125921519,0
G1100010009501206,11001009501206,G11000100095013009,110010095013009,1,1
G1100010009501301,11001009501301,G11000100095013008,110010095013008,1,1
G1100010009501302,11001009501302,G11000100095013007,110010095013007,1,1
G1100010009501303,11001009501303,G11000100095013006,110010095013006,1,1
G1100010009501304,11001009501304,G11000100095013005,110010095013005,1,1
G1100010009501305,11001009501305,G11000100095013000,110010095013000,1,1
G1100010009501306,11001009501306,G11000100095013004,110010095013004,1,1
G1100010009501307,11001009501307,G11000100095013003,110010095013003,1,1
G1100010009501308,11001009501308,G11000100095013002,110010095013002,1,1
G1100010009501309,11001009501309,G11000100095013001,110010095013001,1,1
G1100010009501401,11001009501401,G11000100095012002,110010095012002,1,1
G1100010009501402,11001009501402,G11000100095012004,110010095012004,1,1
G1100010009501405,11001009501405,G11000100095012003,110010095012003,1,1
G1100010009501406,11001009501406,G11000100095012001,110010095012001,1,1
G1100010009501407,11001009501407,G11000100095012000,110010095012000,1,1
G1100010009501420,11001009501420,G11000100095012005,110010095012005,0.4002771483,0.3933747412
G1100010009501420,11001009501420,G11000100095012006,110010095012006,0.5997228517,0.6066252588
G1100010009503101,11001009503101,G11000100095031000,110010095031000,0.7136863446,0.7136863446
G1100010009503101,11001009503101,G11000100095031004,110010095031004,0.2863136554,0.2863136554
G1100010009503102,11001009503102,G11000100095031017,110010095031017,1,1
G1100010009503103,11001009503103,G11000100095031002,110010095031002,1,1
G1100010009503104,11001009503104,G11000100095031001,110010095031001,1,1
G1100010009503105,11001009503105,G11000100095031003,110010095031003,1,1
G1100010009503106,11001009503106,G11000100095031009,110010095031009,1,1
G1100010009503107,11001009503107,G11000100095031005,110010095031005,0.9539578072,0.8024439919
G1100010009503107,11001009503107,G11000100095031006,110010095031006,0.0087147376,0.0529531568
G1100010009503107,11001009503107,G11000100095031010,110010095031010,0.0373274552,0.1446028513
G1100010009503108,11001009503108,G11000100095031008,110010095031008,1,1
G1100010009503109,11001009503109,G11000100095031007,110010095031007,1,1
G1100010009503110,11001009503110,G11000100095031014,110010095031014,1,1
G1100010009503111,11001009503111,G11000100095031011,110010095031011,1,1
G1100010009503112,11001009503112,G11000100095031012,110010095031012,1,1
G1100010009503113,11001009503113,G11000100095031013,110010095031013,1,1
G1100010009503114,11001009503114,G11000100095031015,110010095031015,1,1
G1100010009503116,11001009503116,G11000100095031016,110010095031016,1,1
G1100010009503201,11001009503201,G11000100095032000,110010095032000,1,1
G1100010009503202,11001009503202,G11000100095032001,110010095032001,1,1
G1100010009503203,11001009503203,G11000100095032002,110010095032002,0.9753668511,1
G1100010009503203,11001009503203,G11000100095032004,110010095032004,0.0246331489,0
G1100010009503204,11001009503204,G11000100095032005,110010095032005,1,1
G1100010009503205,11001009503205,G11000100095032006,110010095032006,0.0439999674,0
G1100010009503205,11001009503205,G11000100095032015,110010095032015,0.9560000326,1
G1100010009503206,11001009503206,G11000100095032014,110010095032014,1,1
G1100010009503207,11001009503207,G11000100095032003,110010095032003,1,1
G1100010009503301,11001009503301,G11000100095032007,110010095032007,0.3652794293,0.4834058834
G1100010009503301,11001009503301,G11000100095032010,110010095032010,0.2262257816,0.1501845906
G1100010009503301,11001009503301,G11000100095032011,110010095032011,0.4084947891,0.366409526
G1100010009503302,11001009503302,G11000100095032009,110010095032009,1,1
G1100010009503303,11001009503303,G11000100095032013,110010095032013,1,1
G1100010009503304,11001009503304,G11000100095032008,110010095032008,1,1
G1100010009503305,11001009503305,G11000100095032012,110010095032012,1,1
G1100010009503401,11001009503401,G11000100095033017,110010095033017,1,1
G1100010009503402,11001009503402,G11000100095033016,110010095033016,1,1
G1100010009503403,11001009503403,G11000100095033015,110010095033015,1,1
G1100010009503404,11001009503404,G11000100095033014,110010095033014,1,1
G1100010009503405,11001009503405,G11000100095033013,110010095033013,1,1
G1100010009503406,11001009503406,G11000100095033012,110010095033012,1,1
G1100010009503407,11001009503407,G11000100095033009,110010095033009,0.0481040337,0.0720720721
G1100010009503407,11001009503407,G11000100095033010,110010095033010,0.9518959663,0.9279279279
G1100010009503501,11001009503501,G11000100095033002,110010095033002,0.9694911282,0.8961038961
G1100010009503501,11001009503501,G11000100095033007,110010095033007,0.0305088718,0.1038961039
G1100010009503502,11001009503502,G11000100095033005,110010095033005,0.6808316825,0.6333333333
G1100010009503502,11001009503502,G11000100095033006,110010095033006,0.1107738869,0.2333333333
G1100010009503502,11001009503502,G11000100095033011,110010095033011,0.2083944307,0.1333333333
G1100010009503505,11001009503505,G11000100095033008,110010095033008,1,1
G1100010009503507,11001009503507,G11000100095033003,110010095033003,1,1
G1100010009503508,11001009503508,G11000100095033004,110010095033004,1,1
G1100010009503509,11001009503509,G11000100095033001,110010095033001,1,1
G1100010009503510,11001009503510,G11000100095033000,110010095033000,1,1
G1100010009505101,11001009505101,G11000100095052000,110010095052000,1,1
G1100010009505102,11001009505102,G11000100095052003,110010095052003,1,1
G1100010009505103,11001009505103,G11000100095052002,110010095052002,1,1
G1100010009505104,11001009505104,G11000100095052001,110010095052001,1,1
G1100010009505105,11001009505105,G11000100095052005,110010095052005,1,1
G1100010009505106,11001009505106,G11000100095052004,110010095052004,1,1
G1100010009505201,11001009505201,G11000100095052006,110010095052006,1,1
G1100010009505202,11001009505202,G11000100095052007,110010095052007,1,1
G1100010009505203,11001009505203,G11000100095052012,110010095052012,1,1
G1100010009505204,11001009505204,G11000100095052011,110010095052011,1,1
G1100010009505205,11001009505205,G11000100095052010,110010095052010,1,1
G1100010009505206,11001009505206,G11000100095052013,110010095052013,0.7606235438,0
G1100010009505206,11001009505206,G11000100095052016,110010095052016,0.2393764562,1
G1100010009505207,11001009505207,G11000100095052015,110010095052015,1,1
G1100010009505208,11001009505208,G11000100095052014,110010095052014,0.8418799062,0.8418799062
G1100010009505208,11001009505208,G11000100095052017,110010095052017,0.1581200938,0.1581200938
G1100010009505209,11001009505209,G11000100095052008,110010095052008,0.9743530231,0.9076923077
G1100010009505209,11001009505209,G11000100095052009,110010095052009,0.0256469769,0.0923076923
G1100010009505210,11001009505210,G11000100095052017,110010095052017,1,1
G1100010009505211,11001009505211,G11000100095052020,110010095052020,1,1
G1100010009505212,11001009505212,G11000100095052018,110010095052018,0.8895701177,0.8513513514
G1100010009505212,11001009505212,G11000100095052019,110010095052019,0.1104298823,0.1486486486
G1100010009505213,11001009505213,G11000100095052016,110010095052016,1,1
G1100010009505214,11001009505214,G11000100095052021,110010095052021,0.7735836938,1
G1100010009505214,11001009505214,G11000100095052022,110010095052022,0.2264163062,0
G1100010009505301,11001009505301,G11000100095051000,110010095051000,0.8783786755,1
G1100010009505301,11001009505301,G11000100095051001,110010095051001,0.1216213245,0
G1100010009505302,11001009505302,G11000100095051004,110010095051004,1,1
G1100010009505303,11001009505303,G11000100095051002,110010095051002,1,1
G1100010009505304,11001009505304,G11000100095051003,110010095051003,1,1
G1100010009505305,11001009505305,G11000100095051001,110010095051001,1,1
G1100010009505306,11001009505306,G11000100095051005,110010095051005,1,1
G1100010009505402,11001009505402,G11000100095051007,110010095051007,1,1
G1100010009505403,11001009505403,G11000100095051006,110010095051006,1,1
G1100010009505404,11001009505404,G11000100095051009,110010095051009,1,1
G1100010009505405,11001009505405,G11000100095051008,110010095051008,1,1
G1100010009505501,11001009505501,G11000100095053004,110010095053004,1,1
G1100010009505502,11001009505502,G11000100095053000,110010095053000,0.2057131414,0
G1100010009505502,11001009505502,G11000100095053001,110010095053001,0.7942868586,1
G1100010009505503,11001009505503,G11000100095053005,110010095053005,1,1
G1100010009505504,11001009505504,G11000100095053006,110010095053006,1,1
G1100010009505505,11001009505505,G11000100095053014,110010095053014,1,1
G1100010009505506,11001009505506,G11000100095053013,110010095053013,1,1
G1100010009505507,11001009505507,G11000100095053009,110010095053009,1,1
G1100010009505508,11001009505508,G11000100095053007,110010095053007,1,1
G1100010009505509,11001009505509,G11000100095053008,110010095053008,1,1
G1100010009505510,11001009505510,G11000100095053002,110010095053002,0.8814808483,0.8867924528
G1100010009505510,11001009505510,G11000100095053003,110010095053003,0.1185191517,0.1132075472
G1100010009505601,11001009505601,G11000100095053010,110010095053010,0.4194824509,0.3454545455
G1100010009505601,11001009505601,G11000100095053015,110010095053015,0.2903926234,0.2909090909
G1100010009505601,11001009505601,G11000100095053020,110010095053020,0.2901249256,0.3636363636
G1100010009505602,11001009505602,G11000100095053019,110010095053019,1,1
G1100010009505603,11001009505603,G11000100095053021,110010095053021,1,1
G1100010009505604,11001009505604,G11000100095053022,110010095053022,1,1
G1100010009505605,11001009505605,G11000100095053016,110010095053016,1,1
G1100010009505606,11001009505606,G11000100095053012,110010095053012,0.9760636497,0.9625
G1100010009505606,11001009505606,G11000100095053018,110010095053018,0.0239363503,0.0375
G1100010009505607,11001009505607,G11000100095053017,110010095053017,1,1
G1100010009505611,11001009505611,G11000100095053011,110010095053011,1,1
G1100010009507101,11001009507101,G11000100095071000,110010095071000,1,1
G1100010009507102,11001009507102,G11000100095071007,110010095071007,1,1
G1100010009507103,11001009507103,G11000100095071001,110010095071001,1,1
G1100010009507104,11001009507104,G11000100095071002,110010095071002,1,1
G1100010009507105,11001009507105,G11000100095071004,110010095071004,1,1
G1100010009507106,11001009507106,G11000100095071003,110010095071003,1,1
G1100010009507107,11001009507107,G11000100095071008,110010095071008,1,1
G1100010009507108,11001009507108,G11000100095071010,110010095071010,1,1
G1100010009507109,11001009507109,G11000100095071009,110010095071009,1,1
G1100010009507110,11001009507110,G11000100095071009,110010095071009,1,1
G1100010009507112,11001009507112,G11000100095071005,110010095071005,1,1
G1100010009507113,11001009507113,G11000100095071006,110010095071006,1,1
G1100010009508201,11001009508201,G11000100095082002,110010095082002,1,1
G1100010009508202,11001009508202,G11000100095082003,110010095082003,1,1
G1100010009508203,11001009508203,G11000100095082004,110010095082004,1,1
G1100010009508204,11001009508204,G11000100095082006,110010095082006,1,1
G1100010009508205,11001009508205,G11000100095082005,110010095082005,1,1
G1100010009508206,11001009508206,G11000100095082007,110010095082007,1,1
G1100010009508207,11001009508207,G11000100095082008,110010095082008,1,1
G1100010009508208,11001009508208,G11000100095082001,110010095082001,1,1
G1100010009508209,11001009508209,G11000100095082000,110010095082000,1,1
G1100010009508301,11001009508301,G11000100095083004,110010095083004,1,1
G1100010009508302,11001009508302,G11000100095083005,110010095083005,1,1
G1100010009508303,11001009508303,G11000100095083003,110010095083003,1,1
G1100010009508304,11001009508304,G11000100095083002,110010095083002,1,1
G1100010009508305,11001009508305,G11000100095083001,110010095083001,1,1
G1100010009508306,11001009508306,G11000100095083000,110010095083000,1,1
G1100010009508307,11001009508307,G11000100095083006,110010095083006,1,1
G1100010009508308,11001009508308,G11000100095083007,110010095083007,1,1
G1100010009508401,11001009508401,G11000100095081000,110010095081000,1,1
G1100010009508402,11001009508402,G11000100095081000,110010095081000,0.3963107021,0.008797654
G1100010009508402,11001009508402,G11000100095081001,110010095081001,0.0101133291,0
G1100010009508402,11001009508402,G11000100095081003,110010095081003,0.253650074,0.3228200371
G1100010009508402,11001009508402,G11000100095081004,110010095081004,0.2057200723,0.4809384164
G1100010009508402,11001009508402,G11000100095081011,110010095081011,0.1342058224,0.1874438925
G1100010009508403,11001009508403,G11000100095081005,110010095081005,1,1
G1100010009508404,11001009508404,G11000100095081002,110010095081002,1,1
G1100010009508405,11001009508405,G11000100095081007,110010095081007,0.9971801393,0.9971801393
G1100010009508405,11001009508405,G11000100095081010,110010095081010,0.0028198607,0.0028198607
G1100010009508406,11001009508406,G11000100095081006,110010095081006,1,1
G1100010009508407,11001009508407,G11000100095081012,110010095081012,1,1
G1100010009508408,11001009508408,G11000100095081008,110010095081008,1,1
G1100010009508409,11001009508409,G11000100095081009,110010095081009,1,1
G1100010009509101,11001009509101,G11000100095091000,110010095091000,1,1
G1100010009509102,11001009509102,G11000100095091001,110010095091001,1,1
G1100010009509103,11001009509103,G11000100095091002,110010095091002,1,1
G1100010009509104,11001009509104,G11000100095091003,110010095091003,1,1
G1100010009509105,11001009509105,G11000100095091004,110010095091004,1,1
G1100010009509106,11001009509106,G11000100095091007,110010095091007,1,1
G1100010009509107,11001009509107,G11000100095091006,110010095091006,0.9689917733,0.8838383838
G1100010009509107,11001009509107,G11000100095091009,110010095091009,0.0310082267,0.1161616162
G1100010009509108,11001009509108,G11000100095091005,110010095091005,0.9759393665,1
G1100010009509108,11001009509108,G11000100095091008,110010095091008,0.0240606335,0
G1100010009509201,11001009509201,G11000100095092000,110010095092000,1,1
G1100010009509202,11001009509202,G11000100095092001,110010095092001,1,1
G1100010009509203,11001009509203,G11000100095092002,110010095092002,1,1
G1100010009509204,11001009509204,G11000100095092003,110010095092003,1,1
G1100010009509205,11001009509205,G11000100095092004,110010095092004,1,1
G1100010009509206,11001009509206,G11000100095092005,110010095092005,1,1
G1100010009509207,11001009509207,G11000100095092006,110010095092006,1,1
G1100010009509208,11001009509208,G11000100095092007,110010095092007,1,1
G1100010009509209,11001009509209,G11000100095092008,110010095092008,0.1072789488,0.429245283
G1100010009509209,11001009509209,G11000100095092009,110010095092009,0.8927210512,0.570754717
G1100010009509210,11001009509210,G11000100095092010,110010095092010,1,1
G1100010009509211,11001009509211,G11000100095092011,110010095092011,1,1
G1100010009509212,11001009509212,G11000100095092012,110010095092012,1,1
G1100010009509801,11001009509801,G11000100095093000,110010095093000,1,1
G1100010009509802,11001009509802,G11000100095093002,110010095093002,1,1
G1100010009509803,11001009509803,G11000100095093003,110010095093003,1,1
G1100010009509804,11001009509804,G11000100095093001,110010095093001,0.5738123041,0.1195117951
G1100010009509804,11001009509804,G11000100095093004,110010095093004,0.4014094606,0.8472253236
G1100010009509804,11001009509804,G11000100095093005,110010095093005,0.0247782353,0.0332628813
G1100010009509805,11001009509805,G11000100095093001,110010095093001,0.5738123041,0.000405006
G1100010009509805,11001009509805,G11000100095093004,110010095093004,0.4014094606,0.7786857115
G1100010009509805,11001009509805,G11000100095093005,110010095093005,0.0247782353,0.2209092825
G1100010009540301,11001009540301,G11000100095042000,110010095042000,1,1
G1100010009540302,11001009540302,G11000100095042014,110010095042014,1,1
G1100010009540303,11001009540303,G11000100095042013,110010095042013,1,1
G1100010009540304,11001009540304,G11000100095042016,110010095042016,1,1
G1100010009540305,11001009540305,G11000100095042012,110010095042012,1,1
G1100010009540306,11001009540306,G11000100095042011,110010095042011,1,1
G1100010009540307,11001009540307,G11000100095042017,110010095042017,1,1
G1100010009540401,11001009540401,G11000100095041000,110010095041000,1,1
G1100010009540402,11001009540402,G11000100095041008,110010095041008,1,1
G1100010009540403,11001009540403,G11000100095041007,110010095041007,1,1
G1100010009540404,11001009540404,G11000100095041017,110010095041017,1,1
G1100010009540405,11001009540405,G11000100095041018,110010095041018,1,1
G1100010009540406,11001009540406,G11000100095041019,110010095041019,1,1
G1100010009540501,11001009540501,G11000100095041001,110010095041001,1,1
G1100010009540502,11001009540502,G11000100095041009,110010095041009,1,1
G1100010009540503,11001009540503,G11000100095041010,110010095041010,0.9902470927,0.59375
G1100010009540503,11001009540503,G11000100095041013,110010095041013,0.0097529073,0.40625
G1100010009540504,11001009540504,G11000100095041012,110010095041012,1,1
G1100010009540505,11001009540505,G11000100095041011,110010095041011,1,1
G1100010009540506,11001009540506,G11000100095041020,110010095041020,0.9082125119,1
G1100010009540506,11001009540506,G11000100095041024,110010095041024,0.0917874881,0
G1100010009540507,11001009540507,G11000100095041021,110010095041021,1,1
G1100010009540601,11001009540601,G11000100095041002,110010095041002,1,1
G1100010009540602,11001009540602,G11000100095041003,110010095041003,1,1
G1100010009540603,11001009540603,G11000100095041004,110010095041004,1,1
G1100010009540604,11001009540604,G11000100095041006,110010095041006,1,1
G1100010009540605,11001009540605,G11000100095041014,110010095041014,1,1
G1100010009540606,11001009540606,G11000100095041005,110010095041005,0.5100035798,0.885032538
G1100010009540606,11001009540606,G11000100095041015,110010095041015,0.4613579412,0.114967462
G1100010009540606,11001009540606,G11000100095041016,110010095041016,0.0063879718,0
G1100010009540606,11001009540606,G11000100095041022,110010095041022,0.0222505071,0
G1100010009540607,11001009540607,G11000100095041023,110010095041023,0.8345968392,0.8345968392
G1100010009540607,11001009540607,G11000100095041025,110010095041025,0.0338978353,0.0338978353
G1100010009540607,11001009540607,G11000100095041026,110010095041026,0.1315053254,0.1315053254
G1100010009540701,11001009540701,G11000100095042001,110010095042001,0.7498813851,0.4911359748
G1100010009540701,11001009540701,G11000100095042003,110010095042003,0.0037408568,0
G1100010009540701,11001009540701,G11000100095042005,110010095042005,0.0303609132,0.0770219149
G1100010009540701,11001009540701,G11000100095042006,110010095042006,0.041734095,0.2044547949
G1100010009540701,11001009540701,G11000100095042007,110010095042007,0.029201666,0.0310810811
G1100010009540701,11001009540701,G11000100095042008,110010095042008,0.1164813803,0.1237099665
G1100010009540701,11001009540701,G11000100095042018,110010095042018,0.0285997037,0.0725962678
G1100010009540702,11001009540702,G11000100095042009,110010095042009,1,1
G1100010009540703,11001009540703,G11000100095042004,110010095042004,1,1
G1100010009540704,11001009540704,G11000100095042002,110010095042002,1,1
G1100010009540705,11001009540705,G11000100095042010,110010095042010,1,1
G1100010009540706,11001009540706,G11000100095042015,110010095042015,1,1
G1100010009601101,11001009601101,G11000100096011006,110010096011006,0.9971332539,1
G1100010009601101,11001009601101,G11000100096011007,110010096011007,0.0028667461,0
G1100010009601102,11001009601102,G11000100096011009,110010096011009,1,1
G1100010009601103,11001009601103,G11000100096011016,110010096011016,1,1
G1100010009601104,11001009601104,G11000100096011015,110010096011015,1,1
G1100010009601105,11001009601105,G11000100096011012,110010096011012,0.258463555,0.9494616453
G1100010009601105,11001009601105,G11000100096011033,110010096011033,0.4103057734,0.0309498769
G1100010009601105,11001009601105,G11000100096011036,110010096011036,0.319618244,0.0195884778
G1100010009601105,11001009601105,G11000100096011041,110010096011041,0.0116124276,0
G1100010009601106,11001009601106,G11000100096011011,110010096011011,0.6285796517,0.9269406393
G1100010009601106,11001009601106,G11000100096011013,110010096011013,0.3714203483,0.0730593607
G1100010009601107,11001009601107,G11000100096011012,110010096011012,0.6755102041,0.9911443439
G1100010009601107,11001009601107,G11000100096011036,110010096011036,0.3244897959,0.0088556561
G1100010009601108,11001009601108,G11000100096011039,110010096011039,0.894643115,0.9706639149
G1100010009601108,11001009601108,G11000100096011040,110010096011040,0.105356885,0.0293360851
G1100010009601109,11001009601109,G11000100096011037,110010096011037,0.8624541651,1
G1100010009601109,11001009601109,G11000100096011044,110010096011044,0.1375458349,0
G1100010009601110,11001009601110,G11000100096011037,110010096011037,1,1
G1100010009601111,11001009601111,G11000100096011038,110010096011038,0.8702432667,0.9751607029
G1100010009601111,11001009601111,G11000100096011040,110010096011040,0.1297567333,0.0248392971
G1100010009601112,11001009601112,G11000100096011037,110010096011037,0.6204686137,0.6204686137
G1100010009601112,11001009601112,G11000100096011040,110010096011040,0.0609497442,0.0609497442
G1100010009601112,11001009601112,G11000100096011042,110010096011042,0.045556162,0.045556162
G1100010009601112,11001009601112,G11000100096011043,110010096011043,0.2730254802,0.2730254802
G1100010009601113,11001009601113,G11000100096011046,110010096011046,0.1282901708,0.0359443215
G1100010009601113,11001009601113,G11000100096011047,110010096011047,0.0325129268,0.1248587761
G1100010009601113,11001009601113,G11000100096011048,110010096011048,0.2187314875,0.2187314875
G1100010009601113,11001009601113,G11000100096011049,110010096011049,0.6204654149,0.6204654149
G1100010009601117,11001009601117,G11000100096011008,110010096011008,1,1
G1100010009601118,11001009601118,G11000100096011010,110010096011010,1,1
G1100010009601121,11001009601121,G11000100096011025,110010096011025,1,1
G1100010009601201,11001009601201,G11000100096011002,110010096011002,0.1111763392,0.1111763392
G1100010009601201,11001009601201,G11000100096011003,110010096011003,0.0042330458,0.0042330458
G1100010009601201,11001009601201,G11000100096011005,110010096011005,0.884590615,0.884590615
G1100010009601202,11001009601202,G11000100096011026,110010096011026,1,1
G1100010009601203,11001009601203,G11000100096011027,110010096011027,1,1
G1100010009601204,11001009601204,G11000100096011024,110010096011024,1,1
G1100010009601205,11001009601205,G11000100096011024,110010096011024,1,1
G1100010009601206,11001009601206,G11000100096011017,110010096011017,0.9898496096,0.9898496096
G1100010009601206,11001009601206,G11000100096011020,110010096011020,0.0051396639,0.0051396639
G1100010009601206,11001009601206,G11000100096011045,110010096011045,0.0050107265,0.0050107265
G1100010009601207,11001009601207,G11000100096011029,110010096011029,1,1
G1100010009601208,11001009601208,G11000100096011021,110010096011021,1,1
G1100010009601209,11001009601209,G11000100096011019,110010096011019,1,1
G1100010009601210,11001009601210,G11000100096011031,110010096011031,1,1
G1100010009601211,11001009601211,G11000100096011030,110010096011030,1,1
G1100010009601212,11001009601212,G11000100096011014,110010096011014,0.450851588,0.5555555556
G1100010009601212,11001009601212,G11000100096011028,110010096011028,0.549148412,0.4444444444
G1100010009601213,11001009601213,G11000100096011012,110010096011012,0.258463555,0.9800011744
G1100010009601213,11001009601213,G11000100096011033,110010096011033,0.4103057734,0.0041263843
G1100010009601213,11001009601213,G11000100096011036,110010096011036,0.319618244,0.0158724413
G1100010009601213,11001009601213,G11000100096011041,110010096011041,0.0116124276,0
G1100010009601214,11001009601214,G11000100096011032,110010096011032,1,1
G1100010009601215,11001009601215,G11000100096011018,110010096011018,1,1
G1100010009601216,11001009601216,G11000100096011022,110010096011022,1,1
G1100010009601217,11001009601217,G11000100096011034,110010096011034,1,1
G1100010009601218,11001009601218,G11000100096011012,110010096011012,0.1001246865,0.0740830645
G1100010009601218,11001009601218,G11000100096011033,110010096011033,0.1589459564,0.4361202506
G1100010009601218,11001009601218,G11000100096011035,110010096011035,0.4607464635,0.4583109712
G1100010009601218,11001009601218,G11000100096011036,110010096011036,0.1238150442,0.0314857137
G1100010009601218,11001009601218,G11000100096011041,110010096011041,0.0044984705,0
G1100010009601218,11001009601218,G11000100096011046,110010096011046,0.1211627689,0
G1100010009601218,11001009601218,G11000100096011047,110010096011047,0.0307066099,0
G1100010009601219,11001009601219,G11000100096011012,110010096011012,0.258463555,0.0469028355
G1100010009601219,11001009601219,G11000100096011033,110010096011033,0.4103057734,0.9513906492
G1100010009601219,11001009601219,G11000100096011036,110010096011036,0.319618244,0.0017065153
G1100010009601219,11001009601219,G11000100096011041,110010096011041,0.0116124276,0
G1100010009602301,11001009602301,G11000100096021012,110010096021012,0.0107836555,0.0107836555
G1100010009602301,11001009602301,G11000100096021013,110010096021013,0.002713277,0.002713277
G1100010009602301,11001009602301,G11000100096022000,110010096022000,0.0360458386,0.0360458386
G1100010009602301,11001009602301,G11000100096022001,110010096022001,0.9504572288,0.9504572288
G1100010009602302,11001009602302,G11000100096021004,110010096021004,1,1
G1100010009602303,11001009602303,G11000100096021004,110010096021004,1,1
G1100010009602304,11001009602304,G11000100096021003,110010096021003,0.3939387375,0
G1100010009602304,11001009602304,G11000100096021005,110010096021005,0.6060612625,1
G1100010009602305,11001009602305,G11000100096021006,110010096021006,0.6142014131,1
G1100010009602305,11001009602305,G11000100096021007,110010096021007,0.3857985869,0
G1100010009602306,11001009602306,G11000100096021011,110010096021011,1,1
G1100010009602307,11001009602307,G11000100096021013,110010096021013,0.0355555556,0.0355555556
G1100010009602307,11001009602307,G11000100096021014,110010096021014,0.4339784946,0.4339784946
G1100010009602307,11001009602307,G11000100096021016,110010096021016,0.5304659498,0.5304659498
G1100010009602308,11001009602308,G11000100096021020,110010096021020,0.951135673,0.951135673
G1100010009602308,11001009602308,G11000100096021021,110010096021021,0.0286387116,0.0286387116
G1100010009602308,11001009602308,G11000100096021029,110010096021029,0.0202256153,0.0202256153
G1100010009602309,11001009602309,G11000100096021000,110010096021000,0.1564308094,0.1732241939
G1100010009602309,11001009602309,G11000100096021001,110010096021001,0.0744526459,0.0146483375
G1100010009602309,11001009602309,G11000100096021002,110010096021002,0.2038521423,0.2370391193
G1100010009602309,11001009602309,G11000100096022003,110010096022003,0.2461795744,0.2577176925
G1100010009602309,11001009602309,G11000100096022004,110010096022004,0.3190848279,0.3173706568
G1100010009602310,11001009602310,G11000100096021008,110010096021008,1,1
G1100010009602311,11001009602311,G11000100096021015,110010096021015,0.4579313007,0.6378724906
G1100010009602311,11001009602311,G11000100096021022,110010096021022,0.0492570436,0.0263840523
G1100010009602311,11001009602311,G11000100096021023,110010096021023,0.0000964878,0.0000516828
G1100010009602311,11001009602311,G11000100096021029,110010096021029,0.4927151679,0.3356917744
G1100010009602312,11001009602312,G11000100096021028,110010096021028,1,1
G1100010009602313,11001009602313,G11000100096022007,110010096022007,1,1
G1100010009602314,11001009602314,G11000100096022002,110010096022002,1,1
G1100010009602315,11001009602315,G11000100096022001,110010096022001,1,1
G1100010009602316,11001009602316,G11000100096022001,110010096022001,1,1
G1100010009602317,11001009602317,G11000100096022008,110010096022008,1,1
G1100010009602318,11001009602318,G11000100096021015,110010096021015,0.0141951084,0.0066144468
G1100010009602318,11001009602318,G11000100096021022,110010096021022,0.2234747687,0.2359498616
G1100010009602318,11001009602318,G11000100096021023,110010096021023,0.7470567725,0.7470865288
G1100010009602318,11001009602318,G11000100096021029,110010096021029,0.0152733504,0.0103491628
G1100010009602319,11001009602319,G11000100096021024,110010096021024,1,1
G1100010009602320,11001009602320,G11000100096021026,110010096021026,1,1
G1100010009602321,11001009602321,G11000100096021019,110010096021019,1,1
G1100010009602322,11001009602322,G11000100096021017,110010096021017,0.1857590389,0.1854304636
G1100010009602322,11001009602322,G11000100096021018,110010096021018,0.4640634342,0.7086092715
G1100010009602322,11001009602322,G11000100096021027,110010096021027,0.350177527,0.1059602649
G1100010009602323,11001009602323,G11000100096021009,110010096021009,0.382446973,1
G1100010009602323,11001009602323,G11000100096021010,110010096021010,0.3035984269,0
G1100010009602323,11001009602323,G11000100096021025,110010096021025,0.3139546001,0
G1100010009602324,11001009602324,G11000100096022006,110010096022006,1,1
G1100010009603101,11001009603101,G11000100096031008,110010096031008,1,1
G1100010009603102,11001009603102,G11000100096031001,110010096031001,0.4502256256,1
G1100010009603102,11001009603102,G11000100096031002,110010096031002,0.5497743744,0
G1100010009603103,11001009603103,G11000100096031003,110010096031003,1,1
G1100010009603104,11001009603104,G11000100096031004,110010096031004,0.8727270415,0.8827586207
G1100010009603104,11001009603104,G11000100096031005,110010096031005,0.1272729585,0.1172413793
G1100010009603105,11001009603105,G11000100096031006,110010096031006,1,1
G1100010009603106,11001009603106,G11000100096031007,110010096031007,1,1
G1100010009603107,11001009603107,G11000100096031000,110010096031000,1,1
G1100010009603108,11001009603108,G11000100096031000,110010096031000,1,1
G1100010009603109,11001009603109,G11000100096031000,110010096031000,1,1
G1100010009603201,11001009603201,G11000100096032001,110010096032001,1,1
G1100010009603202,11001009603202,G11000100096032006,110010096032006,0.518206053,0.5344877961
G1100010009603202,11001009603202,G11000100096032009,110010096032009,0.481793947,0.4655122039
G1100010009603203,11001009603203,G11000100096032005,110010096032005,1,1
G1100010009603204,11001009603204,G11000100096032004,110010096032004,0.9643344377,0.9312901382
G1100010009603204,11001009603204,G11000100096032009,110010096032009,0.0356655623,0.0687098618
G1100010009603205,11001009603205,G11000100096032007,110010096032007,1,1
G1100010009603206,11001009603206,G11000100096032003,110010096032003,1,1
G1100010009603207,11001009603207,G11000100096032002,110010096032002,1,1
G1100010009603208,11001009603208,G11000100096032008,110010096032008,1,1
G1100010009603209,11001009603209,G11000100096032000,110010096032000,1,1
G1100010009603210,11001009603210,G11000100096032009,110010096032009,1,1
G1100010009603301,11001009603301,G11000100096033000,110010096033000,1,1
G1100010009603302,11001009603302,G11000100096033003,110010096033003,1,1
G1100010009603303,11001009603303,G11000100096033002,110010096033002,1,1
G1100010009603306,11001009603306,G11000100096033004,110010096033004,1,1
G1100010009603322,11001009603322,G11000100096033005,110010096033005,1,1
G1100010009603323,11001009603323,G11000100096033001,110010096033001,1,1
G1100010009604401,11001009604401,G11000100096041000,110010096041000,0.7810354472,0.7810354472
G1100010009604401,11001009604401,G11000100096041008,110010096041008,0.048981836,0.048981836
G1100010009604401,11001009604401,G11000100096041009,110010096041009,0.1699827167,0.1699827167
G1100010009604402,11001009604402,G11000100096041002,110010096041002,1,1
G1100010009604403,11001009604403,G11000100096041003,110010096041003,1,1
G1100010009604404,11001009604404,G11000100096041006,110010096041006,1,1
G1100010009604405,11001009604405,G11000100096041001,110010096041001,1,1
G1100010009604406,11001009604406,G11000100096041010,110010096041010,1,1
G1100010009604407,11001009604407,G11000100096041004,110010096041004,1,1
G1100010009604408,11001009604408,G11000100096041011,110010096041011,1,1
G1100010009604409,11001009604409,G11000100096041012,110010096041012,1,1
G1100010009604410,11001009604410,G11000100096041005,110010096041005,1,1
G1100010009604501,11001009604501,G11000100096042010,110010096042010,0.3472255299,0.3472255299
G1100010009604501,11001009604501,G11000100096042011,110010096042011,0.6527744701,0.6527744701
G1100010009604502,11001009604502,G11000100096042008,110010096042008,1,1
G1100010009604503,11001009604503,G11000100096042007,110010096042007,1,1
G1100010009604504,11001009604504,G11000100096042006,110010096042006,1,1
G1100010009604505,11001009604505,G11000100096042002,110010096042002,1,1
G1100010009604506,11001009604506,G11000100096042009,110010096042009,1,1
G1100010009604507,11001009604507,G11000100096042005,110010096042005,1,1
G1100010009604508,11001009604508,G11000100096042003,110010096042003,1,1
G1100010009604509,11001009604509,G11000100096042004,110010096042004,1,1
G1100010009604520,11001009604520,G11000100096042000,110010096042000,0.0866077528,0
G1100010009604520,11001009604520,G11000100096042001,110010096042001,0.9133922472,1
G11000100097101,11001009700101,G11000100097001000,110010097001000,0,0
G11000100097101,11001009700101,G11000100097001001,110010097001001,0,0
G11000100097101,11001009700101,G11000100097001002,110010097001002,1,1
G11000100097102,11001009700102,G11000100097001003,110010097001003,0.7202836091,0.5821677326
G11000100097102,11001009700102,G11000100097001004,110010097001004,0.1167384958,0.121189237
G11000100097102,11001009700102,G11000100097001005,110010097001005,0.0198387321,0
G11000100097102,11001009700102,G11000100097001006,110010097001006,0.1431391631,0.2966430304
G11000100097103,11001009700103,G11000100097001003,110010097001003,0.0971090399,0.0560821549
G11000100097103,11001009700103,G11000100097001004,110010097001004,0.0157387494,0.0006024462
G11000100097103,11001009700103,G11000100097001005,110010097001005,0.002674669,0
G11000100097103,11001009700103,G11000100097001006,110010097001006,0.0192981022,0.0025007327
G11000100097103,11001009700103,G11000100097001007,110010097001007,0.0814054662,0.0628466711
G11000100097103,11001009700103,G11000100097001008,110010097001008,0.0156094154,0
G11000100097103,11001009700103,G11000100097001009,110010097001009,0.093159829,0.0892422729
G11000100097103,11001009700103,G11000100097001010,110010097001010,0.0030430476,0.0069131338
G11000100097103,11001009700103,G11000100097001011,110010097001011,0.1425817608,0.1313495426
G11000100097103,11001009700103,G11000100097001012,110010097001012,0.5293799204,0.6504630457
G11000100097104,11001009700104,G11000100097001014,110010097001014,1,1
G11000100097106,11001009700106,G11000100097001015,110010097001015,1,1
G11000100097107,11001009700107,G11000100097001013,110010097001013,1,1
G11000100097108,11001009700108,G11000100097001017,110010097001017,1,1
G11000100097109,11001009700109,G11000100097001016,110010097001016,1,1
G11000100097201,11001009700201,G11000100097002000,110010097002000,0.5119241975,0.4742041712
G11000100097201,11001009700201,G11000100097002001,110010097002001,0.0086535809,0
G11000100097201,11001009700201,G11000100097002002,110010097002002,0.4794222216,0.5257958288
G1100010009803201,11001009803201,G11000100098032000,110010098032000,0.0573767201,0.1979434447
G1100010009803201,11001009803201,G11000100098032001,110010098032001,0.9426232799,0.8020565553
G1100010009803202,11001009803202,G11000100098032006,110010098032006,1,1
G1100010009803203,11001009803203,G11000100098032002,110010098032002,1,1
G1100010009803204,11001009803204,G11000100098032003,110010098032003,1,1
G1100010009803205,11001009803205,G11000100098032004,110010098032004,1,1
G1100010009803206,11001009803206,G11000100098032005,110010098032005,1,1
G1100010009803207,11001009803207,G11000100098032005,110010098032005,1,1
G1100010009803301,11001009803301,G11000100098033005,110010098033005,1,1
G1100010009803302,11001009803302,G11000100098033004,110010098033004,1,1
G1100010009803303,11001009803303,G11000100098033002,110010098033002,1,1
G1100010009803304,11001009803304,G11000100098033003,110010098033003,1,1
G1100010009803305,11001009803305,G11000100098033001,110010098033001,1,1
G1100010009803306,11001009803306,G11000100098033000,110010098033000,1,1
G1100010009803401,11001009803401,G11000100098031000,110010098031000,0.9937983295,0.6153846154
G1100010009803401,11001009803401,G11000100098031006,110010098031006,0.0062016705,0.3846153846
G1100010009803402,11001009803402,G11000100098031004,110010098031004,1,1
G1100010009803403,11001009803403,G11000100098031003,110010098031003,1,1
G1100010009803404,11001009803404,G11000100098031002,110010098031002,1,1
G1100010009803405,11001009803405,G11000100098031001,110010098031001,1,1
G1100010009803406,11001009803406,G11000100098031005,110010098031005,1,1
G1100010009804101,11001009804101,G11000100098042004,110010098042004,0.1777870933,0.1526610644
G1100010009804101,11001009804101,G11000100098042005,110010098042005,0.8222129067,0.8473389356
G1100010009804102,11001009804102,G11000100098041000,110010098041000,0.0827260831,0.1036778768
G1100010009804102,11001009804102,G11000100098041001,110010098041001,0.7938455192,0.8199977529
G1100010009804102,11001009804102,G11000100098041002,110010098041002,0.048260298,0.0709374947
G1100010009804102,11001009804102,G11000100098041003,110010098041003,0.0751680998,0.0053868756
G1100010009804103,11001009804103,G11000100098042000,110010098042000,1,1
G1100010009804104,11001009804104,G11000100098042001,110010098042001,1,1
G1100010009804105,11001009804105,G11000100098042003,110010098042003,1,1
G1100010009804106,11001009804106,G11000100098041005,110010098041005,1,1
G1100010009804107,11001009804107,G11000100098041004,110010098041004,1,1
G1100010009804108,11001009804108,G11000100098041006,110010098041006,1,1
G1100010009804109,11001009804109,G11000100098042002,110010098042002,1,1
G1100010009805201,11001009805201,G11000100098101002,110010098101002,1,1
G1100010009805201,11001009805201,G11000100098101003,110010098101003,0,0
G1100010009805201,11001009805201,G11000100098101004,110010098101004,0,0
G1100010009805201,11001009805201,G11000100098101007,110010098101007,0,0
G1100010009805202,11001009805202,G11000100098101005,110010098101005,0.3426729789,0.925
G1100010009805202,11001009805202,G11000100098101006,110010098101006,0.6573270211,0.075
G1100010009805301,11001009805301,G11000100098102000,110010098102000,1,1
G1100010009805302,11001009805302,G11000100098102001,110010098102001,1,1
G1100010009805303,11001009805303,G11000100098102002,110010098102002,1,1
G1100010009805304,11001009805304,G11000100098102004,110010098102004,1,1
G1100010009805305,11001009805305,G11000100098102003,110010098102003,1,1
G1100010009805306,11001009805306,G11000100098102005,110010098102005,1,1
G1100010009805307,11001009805307,G11000100098102006,110010098102006,1,1
G1100010009806101,11001009806101,G11000100098112000,110010098112000,1,1
G1100010009806102,11001009806102,G11000100098112004,110010098112004,1,1
G1100010009806103,11001009806103,G11000100098112007,110010098112007,0.8028151519,0.6276595745
G1100010009806103,11001009806103,G11000100098112008,110010098112008,0.1971848481,0.3723404255
G1100010009806107,11001009806107,G11000100098112001,110010098112001,1,1
G1100010009806108,11001009806108,G11000100098112002,110010098112002,1,1
G1100010009806109,11001009806109,G11000100098112003,110010098112003,1,1
G1100010009806110,11001009806110,G11000100098112005,110010098112005,1,1
G1100010009806111,11001009806111,G11000100098112006,110010098112006,1,1
G1100010009806201,11001009806201,G11000100098111000,110010098111000,1,1
G1100010009806202,11001009806202,G11000100098111001,110010098111001,0.9939044803,1
G1100010009806202,11001009806202,G11000100098111002,110010098111002,0.0060955197,0
G1100010009806203,11001009806203,G11000100098111003,110010098111003,1,1
G1100010009806205,11001009806205,G11000100098101000,110010098101000,0.9537690384,0.8887218045
G1100010009806205,11001009806205,G11000100098101001,110010098101001,0.0462309616,0.1112781955
G1100010009807101,11001009807101,G11000100098071001,110010098071001,1,1
G1100010009807102,11001009807102,G11000100098071002,110010098071002,0.2011631409,0.2011631409
G1100010009807102,11001009807102,G11000100098071003,110010098071003,0.7988368591,0.7988368591
G1100010009807103,11001009807103,G11000100098071000,110010098071000,0.6516864259,0.6516864259
G1100010009807103,11001009807103,G11000100098071008,110010098071008,0.3483135741,0.3483135741
G1100010009807104,11001009807104,G11000100098071005,110010098071005,1,1
G1100010009807105,11001009807105,G11000100098071007,110010098071007,1,1
G1100010009807106,11001009807106,G11000100098071009,110010098071009,1,1
G1100010009807201,11001009807201,G11000100098071010,110010098071010,1,1
G1100010009807202,11001009807202,G11000100098071011,110010098071011,1,1
G1100010009807203,11001009807203,G11000100098071013,110010098071013,1,1
G1100010009807204,11001009807204,G11000100098071012,110010098071012,1,1
G1100010009807205,11001009807205,G11000100098071004,110010098071004,1,1
G1100010009807206,11001009807206,G11000100098071006,110010098071006,1,1
G1100010009807207,11001009807207,G11000100098071014,110010098071014,1,1
G1100010009807301,11001009807301,G11000100098072000,110010098072000,1,1
G1100010009807302,11001009807302,G11000100098072001,110010098072001,1,1
G1100010009807303,11001009807303,G11000100098072010,110010098072010,1,1
G1100010009807304,11001009807304,G11000100098072003,110010098072003,0.3695140111,0.3695140111
G1100010009807304,11001009807304,G11000100098072004,110010098072004,0.6304859889,0.6304859889
G1100010009807305,11001009807305,G11000100098072005,110010098072005,1,1
G1100010009807306,11001009807306,G11000100098072007,110010098072007,1,1
G1100010009807307,11001009807307,G11000100098072006,110010098072006,1,1
G1100010009807308,11001009807308,G11000100098072008,110010098072008,1,1
G1100010009807309,11001009807309,G11000100098072002,110010098072002,1,1
G1100010009807311,11001009807311,G11000100098072009,110010098072009,1,1
G1100010009808401,11001009808401,G11000100109002002,110010109002002,1,1
G1100010009808402,11001009808402,G11000100109002003,110010109002003,0,0
G1100010009808402,11001009808402,G11000100109002005,110010109002005,0,0
G1100010009808402,11001009808402,G11000100109002006,110010109002006,0.9992894797,0.9992894797
G1100010009808402,11001009808402,G11000100109002007,110010109002007,0,0
G1100010009808402,11001009808402,G11000100109002023,110010109002023,0.0007105203,0.0007105203
G1100010009808402,11001009808402,G11000100109002024,110010109002024,0,0
G1100010009808403,11001009808403,G11000100109001000,110010109001000,1,1
G1100010009808404,11001009808404,G11000100109002000,110010109002000,1,1
G1100010009808405,11001009808405,G11000100109001001,110010109001001,1,1
G1100010009808406,11001009808406,G11000100109002001,110010109002001,0.0102084896,0
G1100010009808406,11001009808406,G11000100109002004,110010109002004,0.9897915104,1
G1100010009808407,11001009808407,G11000100109001002,110010109001002,1,1
G1100010009809101,11001009809101,G11000100104002022,110010104002022,0.0103511719,0
G1100010009809101,11001009809101,G11000100104002027,110010104002027,0.7119975249,0.5510204082
G1100010009809101,11001009809101,G11000100104002028,110010104002028,0.0438288352,0
G1100010009809101,11001009809101,G11000100104002029,110010104002029,0.0010694113,0
G1100010009809101,11001009809101,G11000100104002030,110010104002030,0.0556864776,0
G1100010009809101,11001009809101,G11000100104002031,110010104002031,0.017894118,0
G1100010009809101,11001009809101,G11000100104002032,110010104002032,0.03520583,0
G1100010009809101,11001009809101,G11000100104002033,110010104002033,0.0455582504,0.4489795918
G1100010009809101,11001009809101,G11000100104002034,110010104002034,0.0341718255,0
G1100010009809101,11001009809101,G11000100104002035,110010104002035,0.004792608,0
G1100010009809101,11001009809101,G11000100104002036,110010104002036,0.0276627448,0
G1100010009809101,11001009809101,G11000100104002037,110010104002037,0.0117812025,0
G1100010009809102,11001009809102,G11000100104002044,110010104002044,1,1
G1100010009809103,11001009809103,G11000100104002021,110010104002021,1,1
G1100010009809201,11001009809201,G11000100104002007,110010104002007,0.2402554983,0.2402554983
G1100010009809201,11001009809201,G11000100104002008,110010104002008,0.7597445017,0.7597445017
G1100010009809202,11001009809202,G11000100104002000,110010104002000,0.3476251711,0.3476251711
G1100010009809202,11001009809202,G11000100104002001,110010104002001,0.480957781,0.480957781
G1100010009809202,11001009809202,G11000100104002003,110010104002003,0.0243189131,0.0243189131
G1100010009809202,11001009809202,G11000100104002005,110010104002005,0.0312984375,0.0312984375
G1100010009809202,11001009809202,G11000100104002006,110010104002006,0.0863080866,0.0863080866
G1100010009809202,11001009809202,G11000100104002026,110010104002026,0.0294916106,0.0294916106
G1100010009809203,11001009809203,G11000100104002004,110010104002004,1,1
G1100010009809204,11001009809204,G11000100104002025,110010104002025,0.8971154505,0.8971154505
G1100010009809204,11001009809204,G11000100104002038,110010104002038,0.1028845495,0.1028845495
G1100010009809205,11001009809205,G11000100104002024,110010104002024,1,1
G1100010009809206,11001009809206,G11000100104002002,110010104002002,0.5760955209,0.5760955209
G1100010009809206,11001009809206,G11000100104002023,110010104002023,0.4239044791,0.4239044791
G1100010009810101,11001009810101,G11000100098011014,110010098011014,1,1
G1100010009810101A,11001009810101A,G11000100098011000,110010098011000,0,0
G1100010009810101A,11001009810101A,G11000100098011001,110010098011001,0,0
G1100010009810101A,11001009810101A,G11000100098011002,110010098011002,0.5105924596,0.961771088
G1100010009810101A,11001009810101A,G11000100098011006,110010098011006,0.0253227323,0.0019780253
G1100010009810101A,11001009810101A,G11000100098011007,110010098011007,0.4640848081,0.0362508866
G1100010009810101A,11001009810101A,G11000100098011008,110010098011008,0,0
G1100010009810101B,11001009810101B,G11000100098011000,110010098011000,0,0
G1100010009810101B,11001009810101B,G11000100098011001,110010098011001,0,0
G1100010009810101B,11001009810101B,G11000100098011002,110010098011002,0.5105924596,0.1348017496
G1100010009810101B,11001009810101B,G11000100098011006,110010098011006,0.0253227323,0.0072420953
G1100010009810101B,11001009810101B,G11000100098011007,110010098011007,0.4640848081,0.8579561551
G1100010009810101B,11001009810101B,G11000100098011008,110010098011008,0,0
G1100010009810101C,11001009810101C,G11000100098011000,110010098011000,0,0
G1100010009810101C,11001009810101C,G11000100098011001,110010098011001,0,0
G1100010009810101C,11001009810101C,G11000100098011002,110010098011002,0.5105924596,0.1206098373
G1100010009810101C,11001009810101C,G11000100098011006,110010098011006,0.0253227323,0.4191052187
G1100010009810101C,11001009810101C,G11000100098011007,110010098011007,0.4640848081,0.460284944
G1100010009810101C,11001009810101C,G11000100098011008,110010098011008,0,0
G1100010009810102,11001009810102,G11000100098011009,110010098011009,1,1
G1100010009810102,11001009810102,G11000100098011010,110010098011010,0,0
G1100010009810102,11001009810102,G11000100098011011,110010098011011,0,0
G1100010009810105,11001009810105,G11000100098011004,110010098011004,1,1
G1100010009810106,11001009810106,G11000100098011003,110010098011003,1,1
G1100010009810107,11001009810107,G11000100098011013,110010098011013,1,1
G1100010009810108,11001009810108,G11000100098011012,110010098011012,1,1
G1100010009810109,11001009810109,G11000100098011005,110010098011005,1,1
G1100010009820110,11001009820110,G11000100098021001,110010098021001,1,1
G1100010009820111,11001009820111,G11000100098021000,110010098021000,1,1
G1100010009820201,11001009820201,G11000100098022002,110010098022002,1,1
G1100010009820203,11001009820203,G11000100098022000,110010098022000,1,1
G1100010009820204,11001009820204,G11000100098022001,110010098022001,1,1
G1100010009820206,11001009820206,G11000100098022003,110010098022003,1,1
G1100010009901101,11001009901101,G11000100099012000,110010099012000,1,1
G1100010009901102,11001009901102,G11000100099012001,110010099012001,0.4580547011,0.4580547011
G1100010009901102,11001009901102,G11000100099012002,110010099012002,0.5419452989,0.5419452989
G1100010009901103,11001009901103,G11000100099012002,110010099012002,1,1
G1100010009901301,11001009901301,G11000100099012010,110010099012010,0.5470873919,0.2686913799
G1100010009901301,11001009901301,G11000100099012013,110010099012013,0.0805475485,0.0969465294
G1100010009901301,11001009901301,G11000100099012014,110010099012014,0.2964521373,0.4903088268
G1100010009901301,11001009901301,G11000100099012018,110010099012018,0.0759129223,0.144053264
G1100010009901302,11001009901302,G11000100099012017,110010099012017,1,1
G1100010009901303,11001009901303,G11000100099012023,110010099012023,1,1
G1100010009901308,11001009901308,G11000100099012024,110010099012024,1,1
G1100010009901309,11001009901309,G11000100099012025,110010099012025,1,1
G1100010009901310,11001009901310,G11000100099012026,110010099012026,1,1
G1100010009901311,11001009901311,G11000100099012027,110010099012027,1,1
G1100010009901401,11001009901401,G11000100099012019,110010099012019,1,1
G1100010009901402,11001009901402,G11000100099012022,110010099012022,1,1
G1100010009901403,11001009901403,G11000100099012021,110010099012021,1,1
G1100010009901404,11001009901404,G11000100099012020,110010099012020,1,1
G1100010009901405,11001009901405,G11000100099012028,110010099012028,1,1
G1100010009901406,11001009901406,G11000100099012015,110010099012015,1,1
G1100010009901407,11001009901407,G11000100099012016,110010099012016,1,1
G1100010009901501,11001009901501,G11000100099012006,110010099012006,0.4180016515,0
G1100010009901501,11001009901501,G11000100099012007,110010099012007,0.5819983485,1
G1100010009901502,11001009901502,G11000100099012005,110010099012005,1,1
G1100010009901503,11001009901503,G11000100099012003,110010099012003,1,1
G1100010009901505,11001009901505,G11000100099012011,110010099012011,1,1
G1100010009901507,11001009901507,G11000100099012004,110010099012004,1,1
G1100010009901509,11001009901509,G11000100099012012,110010099012012,1,1
G1100010009901511,11001009901511,G11000100099012009,110010099012009,1,1
G1100010009901513,11001009901513,G11000100099012008,110010099012008,1,1
G1100010009901601,11001009901601,G11000100099011000,110010099011000,1,1
G1100010009901602,11001009901602,G11000100099011001,110010099011001,1,1
G1100010009901603,11001009901603,G11000100099011002,110010099011002,1,1
G1100010009901604,11001009901604,G11000100099011005,110010099011005,1,1
G1100010009901605,11001009901605,G11000100099011004,110010099011004,1,1
G1100010009901606,11001009901606,G11000100099011003,110010099011003,1,1
G1100010009901607,11001009901607,G11000100099011006,110010099011006,0.4986429269,0.5199593346
G1100010009901607,11001009901607,G11000100099011013,110010099011013,0.5013570731,0.4800406654
G1100010009901608,11001009901608,G11000100099011007,110010099011007,1,1
G1100010009901609,11001009901609,G11000100099011008,110010099011008,1,1
G1100010009901610,11001009901610,G11000100099011009,110010099011009,1,1
G1100010009901611,11001009901611,G11000100099011011,110010099011011,1,1
G1100010009901612,11001009901612,G11000100099011012,110010099011012,1,1
G1100010009901613,11001009901613,G11000100099011010,110010099011010,1,1
G1100010009902101,11001009902101,G11000100099021001,110010099021001,0.9873802536,1
G1100010009902101,11001009902101,G11000100099021007,110010099021007,0.0126197464,0
G1100010009902102,11001009902102,G11000100099021002,110010099021002,0.9593158587,1
G1100010009902102,11001009902102,G11000100099021003,110010099021003,0.0406841413,0
G1100010009902103,11001009902103,G11000100099021005,110010099021005,0.851282343,1
G1100010009902103,11001009902103,G11000100099021006,110010099021006,0.148717657,0
G1100010009902109,11001009902109,G11000100099021004,110010099021004,1,1
G1100010009902114,11001009902114,G11000100099021009,110010099021009,1,1
G1100010009902117,11001009902117,G11000100099021008,110010099021008,0.9707108857,0.8068459658
G1100010009902117,11001009902117,G11000100099021017,110010099021017,0.0292891143,0.1931540342
G1100010009902201,11001009902201,G11000100099021010,110010099021010,0.5357077875,0.5266770865
G1100010009902201,11001009902201,G11000100099021016,110010099021016,0.4642922125,0.4733229135
G1100010009902202,11001009902202,G11000100099022005,110010099022005,1,1
G1100010009902206,11001009902206,G11000100099021015,110010099021015,1,1
G1100010009902207,11001009902207,G11000100099021011,110010099021011,1,1
G1100010009902208,11001009902208,G11000100099021014,110010099021014,1,1
G1100010009902209,11001009902209,G11000100099021012,110010099021012,1,1
G1100010009902210,11001009902210,G11000100099022000,110010099022000,1,1
G1100010009902211,11001009902211,G11000100099022009,110010099022009,1,1
G1100010009902212,11001009902212,G11000100099022008,110010099022008,1,1
G1100010009902213,11001009902213,G11000100099022001,110010099022001,1,1
G1100010009902215,11001009902215,G11000100099022007,110010099022007,1,1
G1100010009902217,11001009902217,G11000100099022006,110010099022006,1,1
G1100010009902218,11001009902218,G11000100099022002,110010099022002,1,1
G1100010009902219,11001009902219,G11000100099022003,110010099022003,1,1
G1100010009902220,11001009902220,G11000100099022004,110010099022004,1,1
G1100010009902301,11001009902301,G11000100099021013,110010099021013,1,1
G1100010009902401,11001009902401,G11000100099021000,110010099021000,1,1
G1100010009903101,11001009903101,G11000100099031000,110010099031000,1,1
G1100010009903102,11001009903102,G11000100099031001,110010099031001,0.7732747804,0.7850287908
G1100010009903102,11001009903102,G11000100099031002,110010099031002,0.2267252196,0.2149712092
G1100010009903103,11001009903103,G11000100099032000,110010099032000,0.807585707,0.7121212121
G1100010009903103,11001009903103,G11000100099032006,110010099032006,0.192414293,0.2878787879
G1100010009903104,11001009903104,G11000100099031003,110010099031003,1,1
G1100010009903108,11001009903108,G11000100099032007,110010099032007,1,1
G1100010009903109,11001009903109,G11000100099032008,110010099032008,1,1
G1100010009903110,11001009903110,G11000100099032001,110010099032001,1,1
G1100010009903507,11001009903507,G11000100099032002,110010099032002,1,1
G1100010009903508,11001009903508,G11000100099032003,110010099032003,1,1
G1100010009903509,11001009903509,G11000100099032004,110010099032004,1,1
G1100010009903514,11001009903514,G11000100099032005,110010099032005,1,1
G1100010009904313,11001009904313,G11000100099042008,110010099042008,1,1
G1100010009904320,11001009904320,G11000100099042009,110010099042009,1,1
G1100010009904401,11001009904401,G11000100099042007,110010099042007,1,1
G1100010009904402,11001009904402,G11000100099042006,110010099042006,1,1
G1100010009904403,11001009904403,G11000100099042004,110010099042004,1,1
G1100010009904404,11001009904404,G11000100099042005,110010099042005,1,1
G1100010009904501,11001009904501,G11000100099042000,110010099042000,1,1
G1100010009904503,11001009904503,G11000100099042003,110010099042003,1,1
G1100010009904504,11001009904504,G11000100099042002,110010099042002,1,1
G1100010009904511,11001009904511,G11000100099042001,110010099042001,1,1
G1100010009904601,11001009904601,G11000100099041000,110010099041000,1,1
G1100010009904602,11001009904602,G11000100099041002,110010099041002,1,1
G1100010009904603,11001009904603,G11000100099041003,110010099041003,1,1
G1100010009904604,11001009904604,G11000100099041004,110010099041004,1,1
G1100010009904605,11001009904605,G11000100099041005,110010099041005,1,1
G1100010009904606,11001009904606,G11000100099041001,110010099041001,1,1
G1100010009904607,11001009904607,G11000100099041008,110010099041008,1,1
G1100010009904608,11001009904608,G11000100099041009,110010099041009,1,1
G1100010009904609,11001009904609,G11000100099041006,110010099041006,1,1
G1100010009904610,11001009904610,G11000100099041007,110010099041007,1,1
G1100010009904611,11001009904611,G11000100099041007,110010099041007,1,1
G1100010009905201,11001009905201,G11000100099052000,110010099052000,0.9926074148,1
G1100010009905201,11001009905201,G11000100099052001,110010099052001,0.0073925852,0
G1100010009905202,11001009905202,G11000100099052002,110010099052002,0.1074626155,0.0806451613
G1100010009905202,11001009905202,G11000100099052003,110010099052003,0.8925373845,0.9193548387
G1100010009905203,11001009905203,G11000100099052005,110010099052005,1,1
G1100010009905204,11001009905204,G11000100099052006,110010099052006,1,1
G1100010009905205,11001009905205,G11000100099052004,110010099052004,1,1
G1100010009905206,11001009905206,G11000100099052007,110010099052007,1,1
G1100010009905207,11001009905207,G11000100099052007,110010099052007,1,1
G1100010009905208,11001009905208,G11000100099052008,110010099052008,1,1
G1100010009905301,11001009905301,G11000100099053004,110010099053004,1,1
G1100010009905302,11001009905302,G11000100099053004,110010099053004,1,1
G1100010009905303,11001009905303,G11000100099053006,110010099053006,1,1
G1100010009905304,11001009905304,G11000100099053003,110010099053003,1,1
G1100010009905305,11001009905305,G11000100099053005,110010099053005,1,1
G1100010009905309,11001009905309,G11000100099053002,110010099053002,1,1
G1100010009905311,11001009905311,G11000100099053000,110010099053000,1,1
G1100010009905312,11001009905312,G11000100099053001,110010099053001,1,1
G1100010009905401,11001009905401,G11000100099051007,110010099051007,1,1
G1100010009905402,11001009905402,G11000100099051009,110010099051009,1,1
G1100010009905403,11001009905403,G11000100099051010,110010099051010,1,1
G1100010009905404,11001009905404,G11000100099051011,110010099051011,1,1
G1100010009905405,11001009905405,G11000100099051012,110010099051012,1,1
G1100010009905407,11001009905407,G11000100099051008,110010099051008,1,1
G1100010009905411,11001009905411,G11000100099051006,110010099051006,1,1
G1100010009905501,11001009905501,G11000100099051000,110010099051000,0.0423618819,0.3116883117
G1100010009905501,11001009905501,G11000100099051001,110010099051001,0.9576381181,0.6883116883
G1100010009905502,11001009905502,G11000100099051002,110010099051002,1,1
G1100010009905503,11001009905503,G11000100099051004,110010099051004,1,1
G1100010009905504,11001009905504,G11000100099051005,110010099051005,1,1
G1100010009905506,11001009905506,G11000100099051003,110010099051003,1,1
G1100010009906101,11001009906101,G11000100099061000,110010099061000,1,1
G1100010009906102,11001009906102,G11000100099061001,110010099061001,1,1
G1100010009906103,11001009906103,G11000100099061005,110010099061005,1,1
G1100010009906104,11001009906104,G11000100099061006,110010099061006,1,1
G1100010009906105,11001009906105,G11000100099061007,110010099061007,1,1
G1100010009906106,11001009906106,G11000100099061002,110010099061002,1,1
G1100010009906201,11001009906201,G11000100099061003,110010099061003,0.9839306717,0.9924422634
G1100010009906201,11001009906201,G11000100099061004,110010099061004,0.0160693283,0.0075577366
G1100010009906202,11001009906202,G11000100099061003,110010099061003,0.2013070958,0.3702691516
G1100010009906202,11001009906202,G11000100099061004,110010099061004,0.7986929042,0.6297308484
G1100010009906203,11001009906203,G11000100099061008,110010099061008,1,1
G1100010009907201,11001009907201,G11000100099072000,110010099072000,1,1
G1100010009907202,11001009907202,G11000100099072005,110010099072005,1,1
G1100010009907203,11001009907203,G11000100099071000,110010099071000,1,1
G1100010009907204,11001009907204,G11000100099072000,110010099072000,1,1
G1100010009907205,11001009907205,G11000100099072001,110010099072001,1,1
G1100010009907206,11001009907206,G11000100099072006,110010099072006,1,1
G1100010009907207,11001009907207,G11000100099072002,110010099072002,1,1
G1100010009907208,11001009907208,G11000100099072003,110010099072003,1,1
G1100010009907209,11001009907209,G11000100099072004,110010099072004,1,1
G1100010009907210,11001009907210,G11000100099071001,110010099071001,1,1
G1100010009907211,11001009907211,G11000100099071002,110010099071002,1,1
G1100010009907212,11001009907212,G11000100099071003,110010099071003,1,1
G1100010009907213,11001009907213,G11000100099071004,110010099071004,1,1
,,G11000100001004046,110010001004046,0,0
,,G11000100001004047,110010001004047,0,0
,,G11000100001004049,110010001004049,0,0
,,G11000100002024018,110010002024018,0,0
,,G11000100002024019,110010002024019,0,0
,,G11000100002024020,110010002024020,0,0
,,G11000100008014013,110010008014013,0,0
,,G11000100008021019,110010008021019,0,0
,,G11000100009022010,110010009022010,0,0
,,G11000100009022011,110010009022011,0,0
,,G11000100009022012,110010009022012,0,0
,,G11000100062021067,110010062021067,0,0
,,G11000100062021080,110010062021080,0,0
,,G11000100062021081,110010062021081,0,0
,,G11000100062021084,110010062021084,0,0
,,G11000100062021085,110010062021085,0,0
,,G11000100062021088,110010062021088,0,0
,,G11000100062021090,110010062021090,0,0
,,G11000100062021166,110010062021166,0,0
,,G11000100062021167,110010062021167,0,0
,,G11000100062021172,110010062021172,0,0
,,G11000100062021173,110010062021173,0,0
,,G11000100062021191,110010062021191,0,0
,,G11000100062021192,110010062021192,0,0
,,G11000100062021193,110010062021193,0,0
,,G11000100062021226,110010062021226,0,0
,,G11000100062021227,110010062021227,0,0
,,G11000100062021246,110010062021246,0,0
,,G11000100062021247,110010062021247,0,0
,,G11000100062021248,110010062021248,0,0
,,G11000100062021249,110010062021249,0,0
,,G11000100062021250,110010062021250,0,0
,,G11000100064002019,110010064002019,0,0
,,G11000100064002020,110010064002020,0,0
,,G11000100064002031,110010064002031,0,0
,,G11000100068041000,110010068041000,0,0
,,G11000100068041015,110010068041015,0,0
,,G11000100068041016,110010068041016,0,0
,,G11000100068041018,110010068041018,0,0
,,G11000100068041019,110010068041019,0,0
,,G11000100071001019,110010071001019,0,0
,,G11000100071001020,110010071001020,0,0
,,G11000100072002060,110010072002060,0,0
,,G11000100072002061,110010072002061,0,0
,,G11000100072002064,110010072002064,0,0
,,G11000100072002065,110010072002065,0,0
,,G11000100073011003,110010073011003,0,0
,,G11000100073011008,110010073011008,0,0
,,G11000100073011009,110010073011009,0,0
,,G11000100073011010,110010073011010,0,0
,,G11000100073011011,110010073011011,0,0
,,G11000100073011033,110010073011033,0,0
,,G11000100074011000,110010074011000,0,0
,,G11000100074011001,110010074011001,0,0
,,G11000100074011005,110010074011005,0,0
,,G11000100076015000,110010076015000,0,0
,,G11000100076015004,110010076015004,0,0
,,G11000100077082020,110010077082020,0,0
,,G11000100077091009,110010077091009,0,0
,,G11000100090001004,110010090001004,0,0
,,G11000100090001005,110010090001005,0,0
,,G11000100096011000,110010096011000,0,0
,,G11000100096011001,110010096011001,0,0
,,G11000100096011004,110010096011004,0,0
,,G11000100096011023,110010096011023,0,0
,,G11000100096022005,110010096022005,0,0
,,G11000100096041007,110010096041007,0,0
,,G11000100102002031,110010102002031,0,0
,,G11000100102002032,110010102002032,0,0
,,G11000100102002033,110010102002033,0,0
,,G11000100109002025,110010109002025,0,0
,,G11000100109002038,110010109002038,0,0
,,G11000100109002039,110010109002039,0,0
,,G11000100109002041,110010109002041,0,0
,,G11000100109002042,110010109002042,0,0
,,G11000100110002001,110010110002001,0,0
,,G11000100110002004,110010110002004,0,0
,,G11000100110002014,110010110002014,0,0
,,G11000100111003053,110010111003053,0,0
,,G11000100111003055,110010111003055,0,0
,,G11000100111003056,110010111003056,0,0
