GISJOIN,YEAR,STUSAB,REGIONA,DIVISIONA,STATE,STATEA,COUNTY,COUNTYA,COUSUBA,PLACEA,TRACTA,BLKGRPA,CONCITA,AIANHHA,RES_ONLYA,TRUSTA,AIHHTLI,AITSCEA,ANRCA,CBSAA,CSAA,METDIVA,NECTAA,CNECTAA,NECTADIVA,UAA,CDCURRA,SLDUA,SLDLA,ZCTA5A,SUBMCDA,SDELMA,SDSECA,SDUNIA,PCI,PUMAA,GEOID,BTTRA,BTBGA,NAME_E,ALZKE001,ALZKE002,ALZKE003,AL1LE001,AL1LE002,AL1LE003,AL1LE004,AL1LE005,AL1LE006,AL1LE007,AL1LE008,NAME_M,ALZKM001,ALZKM002,ALZKM003,AL1LM001,AL1LM002,AL1LM003,AL1LM004,AL1LM005,AL1LM006,AL1LM007,AL1LM008
"G11000100001001","2015-2019","DC",,,"District of Columbia","11","District of Columbia","001",,,"000100","1",,,,,,,,,,,,,,,,,,,,,,,,,"15000US110010001001",,,"Block Group 1, Census Tract 1, District of Columbia, District of Columbia",839,727,112,408,259,33,19,14,0,226,149,"Block Group 1, Census Tract 1, District of Columbia, District of Columbia",139,124,98,102,83,37,30,21,12,78,78
"G11000100001002","2015-2019","DC",,,"District of Columbia","11","District of Columbia","001",,,"000100","2",,,,,,,,,,,,,,,,,,,,,,,,,"15000US110010001002",,,"Block Group 2, Census Tract 1, District of Columbia, District of Columbia",866,740,126,376,276,29,0,29,0,247,100,"Block Group 2, Census Tract 1, District of Columbia, District of Columbia",147,128,90,99,91,33,12,33,12,95,67
"G11000100001003","2015-2019","DC",,,"District of Columbia","11","District of Columbia","001",,,"000100","3",,,,,,,,,,,,,,,,,,,,,,,,,"15000US110010001003",,,"Block Group 3, Census Tract 1, District of Columbia, District of Columbia",504,465,39,323,240,40,0,40,0,200,83,"Block Group 3, Census Tract 1, District of Columbia, District of Columbia",106,105,64,94,91,35,12,35,12,84,61
"G11000100001004","2015-2019","DC",,,"District of Columbia","11","District of Columbia","001",,,"000100","4",,,,,,,,,,,,,,,,,,,,,,,,,"15000US110010001004",,,"Block Group 4, Census Tract 1, District of Columbia, District of Columbia",556,448,108,257,100,44,0,44,0,56,157,"Block Group 4, Census Tract 1, District of Columbia, District of Columbia",151,108,108,90,58,50,12,50,12,37,77
"G11000100002011","2015-2019","DC",,,"District of Columbia","11","District of Columbia","001",,,"000201","1",,,,,,,,,,,,,,,,,,,,,,,,,"15000US110010002011",,,"Block Group 1, Census Tract 2.01, District of Columbia, District of Columbia",0,0,0,0,0,0,0,0,0,0,0,"Block Group 1, Census Tract 2.01, District of Columbia, District of Columbia",12,12,12,12,12,12,12,12,12,12,12
"G11000100002021","2015-2019","DC",,,"District of Columbia","11","District of Columbia","001",,,"000202","1",,,,,,,,,,,,,,,,,,,,,,,,,"15000US110010002021",,,"Block Group 1, Census Tract 2.02, District of Columbia, District of Columbia",598,545,53,457,286,52,9,43,0,234,171,"Block Group 1, Census Tract 2.02, District of Columbia, District of Columbia",114,110,49,116,80,49,14,48,12,77,89
"G11000100002022","2015-2019","DC",,,"District of Columbia","11","District of Columbia","001",,,"000202","2",,,,,,,,,,,,,,,,,,,,,,,,,"15000US110010002022",,,"Block Group 2, Census Tract 2.02, District of Columbia, District of Columbia",314,295,19,225,174,0,0,0,0,174,51,"Block Group 2, Census Tract 2.02, District of Columbia, District of Columbia",81,82,24,77,82,12,12,12,12,82,42
"G11000100002023","2015-2019","DC",,,"District of Columbia","11","District of Columbia","001",,,"000202","3",,,,,,,,,,,,,,,,,,,,,,,,,"15000US110010002023",,,"Block Group 3, Census Tract 2.02, District of Columbia, District of Columbia",356,310,46,135,99,0,0,0,0,99,36,"Block Group 3, Census Tract 2.02, District of Columbia, District of Columbia",96,91,44,58,49,12,12,12,12,49,36
"G11000100002024","2015-2019","DC",,,"District of Columbia","11","District of Columbia","001",,,"000202","4",,,,,,,,,,,,,,,,,,,,,,,,,"15000US110010002024",,,"Block Group 4, Census Tract 2.02, District of Columbia, District of Columbia",556,488,68,337,237,38,9,29,0,199,100,"Block Group 4, Census Tract 2.02, District of Columbia, District of Columbia",111,102,73,82,79,36,14,33,12,76,60
"G11000100003001","2015-2019","DC",,,"District of Columbia","11","District of Columbia","001",,,"000300","1",,,,,,,,,,,,,,,,,,,,,,,,,"15000US110010003001",,,"Block Group 1, Census Tract 3, District of Columbia, District of Columbia",590,492,98,292,220,22,22,0,0,198,72,"Block Group 1, Census Tract 3, District of Columbia, District of Columbia",116,106,91,98,92,35,35,12,12,84,57
"G11000100003002","2015-2019","DC",,,"District of Columbia","11","District of Columbia","001",,,"000300","2",,,,,,,,,,,,,,,,,,,,,,,,,"15000US110010003002",,,"Block Group 2, Census Tract 3, District of Columbia, District of Columbia",679,679,0,118,105,17,0,17,0,88,13,"Block Group 2, Census Tract 3, District of Columbia, District of Columbia",118,118,12,65,61,27,12,27,12,58,20
"G11000100003003","2015-2019","DC",,,"District of Columbia","11","District of Columbia","001",,,"000300","3",,,,,,,,,,,,,,,,,,,,,,,,,"15000US110010003003",,,"Block Group 3, Census Tract 3, District of Columbia, District of Columbia",557,557,0,388,240,13,0,13,0,227,148,"Block Group 3, Census Tract 3, District of Columbia, District of Columbia",108,108,12,94,80,21,12,21,12,79,74
"G11000100003004","2015-2019","DC",,,"District of Columbia","11","District of Columbia","001",,,"000300","4",,,,,,,,,,,,,,,,,,,,,,,,,"15000US110010003004",,,"Block Group 4, Census Tract 3, District of Columbia, District of Columbia",682,682,0,502,400,112,8,104,0,288,102,"Block Group 4, Census Tract 3, District of Columbia, District of Columbia",110,110,12,119,114,99,14,100,12,89,55
"G11000100004001","2015-2019","DC",,,"District of Columbia","11","District of Columbia","001",,,"000400","1",,,,,,,,,,,,,,,,,,,,,,,,,"15000US110010004001",,,"Block Group 1, Census Tract 4, District of Columbia, District of Columbia",227,193,34,169,85,9,5,4,0,76,84,"Block Group 1, Census Tract 4, District of Columbia, District of Columbia",45,36,36,33,30,10,7,7,12,29,30
"G11000100004002","2015-2019","DC",,,"District of Columbia","11","District of Columbia","001",,,"000400","2",,,,,,,,,,,,,,,,,,,,,,,,,"15000US110010004002",,,"Block Group 2, Census Tract 4, District of Columbia, District of Columbia",485,398,87,181,120,26,6,20,0,94,61,"Block Group 2, Census Tract 4, District of Columbia, District of Columbia",49,57,52,47,37,20,9,18,12,36,34
"G11000100005011","2015-2019","DC",,,"District of Columbia","11","District of Columbia","001",,,"000501","1",,,,,,,,,,,,,,,,,,,,,,,,,"15000US110010005011",,,"Block Group 1, Census Tract 5.01, District of Columbia, District of Columbia",887,631,256,208,91,23,0,23,0,68,117,"Block Group 1, Census Tract 5.01, District of Columbia, District of Columbia",119,121,145,76,51,35,12,35,12,44,64
"G11000100005012","2015-2019","DC",,,"District of Columbia","11","District of Columbia","001",,,"000501","2",,,,,,,,,,,,,,,,,,,,,,,,,"15000US110010005012",,,"Block Group 2, Census Tract 5.01, District of Columbia, District of Columbia",1330,1206,124,132,74,0,0,0,0,74,58,"Block Group 2, Census Tract 5.01, District of Columbia, District of Columbia",119,114,94,55,52,12,12,12,12,52,41
"G11000100005021","2015-2019","DC",,,"District of Columbia","11","District of Columbia","001",,,"000502","1",,,,,,,,,,,,,,,,,,,,,,,,,"15000US110010005021",,,"Block Group 1, Census Tract 5.02, District of Columbia, District of Columbia",872,805,67,435,286,77,0,77,0,209,149,"Block Group 1, Census Tract 5.02, District of Columbia, District of Columbia",66,77,57,66,66,44,12,44,12,64,55
"G11000100005022","2015-2019","DC",,,"District of Columbia","11","District of Columbia","001",,,"000502","2",,,,,,,,,,,,,,,,,,,,,,,,,"15000US110010005022",,,"Block Group 2, Census Tract 5.02, District of Columbia, District of Columbia",904,791,113,428,288,34,0,34,0,254,140,"Block Group 2, Census Tract 5.02, District of Columbia, District of Columbia",78,89,74,62,68,32,12,32,12,67,52
"G11000100006001","2015-2019","DC",,,"District of Columbia","11","District of Columbia","001",,,"000600","1",,,,,,,,,,,,,,,,,,,,,,,,,"15000US110010006001",,,"Block Group 1, Census Tract 6, District of Columbia, District of Columbia",666,666,0,349,244,19,19,0,0,225,105,"Block Group 1, Census Tract 6, District of Columbia, District of Columbia",99,99,12,81,82,29,29,12,12,79,61
"G11000100006002","2015-2019","DC",,,"District of Columbia","11","District of Columbia","001",,,"000600","2",,,,,,,,,,,,,,,,,,,,,,,,,"15000US110010006002",,,"Block Group 2, Census Tract 6, District of Columbia, District of Columbia",525,511,14,330,264,10,0,10,0,254,66,"Block Group 2, Census Tract 6, District of Columbia, District of Columbia",105,111,22,103,100,16,12,16,12,99,57
"G11000100006003","2015-2019","DC",,,"District of Columbia","11","District of Columbia","001",,,"000600","3",,,,,,,,,,,,,,,,,,,,,,,,,"15000US110010006003",,,"Block Group 3, Census Tract 6, District of Columbia, District of Columbia",345,345,0,171,98,0,0,0,0,98,73,"Block Group 3, Census Tract 6, District of Columbia, District of Columbia",82,82,12,72,62,12,12,12,12,62,52
"G11000100006004","2015-2019","DC",,,"District of Columbia","11","District of Columbia","001",,,"000600","4",,,,,,,,,,,,,,,,,,,,,,,,,"15000US110010006004",,,"Block Group 4, Census Tract 6, District of Columbia, District of Columbia",720,655,65,619,394,59,0,59,0,335,225,"Block Group 4, Census Tract 6, District of Columbia, District of Columbia",99,94,76,92,113,60,12,60,12,114,87
"G11000100007011","2015-2019","DC",,,"District of Columbia","11","District of Columbia","001",,,"000701","1",,,,,,,,,,,,,,,,,,,,,,,,,"15000US110010007011",,,"Block Group 1, Census Tract 7.01, District of Columbia, District of Columbia",817,767,50,244,202,16,0,16,0,186,42,"Block Group 1, Census Tract 7.01, District of Columbia, District of Columbia",167,156,80,82,85,26,12,26,12,85,35
"G11000100007012","2015-2019","DC",,,"District of Columbia","11","District of Columbia","001",,,"000701","2",,,,,,,,,,,,,,,,,,,,,,,,,"15000US110010007012",,,"Block Group 2, Census Tract 7.01, District of Columbia, District of Columbia",753,737,16,263,184,0,0,0,0,184,79,"Block Group 2, Census Tract 7.01, District of Columbia, District of Columbia",137,136,25,122,118,12,12,12,12,118,59
"G11000100007013","2015-2019","DC",,,"District of Columbia","11","District of Columbia","001",,,"000701","3",,,,,,,,,,,,,,,,,,,,,,,,,"15000US110010007013",,,"Block Group 3, Census Tract 7.01, District of Columbia, District of Columbia",1152,1078,74,981,556,44,0,44,0,512,425,"Block Group 3, Census Tract 7.01, District of Columbia, District of Columbia",159,140,83,148,130,57,12,57,12,125,120
"G11000100007014","2015-2019","DC",,,"District of Columbia","11","District of Columbia","001",,,"000701","4",,,,,,,,,,,,,,,,,,,,,,,,,"15000US110010007014",,,"Block Group 4, Census Tract 7.01, District of Columbia, District of Columbia",807,705,102,446,361,117,68,49,0,244,85,"Block Group 4, Census Tract 7.01, District of Columbia, District of Columbia",161,153,119,126,124,90,88,49,12,115,62
"G11000100007021","2015-2019","DC",,,"District of Columbia","11","District of Columbia","001",,,"000702","1",,,,,,,,,,,,,,,,,,,,,,,,,"15000US110010007021",,,"Block Group 1, Census Tract 7.02, District of Columbia, District of Columbia",858,811,47,262,244,6,6,0,74,164,18,"Block Group 1, Census Tract 7.02, District of Columbia, District of Columbia",154,151,74,134,131,9,9,12,89,99,28
"G11000100007022","2015-2019","DC",,,"District of Columbia","11","District of Columbia","001",,,"000702","2",,,,,,,,,,,,,,,,,,,,,,,,,"15000US110010007022",,,"Block Group 2, Census Tract 7.02, District of Columbia, District of Columbia",933,816,117,0,0,0,0,0,0,0,0,"Block Group 2, Census Tract 7.02, District of Columbia, District of Columbia",168,173,106,12,12,12,12,12,12,12,12
"G11000100007023","2015-2019","DC",,,"District of Columbia","11","District of Columbia","001",,,"000702","3",,,,,,,,,,,,,,,,,,,,,,,,,"15000US110010007023",,,"Block Group 3, Census Tract 7.02, District of Columbia, District of Columbia",514,465,49,158,142,27,13,14,0,115,16,"Block Group 3, Census Tract 7.02, District of Columbia, District of Columbia",106,91,78,69,64,29,21,21,12,57,25
"G11000100008011","2015-2019","DC",,,"District of Columbia","11","District of Columbia","001",,,"000801","1",,,,,,,,,,,,,,,,,,,,,,,,,"15000US110010008011",,,"Block Group 1, Census Tract 8.01, District of Columbia, District of Columbia",1210,981,229,820,542,12,12,0,0,530,278,"Block Group 1, Census Tract 8.01, District of Columbia, District of Columbia",121,130,121,125,148,18,18,12,12,148,98
"G11000100008012","2015-2019","DC",,,"District of Columbia","11","District of Columbia","001",,,"000801","2",,,,,,,,,,,,,,,,,,,,,,,,,"15000US110010008012",,,"Block Group 2, Census Tract 8.01, District of Columbia, District of Columbia",406,393,13,380,258,32,0,32,0,226,122,"Block Group 2, Census Tract 8.01, District of Columbia, District of Columbia",87,90,21,91,99,39,12,39,12,92,68
"G11000100008013","2015-2019","DC",,,"District of Columbia","11","District of Columbia","001",,,"000801","3",,,,,,,,,,,,,,,,,,,,,,,,,"15000US110010008013",,,"Block Group 3, Census Tract 8.01, District of Columbia, District of Columbia",978,939,39,846,570,66,14,52,0,504,276,"Block Group 3, Census Tract 8.01, District of Columbia, District of Columbia",135,140,43,156,140,42,21,38,12,142,117
"G11000100008014","2015-2019","DC",,,"District of Columbia","11","District of Columbia","001",,,"000801","4",,,,,,,,,,,,,,,,,,,,,,,,,"15000US110010008014",,,"Block Group 4, Census Tract 8.01, District of Columbia, District of Columbia",236,236,0,156,126,0,0,0,0,126,30,"Block Group 4, Census Tract 8.01, District of Columbia, District of Columbia",73,73,12,75,72,12,12,12,12,72,34
"G11000100008021","2015-2019","DC",,,"District of Columbia","11","District of Columbia","001",,,"000802","1",,,,,,,,,,,,,,,,,,,,,,,,,"15000US110010008021",,,"Block Group 1, Census Tract 8.02, District of Columbia, District of Columbia",975,933,42,525,406,103,30,73,0,303,119,"Block Group 1, Census Tract 8.02, District of Columbia, District of Columbia",104,106,49,109,107,53,24,52,12,97,52
"G11000100008022","2015-2019","DC",,,"District of Columbia","11","District of Columbia","001",,,"000802","2",,,,,,,,,,,,,,,,,,,,,,,,,"15000US110010008022",,,"Block Group 2, Census Tract 8.02, District of Columbia, District of Columbia",483,438,45,273,212,71,14,57,0,141,61,"Block Group 2, Census Tract 8.02, District of Columbia, District of Columbia",98,92,49,69,64,45,22,39,12,58,42
"G11000100009011","2015-2019","DC",,,"District of Columbia","11","District of Columbia","001",,,"000901","1",,,,,,,,,,,,,,,,,,,,,,,,,"15000US110010009011",,,"Block Group 1, Census Tract 9.01, District of Columbia, District of Columbia",578,539,39,502,384,68,0,68,0,316,118,"Block Group 1, Census Tract 9.01, District of Columbia, District of Columbia",75,67,44,71,75,41,12,41,12,74,50
"G11000100009012","2015-2019","DC",,,"District of Columbia","11","District of Columbia","001",,,"000901","2",,,,,,,,,,,,,,,,,,,,,,,,,"15000US110010009012",,,"Block Group 2, Census Tract 9.01, District of Columbia, District of Columbia",668,642,26,417,297,49,0,49,10,238,120,"Block Group 2, Census Tract 9.01, District of Columbia, District of Columbia",74,82,43,51,62,29,12,29,16,64,51
"G11000100009013","2015-2019","DC",,,"District of Columbia","11","District of Columbia","001",,,"000901","3",,,,,,,,,,,,,,,,,,,,,,,,,"15000US110010009013",,,"Block Group 3, Census Tract 9.01, District of Columbia, District of Columbia",403,371,32,333,261,79,0,79,0,182,72,"Block Group 3, Census Tract 9.01, District of Columbia, District of Columbia",63,60,40,62,66,47,12,47,12,61,39
"G11000100009021","2015-2019","DC",,,"District of Columbia","11","District of Columbia","001",,,"000902","1",,,,,,,,,,,,,,,,,,,,,,,,,"15000US110010009021",,,"Block Group 1, Census Tract 9.02, District of Columbia, District of Columbia",339,334,5,321,246,54,11,43,0,192,75,"Block Group 1, Census Tract 9.02, District of Columbia, District of Columbia",48,48,8,49,52,24,13,23,12,54,43
"G11000100009022","2015-2019","DC",,,"District of Columbia","11","District of Columbia","001",,,"000902","2",,,,,,,,,,,,,,,,,,,,,,,,,"15000US110010009022",,,"Block Group 2, Census Tract 9.02, District of Columbia, District of Columbia",526,501,25,433,330,83,7,76,0,247,103,"Block Group 2, Census Tract 9.02, District of Columbia, District of Columbia",50,52,29,48,52,32,10,32,12,52,32
"G11000100010011","2015-2019","DC",,,"District of Columbia","11","District of Columbia","001",,,"001001","1",,,,,,,,,,,,,,,,,,,,,,,,,"15000US110010010011",,,"Block Group 1, Census Tract 10.01, District of Columbia, District of Columbia",285,285,0,226,208,33,14,19,19,156,18,"Block Group 1, Census Tract 10.01, District of Columbia, District of Columbia",60,60,12,73,71,37,22,30,29,66,28
"G11000100010012","2015-2019","DC",,,"District of Columbia","11","District of Columbia","001",,,"001001","2",,,,,,,,,,,,,,,,,,,,,,,,,"15000US110010010012",,,"Block Group 2, Census Tract 10.01, District of Columbia, District of Columbia",864,806,58,429,357,148,0,148,0,209,72,"Block Group 2, Census Tract 10.01, District of Columbia, District of Columbia",112,100,60,106,95,77,12,77,12,70,54
"G11000100010013","2015-2019","DC",,,"District of Columbia","11","District of Columbia","001",,,"001001","3",,,,,,,,,,,,,,,,,,,,,,,,,"15000US110010010013",,,"Block Group 3, Census Tract 10.01, District of Columbia, District of Columbia",361,361,0,361,234,42,0,42,0,192,127,"Block Group 3, Census Tract 10.01, District of Columbia, District of Columbia",68,68,12,68,70,32,12,32,12,71,74
"G11000100010014","2015-2019","DC",,,"District of Columbia","11","District of Columbia","001",,,"001001","4",,,,,,,,,,,,,,,,,,,,,,,,,"15000US110010010014",,,"Block Group 4, Census Tract 10.01, District of Columbia, District of Columbia",472,472,0,411,289,75,0,75,0,214,122,"Block Group 4, Census Tract 10.01, District of Columbia, District of Columbia",68,68,12,82,85,41,12,41,12,84,69
"G11000100010015","2015-2019","DC",,,"District of Columbia","11","District of Columbia","001",,,"001001","5",,,,,,,,,,,,,,,,,,,,,,,,,"15000US110010010015",,,"Block Group 5, Census Tract 10.01, District of Columbia, District of Columbia",380,380,0,380,280,64,0,64,16,200,100,"Block Group 5, Census Tract 10.01, District of Columbia, District of Columbia",80,80,12,80,86,47,12,47,26,99,57
"G11000100010016","2015-2019","DC",,,"District of Columbia","11","District of Columbia","001",,,"001001","6",,,,,,,,,,,,,,,,,,,,,,,,,"15000US110010010016",,,"Block Group 6, Census Tract 10.01, District of Columbia, District of Columbia",473,473,0,473,334,89,0,89,0,245,139,"Block Group 6, Census Tract 10.01, District of Columbia, District of Columbia",75,75,12,75,93,59,12,59,12,87,83
"G11000100010021","2015-2019","DC",,,"District of Columbia","11","District of Columbia","001",,,"001002","1",,,,,,,,,,,,,,,,,,,,,,,,,"15000US110010010021",,,"Block Group 1, Census Tract 10.02, District of Columbia, District of Columbia",770,494,276,133,66,0,0,0,0,66,67,"Block Group 1, Census Tract 10.02, District of Columbia, District of Columbia",169,141,173,74,42,12,12,12,12,42,68
"G11000100010022","2015-2019","DC",,,"District of Columbia","11","District of Columbia","001",,,"001002","2",,,,,,,,,,,,,,,,,,,,,,,,,"15000US110010010022",,,"Block Group 2, Census Tract 10.02, District of Columbia, District of Columbia",957,866,91,275,179,4,0,4,0,175,96,"Block Group 2, Census Tract 10.02, District of Columbia, District of Columbia",148,144,103,90,84,11,12,11,12,81,52
"G11000100010023","2015-2019","DC",,,"District of Columbia","11","District of Columbia","001",,,"001002","3",,,,,,,,,,,,,,,,,,,,,,,,,"15000US110010010023",,,"Block Group 3, Census Tract 10.02, District of Columbia, District of Columbia",472,457,15,262,154,69,0,69,0,85,108,"Block Group 3, Census Tract 10.02, District of Columbia, District of Columbia",113,115,25,84,79,55,12,55,12,57,69
"G11000100011001","2015-2019","DC",,,"District of Columbia","11","District of Columbia","001",,,"001100","1",,,,,,,,,,,,,,,,,,,,,,,,,"15000US110010011001",,,"Block Group 1, Census Tract 11, District of Columbia, District of Columbia",817,799,18,469,320,149,0,149,0,171,149,"Block Group 1, Census Tract 11, District of Columbia, District of Columbia",146,147,28,74,84,84,12,84,12,66,71
"G11000100011002","2015-2019","DC",,,"District of Columbia","11","District of Columbia","001",,,"001100","2",,,,,,,,,,,,,,,,,,,,,,,,,"15000US110010011002",,,"Block Group 2, Census Tract 11, District of Columbia, District of Columbia",689,613,76,486,367,129,0,129,0,238,119,"Block Group 2, Census Tract 11, District of Columbia, District of Columbia",134,135,77,117,105,76,12,76,12,93,64
"G11000100011003","2015-2019","DC",,,"District of Columbia","11","District of Columbia","001",,,"001100","3",,,,,,,,,,,,,,,,,,,,,,,,,"15000US110010011003",,,"Block Group 3, Census Tract 11, District of Columbia, District of Columbia",340,340,0,151,131,12,0,12,0,119,20,"Block Group 3, Census Tract 11, District of Columbia, District of Columbia",87,87,12,45,47,19,12,19,12,48,24
"G11000100011004","2015-2019","DC",,,"District of Columbia","11","District of Columbia","001",,,"001100","4",,,,,,,,,,,,,,,,,,,,,,,,,"15000US110010011004",,,"Block Group 4, Census Tract 11, District of Columbia, District of Columbia",408,309,99,278,205,29,0,29,0,176,73,"Block Group 4, Census Tract 11, District of Columbia, District of Columbia",100,65,111,68,68,36,12,36,12,60,48
"G11000100012001","2015-2019","DC",,,"District of Columbia","11","District of Columbia","001",,,"001200","1",,,,,,,,,,,,,,,,,,,,,,,,,"15000US110010012001",,,"Block Group 1, Census Tract 12, District of Columbia, District of Columbia",1029,1029,0,529,400,64,29,35,0,336,129,"Block Group 1, Census Tract 12, District of Columbia, District of Columbia",139,139,12,110,104,47,34,33,12,110,67
"G11000100012002","2015-2019","DC",,,"District of Columbia","11","District of Columbia","001",,,"001200","2",,,,,,,,,,,,,,,,,,,,,,,,,"15000US110010012002",,,"Block Group 2, Census Tract 12, District of Columbia, District of Columbia",550,512,38,117,86,51,0,51,0,35,31,"Block Group 2, Census Tract 12, District of Columbia, District of Columbia",95,101,58,48,48,39,12,39,12,33,36
"G11000100012003","2015-2019","DC",,,"District of Columbia","11","District of Columbia","001",,,"001200","3",,,,,,,,,,,,,,,,,,,,,,,,,"15000US110010012003",,,"Block Group 3, Census Tract 12, District of Columbia, District of Columbia",334,291,43,209,140,13,0,13,0,127,69,"Block Group 3, Census Tract 12, District of Columbia, District of Columbia",69,72,68,69,60,22,12,22,12,59,46
"G11000100012004","2015-2019","DC",,,"District of Columbia","11","District of Columbia","001",,,"001200","4",,,,,,,,,,,,,,,,,,,,,,,,,"15000US110010012004",,,"Block Group 4, Census Tract 12, District of Columbia, District of Columbia",636,636,0,501,469,86,0,86,0,383,32,"Block Group 4, Census Tract 12, District of Columbia, District of Columbia",117,117,12,102,102,53,12,53,12,116,34
"G11000100013011","2015-2019","DC",,,"District of Columbia","11","District of Columbia","001",,,"001301","1",,,,,,,,,,,,,,,,,,,,,,,,,"15000US110010013011",,,"Block Group 1, Census Tract 13.01, District of Columbia, District of Columbia",761,716,45,180,131,58,0,58,0,73,49,"Block Group 1, Census Tract 13.01, District of Columbia, District of Columbia",127,136,71,66,71,49,12,49,12,62,35
"G11000100013012","2015-2019","DC",,,"District of Columbia","11","District of Columbia","001",,,"001301","2",,,,,,,,,,,,,,,,,,,,,,,,,"15000US110010013012",,,"Block Group 2, Census Tract 13.01, District of Columbia, District of Columbia",293,278,15,270,239,51,0,51,0,188,31,"Block Group 2, Census Tract 13.01, District of Columbia, District of Columbia",64,66,22,69,68,41,12,41,12,76,26
"G11000100013013","2015-2019","DC",,,"District of Columbia","11","District of Columbia","001",,,"001301","3",,,,,,,,,,,,,,,,,,,,,,,,,"15000US110010013013",,,"Block Group 3, Census Tract 13.01, District of Columbia, District of Columbia",1008,925,83,147,115,24,0,24,0,91,32,"Block Group 3, Census Tract 13.01, District of Columbia, District of Columbia",137,136,91,61,56,36,12,36,12,53,35
"G11000100013021","2015-2019","DC",,,"District of Columbia","11","District of Columbia","001",,,"001302","1",,,,,,,,,,,,,,,,,,,,,,,,,"15000US110010013021",,,"Block Group 1, Census Tract 13.02, District of Columbia, District of Columbia",1840,1687,153,690,430,23,0,23,0,407,260,"Block Group 1, Census Tract 13.02, District of Columbia, District of Columbia",232,234,137,154,145,37,12,37,12,146,119
"G11000100013022","2015-2019","DC",,,"District of Columbia","11","District of Columbia","001",,,"001302","2",,,,,,,,,,,,,,,,,,,,,,,,,"15000US110010013022",,,"Block Group 2, Census Tract 13.02, District of Columbia, District of Columbia",2968,2824,144,745,439,0,0,0,0,439,306,"Block Group 2, Census Tract 13.02, District of Columbia, District of Columbia",344,368,131,262,214,12,12,12,12,214,159
"G11000100013023","2015-2019","DC",,,"District of Columbia","11","District of Columbia","001",,,"001302","3",,,,,,,,,,,,,,,,,,,,,,,,,"15000US110010013023",,,"Block Group 3, Census Tract 13.02, District of Columbia, District of Columbia",408,408,0,155,74,0,0,0,0,74,81,"Block Group 3, Census Tract 13.02, District of Columbia, District of Columbia",202,202,12,98,55,12,12,12,12,55,94
"G11000100014011","2015-2019","DC",,,"District of Columbia","11","District of Columbia","001",,,"001401","1",,,,,,,,,,,,,,,,,,,,,,,,,"15000US110010014011",,,"Block Group 1, Census Tract 14.01, District of Columbia, District of Columbia",1075,1048,27,423,276,24,0,24,0,252,147,"Block Group 1, Census Tract 14.01, District of Columbia, District of Columbia",74,81,41,63,57,16,12,16,12,58,50
"G11000100014012","2015-2019","DC",,,"District of Columbia","11","District of Columbia","001",,,"001401","2",,,,,,,,,,,,,,,,,,,,,,,,,"15000US110010014012",,,"Block Group 2, Census Tract 14.01, District of Columbia, District of Columbia",382,382,0,382,330,93,12,81,0,237,52,"Block Group 2, Census Tract 14.01, District of Columbia, District of Columbia",56,56,12,56,55,44,18,39,12,65,30
"G11000100014021","2015-2019","DC",,,"District of Columbia","11","District of Columbia","001",,,"001402","1",,,,,,,,,,,,,,,,,,,,,,,,,"15000US110010014021",,,"Block Group 1, Census Tract 14.02, District of Columbia, District of Columbia",366,366,0,324,248,35,22,13,0,213,76,"Block Group 1, Census Tract 14.02, District of Columbia, District of Columbia",63,63,12,62,57,32,23,20,12,57,40
"G11000100014022","2015-2019","DC",,,"District of Columbia","11","District of Columbia","001",,,"001402","2",,,,,,,,,,,,,,,,,,,,,,,,,"15000US110010014022",,,"Block Group 2, Census Tract 14.02, District of Columbia, District of Columbia",456,456,0,243,154,62,29,33,0,92,89,"Block Group 2, Census Tract 14.02, District of Columbia, District of Columbia",97,97,12,53,52,49,43,27,12,40,45
"G11000100014023","2015-2019","DC",,,"District of Columbia","11","District of Columbia","001",,,"001402","3",,,,,,,,,,,,,,,,,,,,,,,,,"15000US110010014023",,,"Block Group 3, Census Tract 14.02, District of Columbia, District of Columbia",778,690,88,262,198,48,0,48,0,150,64,"Block Group 3, Census Tract 14.02, District of Columbia, District of Columbia",93,98,72,64,62,30,12,30,12,57,38
"G11000100015001","2015-2019","DC",,,"District of Columbia","11","District of Columbia","001",,,"001500","1",,,,,,,,,,,,,,,,,,,,,,,,,"15000US110010015001",,,"Block Group 1, Census Tract 15, District of Columbia, District of Columbia",596,556,40,505,375,101,0,101,14,260,130,"Block Group 1, Census Tract 15, District of Columbia, District of Columbia",80,80,57,81,89,66,12,66,23,86,65
"G11000100015002","2015-2019","DC",,,"District of Columbia","11","District of Columbia","001",,,"001500","2",,,,,,,,,,,,,,,,,,,,,,,,,"15000US110010015002",,,"Block Group 2, Census Tract 15, District of Columbia, District of Columbia",334,334,0,334,220,17,0,17,0,203,114,"Block Group 2, Census Tract 15, District of Columbia, District of Columbia",68,68,12,68,86,28,12,28,12,83,66
"G11000100015003","2015-2019","DC",,,"District of Columbia","11","District of Columbia","001",,,"001500","3",,,,,,,,,,,,,,,,,,,,,,,,,"15000US110010015003",,,"Block Group 3, Census Tract 15, District of Columbia, District of Columbia",229,229,0,148,106,57,19,38,0,49,42,"Block Group 3, Census Tract 15, District of Columbia, District of Columbia",60,60,12,41,42,32,32,30,12,37,40
"G11000100015004","2015-2019","DC",,,"District of Columbia","11","District of Columbia","001",,,"001500","4",,,,,,,,,,,,,,,,,,,,,,,,,"15000US110010015004",,,"Block Group 4, Census Tract 15, District of Columbia, District of Columbia",619,606,13,594,394,85,15,70,0,309,200,"Block Group 4, Census Tract 15, District of Columbia, District of Columbia",71,74,20,78,87,61,25,61,12,92,90
"G11000100015005","2015-2019","DC",,,"District of Columbia","11","District of Columbia","001",,,"001500","5",,,,,,,,,,,,,,,,,,,,,,,,,"15000US110010015005",,,"Block Group 5, Census Tract 15, District of Columbia, District of Columbia",359,359,0,311,222,118,0,118,0,104,89,"Block Group 5, Census Tract 15, District of Columbia, District of Columbia",74,74,12,70,70,55,12,55,12,63,56
"G11000100016001","2015-2019","DC",,,"District of Columbia","11","District of Columbia","001",,,"001600","1",,,,,,,,,,,,,,,,,,,,,,,,,"15000US110010016001",,,"Block Group 1, Census Tract 16, District of Columbia, District of Columbia",406,406,0,378,257,68,0,68,0,189,121,"Block Group 1, Census Tract 16, District of Columbia, District of Columbia",78,78,12,88,84,62,12,62,12,67,51
"G11000100016002","2015-2019","DC",,,"District of Columbia","11","District of Columbia","001",,,"001600","2",,,,,,,,,,,,,,,,,,,,,,,,,"15000US110010016002",,,"Block Group 2, Census Tract 16, District of Columbia, District of Columbia",298,242,56,194,155,34,14,20,0,121,39,"Block Group 2, Census Tract 16, District of Columbia, District of Columbia",77,82,55,61,45,24,21,16,12,49,46
"G11000100016003","2015-2019","DC",,,"District of Columbia","11","District of Columbia","001",,,"001600","3",,,,,,,,,,,,,,,,,,,,,,,,,"15000US110010016003",,,"Block Group 3, Census Tract 16, District of Columbia, District of Columbia",327,293,34,293,227,85,10,75,0,142,66,"Block Group 3, Census Tract 16, District of Columbia, District of Columbia",65,61,40,61,68,45,15,46,12,66,33
"G11000100016004","2015-2019","DC",,,"District of Columbia","11","District of Columbia","001",,,"001600","4",,,,,,,,,,,,,,,,,,,,,,,,,"15000US110010016004",,,"Block Group 4, Census Tract 16, District of Columbia, District of Columbia",605,580,25,508,412,85,9,76,39,288,96,"Block Group 4, Census Tract 16, District of Columbia, District of Columbia",103,101,40,90,96,45,15,43,49,91,43
"G11000100017021","2015-2019","DC",,,"District of Columbia","11","District of Columbia","001",,,"001702","1",,,,,,,,,,,,,,,,,,,,,,,,,"15000US110010017021",,,"Block Group 1, Census Tract 17.02, District of Columbia, District of Columbia",738,728,10,436,314,66,16,50,0,248,122,"Block Group 1, Census Tract 17.02, District of Columbia, District of Columbia",92,92,16,83,69,34,17,32,12,62,82
"G11000100017022","2015-2019","DC",,,"District of Columbia","11","District of Columbia","001",,,"001702","2",,,,,,,,,,,,,,,,,,,,,,,,,"15000US110010017022",,,"Block Group 2, Census Tract 17.02, District of Columbia, District of Columbia",878,812,66,468,343,70,0,70,0,273,125,"Block Group 2, Census Tract 17.02, District of Columbia, District of Columbia",90,100,69,74,80,52,12,52,12,78,43
"G11000100018031","2015-2019","DC",,,"District of Columbia","11","District of Columbia","001",,,"001803","1",,,,,,,,,,,,,,,,,,,,,,,,,"15000US110010018031",,,"Block Group 1, Census Tract 18.03, District of Columbia, District of Columbia",507,467,40,187,102,21,3,18,0,81,85,"Block Group 1, Census Tract 18.03, District of Columbia, District of Columbia",97,96,45,56,37,20,7,18,12,35,48
"G11000100018032","2015-2019","DC",,,"District of Columbia","11","District of Columbia","001",,,"001803","2",,,,,,,,,,,,,,,,,,,,,,,,,"15000US110010018032",,,"Block Group 2, Census Tract 18.03, District of Columbia, District of Columbia",1232,1125,107,34,17,9,0,9,0,8,17,"Block Group 2, Census Tract 18.03, District of Columbia, District of Columbia",109,114,57,29,19,12,12,12,12,13,20
"G11000100018041","2015-2019","DC",,,"District of Columbia","11","District of Columbia","001",,,"001804","1",,,,,,,,,,,,,,,,,,,,,,,,,"15000US110010018041",,,"Block Group 1, Census Tract 18.04, District of Columbia, District of Columbia",553,553,0,159,159,14,14,0,0,145,0,"Block Group 1, Census Tract 18.04, District of Columbia, District of Columbia",162,162,12,83,83,23,23,12,12,81,12
"G11000100018042","2015-2019","DC",,,"District of Columbia","11","District of Columbia","001",,,"001804","2",,,,,,,,,,,,,,,,,,,,,,,,,"15000US110010018042",,,"Block Group 2, Census Tract 18.04, District of Columbia, District of Columbia",678,665,13,220,141,15,0,15,18,108,79,"Block Group 2, Census Tract 18.04, District of Columbia, District of Columbia",166,163,21,87,76,24,12,24,30,70,50
"G11000100018043","2015-2019","DC",,,"District of Columbia","11","District of Columbia","001",,,"001804","3",,,,,,,,,,,,,,,,,,,,,,,,,"15000US110010018043",,,"Block Group 3, Census Tract 18.04, District of Columbia, District of Columbia",1033,908,125,204,114,36,17,19,0,78,90,"Block Group 3, Census Tract 18.04, District of Columbia, District of Columbia",205,223,95,84,65,43,28,33,12,60,62
"G11000100019011","2015-2019","DC",,,"District of Columbia","11","District of Columbia","001",,,"001901","1",,,,,,,,,,,,,,,,,,,,,,,,,"15000US110010019011",,,"Block Group 1, Census Tract 19.01, District of Columbia, District of Columbia",394,366,28,248,172,65,22,43,0,107,76,"Block Group 1, Census Tract 19.01, District of Columbia, District of Columbia",75,77,33,56,54,42,31,32,12,38,52
"G11000100019012","2015-2019","DC",,,"District of Columbia","11","District of Columbia","001",,,"001901","2",,,,,,,,,,,,,,,,,,,,,,,,,"15000US110010019012",,,"Block Group 2, Census Tract 19.01, District of Columbia, District of Columbia",384,335,49,188,113,16,7,9,0,97,75,"Block Group 2, Census Tract 19.01, District of Columbia, District of Columbia",90,84,56,55,50,18,13,13,12,50,37
"G11000100019013","2015-2019","DC",,,"District of Columbia","11","District of Columbia","001",,,"001901","3",,,,,,,,,,,,,,,,,,,,,,,,,"15000US110010019013",,,"Block Group 3, Census Tract 19.01, District of Columbia, District of Columbia",493,447,46,373,265,36,15,21,0,229,108,"Block Group 3, Census Tract 19.01, District of Columbia, District of Columbia",74,77,50,77,74,29,16,24,12,68,53
"G11000100019014","2015-2019","DC",,,"District of Columbia","11","District of Columbia","001",,,"001901","4",,,,,,,,,,,,,,,,,,,,,,,,,"15000US110010019014",,,"Block Group 4, Census Tract 19.01, District of Columbia, District of Columbia",356,301,55,249,177,13,0,13,31,133,72,"Block Group 4, Census Tract 19.01, District of Columbia, District of Columbia",86,72,50,83,80,16,12,16,46,59,37
"G11000100019021","2015-2019","DC",,,"District of Columbia","11","District of Columbia","001",,,"001902","1",,,,,,,,,,,,,,,,,,,,,,,,,"15000US110010019021",,,"Block Group 1, Census Tract 19.02, District of Columbia, District of Columbia",481,459,22,415,283,99,5,94,0,184,132,"Block Group 1, Census Tract 19.02, District of Columbia, District of Columbia",68,62,24,63,61,40,8,37,12,51,46
"G11000100019022","2015-2019","DC",,,"District of Columbia","11","District of Columbia","001",,,"001902","2",,,,,,,,,,,,,,,,,,,,,,,,,"15000US110010019022",,,"Block Group 2, Census Tract 19.02, District of Columbia, District of Columbia",382,361,21,269,199,46,0,46,0,153,70,"Block Group 2, Census Tract 19.02, District of Columbia, District of Columbia",57,61,27,56,54,33,12,33,12,49,28
"G11000100020011","2015-2019","DC",,,"District of Columbia","11","District of Columbia","001",,,"002001","1",,,,,,,,,,,,,,,,,,,,,,,,,"15000US110010020011",,,"Block Group 1, Census Tract 20.01, District of Columbia, District of Columbia",731,672,59,116,94,19,0,19,0,75,22,"Block Group 1, Census Tract 20.01, District of Columbia, District of Columbia",68,71,39,50,42,19,12,19,12,37,20
"G11000100020012","2015-2019","DC",,,"District of Columbia","11","District of Columbia","001",,,"002001","2",,,,,,,,,,,,,,,,,,,,,,,,,"15000US110010020012",,,"Block Group 2, Census Tract 20.01, District of Columbia, District of Columbia",387,376,11,296,219,81,21,60,6,132,77,"Block Group 2, Census Tract 20.01, District of Columbia, District of Columbia",51,52,17,52,49,41,26,37,8,40,30
"G11000100020021","2015-2019","DC",,,"District of Columbia","11","District of Columbia","001",,,"002002","1",,,,,,,,,,,,,,,,,,,,,,,,,"15000US110010020021",,,"Block Group 1, Census Tract 20.02, District of Columbia, District of Columbia",378,343,35,330,230,34,0,34,0,196,100,"Block Group 1, Census Tract 20.02, District of Columbia, District of Columbia",69,70,34,77,74,37,12,37,12,73,53
"G11000100020022","2015-2019","DC",,,"District of Columbia","11","District of Columbia","001",,,"002002","2",,,,,,,,,,,,,,,,,,,,,,,,,"15000US110010020022",,,"Block Group 2, Census Tract 20.02, District of Columbia, District of Columbia",612,532,80,313,242,0,0,0,14,228,71,"Block Group 2, Census Tract 20.02, District of Columbia, District of Columbia",91,109,66,92,69,12,12,12,23,67,66
"G11000100020023","2015-2019","DC",,,"District of Columbia","11","District of Columbia","001",,,"002002","3",,,,,,,,,,,,,,,,,,,,,,,,,"15000US110010020023",,,"Block Group 3, Census Tract 20.02, District of Columbia, District of Columbia",458,418,40,280,217,41,12,29,0,176,63,"Block Group 3, Census Tract 20.02, District of Columbia, District of Columbia",94,87,45,72,64,32,19,29,12,62,44
"G11000100021011","2015-2019","DC",,,"District of Columbia","11","District of Columbia","001",,,"002101","1",,,,,,,,,,,,,,,,,,,,,,,,,"15000US110010021011",,,"Block Group 1, Census Tract 21.01, District of Columbia, District of Columbia",548,434,114,207,143,0,0,0,0,143,64,"Block Group 1, Census Tract 21.01, District of Columbia, District of Columbia",132,116,109,88,83,12,12,12,12,83,52
"G11000100021012","2015-2019","DC",,,"District of Columbia","11","District of Columbia","001",,,"002101","2",,,,,,,,,,,,,,,,,,,,,,,,,"15000US110010021012",,,"Block Group 2, Census Tract 21.01, District of Columbia, District of Columbia",419,346,73,69,69,26,0,26,0,43,0,"Block Group 2, Census Tract 21.01, District of Columbia, District of Columbia",137,118,81,61,61,40,12,40,12,46,12
"G11000100021013","2015-2019","DC",,,"District of Columbia","11","District of Columbia","001",,,"002101","3",,,,,,,,,,,,,,,,,,,,,,,,,"15000US110010021013",,,"Block Group 3, Census Tract 21.01, District of Columbia, District of Columbia",506,452,54,379,327,42,0,42,0,285,52,"Block Group 3, Census Tract 21.01, District of Columbia, District of Columbia",128,106,86,96,93,48,12,48,12,89,53
"G11000100021014","2015-2019","DC",,,"District of Columbia","11","District of Columbia","001",,,"002101","4",,,,,,,,,,,,,,,,,,,,,,,,,"15000US110010021014",,,"Block Group 4, Census Tract 21.01, District of Columbia, District of Columbia",237,237,0,153,109,38,0,38,14,57,44,"Block Group 4, Census Tract 21.01, District of Columbia, District of Columbia",81,81,12,71,62,45,12,45,23,52,38
"G11000100021015","2015-2019","DC",,,"District of Columbia","11","District of Columbia","001",,,"002101","5",,,,,,,,,,,,,,,,,,,,,,,,,"15000US110010021015",,,"Block Group 5, Census Tract 21.01, District of Columbia, District of Columbia",512,409,103,120,103,45,19,26,0,58,17,"Block Group 5, Census Tract 21.01, District of Columbia, District of Columbia",137,143,92,67,60,48,31,34,12,46,27
"G11000100021021","2015-2019","DC",,,"District of Columbia","11","District of Columbia","001",,,"002102","1",,,,,,,,,,,,,,,,,,,,,,,,,"15000US110010021021",,,"Block Group 1, Census Tract 21.02, District of Columbia, District of Columbia",454,424,30,302,248,20,0,20,0,228,54,"Block Group 1, Census Tract 21.02, District of Columbia, District of Columbia",107,102,44,82,74,21,12,21,12,75,40
"G11000100021022","2015-2019","DC",,,"District of Columbia","11","District of Columbia","001",,,"002102","2",,,,,,,,,,,,,,,,,,,,,,,,,"15000US110010021022",,,"Block Group 2, Census Tract 21.02, District of Columbia, District of Columbia",419,360,59,173,73,14,0,14,0,59,100,"Block Group 2, Census Tract 21.02, District of Columbia, District of Columbia",99,86,61,70,46,25,12,25,12,38,58
"G11000100021023","2015-2019","DC",,,"District of Columbia","11","District of Columbia","001",,,"002102","3",,,,,,,,,,,,,,,,,,,,,,,,,"15000US110010021023",,,"Block Group 3, Census Tract 21.02, District of Columbia, District of Columbia",481,431,50,228,195,21,0,21,0,174,33,"Block Group 3, Census Tract 21.02, District of Columbia, District of Columbia",101,114,56,77,76,24,12,24,12,78,20
"G11000100021024","2015-2019","DC",,,"District of Columbia","11","District of Columbia","001",,,"002102","4",,,,,,,,,,,,,,,,,,,,,,,,,"15000US110010021024",,,"Block Group 4, Census Tract 21.02, District of Columbia, District of Columbia",340,263,77,158,114,10,0,10,7,97,44,"Block Group 4, Census Tract 21.02, District of Columbia, District of Columbia",84,72,56,49,56,18,12,18,11,51,37
"G11000100021025","2015-2019","DC",,,"District of Columbia","11","District of Columbia","001",,,"002102","5",,,,,,,,,,,,,,,,,,,,,,,,,"15000US110010021025",,,"Block Group 5, Census Tract 21.02, District of Columbia, District of Columbia",198,198,0,145,93,27,21,6,0,66,52,"Block Group 5, Census Tract 21.02, District of Columbia, District of Columbia",64,64,12,62,58,37,36,12,12,47,35
"G11000100021026","2015-2019","DC",,,"District of Columbia","11","District of Columbia","001",,,"002102","6",,,,,,,,,,,,,,,,,,,,,,,,,"15000US110010021026",,,"Block Group 6, Census Tract 21.02, District of Columbia, District of Columbia",339,308,31,127,84,21,0,21,0,63,43,"Block Group 6, Census Tract 21.02, District of Columbia, District of Columbia",102,87,46,54,49,23,12,23,12,47,32
"G11000100022011","2015-2019","DC",,,"District of Columbia","11","District of Columbia","001",,,"002201","1",,,,,,,,,,,,,,,,,,,,,,,,,"15000US110010022011",,,"Block Group 1, Census Tract 22.01, District of Columbia, District of Columbia",474,434,40,378,326,79,18,61,0,247,52,"Block Group 1, Census Tract 22.01, District of Columbia, District of Columbia",88,80,48,91,93,55,28,47,12,86,41
"G11000100022012","2015-2019","DC",,,"District of Columbia","11","District of Columbia","001",,,"002201","2",,,,,,,,,,,,,,,,,,,,,,,,,"15000US110010022012",,,"Block Group 2, Census Tract 22.01, District of Columbia, District of Columbia",385,329,56,329,216,33,10,23,0,183,113,"Block Group 2, Census Tract 22.01, District of Columbia, District of Columbia",85,95,55,95,85,27,16,22,12,86,49
"G11000100022013","2015-2019","DC",,,"District of Columbia","11","District of Columbia","001",,,"002201","3",,,,,,,,,,,,,,,,,,,,,,,,,"15000US110010022013",,,"Block Group 3, Census Tract 22.01, District of Columbia, District of Columbia",284,229,55,177,139,43,20,23,8,88,38,"Block Group 3, Census Tract 22.01, District of Columbia, District of Columbia",71,59,59,53,53,39,28,25,14,48,30
"G11000100022021","2015-2019","DC",,,"District of Columbia","11","District of Columbia","001",,,"002202","1",,,,,,,,,,,,,,,,,,,,,,,,,"15000US110010022021",,,"Block Group 1, Census Tract 22.02, District of Columbia, District of Columbia",748,617,131,249,154,12,0,12,0,142,95,"Block Group 1, Census Tract 22.02, District of Columbia, District of Columbia",103,115,70,69,57,18,12,18,12,56,58
"G11000100022022","2015-2019","DC",,,"District of Columbia","11","District of Columbia","001",,,"002202","2",,,,,,,,,,,,,,,,,,,,,,,,,"15000US110010022022",,,"Block Group 2, Census Tract 22.02, District of Columbia, District of Columbia",449,345,104,179,164,42,0,42,0,122,15,"Block Group 2, Census Tract 22.02, District of Columbia, District of Columbia",101,101,70,72,75,63,12,63,12,47,17
"G11000100022023","2015-2019","DC",,,"District of Columbia","11","District of Columbia","001",,,"002202","3",,,,,,,,,,,,,,,,,,,,,,,,,"15000US110010022023",,,"Block Group 3, Census Tract 22.02, District of Columbia, District of Columbia",293,262,31,163,133,53,0,53,0,80,30,"Block Group 3, Census Tract 22.02, District of Columbia, District of Columbia",82,87,37,58,54,45,12,45,12,43,31
"G11000100023011","2015-2019","DC",,,"District of Columbia","11","District of Columbia","001",,,"002301","1",,,,,,,,,,,,,,,,,,,,,,,,,"15000US110010023011",,,"Block Group 1, Census Tract 23.01, District of Columbia, District of Columbia",509,484,25,439,315,50,27,23,0,265,124,"Block Group 1, Census Tract 23.01, District of Columbia, District of Columbia",81,76,40,80,84,41,41,26,12,74,47
"G11000100023012","2015-2019","DC",,,"District of Columbia","11","District of Columbia","001",,,"002301","2",,,,,,,,,,,,,,,,,,,,,,,,,"15000US110010023012",,,"Block Group 2, Census Tract 23.01, District of Columbia, District of Columbia",693,667,26,475,435,78,12,66,0,357,40,"Block Group 2, Census Tract 23.01, District of Columbia, District of Columbia",78,79,39,73,77,40,18,35,12,81,32
"G11000100023021","2015-2019","DC",,,"District of Columbia","11","District of Columbia","001",,,"002302","1",,,,,,,,,,,,,,,,,,,,,,,,,"15000US110010023021",,,"Block Group 1, Census Tract 23.02, District of Columbia, District of Columbia",950,796,154,164,151,43,0,43,0,108,13,"Block Group 1, Census Tract 23.02, District of Columbia, District of Columbia",103,104,66,56,53,56,12,56,12,39,14
"G11000100024001","2015-2019","DC",,,"District of Columbia","11","District of Columbia","001",,,"002400","1",,,,,,,,,,,,,,,,,,,,,,,,,"15000US110010024001",,,"Block Group 1, Census Tract 24, District of Columbia, District of Columbia",417,417,0,191,128,33,0,33,0,95,63,"Block Group 1, Census Tract 24, District of Columbia, District of Columbia",96,96,12,64,54,35,12,35,12,48,53
"G11000100024002","2015-2019","DC",,,"District of Columbia","11","District of Columbia","001",,,"002400","2",,,,,,,,,,,,,,,,,,,,,,,,,"15000US110010024002",,,"Block Group 2, Census Tract 24, District of Columbia, District of Columbia",426,385,41,285,202,48,16,32,0,154,83,"Block Group 2, Census Tract 24, District of Columbia, District of Columbia",82,85,45,82,75,39,25,30,12,69,58
"G11000100024003","2015-2019","DC",,,"District of Columbia","11","District of Columbia","001",,,"002400","3",,,,,,,,,,,,,,,,,,,,,,,,,"15000US110010024003",,,"Block Group 3, Census Tract 24, District of Columbia, District of Columbia",305,278,27,222,191,8,0,8,0,183,31,"Block Group 3, Census Tract 24, District of Columbia, District of Columbia",61,64,34,57,54,13,12,13,12,54,26
"G11000100024004","2015-2019","DC",,,"District of Columbia","11","District of Columbia","001",,,"002400","4",,,,,,,,,,,,,,,,,,,,,,,,,"15000US110010024004",,,"Block Group 4, Census Tract 24, District of Columbia, District of Columbia",383,346,37,161,128,53,0,53,0,75,33,"Block Group 4, Census Tract 24, District of Columbia, District of Columbia",83,74,47,51,51,43,12,43,12,39,25
"G11000100025011","2015-2019","DC",,,"District of Columbia","11","District of Columbia","001",,,"002501","1",,,,,,,,,,,,,,,,,,,,,,,,,"15000US110010025011",,,"Block Group 1, Census Tract 25.01, District of Columbia, District of Columbia",643,600,43,204,168,12,0,12,0,156,36,"Block Group 1, Census Tract 25.01, District of Columbia, District of Columbia",95,98,34,81,60,13,12,13,12,60,44
"G11000100025012","2015-2019","DC",,,"District of Columbia","11","District of Columbia","001",,,"002501","2",,,,,,,,,,,,,,,,,,,,,,,,,"15000US110010025012",,,"Block Group 2, Census Tract 25.01, District of Columbia, District of Columbia",428,407,21,297,241,52,0,52,0,189,56,"Block Group 2, Census Tract 25.01, District of Columbia, District of Columbia",92,89,33,73,74,32,12,32,12,73,36
"G11000100025021","2015-2019","DC",,,"District of Columbia","11","District of Columbia","001",,,"002502","1",,,,,,,,,,,,,,,,,,,,,,,,,"15000US110010025021",,,"Block Group 1, Census Tract 25.02, District of Columbia, District of Columbia",607,509,98,134,121,0,0,0,0,121,13,"Block Group 1, Census Tract 25.02, District of Columbia, District of Columbia",131,121,92,69,65,12,12,12,12,65,21
"G11000100025022","2015-2019","DC",,,"District of Columbia","11","District of Columbia","001",,,"002502","2",,,,,,,,,,,,,,,,,,,,,,,,,"15000US110010025022",,,"Block Group 2, Census Tract 25.02, District of Columbia, District of Columbia",914,848,66,284,226,17,0,17,0,209,58,"Block Group 2, Census Tract 25.02, District of Columbia, District of Columbia",161,158,75,98,82,28,12,28,12,77,66
"G11000100025023","2015-2019","DC",,,"District of Columbia","11","District of Columbia","001",,,"002502","3",,,,,,,,,,,,,,,,,,,,,,,,,"15000US110010025023",,,"Block Group 3, Census Tract 25.02, District of Columbia, District of Columbia",377,345,32,255,239,13,13,0,0,226,16,"Block Group 3, Census Tract 25.02, District of Columbia, District of Columbia",101,96,48,77,79,20,20,12,12,80,27
"G11000100025024","2015-2019","DC",,,"District of Columbia","11","District of Columbia","001",,,"002502","4",,,,,,,,,,,,,,,,,,,,,,,,,"15000US110010025024",,,"Block Group 4, Census Tract 25.02, District of Columbia, District of Columbia",743,743,0,221,168,30,0,30,0,138,53,"Block Group 4, Census Tract 25.02, District of Columbia, District of Columbia",152,152,12,80,72,40,12,40,12,68,38
"G11000100026001","2015-2019","DC",,,"District of Columbia","11","District of Columbia","001",,,"002600","1",,,,,,,,,,,,,,,,,,,,,,,,,"15000US110010026001",,,"Block Group 1, Census Tract 26, District of Columbia, District of Columbia",489,489,0,235,204,40,0,40,0,164,31,"Block Group 1, Census Tract 26, District of Columbia, District of Columbia",64,64,12,36,42,25,12,25,12,42,22
"G11000100026002","2015-2019","DC",,,"District of Columbia","11","District of Columbia","001",,,"002600","2",,,,,,,,,,,,,,,,,,,,,,,,,"15000US110010026002",,,"Block Group 2, Census Tract 26, District of Columbia, District of Columbia",504,446,58,396,327,102,19,83,0,225,69,"Block Group 2, Census Tract 26, District of Columbia, District of Columbia",59,55,51,56,56,37,19,32,12,51,26
"G11000100027011","2015-2019","DC",,,"District of Columbia","11","District of Columbia","001",,,"002701","1",,,,,,,,,,,,,,,,,,,,,,,,,"15000US110010027011",,,"Block Group 1, Census Tract 27.01, District of Columbia, District of Columbia",259,259,0,170,125,27,19,8,0,98,45,"Block Group 1, Census Tract 27.01, District of Columbia, District of Columbia",69,69,12,70,70,33,30,14,12,72,49
"G11000100027012","2015-2019","DC",,,"District of Columbia","11","District of Columbia","001",,,"002701","2",,,,,,,,,,,,,,,,,,,,,,,,,"15000US110010027012",,,"Block Group 2, Census Tract 27.01, District of Columbia, District of Columbia",949,949,0,284,271,15,0,15,0,256,13,"Block Group 2, Census Tract 27.01, District of Columbia, District of Columbia",198,198,12,109,105,22,12,22,12,100,25
"G11000100027013","2015-2019","DC",,,"District of Columbia","11","District of Columbia","001",,,"002701","3",,,,,,,,,,,,,,,,,,,,,,,,,"15000US110010027013",,,"Block Group 3, Census Tract 27.01, District of Columbia, District of Columbia",390,390,0,213,192,54,9,45,0,138,21,"Block Group 3, Census Tract 27.01, District of Columbia, District of Columbia",81,81,12,78,80,57,16,55,12,64,35
"G11000100027014","2015-2019","DC",,,"District of Columbia","11","District of Columbia","001",,,"002701","4",,,,,,,,,,,,,,,,,,,,,,,,,"15000US110010027014",,,"Block Group 4, Census Tract 27.01, District of Columbia, District of Columbia",1051,999,52,36,27,0,0,0,0,27,9,"Block Group 4, Census Tract 27.01, District of Columbia, District of Columbia",187,186,84,23,24,12,12,12,12,24,16
"G11000100027021","2015-2019","DC",,,"District of Columbia","11","District of Columbia","001",,,"002702","1",,,,,,,,,,,,,,,,,,,,,,,,,"15000US110010027021",,,"Block Group 1, Census Tract 27.02, District of Columbia, District of Columbia",778,743,35,87,87,0,0,0,0,87,0,"Block Group 1, Census Tract 27.02, District of Columbia, District of Columbia",156,154,56,73,73,12,12,12,12,73,12
"G11000100027022","2015-2019","DC",,,"District of Columbia","11","District of Columbia","001",,,"002702","2",,,,,,,,,,,,,,,,,,,,,,,,,"15000US110010027022",,,"Block Group 2, Census Tract 27.02, District of Columbia, District of Columbia",1250,1161,89,662,564,144,0,144,0,420,98,"Block Group 2, Census Tract 27.02, District of Columbia, District of Columbia",153,151,61,127,119,75,12,75,12,127,65
"G11000100027023","2015-2019","DC",,,"District of Columbia","11","District of Columbia","001",,,"002702","3",,,,,,,,,,,,,,,,,,,,,,,,,"15000US110010027023",,,"Block Group 3, Census Tract 27.02, District of Columbia, District of Columbia",537,466,71,301,253,25,0,25,0,228,48,"Block Group 3, Census Tract 27.02, District of Columbia, District of Columbia",109,94,77,96,98,26,12,26,12,98,48
"G11000100028011","2015-2019","DC",,,"District of Columbia","11","District of Columbia","001",,,"002801","1",,,,,,,,,,,,,,,,,,,,,,,,,"15000US110010028011",,,"Block Group 1, Census Tract 28.01, District of Columbia, District of Columbia",991,900,91,92,79,13,0,13,0,66,13,"Block Group 1, Census Tract 28.01, District of Columbia, District of Columbia",128,130,72,49,45,19,12,19,12,41,15
"G11000100028012","2015-2019","DC",,,"District of Columbia","11","District of Columbia","001",,,"002801","2",,,,,,,,,,,,,,,,,,,,,,,,,"15000US110010028012",,,"Block Group 2, Census Tract 28.01, District of Columbia, District of Columbia",838,793,45,122,99,16,0,16,0,83,23,"Block Group 2, Census Tract 28.01, District of Columbia, District of Columbia",123,118,51,56,55,21,12,21,12,47,29
"G11000100028021","2015-2019","DC",,,"District of Columbia","11","District of Columbia","001",,,"002802","1",,,,,,,,,,,,,,,,,,,,,,,,,"15000US110010028021",,,"Block Group 1, Census Tract 28.02, District of Columbia, District of Columbia",1620,1599,21,207,207,0,0,0,0,207,0,"Block Group 1, Census Tract 28.02, District of Columbia, District of Columbia",170,171,34,85,85,12,12,12,12,85,12
"G11000100028022","2015-2019","DC",,,"District of Columbia","11","District of Columbia","001",,,"002802","2",,,,,,,,,,,,,,,,,,,,,,,,,"15000US110010028022",,,"Block Group 2, Census Tract 28.02, District of Columbia, District of Columbia",649,629,20,192,192,73,14,59,0,119,0,"Block Group 2, Census Tract 28.02, District of Columbia, District of Columbia",175,178,33,85,85,66,23,65,12,68,12
"G11000100029001","2015-2019","DC",,,"District of Columbia","11","District of Columbia","001",,,"002900","1",,,,,,,,,,,,,,,,,,,,,,,,,"15000US110010029001",,,"Block Group 1, Census Tract 29, District of Columbia, District of Columbia",720,600,120,295,217,0,0,0,0,217,78,"Block Group 1, Census Tract 29, District of Columbia, District of Columbia",79,85,67,67,61,12,12,12,12,61,45
"G11000100029002","2015-2019","DC",,,"District of Columbia","11","District of Columbia","001",,,"002900","2",,,,,,,,,,,,,,,,,,,,,,,,,"15000US110010029002",,,"Block Group 2, Census Tract 29, District of Columbia, District of Columbia",967,912,55,447,371,74,17,57,0,297,76,"Block Group 2, Census Tract 29, District of Columbia, District of Columbia",84,91,42,89,83,38,20,36,12,86,40
"G11000100030001","2015-2019","DC",,,"District of Columbia","11","District of Columbia","001",,,"003000","1",,,,,,,,,,,,,,,,,,,,,,,,,"15000US110010030001",,,"Block Group 1, Census Tract 30, District of Columbia, District of Columbia",831,749,82,275,257,31,22,9,0,226,18,"Block Group 1, Census Tract 30, District of Columbia, District of Columbia",87,100,66,85,86,27,24,13,12,82,29
"G11000100030002","2015-2019","DC",,,"District of Columbia","11","District of Columbia","001",,,"003000","2",,,,,,,,,,,,,,,,,,,,,,,,,"15000US110010030002",,,"Block Group 2, Census Tract 30, District of Columbia, District of Columbia",790,708,82,253,230,38,12,26,0,192,23,"Block Group 2, Census Tract 30, District of Columbia, District of Columbia",86,88,55,72,68,36,19,31,12,62,23
"G11000100031001","2015-2019","DC",,,"District of Columbia","11","District of Columbia","001",,,"003100","1",,,,,,,,,,,,,,,,,,,,,,,,,"15000US110010031001",,,"Block Group 1, Census Tract 31, District of Columbia, District of Columbia",1424,1345,79,732,643,113,6,107,0,530,89,"Block Group 1, Census Tract 31, District of Columbia, District of Columbia",82,96,48,107,113,60,10,60,12,97,45
"G11000100032001","2015-2019","DC",,,"District of Columbia","11","District of Columbia","001",,,"003200","1",,,,,,,,,,,,,,,,,,,,,,,,,"15000US110010032001",,,"Block Group 1, Census Tract 32, District of Columbia, District of Columbia",482,454,28,217,206,13,0,13,0,193,11,"Block Group 1, Census Tract 32, District of Columbia, District of Columbia",94,89,46,67,67,20,12,20,12,68,16
"G11000100032002","2015-2019","DC",,,"District of Columbia","11","District of Columbia","001",,,"003200","2",,,,,,,,,,,,,,,,,,,,,,,,,"15000US110010032002",,,"Block Group 2, Census Tract 32, District of Columbia, District of Columbia",386,319,67,202,182,21,0,21,0,161,20,"Block Group 2, Census Tract 32, District of Columbia, District of Columbia",112,89,74,71,67,27,12,27,12,65,29
"G11000100032003","2015-2019","DC",,,"District of Columbia","11","District of Columbia","001",,,"003200","3",,,,,,,,,,,,,,,,,,,,,,,,,"15000US110010032003",,,"Block Group 3, Census Tract 32, District of Columbia, District of Columbia",458,335,123,171,151,7,0,7,0,144,20,"Block Group 3, Census Tract 32, District of Columbia, District of Columbia",102,77,90,58,56,12,12,12,12,53,16
"G11000100032004","2015-2019","DC",,,"District of Columbia","11","District of Columbia","001",,,"003200","4",,,,,,,,,,,,,,,,,,,,,,,,,"15000US110010032004",,,"Block Group 4, Census Tract 32, District of Columbia, District of Columbia",553,497,56,337,280,72,18,54,0,208,57,"Block Group 4, Census Tract 32, District of Columbia, District of Columbia",100,101,45,88,81,38,19,32,12,75,37
"G11000100033011","2015-2019","DC",,,"District of Columbia","11","District of Columbia","001",,,"003301","1",,,,,,,,,,,,,,,,,,,,,,,,,"15000US110010033011",,,"Block Group 1, Census Tract 33.01, District of Columbia, District of Columbia",550,487,63,353,223,80,0,80,0,143,130,"Block Group 1, Census Tract 33.01, District of Columbia, District of Columbia",106,109,56,115,87,52,12,52,12,73,66
"G11000100033012","2015-2019","DC",,,"District of Columbia","11","District of Columbia","001",,,"003301","2",,,,,,,,,,,,,,,,,,,,,,,,,"15000US110010033012",,,"Block Group 2, Census Tract 33.01, District of Columbia, District of Columbia",543,523,20,315,284,72,0,72,0,212,31,"Block Group 2, Census Tract 33.01, District of Columbia, District of Columbia",105,103,32,100,95,60,12,60,12,73,37
"G11000100033013","2015-2019","DC",,,"District of Columbia","11","District of Columbia","001",,,"003301","3",,,,,,,,,,,,,,,,,,,,,,,,,"15000US110010033013",,,"Block Group 3, Census Tract 33.01, District of Columbia, District of Columbia",597,537,60,447,400,26,0,26,0,374,47,"Block Group 3, Census Tract 33.01, District of Columbia, District of Columbia",107,110,53,105,109,27,12,27,12,108,36
"G11000100033021","2015-2019","DC",,,"District of Columbia","11","District of Columbia","001",,,"003302","1",,,,,,,,,,,,,,,,,,,,,,,,,"15000US110010033021",,,"Block Group 1, Census Tract 33.02, District of Columbia, District of Columbia",609,535,74,321,299,58,0,58,0,241,22,"Block Group 1, Census Tract 33.02, District of Columbia, District of Columbia",71,76,49,71,73,42,12,42,12,58,18
"G11000100033022","2015-2019","DC",,,"District of Columbia","11","District of Columbia","001",,,"003302","2",,,,,,,,,,,,,,,,,,,,,,,,,"15000US110010033022",,,"Block Group 2, Census Tract 33.02, District of Columbia, District of Columbia",431,382,49,210,176,41,5,36,0,135,34,"Block Group 2, Census Tract 33.02, District of Columbia, District of Columbia",64,63,41,49,46,22,9,21,12,44,22
"G11000100034001","2015-2019","DC",,,"District of Columbia","11","District of Columbia","001",,,"003400","1",,,,,,,,,,,,,,,,,,,,,,,,,"15000US110010034001",,,"Block Group 1, Census Tract 34, District of Columbia, District of Columbia",574,516,58,141,108,29,4,25,0,79,33,"Block Group 1, Census Tract 34, District of Columbia, District of Columbia",110,118,56,59,45,29,9,26,12,39,38
"G11000100034002","2015-2019","DC",,,"District of Columbia","11","District of Columbia","001",,,"003400","2",,,,,,,,,,,,,,,,,,,,,,,,,"15000US110010034002",,,"Block Group 2, Census Tract 34, District of Columbia, District of Columbia",807,524,283,275,236,52,0,52,0,184,39,"Block Group 2, Census Tract 34, District of Columbia, District of Columbia",103,102,88,95,101,41,12,41,12,83,27
"G11000100035001","2015-2019","DC",,,"District of Columbia","11","District of Columbia","001",,,"003500","1",,,,,,,,,,,,,,,,,,,,,,,,,"15000US110010035001",,,"Block Group 1, Census Tract 35, District of Columbia, District of Columbia",651,609,42,233,168,34,0,34,0,134,65,"Block Group 1, Census Tract 35, District of Columbia, District of Columbia",90,98,39,65,54,28,12,28,12,49,44
"G11000100035002","2015-2019","DC",,,"District of Columbia","11","District of Columbia","001",,,"003500","2",,,,,,,,,,,,,,,,,,,,,,,,,"15000US110010035002",,,"Block Group 2, Census Tract 35, District of Columbia, District of Columbia",749,647,102,171,142,6,0,6,0,136,29,"Block Group 2, Census Tract 35, District of Columbia, District of Columbia",93,93,73,55,41,9,12,9,12,41,45
"G11000100036001","2015-2019","DC",,,"District of Columbia","11","District of Columbia","001",,,"003600","1",,,,,,,,,,,,,,,,,,,,,,,,,"15000US110010036001",,,"Block Group 1, Census Tract 36, District of Columbia, District of Columbia",916,791,125,137,121,14,0,14,0,107,16,"Block Group 1, Census Tract 36, District of Columbia, District of Columbia",140,134,111,71,67,23,12,23,12,64,24
"G11000100036002","2015-2019","DC",,,"District of Columbia","11","District of Columbia","001",,,"003600","2",,,,,,,,,,,,,,,,,,,,,,,,,"15000US110010036002",,,"Block Group 2, Census Tract 36, District of Columbia, District of Columbia",741,646,95,187,118,17,0,17,0,101,69,"Block Group 2, Census Tract 36, District of Columbia, District of Columbia",119,123,106,93,71,22,12,22,12,71,90
"G11000100036003","2015-2019","DC",,,"District of Columbia","11","District of Columbia","001",,,"003600","3",,,,,,,,,,,,,,,,,,,,,,,,,"15000US110010036003",,,"Block Group 3, Census Tract 36, District of Columbia, District of Columbia",603,603,0,251,208,46,13,33,0,162,43,"Block Group 3, Census Tract 36, District of Columbia, District of Columbia",118,118,12,86,74,44,22,38,12,76,46
"G11000100037001","2015-2019","DC",,,"District of Columbia","11","District of Columbia","001",,,"003700","1",,,,,,,,,,,,,,,,,,,,,,,,,"15000US110010037001",,,"Block Group 1, Census Tract 37, District of Columbia, District of Columbia",706,676,30,213,129,0,0,0,0,129,84,"Block Group 1, Census Tract 37, District of Columbia, District of Columbia",204,198,49,97,74,12,12,12,12,74,67
"G11000100037002","2015-2019","DC",,,"District of Columbia","11","District of Columbia","001",,,"003700","2",,,,,,,,,,,,,,,,,,,,,,,,,"15000US110010037002",,,"Block Group 2, Census Tract 37, District of Columbia, District of Columbia",1321,1091,230,251,251,25,0,25,0,226,0,"Block Group 2, Census Tract 37, District of Columbia, District of Columbia",210,198,103,98,98,35,12,35,12,98,12
"G11000100037003","2015-2019","DC",,,"District of Columbia","11","District of Columbia","001",,,"003700","3",,,,,,,,,,,,,,,,,,,,,,,,,"15000US110010037003",,,"Block Group 3, Census Tract 37, District of Columbia, District of Columbia",943,831,112,205,137,0,0,0,0,137,68,"Block Group 3, Census Tract 37, District of Columbia, District of Columbia",147,166,89,126,93,12,12,12,12,93,63
"G11000100038001","2015-2019","DC",,,"District of Columbia","11","District of Columbia","001",,,"003800","1",,,,,,,,,,,,,,,,,,,,,,,,,"15000US110010038001",,,"Block Group 1, Census Tract 38, District of Columbia, District of Columbia",1082,1082,0,322,322,21,0,21,0,301,0,"Block Group 1, Census Tract 38, District of Columbia, District of Columbia",162,162,12,104,104,34,12,34,12,97,12
"G11000100038002","2015-2019","DC",,,"District of Columbia","11","District of Columbia","001",,,"003800","2",,,,,,,,,,,,,,,,,,,,,,,,,"15000US110010038002",,,"Block Group 2, Census Tract 38, District of Columbia, District of Columbia",1059,1059,0,465,348,148,0,148,0,200,117,"Block Group 2, Census Tract 38, District of Columbia, District of Columbia",145,145,12,112,110,66,12,66,12,86,95
"G11000100038003","2015-2019","DC",,,"District of Columbia","11","District of Columbia","001",,,"003800","3",,,,,,,,,,,,,,,,,,,,,,,,,"15000US110010038003",,,"Block Group 3, Census Tract 38, District of Columbia, District of Columbia",757,662,95,142,135,49,49,0,0,86,7,"Block Group 3, Census Tract 38, District of Columbia, District of Columbia",202,202,107,115,116,79,79,12,12,83,16
"G11000100039001","2015-2019","DC",,,"District of Columbia","11","District of Columbia","001",,,"003900","1",,,,,,,,,,,,,,,,,,,,,,,,,"15000US110010039001",,,"Block Group 1, Census Tract 39, District of Columbia, District of Columbia",952,915,37,94,94,0,0,0,0,94,0,"Block Group 1, Census Tract 39, District of Columbia, District of Columbia",142,133,55,57,57,12,12,12,12,57,12
"G11000100039002","2015-2019","DC",,,"District of Columbia","11","District of Columbia","001",,,"003900","2",,,,,,,,,,,,,,,,,,,,,,,,,"15000US110010039002",,,"Block Group 2, Census Tract 39, District of Columbia, District of Columbia",513,513,0,365,256,29,0,29,0,227,109,"Block Group 2, Census Tract 39, District of Columbia, District of Columbia",124,124,12,107,102,27,12,27,12,98,90
"G11000100039003","2015-2019","DC",,,"District of Columbia","11","District of Columbia","001",,,"003900","3",,,,,,,,,,,,,,,,,,,,,,,,,"15000US110010039003",,,"Block Group 3, Census Tract 39, District of Columbia, District of Columbia",683,642,41,130,106,0,0,0,0,106,24,"Block Group 3, Census Tract 39, District of Columbia, District of Columbia",115,121,56,86,85,12,12,12,12,85,32
"G11000100039004","2015-2019","DC",,,"District of Columbia","11","District of Columbia","001",,,"003900","4",,,,,,,,,,,,,,,,,,,,,,,,,"15000US110010039004",,,"Block Group 4, Census Tract 39, District of Columbia, District of Columbia",798,709,89,446,235,0,0,0,0,235,211,"Block Group 4, Census Tract 39, District of Columbia, District of Columbia",163,170,96,170,96,12,12,12,12,96,140
"G11000100040011","2015-2019","DC",,,"District of Columbia","11","District of Columbia","001",,,"004001","1",,,,,,,,,,,,,,,,,,,,,,,,,"15000US110010040011",,,"Block Group 1, Census Tract 40.01, District of Columbia, District of Columbia",778,727,51,256,192,46,0,46,0,146,64,"Block Group 1, Census Tract 40.01, District of Columbia, District of Columbia",119,117,64,77,77,36,12,36,12,74,51
"G11000100040012","2015-2019","DC",,,"District of Columbia","11","District of Columbia","001",,,"004001","2",,,,,,,,,,,,,,,,,,,,,,,,,"15000US110010040012",,,"Block Group 2, Census Tract 40.01, District of Columbia, District of Columbia",510,433,77,270,161,17,0,17,0,144,109,"Block Group 2, Census Tract 40.01, District of Columbia, District of Columbia",101,102,90,109,93,35,12,35,12,82,73
"G11000100040013","2015-2019","DC",,,"District of Columbia","11","District of Columbia","001",,,"004001","3",,,,,,,,,,,,,,,,,,,,,,,,,"15000US110010040013",,,"Block Group 3, Census Tract 40.01, District of Columbia, District of Columbia",1051,1006,45,437,265,30,0,30,0,235,172,"Block Group 3, Census Tract 40.01, District of Columbia, District of Columbia",125,128,57,107,85,34,12,34,12,78,96
"G11000100040021","2015-2019","DC",,,"District of Columbia","11","District of Columbia","001",,,"004002","1",,,,,,,,,,,,,,,,,,,,,,,,,"15000US110010040021",,,"Block Group 1, Census Tract 40.02, District of Columbia, District of Columbia",457,398,59,125,110,10,0,10,0,100,15,"Block Group 1, Census Tract 40.02, District of Columbia, District of Columbia",92,89,59,54,57,15,12,15,12,54,12
"G11000100040022","2015-2019","DC",,,"District of Columbia","11","District of Columbia","001",,,"004002","2",,,,,,,,,,,,,,,,,,,,,,,,,"15000US110010040022",,,"Block Group 2, Census Tract 40.02, District of Columbia, District of Columbia",1096,1013,83,517,445,113,13,100,0,332,72,"Block Group 2, Census Tract 40.02, District of Columbia, District of Columbia",93,102,78,112,109,71,21,67,12,99,38
"G11000100040023","2015-2019","DC",,,"District of Columbia","11","District of Columbia","001",,,"004002","3",,,,,,,,,,,,,,,,,,,,,,,,,"15000US110010040023",,,"Block Group 3, Census Tract 40.02, District of Columbia, District of Columbia",480,414,66,143,97,8,0,8,0,89,46,"Block Group 3, Census Tract 40.02, District of Columbia, District of Columbia",77,77,55,47,41,12,12,12,12,40,27
"G11000100041001","2015-2019","DC",,,"District of Columbia","11","District of Columbia","001",,,"004100","1",,,,,,,,,,,,,,,,,,,,,,,,,"15000US110010041001",,,"Block Group 1, Census Tract 41, District of Columbia, District of Columbia",845,679,166,358,307,37,0,37,0,270,51,"Block Group 1, Census Tract 41, District of Columbia, District of Columbia",95,114,86,98,98,28,12,28,12,95,28
"G11000100041002","2015-2019","DC",,,"District of Columbia","11","District of Columbia","001",,,"004100","2",,,,,,,,,,,,,,,,,,,,,,,,,"15000US110010041002",,,"Block Group 2, Census Tract 41, District of Columbia, District of Columbia",336,336,0,128,85,0,0,0,0,85,43,"Block Group 2, Census Tract 41, District of Columbia, District of Columbia",55,55,12,42,40,12,12,12,12,40,31
"G11000100041003","2015-2019","DC",,,"District of Columbia","11","District of Columbia","001",,,"004100","3",,,,,,,,,,,,,,,,,,,,,,,,,"15000US110010041003",,,"Block Group 3, Census Tract 41, District of Columbia, District of Columbia",407,328,79,242,178,42,0,42,0,136,64,"Block Group 3, Census Tract 41, District of Columbia, District of Columbia",81,78,63,62,58,50,12,50,12,48,35
"G11000100042011","2015-2019","DC",,,"District of Columbia","11","District of Columbia","001",,,"004201","1",,,,,,,,,,,,,,,,,,,,,,,,,"15000US110010042011",,,"Block Group 1, Census Tract 42.01, District of Columbia, District of Columbia",888,847,41,187,156,0,0,0,0,156,31,"Block Group 1, Census Tract 42.01, District of Columbia, District of Columbia",139,133,66,88,86,12,12,12,12,86,30
"G11000100042012","2015-2019","DC",,,"District of Columbia","11","District of Columbia","001",,,"004201","2",,,,,,,,,,,,,,,,,,,,,,,,,"15000US110010042012",,,"Block Group 2, Census Tract 42.01, District of Columbia, District of Columbia",1226,1070,156,463,362,32,15,17,0,330,101,"Block Group 2, Census Tract 42.01, District of Columbia, District of Columbia",152,157,112,126,118,38,25,27,12,118,59
"G11000100042021","2015-2019","DC",,,"District of Columbia","11","District of Columbia","001",,,"004202","1",,,,,,,,,,,,,,,,,,,,,,,,,"15000US110010042021",,,"Block Group 1, Census Tract 42.02, District of Columbia, District of Columbia",865,752,113,214,172,27,0,27,0,145,42,"Block Group 1, Census Tract 42.02, District of Columbia, District of Columbia",99,97,78,66,60,24,12,24,12,56,27
"G11000100042022","2015-2019","DC",,,"District of Columbia","11","District of Columbia","001",,,"004202","2",,,,,,,,,,,,,,,,,,,,,,,,,"15000US110010042022",,,"Block Group 2, Census Tract 42.02, District of Columbia, District of Columbia",927,866,61,220,115,45,0,45,0,70,105,"Block Group 2, Census Tract 42.02, District of Columbia, District of Columbia",110,98,60,76,53,50,12,50,12,42,56
"G11000100043001","2015-2019","DC",,,"District of Columbia","11","District of Columbia","001",,,"004300","1",,,,,,,,,,,,,,,,,,,,,,,,,"15000US110010043001",,,"Block Group 1, Census Tract 43, District of Columbia, District of Columbia",1414,1359,55,463,377,9,0,9,0,368,86,"Block Group 1, Census Tract 43, District of Columbia, District of Columbia",166,173,89,102,102,16,12,16,12,104,53
"G11000100043002","2015-2019","DC",,,"District of Columbia","11","District of Columbia","001",,,"004300","2",,,,,,,,,,,,,,,,,,,,,,,,,"15000US110010043002",,,"Block Group 2, Census Tract 43, District of Columbia, District of Columbia",1062,1002,60,344,233,0,0,0,0,233,111,"Block Group 2, Census Tract 43, District of Columbia, District of Columbia",166,163,89,105,94,12,12,12,12,94,81
"G11000100044001","2015-2019","DC",,,"District of Columbia","11","District of Columbia","001",,,"004400","1",,,,,,,,,,,,,,,,,,,,,,,,,"15000US110010044001",,,"Block Group 1, Census Tract 44, District of Columbia, District of Columbia",1836,1766,70,911,783,101,13,88,0,682,128,"Block Group 1, Census Tract 44, District of Columbia, District of Columbia",163,162,72,171,169,58,20,54,12,168,77
"G11000100044002","2015-2019","DC",,,"District of Columbia","11","District of Columbia","001",,,"004400","2",,,,,,,,,,,,,,,,,,,,,,,,,"15000US110010044002",,,"Block Group 2, Census Tract 44, District of Columbia, District of Columbia",1329,1083,246,573,527,24,0,24,0,503,46,"Block Group 2, Census Tract 44, District of Columbia, District of Columbia",167,174,151,135,133,28,12,28,12,135,43
"G11000100046001","2015-2019","DC",,,"District of Columbia","11","District of Columbia","001",,,"004600","1",,,,,,,,,,,,,,,,,,,,,,,,,"15000US110010046001",,,"Block Group 1, Census Tract 46, District of Columbia, District of Columbia",717,717,0,337,280,37,0,37,0,243,57,"Block Group 1, Census Tract 46, District of Columbia, District of Columbia",127,127,12,125,111,32,12,32,12,112,71
"G11000100046002","2015-2019","DC",,,"District of Columbia","11","District of Columbia","001",,,"004600","2",,,,,,,,,,,,,,,,,,,,,,,,,"15000US110010046002",,,"Block Group 2, Census Tract 46, District of Columbia, District of Columbia",813,813,0,569,489,37,25,12,44,408,80,"Block Group 2, Census Tract 46, District of Columbia, District of Columbia",119,119,12,142,129,33,27,18,69,119,74
"G11000100047011","2015-2019","DC",,,"District of Columbia","11","District of Columbia","001",,,"004701","1",,,,,,,,,,,,,,,,,,,,,,,,,"15000US110010047011",,,"Block Group 1, Census Tract 47.01, District of Columbia, District of Columbia",523,385,138,0,0,0,0,0,0,0,0,"Block Group 1, Census Tract 47.01, District of Columbia, District of Columbia",274,259,108,12,12,12,12,12,12,12,12
"G11000100047012","2015-2019","DC",,,"District of Columbia","11","District of Columbia","001",,,"004701","2",,,,,,,,,,,,,,,,,,,,,,,,,"15000US110010047012",,,"Block Group 2, Census Tract 47.01, District of Columbia, District of Columbia",2393,2061,332,506,373,34,0,34,0,339,133,"Block Group 2, Census Tract 47.01, District of Columbia, District of Columbia",276,285,164,150,130,59,12,59,12,110,108
"G11000100047021","2015-2019","DC",,,"District of Columbia","11","District of Columbia","001",,,"004702","1",,,,,,,,,,,,,,,,,,,,,,,,,"15000US110010047021",,,"Block Group 1, Census Tract 47.02, District of Columbia, District of Columbia",2100,2000,100,331,287,15,0,15,0,272,44,"Block Group 1, Census Tract 47.02, District of Columbia, District of Columbia",48,65,49,81,71,15,12,15,12,72,32
"G11000100048011","2015-2019","DC",,,"District of Columbia","11","District of Columbia","001",,,"004801","1",,,,,,,,,,,,,,,,,,,,,,,,,"15000US110010048011",,,"Block Group 1, Census Tract 48.01, District of Columbia, District of Columbia",1352,1236,116,533,493,88,0,88,0,405,40,"Block Group 1, Census Tract 48.01, District of Columbia, District of Columbia",70,93,77,68,77,50,12,50,12,74,30
"G11000100048021","2015-2019","DC",,,"District of Columbia","11","District of Columbia","001",,,"004802","1",,,,,,,,,,,,,,,,,,,,,,,,,"15000US110010048021",,,"Block Group 1, Census Tract 48.02, District of Columbia, District of Columbia",969,942,27,354,319,48,0,48,0,271,35,"Block Group 1, Census Tract 48.02, District of Columbia, District of Columbia",107,118,43,97,99,40,12,40,12,89,41
"G11000100048022","2015-2019","DC",,,"District of Columbia","11","District of Columbia","001",,,"004802","2",,,,,,,,,,,,,,,,,,,,,,,,,"15000US110010048022",,,"Block Group 2, Census Tract 48.02, District of Columbia, District of Columbia",933,863,70,0,0,0,0,0,0,0,0,"Block Group 2, Census Tract 48.02, District of Columbia, District of Columbia",117,121,55,12,12,12,12,12,12,12,12
"G11000100049011","2015-2019","DC",,,"District of Columbia","11","District of Columbia","001",,,"004901","1",,,,,,,,,,,,,,,,,,,,,,,,,"15000US110010049011",,,"Block Group 1, Census Tract 49.01, District of Columbia, District of Columbia",486,486,0,113,113,0,0,0,0,113,0,"Block Group 1, Census Tract 49.01, District of Columbia, District of Columbia",79,79,12,39,39,12,12,12,12,39,12
"G11000100049012","2015-2019","DC",,,"District of Columbia","11","District of Columbia","001",,,"004901","2",,,,,,,,,,,,,,,,,,,,,,,,,"15000US110010049012",,,"Block Group 2, Census Tract 49.01, District of Columbia, District of Columbia",1258,1189,69,192,158,23,5,18,0,135,34,"Block Group 2, Census Tract 49.01, District of Columbia, District of Columbia",98,102,55,54,51,20,8,19,12,45,27
"G11000100049021","2015-2019","DC",,,"District of Columbia","11","District of Columbia","001",,,"004902","1",,,,,,,,,,,,,,,,,,,,,,,,,"15000US110010049021",,,"Block Group 1, Census Tract 49.02, District of Columbia, District of Columbia",284,284,0,45,32,11,0,11,0,21,13,"Block Group 1, Census Tract 49.02, District of Columbia, District of Columbia",73,73,12,30,28,16,12,16,12,22,20
"G11000100049022","2015-2019","DC",,,"District of Columbia","11","District of Columbia","001",,,"004902","2",,,,,,,,,,,,,,,,,,,,,,,,,"15000US110010049022",,,"Block Group 2, Census Tract 49.02, District of Columbia, District of Columbia",1417,1396,21,617,498,33,10,23,0,465,119,"Block Group 2, Census Tract 49.02, District of Columbia, District of Columbia",87,89,33,81,81,29,16,25,12,76,65
"G11000100050011","2015-2019","DC",,,"District of Columbia","11","District of Columbia","001",,,"005001","1",,,,,,,,,,,,,,,,,,,,,,,,,"15000US110010050011",,,"Block Group 1, Census Tract 50.01, District of Columbia, District of Columbia",432,359,73,165,144,16,0,16,0,128,21,"Block Group 1, Census Tract 50.01, District of Columbia, District of Columbia",79,71,56,48,41,18,12,18,12,38,23
"G11000100050012","2015-2019","DC",,,"District of Columbia","11","District of Columbia","001",,,"005001","2",,,,,,,,,,,,,,,,,,,,,,,,,"15000US110010050012",,,"Block Group 2, Census Tract 50.01, District of Columbia, District of Columbia",614,614,0,222,188,28,8,20,0,160,34,"Block Group 2, Census Tract 50.01, District of Columbia, District of Columbia",66,66,12,62,55,32,13,30,12,55,29
"G11000100050021","2015-2019","DC",,,"District of Columbia","11","District of Columbia","001",,,"005002","1",,,,,,,,,,,,,,,,,,,,,,,,,"15000US110010050021",,,"Block Group 1, Census Tract 50.02, District of Columbia, District of Columbia",1100,1100,0,257,221,0,0,0,0,221,36,"Block Group 1, Census Tract 50.02, District of Columbia, District of Columbia",169,169,12,81,79,12,12,12,12,79,41
"G11000100050022","2015-2019","DC",,,"District of Columbia","11","District of Columbia","001",,,"005002","2",,,,,,,,,,,,,,,,,,,,,,,,,"15000US110010050022",,,"Block Group 2, Census Tract 50.02, District of Columbia, District of Columbia",1202,1021,181,291,276,81,24,57,0,195,15,"Block Group 2, Census Tract 50.02, District of Columbia, District of Columbia",162,143,125,95,98,65,40,50,12,85,24
"G11000100050023","2015-2019","DC",,,"District of Columbia","11","District of Columbia","001",,,"005002","3",,,,,,,,,,,,,,,,,,,,,,,,,"15000US110010050023",,,"Block Group 3, Census Tract 50.02, District of Columbia, District of Columbia",500,500,0,273,233,18,0,18,0,215,40,"Block Group 3, Census Tract 50.02, District of Columbia, District of Columbia",115,115,12,102,90,29,12,29,12,90,41
"G11000100050024","2015-2019","DC",,,"District of Columbia","11","District of Columbia","001",,,"005002","4",,,,,,,,,,,,,,,,,,,,,,,,,"15000US110010050024",,,"Block Group 4, Census Tract 50.02, District of Columbia, District of Columbia",776,661,115,50,37,0,0,0,0,37,13,"Block Group 4, Census Tract 50.02, District of Columbia, District of Columbia",165,167,109,38,31,12,12,12,12,31,22
"G11000100052011","2015-2019","DC",,,"District of Columbia","11","District of Columbia","001",,,"005201","1",,,,,,,,,,,,,,,,,,,,,,,,,"15000US110010052011",,,"Block Group 1, Census Tract 52.01, District of Columbia, District of Columbia",1381,1257,124,78,9,0,0,0,0,9,69,"Block Group 1, Census Tract 52.01, District of Columbia, District of Columbia",232,241,141,81,15,12,12,12,12,15,80
"G11000100052012","2015-2019","DC",,,"District of Columbia","11","District of Columbia","001",,,"005201","2",,,,,,,,,,,,,,,,,,,,,,,,,"15000US110010052012",,,"Block Group 2, Census Tract 52.01, District of Columbia, District of Columbia",1128,1006,122,620,494,43,0,43,0,451,126,"Block Group 2, Census Tract 52.01, District of Columbia, District of Columbia",208,169,118,166,123,55,12,55,12,123,134
"G11000100052013","2015-2019","DC",,,"District of Columbia","11","District of Columbia","001",,,"005201","3",,,,,,,,,,,,,,,,,,,,,,,,,"15000US110010052013",,,"Block Group 3, Census Tract 52.01, District of Columbia, District of Columbia",812,711,101,215,202,26,0,26,0,176,13,"Block Group 3, Census Tract 52.01, District of Columbia, District of Columbia",182,200,121,150,149,42,12,42,12,157,22
"G11000100052014","2015-2019","DC",,,"District of Columbia","11","District of Columbia","001",,,"005201","4",,,,,,,,,,,,,,,,,,,,,,,,,"15000US110010052014",,,"Block Group 4, Census Tract 52.01, District of Columbia, District of Columbia",1088,1054,34,465,406,38,33,5,0,368,59,"Block Group 4, Census Tract 52.01, District of Columbia, District of Columbia",207,210,52,167,164,41,40,17,12,158,61
"G11000100053011","2015-2019","DC",,,"District of Columbia","11","District of Columbia","001",,,"005301","1",,,,,,,,,,,,,,,,,,,,,,,,,"15000US110010053011",,,"Block Group 1, Census Tract 53.01, District of Columbia, District of Columbia",679,679,0,281,229,0,0,0,0,229,52,"Block Group 1, Census Tract 53.01, District of Columbia, District of Columbia",94,94,12,90,79,12,12,12,12,79,50
"G11000100053012","2015-2019","DC",,,"District of Columbia","11","District of Columbia","001",,,"005301","2",,,,,,,,,,,,,,,,,,,,,,,,,"15000US110010053012",,,"Block Group 2, Census Tract 53.01, District of Columbia, District of Columbia",913,710,203,416,278,48,15,33,0,230,138,"Block Group 2, Census Tract 53.01, District of Columbia, District of Columbia",140,139,143,126,98,45,25,36,12,85,93
"G11000100053013","2015-2019","DC",,,"District of Columbia","11","District of Columbia","001",,,"005301","3",,,,,,,,,,,,,,,,,,,,,,,,,"15000US110010053013",,,"Block Group 3, Census Tract 53.01, District of Columbia, District of Columbia",1256,1241,15,331,209,0,0,0,0,209,122,"Block Group 3, Census Tract 53.01, District of Columbia, District of Columbia",150,149,24,123,91,12,12,12,12,91,73
"G11000100053014","2015-2019","DC",,,"District of Columbia","11","District of Columbia","001",,,"005301","4",,,,,,,,,,,,,,,,,,,,,,,,,"15000US110010053014",,,"Block Group 4, Census Tract 53.01, District of Columbia, District of Columbia",869,818,51,229,169,0,0,0,0,169,60,"Block Group 4, Census Tract 53.01, District of Columbia, District of Columbia",161,172,80,90,89,12,12,12,12,89,47
"G11000100055001","2015-2019","DC",,,"District of Columbia","11","District of Columbia","001",,,"005500","1",,,,,,,,,,,,,,,,,,,,,,,,,"15000US110010055001",,,"Block Group 1, Census Tract 55, District of Columbia, District of Columbia",731,650,81,218,198,101,0,101,0,97,20,"Block Group 1, Census Tract 55, District of Columbia, District of Columbia",202,166,130,86,81,10,12,10,12,82,34
"G11000100055002","2015-2019","DC",,,"District of Columbia","11","District of Columbia","001",,,"005500","2",,,,,,,,,,,,,,,,,,,,,,,,,"15000US110010055002",,,"Block Group 2, Census Tract 55, District of Columbia, District of Columbia",1541,1152,389,465,247,0,0,0,0,247,218,"Block Group 2, Census Tract 55, District of Columbia, District of Columbia",272,215,303,161,136,12,12,12,12,136,126
"G11000100055003","2015-2019","DC",,,"District of Columbia","11","District of Columbia","001",,,"005500","3",,,,,,,,,,,,,,,,,,,,,,,,,"15000US110010055003",,,"Block Group 3, Census Tract 55, District of Columbia, District of Columbia",1375,1197,178,590,418,20,0,20,0,398,172,"Block Group 3, Census Tract 55, District of Columbia, District of Columbia",225,213,132,180,167,35,12,35,12,167,106
"G11000100055004","2015-2019","DC",,,"District of Columbia","11","District of Columbia","001",,,"005500","4",,,,,,,,,,,,,,,,,,,,,,,,,"15000US110010055004",,,"Block Group 4, Census Tract 55, District of Columbia, District of Columbia",547,440,107,114,63,0,0,0,0,63,51,"Block Group 4, Census Tract 55, District of Columbia, District of Columbia",164,144,136,92,72,12,12,12,12,72,62
"G11000100055005","2015-2019","DC",,,"District of Columbia","11","District of Columbia","001",,,"005500","5",,,,,,,,,,,,,,,,,,,,,,,,,"15000US110010055005",,,"Block Group 5, Census Tract 55, District of Columbia, District of Columbia",470,470,0,189,163,32,0,32,0,131,26,"Block Group 5, Census Tract 55, District of Columbia, District of Columbia",126,126,12,110,99,40,12,40,12,98,44
"G11000100056001","2015-2019","DC",,,"District of Columbia","11","District of Columbia","001",,,"005600","1",,,,,,,,,,,,,,,,,,,,,,,,,"15000US110010056001",,,"Block Group 1, Census Tract 56, District of Columbia, District of Columbia",1413,1085,328,334,85,0,0,0,0,85,249,"Block Group 1, Census Tract 56, District of Columbia, District of Columbia",194,163,169,107,56,12,12,12,12,56,106
"G11000100056002","2015-2019","DC",,,"District of Columbia","11","District of Columbia","001",,,"005600","2",,,,,,,,,,,,,,,,,,,,,,,,,"15000US110010056002",,,"Block Group 2, Census Tract 56, District of Columbia, District of Columbia",1218,1013,205,782,372,0,0,0,0,372,410,"Block Group 2, Census Tract 56, District of Columbia, District of Columbia",175,158,133,155,127,12,12,12,12,127,117
"G11000100056003","2015-2019","DC",,,"District of Columbia","11","District of Columbia","001",,,"005600","3",,,,,,,,,,,,,,,,,,,,,,,,,"15000US110010056003",,,"Block Group 3, Census Tract 56, District of Columbia, District of Columbia",610,497,113,0,0,0,0,0,0,0,0,"Block Group 3, Census Tract 56, District of Columbia, District of Columbia",139,122,111,12,12,12,12,12,12,12,12
"G11000100056004","2015-2019","DC",,,"District of Columbia","11","District of Columbia","001",,,"005600","4",,,,,,,,,,,,,,,,,,,,,,,,,"15000US110010056004",,,"Block Group 4, Census Tract 56, District of Columbia, District of Columbia",560,497,63,107,15,15,15,0,0,0,92,"Block Group 4, Census Tract 56, District of Columbia, District of Columbia",103,93,65,65,24,24,24,12,12,12,60
"G11000100058001","2015-2019","DC",,,"District of Columbia","11","District of Columbia","001",,,"005800","1",,,,,,,,,,,,,,,,,,,,,,,,,"15000US110010058001",,,"Block Group 1, Census Tract 58, District of Columbia, District of Columbia",1652,1248,404,319,202,9,9,0,0,193,117,"Block Group 1, Census Tract 58, District of Columbia, District of Columbia",145,158,128,90,73,15,15,12,12,70,53
"G11000100058002","2015-2019","DC",,,"District of Columbia","11","District of Columbia","001",,,"005800","2",,,,,,,,,,,,,,,,,,,,,,,,,"15000US110010058002",,,"Block Group 2, Census Tract 58, District of Columbia, District of Columbia",1183,1014,169,422,325,21,0,21,0,304,97,"Block Group 2, Census Tract 58, District of Columbia, District of Columbia",134,125,101,96,85,23,12,23,12,84,51
"G11000100059001","2015-2019","DC",,,"District of Columbia","11","District of Columbia","001",,,"005900","1",,,,,,,,,,,,,,,,,,,,,,,,,"15000US110010059001",,,"Block Group 1, Census Tract 59, District of Columbia, District of Columbia",1483,1194,289,163,140,44,26,18,0,96,23,"Block Group 1, Census Tract 59, District of Columbia, District of Columbia",68,103,101,49,49,34,31,20,12,39,20
"G11000100062021","2015-2019","DC",,,"District of Columbia","11","District of Columbia","001",,,"006202","1",,,,,,,,,,,,,,,,,,,,,,,,,"15000US110010062021",,,"Block Group 1, Census Tract 62.02, District of Columbia, District of Columbia",38,38,0,0,0,0,0,0,0,0,0,"Block Group 1, Census Tract 62.02, District of Columbia, District of Columbia",57,57,12,12,12,12,12,12,12,12,12
"G11000100064001","2015-2019","DC",,,"District of Columbia","11","District of Columbia","001",,,"006400","1",,,,,,,,,,,,,,,,,,,,,,,,,"15000US110010064001",,,"Block Group 1, Census Tract 64, District of Columbia, District of Columbia",964,861,103,113,103,17,0,17,0,86,10,"Block Group 1, Census Tract 64, District of Columbia, District of Columbia",83,107,75,54,54,20,12,20,12,53,13
"G11000100064002","2015-2019","DC",,,"District of Columbia","11","District of Columbia","001",,,"006400","2",,,,,,,,,,,,,,,,,,,,,,,,,"15000US110010064002",,,"Block Group 2, Census Tract 64, District of Columbia, District of Columbia",471,456,15,83,76,12,0,12,7,57,7,"Block Group 2, Census Tract 64, District of Columbia, District of Columbia",83,82,23,39,41,14,12,14,12,38,11
"G11000100065001","2015-2019","DC",,,"District of Columbia","11","District of Columbia","001",,,"006500","1",,,,,,,,,,,,,,,,,,,,,,,,,"15000US110010065001",,,"Block Group 1, Census Tract 65, District of Columbia, District of Columbia",704,553,151,193,143,24,0,24,0,119,50,"Block Group 1, Census Tract 65, District of Columbia, District of Columbia",105,108,71,70,63,22,12,22,12,61,45
"G11000100065002","2015-2019","DC",,,"District of Columbia","11","District of Columbia","001",,,"006500","2",,,,,,,,,,,,,,,,,,,,,,,,,"15000US110010065002",,,"Block Group 2, Census Tract 65, District of Columbia, District of Columbia",772,632,140,405,320,55,0,55,0,265,85,"Block Group 2, Census Tract 65, District of Columbia, District of Columbia",101,88,76,70,73,32,12,32,12,67,43
"G11000100066001","2015-2019","DC",,,"District of Columbia","11","District of Columbia","001",,,"006600","1",,,,,,,,,,,,,,,,,,,,,,,,,"15000US110010066001",,,"Block Group 1, Census Tract 66, District of Columbia, District of Columbia",1127,1031,96,617,416,59,11,48,0,357,201,"Block Group 1, Census Tract 66, District of Columbia, District of Columbia",73,86,67,83,94,45,17,41,12,87,67
"G11000100067001","2015-2019","DC",,,"District of Columbia","11","District of Columbia","001",,,"006700","1",,,,,,,,,,,,,,,,,,,,,,,,,"15000US110010067001",,,"Block Group 1, Census Tract 67, District of Columbia, District of Columbia",582,553,29,282,201,42,0,42,0,159,81,"Block Group 1, Census Tract 67, District of Columbia, District of Columbia",77,77,36,57,49,37,12,37,12,47,47
"G11000100067002","2015-2019","DC",,,"District of Columbia","11","District of Columbia","001",,,"006700","2",,,,,,,,,,,,,,,,,,,,,,,,,"15000US110010067002",,,"Block Group 2, Census Tract 67, District of Columbia, District of Columbia",654,585,69,387,296,40,0,40,0,256,91,"Block Group 2, Census Tract 67, District of Columbia, District of Columbia",90,88,62,78,79,33,12,33,12,80,46
"G11000100067003","2015-2019","DC",,,"District of Columbia","11","District of Columbia","001",,,"006700","3",,,,,,,,,,,,,,,,,,,,,,,,,"15000US110010067003",,,"Block Group 3, Census Tract 67, District of Columbia, District of Columbia",696,674,22,516,402,96,20,76,0,306,114,"Block Group 3, Census Tract 67, District of Columbia, District of Columbia",86,89,20,103,86,44,21,38,12,84,73
"G11000100068011","2015-2019","DC",,,"District of Columbia","11","District of Columbia","001",,,"006801","1",,,,,,,,,,,,,,,,,,,,,,,,,"15000US110010068011",,,"Block Group 1, Census Tract 68.01, District of Columbia, District of Columbia",757,700,57,369,293,39,17,22,0,254,76,"Block Group 1, Census Tract 68.01, District of Columbia, District of Columbia",84,73,45,71,70,24,17,17,12,67,32
"G11000100068012","2015-2019","DC",,,"District of Columbia","11","District of Columbia","001",,,"006801","2",,,,,,,,,,,,,,,,,,,,,,,,,"15000US110010068012",,,"Block Group 2, Census Tract 68.01, District of Columbia, District of Columbia",343,252,91,176,176,29,5,24,0,147,0,"Block Group 2, Census Tract 68.01, District of Columbia, District of Columbia",73,60,60,54,54,23,8,22,12,51,12
"G11000100068021","2015-2019","DC",,,"District of Columbia","11","District of Columbia","001",,,"006802","1",,,,,,,,,,,,,,,,,,,,,,,,,"15000US110010068021",,,"Block Group 1, Census Tract 68.02, District of Columbia, District of Columbia",362,354,8,222,195,41,28,13,0,154,27,"Block Group 1, Census Tract 68.02, District of Columbia, District of Columbia",62,63,14,56,55,36,32,15,12,48,21
"G11000100068022","2015-2019","DC",,,"District of Columbia","11","District of Columbia","001",,,"006802","2",,,,,,,,,,,,,,,,,,,,,,,,,"15000US110010068022",,,"Block Group 2, Census Tract 68.02, District of Columbia, District of Columbia",717,680,37,490,435,87,15,72,0,348,55,"Block Group 2, Census Tract 68.02, District of Columbia, District of Columbia",62,59,51,64,61,48,20,41,12,68,34
"G11000100068041","2015-2019","DC",,,"District of Columbia","11","District of Columbia","001",,,"006804","1",,,,,,,,,,,,,,,,,,,,,,,,,"15000US110010068041",,,"Block Group 1, Census Tract 68.04, District of Columbia, District of Columbia",36,36,0,36,32,4,0,4,0,28,4,"Block Group 1, Census Tract 68.04, District of Columbia, District of Columbia",22,22,12,22,23,3,12,3,12,25,4
"G11000100069001","2015-2019","DC",,,"District of Columbia","11","District of Columbia","001",,,"006900","1",,,,,,,,,,,,,,,,,,,,,,,,,"15000US110010069001",,,"Block Group 1, Census Tract 69, District of Columbia, District of Columbia",841,768,73,350,313,46,14,32,0,267,37,"Block Group 1, Census Tract 69, District of Columbia, District of Columbia",79,88,57,90,90,39,22,31,12,82,26
"G11000100069002","2015-2019","DC",,,"District of Columbia","11","District of Columbia","001",,,"006900","2",,,,,,,,,,,,,,,,,,,,,,,,,"15000US110010069002",,,"Block Group 2, Census Tract 69, District of Columbia, District of Columbia",419,419,0,341,300,57,0,57,0,243,41,"Block Group 2, Census Tract 69, District of Columbia, District of Columbia",79,79,12,80,84,39,12,39,12,86,34
"G11000100070001","2015-2019","DC",,,"District of Columbia","11","District of Columbia","001",,,"007000","1",,,,,,,,,,,,,,,,,,,,,,,,,"15000US110010070001",,,"Block Group 1, Census Tract 70, District of Columbia, District of Columbia",796,655,141,324,309,104,0,104,0,205,15,"Block Group 1, Census Tract 70, District of Columbia, District of Columbia",100,105,99,71,70,49,12,49,12,69,14
"G11000100070002","2015-2019","DC",,,"District of Columbia","11","District of Columbia","001",,,"007000","2",,,,,,,,,,,,,,,,,,,,,,,,,"15000US110010070002",,,"Block Group 2, Census Tract 70, District of Columbia, District of Columbia",391,352,39,177,144,40,0,40,0,104,33,"Block Group 2, Census Tract 70, District of Columbia, District of Columbia",73,66,52,58,50,25,12,25,12,48,27
"G11000100071001","2015-2019","DC",,,"District of Columbia","11","District of Columbia","001",,,"007100","1",,,,,,,,,,,,,,,,,,,,,,,,,"15000US110010071001",,,"Block Group 1, Census Tract 71, District of Columbia, District of Columbia",323,279,44,97,82,9,0,9,0,73,15,"Block Group 1, Census Tract 71, District of Columbia, District of Columbia",81,77,51,41,43,16,12,16,12,42,17
"G11000100071002","2015-2019","DC",,,"District of Columbia","11","District of Columbia","001",,,"007100","2",,,,,,,,,,,,,,,,,,,,,,,,,"15000US110010071002",,,"Block Group 2, Census Tract 71, District of Columbia, District of Columbia",1107,1014,93,458,408,59,0,59,0,349,50,"Block Group 2, Census Tract 71, District of Columbia, District of Columbia",92,93,55,84,87,34,12,34,12,90,31
"G11000100072001","2015-2019","DC",,,"District of Columbia","11","District of Columbia","001",,,"007200","1",,,,,,,,,,,,,,,,,,,,,,,,,"15000US110010072001",,,"Block Group 1, Census Tract 72, District of Columbia, District of Columbia",2551,2340,211,572,520,53,32,21,0,467,52,"Block Group 1, Census Tract 72, District of Columbia, District of Columbia",163,164,122,127,124,38,28,32,12,125,36
"G11000100072002","2015-2019","DC",,,"District of Columbia","11","District of Columbia","001",,,"007200","2",,,,,,,,,,,,,,,,,,,,,,,,,"15000US110010072002",,,"Block Group 2, Census Tract 72, District of Columbia, District of Columbia",1658,1495,163,50,50,6,6,0,7,37,0,"Block Group 2, Census Tract 72, District of Columbia, District of Columbia",158,166,100,27,27,10,10,12,11,28,12
"G11000100073011","2015-2019","DC",,,"District of Columbia","11","District of Columbia","001",,,"007301","1",,,,,,,,,,,,,,,,,,,,,,,,,"15000US110010073011",,,"Block Group 1, Census Tract 73.01, District of Columbia, District of Columbia",1368,1290,78,0,0,0,0,0,0,0,0,"Block Group 1, Census Tract 73.01, District of Columbia, District of Columbia",56,80,51,12,12,12,12,12,12,12,12
"G11000100073041","2015-2019","DC",,,"District of Columbia","11","District of Columbia","001",,,"007304","1",,,,,,,,,,,,,,,,,,,,,,,,,"15000US110010073041",,,"Block Group 1, Census Tract 73.04, District of Columbia, District of Columbia",896,770,126,114,105,19,9,10,0,86,9,"Block Group 1, Census Tract 73.04, District of Columbia, District of Columbia",114,117,66,53,54,21,15,15,12,49,14
"G11000100073042","2015-2019","DC",,,"District of Columbia","11","District of Columbia","001",,,"007304","2",,,,,,,,,,,,,,,,,,,,,,,,,"15000US110010073042",,,"Block Group 2, Census Tract 73.04, District of Columbia, District of Columbia",356,330,26,118,109,49,31,18,0,60,9,"Block Group 2, Census Tract 73.04, District of Columbia, District of Columbia",91,88,31,66,65,52,48,21,12,45,14
"G11000100073043","2015-2019","DC",,,"District of Columbia","11","District of Columbia","001",,,"007304","3",,,,,,,,,,,,,,,,,,,,,,,,,"15000US110010073043",,,"Block Group 3, Census Tract 73.04, District of Columbia, District of Columbia",291,234,57,65,38,0,0,0,0,38,27,"Block Group 3, Census Tract 73.04, District of Columbia, District of Columbia",102,98,54,57,41,12,12,12,12,41,42
"G11000100074011","2015-2019","DC",,,"District of Columbia","11","District of Columbia","001",,,"007401","1",,,,,,,,,,,,,,,,,,,,,,,,,"15000US110010074011",,,"Block Group 1, Census Tract 74.01, District of Columbia, District of Columbia",515,223,292,44,27,0,0,0,12,15,17,"Block Group 1, Census Tract 74.01, District of Columbia, District of Columbia",72,63,59,25,21,12,12,12,18,20,12
"G11000100074012","2015-2019","DC",,,"District of Columbia","11","District of Columbia","001",,,"007401","2",,,,,,,,,,,,,,,,,,,,,,,,,"15000US110010074012",,,"Block Group 2, Census Tract 74.01, District of Columbia, District of Columbia",557,492,65,85,65,0,0,0,0,65,20,"Block Group 2, Census Tract 74.01, District of Columbia, District of Columbia",64,68,34,35,31,12,12,12,12,31,22
"G11000100074031","2015-2019","DC",,,"District of Columbia","11","District of Columbia","001",,,"007403","1",,,,,,,,,,,,,,,,,,,,,,,,,"15000US110010074031",,,"Block Group 1, Census Tract 74.03, District of Columbia, District of Columbia",1139,1015,124,59,42,12,0,12,0,30,17,"Block Group 1, Census Tract 74.03, District of Columbia, District of Columbia",54,82,67,32,30,19,12,19,12,22,16
"G11000100074041","2015-2019","DC",,,"District of Columbia","11","District of Columbia","001",,,"007404","1",,,,,,,,,,,,,,,,,,,,,,,,,"15000US110010074041",,,"Block Group 1, Census Tract 74.04, District of Columbia, District of Columbia",639,588,51,139,101,41,41,0,0,60,38,"Block Group 1, Census Tract 74.04, District of Columbia, District of Columbia",115,120,46,67,58,48,48,12,12,39,38
"G11000100074042","2015-2019","DC",,,"District of Columbia","11","District of Columbia","001",,,"007404","2",,,,,,,,,,,,,,,,,,,,,,,,,"15000US110010074042",,,"Block Group 2, Census Tract 74.04, District of Columbia, District of Columbia",597,558,39,316,270,23,8,15,0,247,46,"Block Group 2, Census Tract 74.04, District of Columbia, District of Columbia",102,107,44,103,109,26,11,23,12,108,37
"G11000100074043","2015-2019","DC",,,"District of Columbia","11","District of Columbia","001",,,"007404","3",,,,,,,,,,,,,,,,,,,,,,,,,"15000US110010074043",,,"Block Group 3, Census Tract 74.04, District of Columbia, District of Columbia",177,74,103,0,0,0,0,0,0,0,0,"Block Group 3, Census Tract 74.04, District of Columbia, District of Columbia",73,58,45,12,12,12,12,12,12,12,12
"G11000100074061","2015-2019","DC",,,"District of Columbia","11","District of Columbia","001",,,"007406","1",,,,,,,,,,,,,,,,,,,,,,,,,"15000US110010074061",,,"Block Group 1, Census Tract 74.06, District of Columbia, District of Columbia",748,648,100,85,85,35,35,0,0,50,0,"Block Group 1, Census Tract 74.06, District of Columbia, District of Columbia",111,116,67,60,60,45,45,12,12,44,12
"G11000100074062","2015-2019","DC",,,"District of Columbia","11","District of Columbia","001",,,"007406","2",,,,,,,,,,,,,,,,,,,,,,,,,"15000US110010074062",,,"Block Group 2, Census Tract 74.06, District of Columbia, District of Columbia",510,425,85,36,36,4,0,4,0,32,0,"Block Group 2, Census Tract 74.06, District of Columbia, District of Columbia",107,113,59,26,26,9,12,9,12,26,12
"G11000100074071","2015-2019","DC",,,"District of Columbia","11","District of Columbia","001",,,"007407","1",,,,,,,,,,,,,,,,,,,,,,,,,"15000US110010074071",,,"Block Group 1, Census Tract 74.07, District of Columbia, District of Columbia",543,521,22,223,175,11,11,0,0,164,48,"Block Group 1, Census Tract 74.07, District of Columbia, District of Columbia",101,108,31,84,80,20,20,12,12,78,43
"G11000100074072","2015-2019","DC",,,"District of Columbia","11","District of Columbia","001",,,"007407","2",,,,,,,,,,,,,,,,,,,,,,,,,"15000US110010074072",,,"Block Group 2, Census Tract 74.07, District of Columbia, District of Columbia",997,905,92,344,276,36,5,31,0,240,68,"Block Group 2, Census Tract 74.07, District of Columbia, District of Columbia",92,90,65,86,80,32,9,33,12,73,39
"G11000100074081","2015-2019","DC",,,"District of Columbia","11","District of Columbia","001",,,"007408","1",,,,,,,,,,,,,,,,,,,,,,,,,"15000US110010074081",,,"Block Group 1, Census Tract 74.08, District of Columbia, District of Columbia",1310,1035,275,134,54,30,30,0,0,24,80,"Block Group 1, Census Tract 74.08, District of Columbia, District of Columbia",48,113,86,73,49,43,43,12,12,26,55
"G11000100074091","2015-2019","DC",,,"District of Columbia","11","District of Columbia","001",,,"007409","1",,,,,,,,,,,,,,,,,,,,,,,,,"15000US110010074091",,,"Block Group 1, Census Tract 74.09, District of Columbia, District of Columbia",484,417,67,135,110,0,0,0,0,110,25,"Block Group 1, Census Tract 74.09, District of Columbia, District of Columbia",113,122,53,59,48,12,12,12,12,48,39
"G11000100074092","2015-2019","DC",,,"District of Columbia","11","District of Columbia","001",,,"007409","2",,,,,,,,,,,,,,,,,,,,,,,,,"15000US110010074092",,,"Block Group 2, Census Tract 74.09, District of Columbia, District of Columbia",656,656,0,235,179,10,10,0,0,169,56,"Block Group 2, Census Tract 74.09, District of Columbia, District of Columbia",119,119,12,74,67,18,18,12,12,65,51
"G11000100074093","2015-2019","DC",,,"District of Columbia","11","District of Columbia","001",,,"007409","3",,,,,,,,,,,,,,,,,,,,,,,,,"15000US110010074093",,,"Block Group 3, Census Tract 74.09, District of Columbia, District of Columbia",497,497,0,0,0,0,0,0,0,0,0,"Block Group 3, Census Tract 74.09, District of Columbia, District of Columbia",126,126,12,12,12,12,12,12,12,12,12
"G11000100075021","2015-2019","DC",,,"District of Columbia","11","District of Columbia","001",,,"007502","1",,,,,,,,,,,,,,,,,,,,,,,,,"15000US110010075021",,,"Block Group 1, Census Tract 75.02, District of Columbia, District of Columbia",1129,1092,37,29,0,0,0,0,0,0,29,"Block Group 1, Census Tract 75.02, District of Columbia, District of Columbia",147,143,42,29,12,12,12,12,12,12,29
"G11000100075022","2015-2019","DC",,,"District of Columbia","11","District of Columbia","001",,,"007502","2",,,,,,,,,,,,,,,,,,,,,,,,,"15000US110010075022",,,"Block Group 2, Census Tract 75.02, District of Columbia, District of Columbia",995,736,259,301,291,19,19,0,0,272,10,"Block Group 2, Census Tract 75.02, District of Columbia, District of Columbia",139,143,97,101,101,22,22,12,12,99,17
"G11000100075031","2015-2019","DC",,,"District of Columbia","11","District of Columbia","001",,,"007503","1",,,,,,,,,,,,,,,,,,,,,,,,,"15000US110010075031",,,"Block Group 1, Census Tract 75.03, District of Columbia, District of Columbia",358,309,49,155,109,5,5,0,0,104,46,"Block Group 1, Census Tract 75.03, District of Columbia, District of Columbia",47,48,36,40,35,8,8,12,12,36,31
"G11000100075032","2015-2019","DC",,,"District of Columbia","11","District of Columbia","001",,,"007503","2",,,,,,,,,,,,,,,,,,,,,,,,,"15000US110010075032",,,"Block Group 2, Census Tract 75.03, District of Columbia, District of Columbia",684,596,88,141,124,7,7,0,0,117,17,"Block Group 2, Census Tract 75.03, District of Columbia, District of Columbia",55,63,39,37,37,11,11,12,12,37,14
"G11000100075041","2015-2019","DC",,,"District of Columbia","11","District of Columbia","001",,,"007504","1",,,,,,,,,,,,,,,,,,,,,,,,,"15000US110010075041",,,"Block Group 1, Census Tract 75.04, District of Columbia, District of Columbia",1387,1194,193,258,236,0,0,0,0,236,22,"Block Group 1, Census Tract 75.04, District of Columbia, District of Columbia",76,134,96,107,110,12,12,12,12,110,27
"G11000100076011","2015-2019","DC",,,"District of Columbia","11","District of Columbia","001",,,"007601","1",,,,,,,,,,,,,,,,,,,,,,,,,"15000US110010076011",,,"Block Group 1, Census Tract 76.01, District of Columbia, District of Columbia",355,355,0,71,63,9,9,0,0,54,8,"Block Group 1, Census Tract 76.01, District of Columbia, District of Columbia",119,119,12,40,38,13,13,12,12,35,14
"G11000100076012","2015-2019","DC",,,"District of Columbia","11","District of Columbia","001",,,"007601","2",,,,,,,,,,,,,,,,,,,,,,,,,"15000US110010076012",,,"Block Group 2, Census Tract 76.01, District of Columbia, District of Columbia",279,259,20,205,147,31,0,31,0,116,58,"Block Group 2, Census Tract 76.01, District of Columbia, District of Columbia",102,99,34,96,95,35,12,35,12,90,49
"G11000100076013","2015-2019","DC",,,"District of Columbia","11","District of Columbia","001",,,"007601","3",,,,,,,,,,,,,,,,,,,,,,,,,"15000US110010076013",,,"Block Group 3, Census Tract 76.01, District of Columbia, District of Columbia",811,733,78,268,195,34,14,20,0,161,73,"Block Group 3, Census Tract 76.01, District of Columbia, District of Columbia",135,137,55,84,79,33,22,25,12,68,38
"G11000100076014","2015-2019","DC",,,"District of Columbia","11","District of Columbia","001",,,"007601","4",,,,,,,,,,,,,,,,,,,,,,,,,"15000US110010076014",,,"Block Group 4, Census Tract 76.01, District of Columbia, District of Columbia",488,440,48,154,94,12,0,12,0,82,60,"Block Group 4, Census Tract 76.01, District of Columbia, District of Columbia",132,130,54,62,53,20,12,20,12,49,38
"G11000100076015","2015-2019","DC",,,"District of Columbia","11","District of Columbia","001",,,"007601","5",,,,,,,,,,,,,,,,,,,,,,,,,"15000US110010076015",,,"Block Group 5, Census Tract 76.01, District of Columbia, District of Columbia",418,372,46,144,91,18,0,18,0,73,53,"Block Group 5, Census Tract 76.01, District of Columbia, District of Columbia",122,124,47,68,44,23,12,23,12,36,53
"G11000100076031","2015-2019","DC",,,"District of Columbia","11","District of Columbia","001",,,"007603","1",,,,,,,,,,,,,,,,,,,,,,,,,"15000US110010076031",,,"Block Group 1, Census Tract 76.03, District of Columbia, District of Columbia",936,815,121,529,443,10,10,0,0,433,86,"Block Group 1, Census Tract 76.03, District of Columbia, District of Columbia",185,189,110,181,181,17,17,12,12,179,69
"G11000100076032","2015-2019","DC",,,"District of Columbia","11","District of Columbia","001",,,"007603","2",,,,,,,,,,,,,,,,,,,,,,,,,"15000US110010076032",,,"Block Group 2, Census Tract 76.03, District of Columbia, District of Columbia",339,339,0,86,42,13,0,13,0,29,44,"Block Group 2, Census Tract 76.03, District of Columbia, District of Columbia",127,127,12,52,33,24,12,24,12,31,42
"G11000100076033","2015-2019","DC",,,"District of Columbia","11","District of Columbia","001",,,"007603","3",,,,,,,,,,,,,,,,,,,,,,,,,"15000US110010076033",,,"Block Group 3, Census Tract 76.03, District of Columbia, District of Columbia",326,247,79,195,107,60,0,60,0,47,88,"Block Group 3, Census Tract 76.03, District of Columbia, District of Columbia",112,70,90,62,63,57,12,57,12,53,45
"G11000100076034","2015-2019","DC",,,"District of Columbia","11","District of Columbia","001",,,"007603","4",,,,,,,,,,,,,,,,,,,,,,,,,"15000US110010076034",,,"Block Group 4, Census Tract 76.03, District of Columbia, District of Columbia",876,830,46,186,92,0,0,0,0,92,94,"Block Group 4, Census Tract 76.03, District of Columbia, District of Columbia",143,163,74,118,108,12,12,12,12,108,63
"G11000100076041","2015-2019","DC",,,"District of Columbia","11","District of Columbia","001",,,"007604","1",,,,,,,,,,,,,,,,,,,,,,,,,"15000US110010076041",,,"Block Group 1, Census Tract 76.04, District of Columbia, District of Columbia",782,742,40,87,62,7,7,0,0,55,25,"Block Group 1, Census Tract 76.04, District of Columbia, District of Columbia",136,130,45,44,42,11,11,12,12,43,27
"G11000100076042","2015-2019","DC",,,"District of Columbia","11","District of Columbia","001",,,"007604","2",,,,,,,,,,,,,,,,,,,,,,,,,"15000US110010076042",,,"Block Group 2, Census Tract 76.04, District of Columbia, District of Columbia",647,593,54,369,284,55,24,31,0,229,85,"Block Group 2, Census Tract 76.04, District of Columbia, District of Columbia",111,114,51,76,77,42,25,31,12,74,41
"G11000100076043","2015-2019","DC",,,"District of Columbia","11","District of Columbia","001",,,"007604","3",,,,,,,,,,,,,,,,,,,,,,,,,"15000US110010076043",,,"Block Group 3, Census Tract 76.04, District of Columbia, District of Columbia",608,515,93,139,127,10,0,10,0,117,12,"Block Group 3, Census Tract 76.04, District of Columbia, District of Columbia",159,149,59,61,59,16,12,16,12,61,19
"G11000100076051","2015-2019","DC",,,"District of Columbia","11","District of Columbia","001",,,"007605","1",,,,,,,,,,,,,,,,,,,,,,,,,"15000US110010076051",,,"Block Group 1, Census Tract 76.05, District of Columbia, District of Columbia",292,275,17,249,193,29,0,29,0,164,56,"Block Group 1, Census Tract 76.05, District of Columbia, District of Columbia",63,58,27,65,71,30,12,30,12,66,31
"G11000100076052","2015-2019","DC",,,"District of Columbia","11","District of Columbia","001",,,"007605","2",,,,,,,,,,,,,,,,,,,,,,,,,"15000US110010076052",,,"Block Group 2, Census Tract 76.05, District of Columbia, District of Columbia",1225,1082,143,51,51,8,0,8,0,43,0,"Block Group 2, Census Tract 76.05, District of Columbia, District of Columbia",107,114,72,33,33,12,12,12,12,31,12
"G11000100076053","2015-2019","DC",,,"District of Columbia","11","District of Columbia","001",,,"007605","3",,,,,,,,,,,,,,,,,,,,,,,,,"15000US110010076053",,,"Block Group 3, Census Tract 76.05, District of Columbia, District of Columbia",323,264,59,90,52,17,0,17,0,35,38,"Block Group 3, Census Tract 76.05, District of Columbia, District of Columbia",80,78,43,54,48,23,12,23,12,39,22
"G11000100077031","2015-2019","DC",,,"District of Columbia","11","District of Columbia","001",,,"007703","1",,,,,,,,,,,,,,,,,,,,,,,,,"15000US110010077031",,,"Block Group 1, Census Tract 77.03, District of Columbia, District of Columbia",308,275,33,62,30,0,0,0,0,30,32,"Block Group 1, Census Tract 77.03, District of Columbia, District of Columbia",122,124,52,57,43,12,12,12,12,43,37
"G11000100077032","2015-2019","DC",,,"District of Columbia","11","District of Columbia","001",,,"007703","2",,,,,,,,,,,,,,,,,,,,,,,,,"15000US110010077032",,,"Block Group 2, Census Tract 77.03, District of Columbia, District of Columbia",724,619,105,332,275,39,28,11,0,236,57,"Block Group 2, Census Tract 77.03, District of Columbia, District of Columbia",183,185,96,158,122,45,38,21,12,127,93
"G11000100077033","2015-2019","DC",,,"District of Columbia","11","District of Columbia","001",,,"007703","3",,,,,,,,,,,,,,,,,,,,,,,,,"15000US110010077033",,,"Block Group 3, Census Tract 77.03, District of Columbia, District of Columbia",1124,1085,39,19,0,0,0,0,0,0,19,"Block Group 3, Census Tract 77.03, District of Columbia, District of Columbia",192,196,61,30,12,12,12,12,12,12,30
"G11000100077034","2015-2019","DC",,,"District of Columbia","11","District of Columbia","001",,,"007703","4",,,,,,,,,,,,,,,,,,,,,,,,,"15000US110010077034",,,"Block Group 4, Census Tract 77.03, District of Columbia, District of Columbia",287,252,35,11,11,0,0,0,0,11,0,"Block Group 4, Census Tract 77.03, District of Columbia, District of Columbia",121,115,55,19,19,12,12,12,12,19,12
"G11000100077071","2015-2019","DC",,,"District of Columbia","11","District of Columbia","001",,,"007707","1",,,,,,,,,,,,,,,,,,,,,,,,,"15000US110010077071",,,"Block Group 1, Census Tract 77.07, District of Columbia, District of Columbia",1135,1013,122,214,189,41,41,0,0,148,25,"Block Group 1, Census Tract 77.07, District of Columbia, District of Columbia",112,115,71,82,80,52,52,12,12,67,21
"G11000100077072","2015-2019","DC",,,"District of Columbia","11","District of Columbia","001",,,"007707","2",,,,,,,,,,,,,,,,,,,,,,,,,"15000US110010077072",,,"Block Group 2, Census Tract 77.07, District of Columbia, District of Columbia",648,629,19,522,404,80,32,48,9,315,118,"Block Group 2, Census Tract 77.07, District of Columbia, District of Columbia",128,127,31,116,114,67,52,42,14,112,50
"G11000100077081","2015-2019","DC",,,"District of Columbia","11","District of Columbia","001",,,"007708","1",,,,,,,,,,,,,,,,,,,,,,,,,"15000US110010077081",,,"Block Group 1, Census Tract 77.08, District of Columbia, District of Columbia",710,639,71,67,67,32,10,22,0,35,0,"Block Group 1, Census Tract 77.08, District of Columbia, District of Columbia",126,136,66,46,46,41,17,36,12,32,12
"G11000100077082","2015-2019","DC",,,"District of Columbia","11","District of Columbia","001",,,"007708","2",,,,,,,,,,,,,,,,,,,,,,,,,"15000US110010077082",,,"Block Group 2, Census Tract 77.08, District of Columbia, District of Columbia",593,482,111,138,101,0,0,0,0,101,37,"Block Group 2, Census Tract 77.08, District of Columbia, District of Columbia",124,141,64,76,80,12,12,12,12,80,38
"G11000100077091","2015-2019","DC",,,"District of Columbia","11","District of Columbia","001",,,"007709","1",,,,,,,,,,,,,,,,,,,,,,,,,"15000US110010077091",,,"Block Group 1, Census Tract 77.09, District of Columbia, District of Columbia",683,630,53,152,106,5,0,5,0,101,46,"Block Group 1, Census Tract 77.09, District of Columbia, District of Columbia",94,91,44,48,35,7,12,7,12,33,35
"G11000100077092","2015-2019","DC",,,"District of Columbia","11","District of Columbia","001",,,"007709","2",,,,,,,,,,,,,,,,,,,,,,,,,"15000US110010077092",,,"Block Group 2, Census Tract 77.09, District of Columbia, District of Columbia",510,449,61,42,26,6,0,6,0,20,16,"Block Group 2, Census Tract 77.09, District of Columbia, District of Columbia",94,100,43,23,17,9,12,9,12,16,15
"G11000100078031","2015-2019","DC",,,"District of Columbia","11","District of Columbia","001",,,"007803","1",,,,,,,,,,,,,,,,,,,,,,,,,"15000US110010078031",,,"Block Group 1, Census Tract 78.03, District of Columbia, District of Columbia",635,593,42,162,129,18,18,0,0,111,33,"Block Group 1, Census Tract 78.03, District of Columbia, District of Columbia",123,123,46,66,65,22,22,12,12,63,29
"G11000100078032","2015-2019","DC",,,"District of Columbia","11","District of Columbia","001",,,"007803","2",,,,,,,,,,,,,,,,,,,,,,,,,"15000US110010078032",,,"Block Group 2, Census Tract 78.03, District of Columbia, District of Columbia",339,317,22,193,146,67,33,34,0,79,47,"Block Group 2, Census Tract 78.03, District of Columbia, District of Columbia",90,94,35,77,74,48,33,33,12,59,46
"G11000100078033","2015-2019","DC",,,"District of Columbia","11","District of Columbia","001",,,"007803","3",,,,,,,,,,,,,,,,,,,,,,,,,"15000US110010078033",,,"Block Group 3, Census Tract 78.03, District of Columbia, District of Columbia",235,192,43,143,90,47,38,9,0,43,53,"Block Group 3, Census Tract 78.03, District of Columbia, District of Columbia",75,67,49,65,57,46,44,15,12,35,40
"G11000100078034","2015-2019","DC",,,"District of Columbia","11","District of Columbia","001",,,"007803","4",,,,,,,,,,,,,,,,,,,,,,,,,"15000US110010078034",,,"Block Group 4, Census Tract 78.03, District of Columbia, District of Columbia",952,710,242,143,88,54,10,44,0,34,55,"Block Group 4, Census Tract 78.03, District of Columbia, District of Columbia",138,149,108,68,60,52,16,51,12,30,36
"G11000100078041","2015-2019","DC",,,"District of Columbia","11","District of Columbia","001",,,"007804","1",,,,,,,,,,,,,,,,,,,,,,,,,"15000US110010078041",,,"Block Group 1, Census Tract 78.04, District of Columbia, District of Columbia",313,295,18,78,68,10,0,10,0,58,10,"Block Group 1, Census Tract 78.04, District of Columbia, District of Columbia",110,113,29,48,47,16,12,16,12,43,17
"G11000100078042","2015-2019","DC",,,"District of Columbia","11","District of Columbia","001",,,"007804","2",,,,,,,,,,,,,,,,,,,,,,,,,"15000US110010078042",,,"Block Group 2, Census Tract 78.04, District of Columbia, District of Columbia",831,665,166,265,236,0,0,0,0,236,29,"Block Group 2, Census Tract 78.04, District of Columbia, District of Columbia",137,126,78,107,103,12,12,12,12,103,36
"G11000100078043","2015-2019","DC",,,"District of Columbia","11","District of Columbia","001",,,"007804","3",,,,,,,,,,,,,,,,,,,,,,,,,"15000US110010078043",,,"Block Group 3, Census Tract 78.04, District of Columbia, District of Columbia",364,291,73,186,143,26,0,26,0,117,43,"Block Group 3, Census Tract 78.04, District of Columbia, District of Columbia",87,94,59,83,67,31,12,31,12,64,44
"G11000100078061","2015-2019","DC",,,"District of Columbia","11","District of Columbia","001",,,"007806","1",,,,,,,,,,,,,,,,,,,,,,,,,"15000US110010078061",,,"Block Group 1, Census Tract 78.06, District of Columbia, District of Columbia",624,541,83,336,197,21,0,21,0,176,139,"Block Group 1, Census Tract 78.06, District of Columbia, District of Columbia",106,113,66,98,81,18,12,18,12,80,76
"G11000100078062","2015-2019","DC",,,"District of Columbia","11","District of Columbia","001",,,"007806","2",,,,,,,,,,,,,,,,,,,,,,,,,"15000US110010078062",,,"Block Group 2, Census Tract 78.06, District of Columbia, District of Columbia",552,512,40,171,159,31,22,9,0,128,12,"Block Group 2, Census Tract 78.06, District of Columbia, District of Columbia",116,111,39,67,67,33,30,14,12,59,11
"G11000100078071","2015-2019","DC",,,"District of Columbia","11","District of Columbia","001",,,"007807","1",,,,,,,,,,,,,,,,,,,,,,,,,"15000US110010078071",,,"Block Group 1, Census Tract 78.07, District of Columbia, District of Columbia",544,468,76,186,107,10,0,10,0,97,79,"Block Group 1, Census Tract 78.07, District of Columbia, District of Columbia",69,77,47,51,43,14,12,14,12,42,41
"G11000100078072","2015-2019","DC",,,"District of Columbia","11","District of Columbia","001",,,"007807","2",,,,,,,,,,,,,,,,,,,,,,,,,"15000US110010078072",,,"Block Group 2, Census Tract 78.07, District of Columbia, District of Columbia",405,362,43,105,62,6,4,2,0,56,43,"Block Group 2, Census Tract 78.07, District of Columbia, District of Columbia",78,73,36,46,30,8,6,6,12,29,35
"G11000100078081","2015-2019","DC",,,"District of Columbia","11","District of Columbia","001",,,"007808","1",,,,,,,,,,,,,,,,,,,,,,,,,"15000US110010078081",,,"Block Group 1, Census Tract 78.08, District of Columbia, District of Columbia",685,624,61,251,215,25,11,14,13,177,36,"Block Group 1, Census Tract 78.08, District of Columbia, District of Columbia",131,134,69,110,107,27,17,21,20,105,39
"G11000100078082","2015-2019","DC",,,"District of Columbia","11","District of Columbia","001",,,"007808","2",,,,,,,,,,,,,,,,,,,,,,,,,"15000US110010078082",,,"Block Group 2, Census Tract 78.08, District of Columbia, District of Columbia",677,511,166,164,143,18,8,10,0,125,21,"Block Group 2, Census Tract 78.08, District of Columbia, District of Columbia",124,131,98,81,83,21,15,15,12,82,21
"G11000100078083","2015-2019","DC",,,"District of Columbia","11","District of Columbia","001",,,"007808","3",,,,,,,,,,,,,,,,,,,,,,,,,"15000US110010078083",,,"Block Group 3, Census Tract 78.08, District of Columbia, District of Columbia",344,313,31,301,237,11,11,0,0,226,64,"Block Group 3, Census Tract 78.08, District of Columbia, District of Columbia",127,124,50,125,127,28,28,12,12,124,46
"G11000100078091","2015-2019","DC",,,"District of Columbia","11","District of Columbia","001",,,"007809","1",,,,,,,,,,,,,,,,,,,,,,,,,"15000US110010078091",,,"Block Group 1, Census Tract 78.09, District of Columbia, District of Columbia",924,804,120,472,335,61,35,26,0,274,137,"Block Group 1, Census Tract 78.09, District of Columbia, District of Columbia",111,130,68,105,98,48,34,32,12,91,74
"G11000100078092","2015-2019","DC",,,"District of Columbia","11","District of Columbia","001",,,"007809","2",,,,,,,,,,,,,,,,,,,,,,,,,"15000US110010078092",,,"Block Group 2, Census Tract 78.09, District of Columbia, District of Columbia",462,383,79,224,186,25,0,25,0,161,38,"Block Group 2, Census Tract 78.09, District of Columbia, District of Columbia",109,100,58,75,70,28,12,28,12,72,29
"G11000100079011","2015-2019","DC",,,"District of Columbia","11","District of Columbia","001",,,"007901","1",,,,,,,,,,,,,,,,,,,,,,,,,"15000US110010079011",,,"Block Group 1, Census Tract 79.01, District of Columbia, District of Columbia",374,332,42,89,73,21,11,10,0,52,16,"Block Group 1, Census Tract 79.01, District of Columbia, District of Columbia",104,99,34,36,37,21,17,13,12,38,25
"G11000100079012","2015-2019","DC",,,"District of Columbia","11","District of Columbia","001",,,"007901","2",,,,,,,,,,,,,,,,,,,,,,,,,"15000US110010079012",,,"Block Group 2, Census Tract 79.01, District of Columbia, District of Columbia",417,337,80,161,149,7,0,7,0,142,12,"Block Group 2, Census Tract 79.01, District of Columbia, District of Columbia",93,89,63,54,49,12,12,12,12,52,19
"G11000100079013","2015-2019","DC",,,"District of Columbia","11","District of Columbia","001",,,"007901","3",,,,,,,,,,,,,,,,,,,,,,,,,"15000US110010079013",,,"Block Group 3, Census Tract 79.01, District of Columbia, District of Columbia",500,418,82,187,150,7,0,7,0,143,37,"Block Group 3, Census Tract 79.01, District of Columbia, District of Columbia",109,97,64,62,54,13,12,13,12,53,35
"G11000100079014","2015-2019","DC",,,"District of Columbia","11","District of Columbia","001",,,"007901","4",,,,,,,,,,,,,,,,,,,,,,,,,"15000US110010079014",,,"Block Group 4, Census Tract 79.01, District of Columbia, District of Columbia",587,533,54,194,153,33,21,12,0,120,41,"Block Group 4, Census Tract 79.01, District of Columbia, District of Columbia",100,94,52,65,63,31,23,19,12,56,31
"G11000100079031","2015-2019","DC",,,"District of Columbia","11","District of Columbia","001",,,"007903","1",,,,,,,,,,,,,,,,,,,,,,,,,"15000US110010079031",,,"Block Group 1, Census Tract 79.03, District of Columbia, District of Columbia",914,785,129,512,408,52,33,19,0,356,104,"Block Group 1, Census Tract 79.03, District of Columbia, District of Columbia",19,58,52,67,58,27,19,17,12,59,42
"G11000100080011","2015-2019","DC",,,"District of Columbia","11","District of Columbia","001",,,"008001","1",,,,,,,,,,,,,,,,,,,,,,,,,"15000US110010080011",,,"Block Group 1, Census Tract 80.01, District of Columbia, District of Columbia",361,250,111,152,152,36,0,36,0,116,0,"Block Group 1, Census Tract 80.01, District of Columbia, District of Columbia",87,79,77,74,74,36,12,36,12,63,12
"G11000100080012","2015-2019","DC",,,"District of Columbia","11","District of Columbia","001",,,"008001","2",,,,,,,,,,,,,,,,,,,,,,,,,"15000US110010080012",,,"Block Group 2, Census Tract 80.01, District of Columbia, District of Columbia",825,748,77,584,524,158,0,158,0,366,60,"Block Group 2, Census Tract 80.01, District of Columbia, District of Columbia",88,103,72,104,108,71,12,71,12,109,39
"G11000100080013","2015-2019","DC",,,"District of Columbia","11","District of Columbia","001",,,"008001","3",,,,,,,,,,,,,,,,,,,,,,,,,"15000US110010080013",,,"Block Group 3, Census Tract 80.01, District of Columbia, District of Columbia",238,238,0,172,146,26,0,26,0,120,26,"Block Group 3, Census Tract 80.01, District of Columbia, District of Columbia",72,72,12,58,55,25,12,25,12,59,22
"G11000100080021","2015-2019","DC",,,"District of Columbia","11","District of Columbia","001",,,"008002","1",,,,,,,,,,,,,,,,,,,,,,,,,"15000US110010080021",,,"Block Group 1, Census Tract 80.02, District of Columbia, District of Columbia",598,566,32,327,276,42,0,42,0,234,51,"Block Group 1, Census Tract 80.02, District of Columbia, District of Columbia",86,84,41,69,64,28,12,28,12,57,39
"G11000100080022","2015-2019","DC",,,"District of Columbia","11","District of Columbia","001",,,"008002","2",,,,,,,,,,,,,,,,,,,,,,,,,"15000US110010080022",,,"Block Group 2, Census Tract 80.02, District of Columbia, District of Columbia",1018,923,95,587,474,133,19,114,7,334,113,"Block Group 2, Census Tract 80.02, District of Columbia, District of Columbia",94,106,76,89,91,42,21,44,12,83,50
"G11000100081001","2015-2019","DC",,,"District of Columbia","11","District of Columbia","001",,,"008100","1",,,,,,,,,,,,,,,,,,,,,,,,,"15000US110010081001",,,"Block Group 1, Census Tract 81, District of Columbia, District of Columbia",411,411,0,240,196,38,0,38,3,155,44,"Block Group 1, Census Tract 81, District of Columbia, District of Columbia",71,71,12,65,63,25,12,25,7,67,35
"G11000100081002","2015-2019","DC",,,"District of Columbia","11","District of Columbia","001",,,"008100","2",,,,,,,,,,,,,,,,,,,,,,,,,"15000US110010081002",,,"Block Group 2, Census Tract 81, District of Columbia, District of Columbia",648,601,47,382,305,55,5,50,0,250,77,"Block Group 2, Census Tract 81, District of Columbia, District of Columbia",98,98,48,83,64,34,10,34,12,60,62
"G11000100081003","2015-2019","DC",,,"District of Columbia","11","District of Columbia","001",,,"008100","3",,,,,,,,,,,,,,,,,,,,,,,,,"15000US110010081003",,,"Block Group 3, Census Tract 81, District of Columbia, District of Columbia",475,439,36,197,163,22,15,7,0,141,34,"Block Group 3, Census Tract 81, District of Columbia, District of Columbia",91,89,37,53,55,24,21,12,12,58,29
"G11000100082001","2015-2019","DC",,,"District of Columbia","11","District of Columbia","001",,,"008200","1",,,,,,,,,,,,,,,,,,,,,,,,,"15000US110010082001",,,"Block Group 1, Census Tract 82, District of Columbia, District of Columbia",469,461,8,295,223,80,0,80,0,143,72,"Block Group 1, Census Tract 82, District of Columbia, District of Columbia",85,84,14,83,69,46,12,46,12,63,59
"G11000100082002","2015-2019","DC",,,"District of Columbia","11","District of Columbia","001",,,"008200","2",,,,,,,,,,,,,,,,,,,,,,,,,"15000US110010082002",,,"Block Group 2, Census Tract 82, District of Columbia, District of Columbia",1081,912,169,447,283,44,0,44,0,239,164,"Block Group 2, Census Tract 82, District of Columbia, District of Columbia",85,97,91,83,84,37,12,37,12,78,56
"G11000100083011","2015-2019","DC",,,"District of Columbia","11","District of Columbia","001",,,"008301","1",,,,,,,,,,,,,,,,,,,,,,,,,"15000US110010083011",,,"Block Group 1, Census Tract 83.01, District of Columbia, District of Columbia",844,687,157,317,265,45,27,18,0,220,52,"Block Group 1, Census Tract 83.01, District of Columbia, District of Columbia",81,86,89,60,58,36,30,19,12,60,35
"G11000100083012","2015-2019","DC",,,"District of Columbia","11","District of Columbia","001",,,"008301","2",,,,,,,,,,,,,,,,,,,,,,,,,"15000US110010083012",,,"Block Group 2, Census Tract 83.01, District of Columbia, District of Columbia",568,470,98,244,189,41,0,41,0,148,55,"Block Group 2, Census Tract 83.01, District of Columbia, District of Columbia",86,81,79,65,67,36,12,36,12,59,36
"G11000100083021","2015-2019","DC",,,"District of Columbia","11","District of Columbia","001",,,"008302","1",,,,,,,,,,,,,,,,,,,,,,,,,"15000US110010083021",,,"Block Group 1, Census Tract 83.02, District of Columbia, District of Columbia",1178,1106,72,608,476,59,6,53,0,417,132,"Block Group 1, Census Tract 83.02, District of Columbia, District of Columbia",28,67,60,88,80,35,10,33,12,78,45
"G11000100084021","2015-2019","DC",,,"District of Columbia","11","District of Columbia","001",,,"008402","1",,,,,,,,,,,,,,,,,,,,,,,,,"15000US110010084021",,,"Block Group 1, Census Tract 84.02, District of Columbia, District of Columbia",568,498,70,260,174,42,7,35,0,132,86,"Block Group 1, Census Tract 84.02, District of Columbia, District of Columbia",87,87,61,62,55,31,11,28,12,45,50
"G11000100084022","2015-2019","DC",,,"District of Columbia","11","District of Columbia","001",,,"008402","2",,,,,,,,,,,,,,,,,,,,,,,,,"15000US110010084022",,,"Block Group 2, Census Tract 84.02, District of Columbia, District of Columbia",723,664,59,219,172,46,7,39,0,126,47,"Block Group 2, Census Tract 84.02, District of Columbia, District of Columbia",99,80,59,54,53,32,11,31,12,47,42
"G11000100084101","2015-2019","DC",,,"District of Columbia","11","District of Columbia","001",,,"008410","1",,,,,,,,,,,,,,,,,,,,,,,,,"15000US110010084101",,,"Block Group 1, Census Tract 84.10, District of Columbia, District of Columbia",698,636,62,439,356,28,4,24,0,328,83,"Block Group 1, Census Tract 84.10, District of Columbia, District of Columbia",36,53,45,70,74,19,6,19,12,72,36
"G11000100087011","2015-2019","DC",,,"District of Columbia","11","District of Columbia","001",,,"008701","1",,,,,,,,,,,,,,,,,,,,,,,,,"15000US110010087011",,,"Block Group 1, Census Tract 87.01, District of Columbia, District of Columbia",521,501,20,279,198,37,12,25,0,161,81,"Block Group 1, Census Tract 87.01, District of Columbia, District of Columbia",95,88,33,82,62,27,18,21,12,56,52
"G11000100087012","2015-2019","DC",,,"District of Columbia","11","District of Columbia","001",,,"008701","2",,,,,,,,,,,,,,,,,,,,,,,,,"15000US110010087012",,,"Block Group 2, Census Tract 87.01, District of Columbia, District of Columbia",536,391,145,240,143,43,0,43,0,100,97,"Block Group 2, Census Tract 87.01, District of Columbia, District of Columbia",102,97,75,75,55,42,12,42,12,35,66
"G11000100087021","2015-2019","DC",,,"District of Columbia","11","District of Columbia","001",,,"008702","1",,,,,,,,,,,,,,,,,,,,,,,,,"15000US110010087021",,,"Block Group 1, Census Tract 87.02, District of Columbia, District of Columbia",681,594,87,219,166,18,6,12,0,148,53,"Block Group 1, Census Tract 87.02, District of Columbia, District of Columbia",91,91,48,60,55,14,10,11,12,53,30
"G11000100087022","2015-2019","DC",,,"District of Columbia","11","District of Columbia","001",,,"008702","2",,,,,,,,,,,,,,,,,,,,,,,,,"15000US110010087022",,,"Block Group 2, Census Tract 87.02, District of Columbia, District of Columbia",1173,1088,85,182,145,26,6,20,0,119,37,"Block Group 2, Census Tract 87.02, District of Columbia, District of Columbia",95,105,73,58,55,20,9,18,12,53,19
"G11000100088021","2015-2019","DC",,,"District of Columbia","11","District of Columbia","001",,,"008802","1",,,,,,,,,,,,,,,,,,,,,,,,,"15000US110010088021",,,"Block Group 1, Census Tract 88.02, District of Columbia, District of Columbia",335,288,47,103,77,0,0,0,0,77,26,"Block Group 1, Census Tract 88.02, District of Columbia, District of Columbia",85,82,46,57,49,12,12,12,12,49,32
"G11000100088022","2015-2019","DC",,,"District of Columbia","11","District of Columbia","001",,,"008802","2",,,,,,,,,,,,,,,,,,,,,,,,,"15000US110010088022",,,"Block Group 2, Census Tract 88.02, District of Columbia, District of Columbia",573,554,19,259,223,19,7,12,0,204,36,"Block Group 2, Census Tract 88.02, District of Columbia, District of Columbia",100,104,31,78,74,23,12,19,12,75,29
"G11000100088023","2015-2019","DC",,,"District of Columbia","11","District of Columbia","001",,,"008802","3",,,,,,,,,,,,,,,,,,,,,,,,,"15000US110010088023",,,"Block Group 3, Census Tract 88.02, District of Columbia, District of Columbia",539,514,25,245,179,33,0,33,0,146,66,"Block Group 3, Census Tract 88.02, District of Columbia, District of Columbia",110,111,30,81,74,31,12,31,12,74,43
"G11000100088024","2015-2019","DC",,,"District of Columbia","11","District of Columbia","001",,,"008802","4",,,,,,,,,,,,,,,,,,,,,,,,,"15000US110010088024",,,"Block Group 4, Census Tract 88.02, District of Columbia, District of Columbia",568,455,113,180,156,52,34,18,0,104,24,"Block Group 4, Census Tract 88.02, District of Columbia, District of Columbia",110,107,71,72,70,44,38,21,12,57,25
"G11000100088031","2015-2019","DC",,,"District of Columbia","11","District of Columbia","001",,,"008803","1",,,,,,,,,,,,,,,,,,,,,,,,,"15000US110010088031",,,"Block Group 1, Census Tract 88.03, District of Columbia, District of Columbia",1031,860,171,111,99,4,0,4,0,95,12,"Block Group 1, Census Tract 88.03, District of Columbia, District of Columbia",50,73,66,40,39,7,12,7,12,39,16
"G11000100088041","2015-2019","DC",,,"District of Columbia","11","District of Columbia","001",,,"008804","1",,,,,,,,,,,,,,,,,,,,,,,,,"15000US110010088041",,,"Block Group 1, Census Tract 88.04, District of Columbia, District of Columbia",585,527,58,189,144,0,0,0,0,144,45,"Block Group 1, Census Tract 88.04, District of Columbia, District of Columbia",106,115,52,54,57,12,12,12,12,57,33
"G11000100088042","2015-2019","DC",,,"District of Columbia","11","District of Columbia","001",,,"008804","2",,,,,,,,,,,,,,,,,,,,,,,,,"15000US110010088042",,,"Block Group 2, Census Tract 88.04, District of Columbia, District of Columbia",854,688,166,149,143,6,0,6,0,137,6,"Block Group 2, Census Tract 88.04, District of Columbia, District of Columbia",106,113,74,64,64,12,12,12,12,65,11
"G11000100089031","2015-2019","DC",,,"District of Columbia","11","District of Columbia","001",,,"008903","1",,,,,,,,,,,,,,,,,,,,,,,,,"15000US110010089031",,,"Block Group 1, Census Tract 89.03, District of Columbia, District of Columbia",1191,1060,131,285,220,86,43,43,0,134,65,"Block Group 1, Census Tract 89.03, District of Columbia, District of Columbia",150,145,76,83,82,58,45,42,12,63,43
"G11000100089032","2015-2019","DC",,,"District of Columbia","11","District of Columbia","001",,,"008903","2",,,,,,,,,,,,,,,,,,,,,,,,,"15000US110010089032",,,"Block Group 2, Census Tract 89.03, District of Columbia, District of Columbia",594,469,125,39,39,0,0,0,0,39,0,"Block Group 2, Census Tract 89.03, District of Columbia, District of Columbia",133,126,71,54,54,12,12,12,12,54,12
"G11000100089041","2015-2019","DC",,,"District of Columbia","11","District of Columbia","001",,,"008904","1",,,,,,,,,,,,,,,,,,,,,,,,,"15000US110010089041",,,"Block Group 1, Census Tract 89.04, District of Columbia, District of Columbia",1632,1462,170,50,40,0,0,0,0,40,10,"Block Group 1, Census Tract 89.04, District of Columbia, District of Columbia",115,148,86,34,33,12,12,12,12,33,16
"G11000100089042","2015-2019","DC",,,"District of Columbia","11","District of Columbia","001",,,"008904","2",,,,,,,,,,,,,,,,,,,,,,,,,"15000US110010089042",,,"Block Group 2, Census Tract 89.04, District of Columbia, District of Columbia",443,340,103,116,102,20,11,9,0,82,14,"Block Group 2, Census Tract 89.04, District of Columbia, District of Columbia",112,103,66,58,55,23,18,15,12,51,24
"G11000100090001","2015-2019","DC",,,"District of Columbia","11","District of Columbia","001",,,"009000","1",,,,,,,,,,,,,,,,,,,,,,,,,"15000US110010090001",,,"Block Group 1, Census Tract 90, District of Columbia, District of Columbia",1338,1285,53,525,525,48,22,26,0,477,0,"Block Group 1, Census Tract 90, District of Columbia, District of Columbia",140,158,82,133,133,48,38,33,12,134,12
"G11000100090002","2015-2019","DC",,,"District of Columbia","11","District of Columbia","001",,,"009000","2",,,,,,,,,,,,,,,,,,,,,,,,,"15000US110010090002",,,"Block Group 2, Census Tract 90, District of Columbia, District of Columbia",889,889,0,537,386,64,38,26,0,322,151,"Block Group 2, Census Tract 90, District of Columbia, District of Columbia",123,123,12,119,112,49,42,30,12,115,98
"G11000100091021","2015-2019","DC",,,"District of Columbia","11","District of Columbia","001",,,"009102","1",,,,,,,,,,,,,,,,,,,,,,,,,"15000US110010091021",,,"Block Group 1, Census Tract 91.02, District of Columbia, District of Columbia",366,334,32,242,205,11,0,11,0,194,37,"Block Group 1, Census Tract 91.02, District of Columbia, District of Columbia",88,84,36,71,74,16,12,16,12,74,27
"G11000100091022","2015-2019","DC",,,"District of Columbia","11","District of Columbia","001",,,"009102","2",,,,,,,,,,,,,,,,,,,,,,,,,"15000US110010091022",,,"Block Group 2, Census Tract 91.02, District of Columbia, District of Columbia",1245,1140,105,313,282,38,12,26,0,244,31,"Block Group 2, Census Tract 91.02, District of Columbia, District of Columbia",120,119,64,80,80,35,20,28,12,78,27
"G11000100091023","2015-2019","DC",,,"District of Columbia","11","District of Columbia","001",,,"009102","3",,,,,,,,,,,,,,,,,,,,,,,,,"15000US110010091023",,,"Block Group 3, Census Tract 91.02, District of Columbia, District of Columbia",595,528,67,135,72,18,0,18,0,54,63,"Block Group 3, Census Tract 91.02, District of Columbia, District of Columbia",103,97,53,52,45,21,12,21,12,43,37
"G11000100092011","2015-2019","DC",,,"District of Columbia","11","District of Columbia","001",,,"009201","1",,,,,,,,,,,,,,,,,,,,,,,,,"15000US110010092011",,,"Block Group 1, Census Tract 92.01, District of Columbia, District of Columbia",1340,1148,192,378,324,68,17,51,0,256,54,"Block Group 1, Census Tract 92.01, District of Columbia, District of Columbia",49,75,73,70,67,35,16,28,12,56,23
"G11000100092031","2015-2019","DC",,,"District of Columbia","11","District of Columbia","001",,,"009203","1",,,,,,,,,,,,,,,,,,,,,,,,,"15000US110010092031",,,"Block Group 1, Census Tract 92.03, District of Columbia, District of Columbia",466,466,0,198,159,42,0,42,0,117,39,"Block Group 1, Census Tract 92.03, District of Columbia, District of Columbia",96,96,12,79,80,39,12,39,12,77,32
"G11000100092032","2015-2019","DC",,,"District of Columbia","11","District of Columbia","001",,,"009203","2",,,,,,,,,,,,,,,,,,,,,,,,,"15000US110010092032",,,"Block Group 2, Census Tract 92.03, District of Columbia, District of Columbia",877,818,59,458,373,49,0,49,0,324,85,"Block Group 2, Census Tract 92.03, District of Columbia, District of Columbia",95,108,54,108,111,47,12,47,12,113,51
"G11000100092041","2015-2019","DC",,,"District of Columbia","11","District of Columbia","001",,,"009204","1",,,,,,,,,,,,,,,,,,,,,,,,,"15000US110010092041",,,"Block Group 1, Census Tract 92.04, District of Columbia, District of Columbia",470,432,38,258,221,26,26,0,0,195,37,"Block Group 1, Census Tract 92.04, District of Columbia, District of Columbia",96,92,43,78,78,32,32,12,12,83,35
"G11000100092042","2015-2019","DC",,,"District of Columbia","11","District of Columbia","001",,,"009204","2",,,,,,,,,,,,,,,,,,,,,,,,,"15000US110010092042",,,"Block Group 2, Census Tract 92.04, District of Columbia, District of Columbia",989,916,73,0,0,0,0,0,0,0,0,"Block Group 2, Census Tract 92.04, District of Columbia, District of Columbia",111,122,61,12,12,12,12,12,12,12,12
"G11000100093011","2015-2019","DC",,,"District of Columbia","11","District of Columbia","001",,,"009301","1",,,,,,,,,,,,,,,,,,,,,,,,,"15000US110010093011",,,"Block Group 1, Census Tract 93.01, District of Columbia, District of Columbia",272,272,0,268,186,15,0,15,19,152,82,"Block Group 1, Census Tract 93.01, District of Columbia, District of Columbia",72,72,12,74,71,23,12,23,29,67,46
"G11000100093012","2015-2019","DC",,,"District of Columbia","11","District of Columbia","001",,,"009301","2",,,,,,,,,,,,,,,,,,,,,,,,,"15000US110010093012",,,"Block Group 2, Census Tract 93.01, District of Columbia, District of Columbia",423,379,44,281,211,100,22,78,0,111,70,"Block Group 2, Census Tract 93.01, District of Columbia, District of Columbia",78,86,50,71,62,55,25,48,12,46,40
"G11000100093013","2015-2019","DC",,,"District of Columbia","11","District of Columbia","001",,,"009301","3",,,,,,,,,,,,,,,,,,,,,,,,,"15000US110010093013",,,"Block Group 3, Census Tract 93.01, District of Columbia, District of Columbia",292,263,29,206,166,94,23,71,0,72,40,"Block Group 3, Census Tract 93.01, District of Columbia, District of Columbia",74,71,45,70,69,60,38,48,12,39,26
"G11000100093014","2015-2019","DC",,,"District of Columbia","11","District of Columbia","001",,,"009301","4",,,,,,,,,,,,,,,,,,,,,,,,,"15000US110010093014",,,"Block Group 4, Census Tract 93.01, District of Columbia, District of Columbia",292,281,11,272,185,20,0,20,0,165,87,"Block Group 4, Census Tract 93.01, District of Columbia, District of Columbia",56,59,17,59,73,24,12,24,12,69,56
"G11000100093021","2015-2019","DC",,,"District of Columbia","11","District of Columbia","001",,,"009302","1",,,,,,,,,,,,,,,,,,,,,,,,,"15000US110010093021",,,"Block Group 1, Census Tract 93.02, District of Columbia, District of Columbia",638,600,38,348,268,75,19,56,0,193,80,"Block Group 1, Census Tract 93.02, District of Columbia, District of Columbia",51,63,40,39,38,37,27,36,12,42,34
"G11000100094001","2015-2019","DC",,,"District of Columbia","11","District of Columbia","001",,,"009400","1",,,,,,,,,,,,,,,,,,,,,,,,,"15000US110010094001",,,"Block Group 1, Census Tract 94, District of Columbia, District of Columbia",344,277,67,233,166,20,0,20,0,146,67,"Block Group 1, Census Tract 94, District of Columbia, District of Columbia",77,80,58,66,70,22,12,22,12,68,40
"G11000100094002","2015-2019","DC",,,"District of Columbia","11","District of Columbia","001",,,"009400","2",,,,,,,,,,,,,,,,,,,,,,,,,"15000US110010094002",,,"Block Group 2, Census Tract 94, District of Columbia, District of Columbia",547,496,51,343,291,72,0,72,0,219,52,"Block Group 2, Census Tract 94, District of Columbia, District of Columbia",89,97,56,80,77,43,12,43,12,70,35
"G11000100094003","2015-2019","DC",,,"District of Columbia","11","District of Columbia","001",,,"009400","3",,,,,,,,,,,,,,,,,,,,,,,,,"15000US110010094003",,,"Block Group 3, Census Tract 94, District of Columbia, District of Columbia",610,576,34,497,381,33,0,33,0,348,116,"Block Group 3, Census Tract 94, District of Columbia, District of Columbia",89,82,43,81,79,28,12,28,12,76,70
"G11000100094004","2015-2019","DC",,,"District of Columbia","11","District of Columbia","001",,,"009400","4",,,,,,,,,,,,,,,,,,,,,,,,,"15000US110010094004",,,"Block Group 4, Census Tract 94, District of Columbia, District of Columbia",331,305,26,288,156,35,0,35,0,121,132,"Block Group 4, Census Tract 94, District of Columbia, District of Columbia",86,77,41,79,69,28,12,28,12,64,60
"G11000100095011","2015-2019","DC",,,"District of Columbia","11","District of Columbia","001",,,"009501","1",,,,,,,,,,,,,,,,,,,,,,,,,"15000US110010095011",,,"Block Group 1, Census Tract 95.01, District of Columbia, District of Columbia",1008,988,20,194,128,10,0,10,0,118,66,"Block Group 1, Census Tract 95.01, District of Columbia, District of Columbia",139,138,30,67,70,14,12,14,12,68,33
"G11000100095012","2015-2019","DC",,,"District of Columbia","11","District of Columbia","001",,,"009501","2",,,,,,,,,,,,,,,,,,,,,,,,,"15000US110010095012",,,"Block Group 2, Census Tract 95.01, District of Columbia, District of Columbia",332,295,37,11,11,0,0,0,11,0,0,"Block Group 2, Census Tract 95.01, District of Columbia, District of Columbia",90,87,43,20,20,12,12,12,20,12,12
"G11000100095013","2015-2019","DC",,,"District of Columbia","11","District of Columbia","001",,,"009501","3",,,,,,,,,,,,,,,,,,,,,,,,,"15000US110010095013",,,"Block Group 3, Census Tract 95.01, District of Columbia, District of Columbia",651,615,36,143,100,0,0,0,0,100,43,"Block Group 3, Census Tract 95.01, District of Columbia, District of Columbia",123,114,39,58,53,12,12,12,12,53,30
"G11000100095031","2015-2019","DC",,,"District of Columbia","11","District of Columbia","001",,,"009503","1",,,,,,,,,,,,,,,,,,,,,,,,,"15000US110010095031",,,"Block Group 1, Census Tract 95.03, District of Columbia, District of Columbia",585,534,51,426,276,17,0,17,0,259,150,"Block Group 1, Census Tract 95.03, District of Columbia, District of Columbia",64,74,43,71,71,18,12,18,12,72,51
"G11000100095032","2015-2019","DC",,,"District of Columbia","11","District of Columbia","001",,,"009503","2",,,,,,,,,,,,,,,,,,,,,,,,,"15000US110010095032",,,"Block Group 2, Census Tract 95.03, District of Columbia, District of Columbia",303,284,19,220,127,22,10,12,0,105,93,"Block Group 2, Census Tract 95.03, District of Columbia, District of Columbia",60,67,29,58,57,24,15,18,12,50,56
"G11000100095033","2015-2019","DC",,,"District of Columbia","11","District of Columbia","001",,,"009503","3",,,,,,,,,,,,,,,,,,,,,,,,,"15000US110010095033",,,"Block Group 3, Census Tract 95.03, District of Columbia, District of Columbia",380,300,80,299,256,63,0,63,0,193,43,"Block Group 3, Census Tract 95.03, District of Columbia, District of Columbia",57,57,56,58,64,42,12,42,12,57,34
"G11000100095041","2015-2019","DC",,,"District of Columbia","11","District of Columbia","001",,,"009504","1",,,,,,,,,,,,,,,,,,,,,,,,,"15000US110010095041",,,"Block Group 1, Census Tract 95.04, District of Columbia, District of Columbia",871,767,104,357,244,29,8,21,0,215,113,"Block Group 1, Census Tract 95.04, District of Columbia, District of Columbia",100,108,85,106,89,27,14,24,12,90,66
"G11000100095042","2015-2019","DC",,,"District of Columbia","11","District of Columbia","001",,,"009504","2",,,,,,,,,,,,,,,,,,,,,,,,,"15000US110010095042",,,"Block Group 2, Census Tract 95.04, District of Columbia, District of Columbia",521,496,25,449,335,34,17,17,0,301,114,"Block Group 2, Census Tract 95.04, District of Columbia, District of Columbia",102,93,39,95,87,32,27,16,12,88,64
"G11000100095051","2015-2019","DC",,,"District of Columbia","11","District of Columbia","001",,,"009505","1",,,,,,,,,,,,,,,,,,,,,,,,,"15000US110010095051",,,"Block Group 1, Census Tract 95.05, District of Columbia, District of Columbia",302,282,20,282,176,24,10,14,0,152,106,"Block Group 1, Census Tract 95.05, District of Columbia, District of Columbia",74,73,32,73,65,29,16,24,12,62,49
"G11000100095052","2015-2019","DC",,,"District of Columbia","11","District of Columbia","001",,,"009505","2",,,,,,,,,,,,,,,,,,,,,,,,,"15000US110010095052",,,"Block Group 2, Census Tract 95.05, District of Columbia, District of Columbia",457,334,123,334,219,0,0,0,9,210,115,"Block Group 2, Census Tract 95.05, District of Columbia, District of Columbia",91,76,81,76,63,12,12,12,13,65,67
"G11000100095053","2015-2019","DC",,,"District of Columbia","11","District of Columbia","001",,,"009505","3",,,,,,,,,,,,,,,,,,,,,,,,,"15000US110010095053",,,"Block Group 3, Census Tract 95.05, District of Columbia, District of Columbia",842,740,102,366,200,39,0,39,0,161,166,"Block Group 3, Census Tract 95.05, District of Columbia, District of Columbia",119,129,81,107,94,40,12,40,12,98,62
"G11000100095071","2015-2019","DC",,,"District of Columbia","11","District of Columbia","001",,,"009507","1",,,,,,,,,,,,,,,,,,,,,,,,,"15000US110010095071",,,"Block Group 1, Census Tract 95.07, District of Columbia, District of Columbia",604,592,12,483,325,16,9,7,9,300,158,"Block Group 1, Census Tract 95.07, District of Columbia, District of Columbia",35,41,18,49,61,19,16,10,10,64,52
"G11000100095081","2015-2019","DC",,,"District of Columbia","11","District of Columbia","001",,,"009508","1",,,,,,,,,,,,,,,,,,,,,,,,,"15000US110010095081",,,"Block Group 1, Census Tract 95.08, District of Columbia, District of Columbia",752,577,175,19,19,0,0,0,0,19,0,"Block Group 1, Census Tract 95.08, District of Columbia, District of Columbia",134,137,96,21,21,12,12,12,12,21,12
"G11000100095082","2015-2019","DC",,,"District of Columbia","11","District of Columbia","001",,,"009508","2",,,,,,,,,,,,,,,,,,,,,,,,,"15000US110010095082",,,"Block Group 2, Census Tract 95.08, District of Columbia, District of Columbia",531,531,0,447,297,11,0,11,0,286,150,"Block Group 2, Census Tract 95.08, District of Columbia, District of Columbia",88,88,12,87,91,19,12,19,12,90,51
"G11000100095083","2015-2019","DC",,,"District of Columbia","11","District of Columbia","001",,,"009508","3",,,,,,,,,,,,,,,,,,,,,,,,,"15000US110010095083",,,"Block Group 3, Census Tract 95.08, District of Columbia, District of Columbia",516,460,56,136,98,0,0,0,0,98,38,"Block Group 3, Census Tract 95.08, District of Columbia, District of Columbia",114,116,60,48,46,12,12,12,12,46,32
"G11000100095091","2015-2019","DC",,,"District of Columbia","11","District of Columbia","001",,,"009509","1",,,,,,,,,,,,,,,,,,,,,,,,,"15000US110010095091",,,"Block Group 1, Census Tract 95.09, District of Columbia, District of Columbia",434,434,0,397,309,12,0,12,0,297,88,"Block Group 1, Census Tract 95.09, District of Columbia, District of Columbia",88,88,12,81,90,18,12,18,12,90,49
"G11000100095092","2015-2019","DC",,,"District of Columbia","11","District of Columbia","001",,,"009509","2",,,,,,,,,,,,,,,,,,,,,,,,,"15000US110010095092",,,"Block Group 2, Census Tract 95.09, District of Columbia, District of Columbia",457,457,0,412,249,0,0,0,0,249,163,"Block Group 2, Census Tract 95.09, District of Columbia, District of Columbia",107,107,12,111,100,12,12,12,12,100,71
"G11000100095093","2015-2019","DC",,,"District of Columbia","11","District of Columbia","001",,,"009509","3",,,,,,,,,,,,,,,,,,,,,,,,,"15000US110010095093",,,"Block Group 3, Census Tract 95.09, District of Columbia, District of Columbia",422,397,25,336,280,12,0,12,0,268,56,"Block Group 3, Census Tract 95.09, District of Columbia, District of Columbia",102,112,41,100,102,17,12,17,12,103,48
"G11000100096011","2015-2019","DC",,,"District of Columbia","11","District of Columbia","001",,,"009601","1",,,,,,,,,,,,,,,,,,,,,,,,,"15000US110010096011",,,"Block Group 1, Census Tract 96.01, District of Columbia, District of Columbia",926,833,93,294,165,25,5,20,0,140,129,"Block Group 1, Census Tract 96.01, District of Columbia, District of Columbia",23,65,58,72,51,18,8,16,12,47,60
"G11000100096021","2015-2019","DC",,,"District of Columbia","11","District of Columbia","001",,,"009602","1",,,,,,,,,,,,,,,,,,,,,,,,,"15000US110010096021",,,"Block Group 1, Census Tract 96.02, District of Columbia, District of Columbia",1132,1107,25,303,293,35,14,21,0,258,10,"Block Group 1, Census Tract 96.02, District of Columbia, District of Columbia",175,179,40,90,88,28,21,31,12,85,17
"G11000100096022","2015-2019","DC",,,"District of Columbia","11","District of Columbia","001",,,"009602","2",,,,,,,,,,,,,,,,,,,,,,,,,"15000US110010096022",,,"Block Group 2, Census Tract 96.02, District of Columbia, District of Columbia",805,752,53,17,17,0,0,0,0,17,0,"Block Group 2, Census Tract 96.02, District of Columbia, District of Columbia",147,152,60,30,30,12,12,12,12,30,12
"G11000100096031","2015-2019","DC",,,"District of Columbia","11","District of Columbia","001",,,"009603","1",,,,,,,,,,,,,,,,,,,,,,,,,"15000US110010096031",,,"Block Group 1, Census Tract 96.03, District of Columbia, District of Columbia",940,840,100,173,151,11,11,0,0,140,22,"Block Group 1, Census Tract 96.03, District of Columbia, District of Columbia",110,127,71,61,59,16,16,12,12,58,20
"G11000100096032","2015-2019","DC",,,"District of Columbia","11","District of Columbia","001",,,"009603","2",,,,,,,,,,,,,,,,,,,,,,,,,"15000US110010096032",,,"Block Group 2, Census Tract 96.03, District of Columbia, District of Columbia",341,323,18,265,209,12,6,6,0,197,56,"Block Group 2, Census Tract 96.03, District of Columbia, District of Columbia",87,88,28,89,104,14,10,9,12,103,37
"G11000100096033","2015-2019","DC",,,"District of Columbia","11","District of Columbia","001",,,"009603","3",,,,,,,,,,,,,,,,,,,,,,,,,"15000US110010096033",,,"Block Group 3, Census Tract 96.03, District of Columbia, District of Columbia",564,529,35,68,39,0,0,0,0,39,29,"Block Group 3, Census Tract 96.03, District of Columbia, District of Columbia",116,116,39,71,60,12,12,12,12,60,34
"G11000100096041","2015-2019","DC",,,"District of Columbia","11","District of Columbia","001",,,"009604","1",,,,,,,,,,,,,,,,,,,,,,,,,"15000US110010096041",,,"Block Group 1, Census Tract 96.04, District of Columbia, District of Columbia",560,552,8,303,241,40,25,15,0,201,62,"Block Group 1, Census Tract 96.04, District of Columbia, District of Columbia",68,69,9,57,59,23,18,15,12,60,28
"G11000100096042","2015-2019","DC",,,"District of Columbia","11","District of Columbia","001",,,"009604","2",,,,,,,,,,,,,,,,,,,,,,,,,"15000US110010096042",,,"Block Group 2, Census Tract 96.04, District of Columbia, District of Columbia",461,425,36,312,254,44,44,0,0,210,58,"Block Group 2, Census Tract 96.04, District of Columbia, District of Columbia",73,79,29,69,82,37,37,12,12,80,33
"G11000100097001","2015-2019","DC",,,"District of Columbia","11","District of Columbia","001",,,"009700","1",,,,,,,,,,,,,,,,,,,,,,,,,"15000US110010097001",,,"Block Group 1, Census Tract 97, District of Columbia, District of Columbia",1024,856,168,218,140,34,34,0,0,106,78,"Block Group 1, Census Tract 97, District of Columbia, District of Columbia",113,118,79,82,63,44,44,12,12,49,45
"G11000100097002","2015-2019","DC",,,"District of Columbia","11","District of Columbia","001",,,"009700","2",,,,,,,,,,,,,,,,,,,,,,,,,"15000US110010097002",,,"Block Group 2, Census Tract 97, District of Columbia, District of Columbia",285,285,0,139,139,37,0,37,11,91,0,"Block Group 2, Census Tract 97, District of Columbia, District of Columbia",114,114,12,88,88,58,12,58,17,69,12
"G11000100098011","2015-2019","DC",,,"District of Columbia","11","District of Columbia","001",,,"009801","1",,,,,,,,,,,,,,,,,,,,,,,,,"15000US110010098011",,,"Block Group 1, Census Tract 98.01, District of Columbia, District of Columbia",926,845,81,158,105,12,7,5,0,93,53,"Block Group 1, Census Tract 98.01, District of Columbia, District of Columbia",33,59,46,53,51,12,10,7,12,50,29
"G11000100098021","2015-2019","DC",,,"District of Columbia","11","District of Columbia","001",,,"009802","1",,,,,,,,,,,,,,,,,,,,,,,,,"15000US110010098021",,,"Block Group 1, Census Tract 98.02, District of Columbia, District of Columbia",335,276,59,20,18,0,0,0,0,18,2,"Block Group 1, Census Tract 98.02, District of Columbia, District of Columbia",64,66,33,25,25,12,12,12,12,25,5
"G11000100098022","2015-2019","DC",,,"District of Columbia","11","District of Columbia","001",,,"009802","2",,,,,,,,,,,,,,,,,,,,,,,,,"15000US110010098022",,,"Block Group 2, Census Tract 98.02, District of Columbia, District of Columbia",529,457,72,138,112,51,46,5,0,61,26,"Block Group 2, Census Tract 98.02, District of Columbia, District of Columbia",66,69,42,56,52,33,33,8,12,37,19
"G11000100098031","2015-2019","DC",,,"District of Columbia","11","District of Columbia","001",,,"009803","1",,,,,,,,,,,,,,,,,,,,,,,,,"15000US110010098031",,,"Block Group 1, Census Tract 98.03, District of Columbia, District of Columbia",469,417,52,70,33,23,15,8,0,10,37,"Block Group 1, Census Tract 98.03, District of Columbia, District of Columbia",100,99,40,41,31,28,23,12,12,15,32
"G11000100098032","2015-2019","DC",,,"District of Columbia","11","District of Columbia","001",,,"009803","2",,,,,,,,,,,,,,,,,,,,,,,,,"15000US110010098032",,,"Block Group 2, Census Tract 98.03, District of Columbia, District of Columbia",379,293,86,60,34,0,0,0,0,34,26,"Block Group 2, Census Tract 98.03, District of Columbia, District of Columbia",104,107,48,43,36,12,12,12,12,36,29
"G11000100098033","2015-2019","DC",,,"District of Columbia","11","District of Columbia","001",,,"009803","3",,,,,,,,,,,,,,,,,,,,,,,,,"15000US110010098033",,,"Block Group 3, Census Tract 98.03, District of Columbia, District of Columbia",601,557,44,76,67,12,12,0,0,55,9,"Block Group 3, Census Tract 98.03, District of Columbia, District of Columbia",101,101,42,38,38,20,20,12,12,40,13
"G11000100098041","2015-2019","DC",,,"District of Columbia","11","District of Columbia","001",,,"009804","1",,,,,,,,,,,,,,,,,,,,,,,,,"15000US110010098041",,,"Block Group 1, Census Tract 98.04, District of Columbia, District of Columbia",767,696,71,178,125,44,32,12,0,81,53,"Block Group 1, Census Tract 98.04, District of Columbia, District of Columbia",69,73,42,45,47,30,28,13,12,42,32
"G11000100098042","2015-2019","DC",,,"District of Columbia","11","District of Columbia","001",,,"009804","2",,,,,,,,,,,,,,,,,,,,,,,,,"15000US110010098042",,,"Block Group 2, Census Tract 98.04, District of Columbia, District of Columbia",355,323,32,139,111,5,0,5,0,106,28,"Block Group 2, Census Tract 98.04, District of Columbia, District of Columbia",63,67,29,48,45,9,12,9,12,41,21
"G11000100098071","2015-2019","DC",,,"District of Columbia","11","District of Columbia","001",,,"009807","1",,,,,,,,,,,,,,,,,,,,,,,,,"15000US110010098071",,,"Block Group 1, Census Tract 98.07, District of Columbia, District of Columbia",386,363,23,226,135,38,0,38,9,88,91,"Block Group 1, Census Tract 98.07, District of Columbia, District of Columbia",99,103,36,65,59,34,12,34,14,55,39
"G11000100098072","2015-2019","DC",,,"District of Columbia","11","District of Columbia","001",,,"009807","2",,,,,,,,,,,,,,,,,,,,,,,,,"15000US110010098072",,,"Block Group 2, Census Tract 98.07, District of Columbia, District of Columbia",1241,1004,237,282,141,15,6,9,0,126,141,"Block Group 2, Census Tract 98.07, District of Columbia, District of Columbia",106,113,100,83,63,18,11,14,12,59,70
"G11000100098101","2015-2019","DC",,,"District of Columbia","11","District of Columbia","001",,,"009810","1",,,,,,,,,,,,,,,,,,,,,,,,,"15000US110010098101",,,"Block Group 1, Census Tract 98.10, District of Columbia, District of Columbia",679,668,11,53,19,8,8,0,0,11,34,"Block Group 1, Census Tract 98.10, District of Columbia, District of Columbia",131,130,19,57,22,16,16,12,12,17,52
"G11000100098102","2015-2019","DC",,,"District of Columbia","11","District of Columbia","001",,,"009810","2",,,,,,,,,,,,,,,,,,,,,,,,,"15000US110010098102",,,"Block Group 2, Census Tract 98.10, District of Columbia, District of Columbia",595,595,0,47,47,0,0,0,0,47,0,"Block Group 2, Census Tract 98.10, District of Columbia, District of Columbia",135,135,12,56,56,12,12,12,12,56,12
"G11000100098111","2015-2019","DC",,,"District of Columbia","11","District of Columbia","001",,,"009811","1",,,,,,,,,,,,,,,,,,,,,,,,,"15000US110010098111",,,"Block Group 1, Census Tract 98.11, District of Columbia, District of Columbia",923,788,135,50,50,12,12,0,0,38,0,"Block Group 1, Census Tract 98.11, District of Columbia, District of Columbia",155,163,77,43,43,21,21,12,12,40,12
"G11000100098112","2015-2019","DC",,,"District of Columbia","11","District of Columbia","001",,,"009811","2",,,,,,,,,,,,,,,,,,,,,,,,,"15000US110010098112",,,"Block Group 2, Census Tract 98.11, District of Columbia, District of Columbia",1176,1038,138,198,102,18,18,0,0,84,96,"Block Group 2, Census Tract 98.11, District of Columbia, District of Columbia",149,147,76,70,51,18,18,12,12,44,60
"G11000100099011","2015-2019","DC",,,"District of Columbia","11","District of Columbia","001",,,"009901","1",,,,,,,,,,,,,,,,,,,,,,,,,"15000US110010099011",,,"Block Group 1, Census Tract 99.01, District of Columbia, District of Columbia",337,316,21,265,169,0,0,0,0,169,96,"Block Group 1, Census Tract 99.01, District of Columbia, District of Columbia",77,74,33,58,60,12,12,12,12,60,48
"G11000100099012","2015-2019","DC",,,"District of Columbia","11","District of Columbia","001",,,"009901","2",,,,,,,,,,,,,,,,,,,,,,,,,"15000US110010099012",,,"Block Group 2, Census Tract 99.01, District of Columbia, District of Columbia",730,653,77,555,426,36,19,17,0,390,129,"Block Group 2, Census Tract 99.01, District of Columbia, District of Columbia",70,82,58,83,82,30,24,19,12,80,52
"G11000100099021","2015-2019","DC",,,"District of Columbia","11","District of Columbia","001",,,"009902","1",,,,,,,,,,,,,,,,,,,,,,,,,"15000US110010099021",,,"Block Group 1, Census Tract 99.02, District of Columbia, District of Columbia",377,351,26,262,203,30,0,30,0,173,59,"Block Group 1, Census Tract 99.02, District of Columbia, District of Columbia",100,98,41,78,76,44,12,44,12,72,33
"G11000100099022","2015-2019","DC",,,"District of Columbia","11","District of Columbia","001",,,"009902","2",,,,,,,,,,,,,,,,,,,,,,,,,"15000US110010099022",,,"Block Group 2, Census Tract 99.02, District of Columbia, District of Columbia",925,772,153,629,409,72,11,61,0,337,220,"Block Group 2, Census Tract 99.02, District of Columbia, District of Columbia",113,117,89,128,133,54,17,52,12,124,82
"G11000100099031","2015-2019","DC",,,"District of Columbia","11","District of Columbia","001",,,"009903","1",,,,,,,,,,,,,,,,,,,,,,,,,"15000US110010099031",,,"Block Group 1, Census Tract 99.03, District of Columbia, District of Columbia",383,317,66,173,163,21,21,0,0,142,10,"Block Group 1, Census Tract 99.03, District of Columbia, District of Columbia",59,64,46,60,57,25,25,12,12,47,15
"G11000100099032","2015-2019","DC",,,"District of Columbia","11","District of Columbia","001",,,"009903","2",,,,,,,,,,,,,,,,,,,,,,,,,"15000US110010099032",,,"Block Group 2, Census Tract 99.03, District of Columbia, District of Columbia",381,346,35,336,252,32,20,12,0,220,84,"Block Group 2, Census Tract 99.03, District of Columbia, District of Columbia",63,66,37,65,76,34,29,18,12,71,44
"G11000100099041","2015-2019","DC",,,"District of Columbia","11","District of Columbia","001",,,"009904","1",,,,,,,,,,,,,,,,,,,,,,,,,"15000US110010099041",,,"Block Group 1, Census Tract 99.04, District of Columbia, District of Columbia",437,399,38,67,67,0,0,0,0,67,0,"Block Group 1, Census Tract 99.04, District of Columbia, District of Columbia",82,76,36,35,35,12,12,12,12,35,12
"G11000100099042","2015-2019","DC",,,"District of Columbia","11","District of Columbia","001",,,"009904","2",,,,,,,,,,,,,,,,,,,,,,,,,"15000US110010099042",,,"Block Group 2, Census Tract 99.04, District of Columbia, District of Columbia",902,731,171,234,219,25,25,0,0,194,15,"Block Group 2, Census Tract 99.04, District of Columbia, District of Columbia",89,102,61,62,63,22,22,12,12,66,17
"G11000100099051","2015-2019","DC",,,"District of Columbia","11","District of Columbia","001",,,"009905","1",,,,,,,,,,,,,,,,,,,,,,,,,"15000US110010099051",,,"Block Group 1, Census Tract 99.05, District of Columbia, District of Columbia",484,393,91,142,101,21,0,21,0,80,41,"Block Group 1, Census Tract 99.05, District of Columbia, District of Columbia",90,93,62,63,59,24,12,24,12,54,32
"G11000100099052","2015-2019","DC",,,"District of Columbia","11","District of Columbia","001",,,"009905","2",,,,,,,,,,,,,,,,,,,,,,,,,"15000US110010099052",,,"Block Group 2, Census Tract 99.05, District of Columbia, District of Columbia",432,378,54,269,160,12,12,0,13,135,109,"Block Group 2, Census Tract 99.05, District of Columbia, District of Columbia",87,80,46,65,67,18,18,12,20,66,61
"G11000100099053","2015-2019","DC",,,"District of Columbia","11","District of Columbia","001",,,"009905","3",,,,,,,,,,,,,,,,,,,,,,,,,"15000US110010099053",,,"Block Group 3, Census Tract 99.05, District of Columbia, District of Columbia",434,347,87,44,24,0,0,0,0,24,20,"Block Group 3, Census Tract 99.05, District of Columbia, District of Columbia",91,95,59,31,28,12,12,12,12,28,22
"G11000100099061","2015-2019","DC",,,"District of Columbia","11","District of Columbia","001",,,"009906","1",,,,,,,,,,,,,,,,,,,,,,,,,"15000US110010099061",,,"Block Group 1, Census Tract 99.06, District of Columbia, District of Columbia",808,727,81,198,169,49,29,20,0,120,29,"Block Group 1, Census Tract 99.06, District of Columbia, District of Columbia",47,73,58,57,59,31,22,18,12,51,18
"G11000100099071","2015-2019","DC",,,"District of Columbia","11","District of Columbia","001",,,"009907","1",,,,,,,,,,,,,,,,,,,,,,,,,"15000US110010099071",,,"Block Group 1, Census Tract 99.07, District of Columbia, District of Columbia",340,331,9,136,116,0,0,0,0,116,20,"Block Group 1, Census Tract 99.07, District of Columbia, District of Columbia",133,132,14,79,77,12,12,12,12,77,23
"G11000100099072","2015-2019","DC",,,"District of Columbia","11","District of Columbia","001",,,"009907","2",,,,,,,,,,,,,,,,,,,,,,,,,"15000US110010099072",,,"Block Group 2, Census Tract 99.07, District of Columbia, District of Columbia",887,830,57,63,23,0,0,0,7,16,40,"Block Group 2, Census Tract 99.07, District of Columbia, District of Columbia",141,144,46,38,28,12,12,12,11,25,31
"G11000100101001","2015-2019","DC",,,"District of Columbia","11","District of Columbia","001",,,"010100","1",,,,,,,,,,,,,,,,,,,,,,,,,"15000US110010101001",,,"Block Group 1, Census Tract 101, District of Columbia, District of Columbia",1322,1176,146,393,344,21,0,21,0,323,49,"Block Group 1, Census Tract 101, District of Columbia, District of Columbia",124,137,98,98,96,26,12,26,12,95,40
"G11000100101002","2015-2019","DC",,,"District of Columbia","11","District of Columbia","001",,,"010100","2",,,,,,,,,,,,,,,,,,,,,,,,,"15000US110010101002",,,"Block Group 2, Census Tract 101, District of Columbia, District of Columbia",516,516,0,0,0,0,0,0,0,0,0,"Block Group 2, Census Tract 101, District of Columbia, District of Columbia",109,109,12,12,12,12,12,12,12,12,12
"G11000100102001","2015-2019","DC",,,"District of Columbia","11","District of Columbia","001",,,"010200","1",,,,,,,,,,,,,,,,,,,,,,,,,"15000US110010102001",,,"Block Group 1, Census Tract 102, District of Columbia, District of Columbia",612,587,25,386,258,40,11,29,0,218,128,"Block Group 1, Census Tract 102, District of Columbia, District of Columbia",96,98,22,88,64,28,17,23,12,58,60
"G11000100102002","2015-2019","DC",,,"District of Columbia","11","District of Columbia","001",,,"010200","2",,,,,,,,,,,,,,,,,,,,,,,,,"15000US110010102002",,,"Block Group 2, Census Tract 102, District of Columbia, District of Columbia",1810,1550,260,192,156,10,0,10,0,146,36,"Block Group 2, Census Tract 102, District of Columbia, District of Columbia",154,178,150,74,67,15,12,15,12,70,34
"G11000100103001","2015-2019","DC",,,"District of Columbia","11","District of Columbia","001",,,"010300","1",,,,,,,,,,,,,,,,,,,,,,,,,"15000US110010103001",,,"Block Group 1, Census Tract 103, District of Columbia, District of Columbia",296,282,14,145,116,12,0,12,0,104,29,"Block Group 1, Census Tract 103, District of Columbia, District of Columbia",73,75,22,55,60,16,12,16,12,64,22
"G11000100103002","2015-2019","DC",,,"District of Columbia","11","District of Columbia","001",,,"010300","2",,,,,,,,,,,,,,,,,,,,,,,,,"15000US110010103002",,,"Block Group 2, Census Tract 103, District of Columbia, District of Columbia",547,519,28,267,198,71,0,71,0,127,69,"Block Group 2, Census Tract 103, District of Columbia, District of Columbia",96,93,30,63,64,45,12,45,12,53,41
"G11000100103003","2015-2019","DC",,,"District of Columbia","11","District of Columbia","001",,,"010300","3",,,,,,,,,,,,,,,,,,,,,,,,,"15000US110010103003",,,"Block Group 3, Census Tract 103, District of Columbia, District of Columbia",535,507,28,206,164,61,0,61,0,103,42,"Block Group 3, Census Tract 103, District of Columbia, District of Columbia",96,93,34,53,53,32,12,32,12,50,28
"G11000100104001","2015-2019","DC",,,"District of Columbia","11","District of Columbia","001",,,"010400","1",,,,,,,,,,,,,,,,,,,,,,,,,"15000US110010104001",,,"Block Group 1, Census Tract 104, District of Columbia, District of Columbia",891,783,108,266,195,10,10,0,0,185,71,"Block Group 1, Census Tract 104, District of Columbia, District of Columbia",158,169,85,103,97,15,15,12,12,99,60
"G11000100104002","2015-2019","DC",,,"District of Columbia","11","District of Columbia","001",,,"010400","2",,,,,,,,,,,,,,,,,,,,,,,,,"15000US110010104002",,,"Block Group 2, Census Tract 104, District of Columbia, District of Columbia",943,838,105,173,135,23,13,10,0,112,38,"Block Group 2, Census Tract 104, District of Columbia, District of Columbia",165,180,71,73,63,27,21,16,12,61,38
"G11000100105001","2015-2019","DC",,,"District of Columbia","11","District of Columbia","001",,,"010500","1",,,,,,,,,,,,,,,,,,,,,,,,,"15000US110010105001",,,"Block Group 1, Census Tract 105, District of Columbia, District of Columbia",974,974,0,247,172,0,0,0,0,172,75,"Block Group 1, Census Tract 105, District of Columbia, District of Columbia",133,133,12,98,91,12,12,12,12,91,65
"G11000100105002","2015-2019","DC",,,"District of Columbia","11","District of Columbia","001",,,"010500","2",,,,,,,,,,,,,,,,,,,,,,,,,"15000US110010105002",,,"Block Group 2, Census Tract 105, District of Columbia, District of Columbia",1395,1268,127,520,446,14,0,14,0,432,74,"Block Group 2, Census Tract 105, District of Columbia, District of Columbia",163,183,106,142,141,23,12,23,12,140,56
"G11000100106001","2015-2019","DC",,,"District of Columbia","11","District of Columbia","001",,,"010600","1",,,,,,,,,,,,,,,,,,,,,,,,,"15000US110010106001",,,"Block Group 1, Census Tract 106, District of Columbia, District of Columbia",386,339,47,230,152,0,0,0,0,152,78,"Block Group 1, Census Tract 106, District of Columbia, District of Columbia",122,101,76,101,83,12,12,12,12,83,73
"G11000100106002","2015-2019","DC",,,"District of Columbia","11","District of Columbia","001",,,"010600","2",,,,,,,,,,,,,,,,,,,,,,,,,"15000US110010106002",,,"Block Group 2, Census Tract 106, District of Columbia, District of Columbia",3926,3478,448,352,328,28,17,11,0,300,24,"Block Group 2, Census Tract 106, District of Columbia, District of Columbia",222,238,189,106,109,34,29,17,17,104,34
"G11000100106003","2015-2019","DC",,,"District of Columbia","11","District of Columbia","001",,,"010600","3",,,,,,,,,,,,,,,,,,,,,,,,,"15000US110010106003",,,"Block Group 3, Census Tract 106, District of Columbia, District of Columbia",475,330,145,180,180,39,0,39,0,141,0,"Block Group 3, Census Tract 106, District of Columbia, District of Columbia",152,109,131,100,100,40,12,40,12,102,12
"G11000100107001","2015-2019","DC",,,"District of Columbia","11","District of Columbia","001",,,"010700","1",,,,,,,,,,,,,,,,,,,,,,,,,"15000US110010107001",,,"Block Group 1, Census Tract 107, District of Columbia, District of Columbia",450,397,53,52,26,0,0,0,0,26,26,"Block Group 1, Census Tract 107, District of Columbia, District of Columbia",80,72,51,32,24,12,12,12,12,24,25
"G11000100107002","2015-2019","DC",,,"District of Columbia","11","District of Columbia","001",,,"010700","2",,,,,,,,,,,,,,,,,,,,,,,,,"15000US110010107002",,,"Block Group 2, Census Tract 107, District of Columbia, District of Columbia",724,691,33,105,80,0,0,0,0,80,25,"Block Group 2, Census Tract 107, District of Columbia, District of Columbia",89,87,42,53,51,12,12,12,12,51,24
"G11000100108001","2015-2019","DC",,,"District of Columbia","11","District of Columbia","001",,,"010800","1",,,,,,,,,,,,,,,,,,,,,,,,,"15000US110010108001",,,"Block Group 1, Census Tract 108, District of Columbia, District of Columbia",371,225,146,7,0,0,0,0,0,0,7,"Block Group 1, Census Tract 108, District of Columbia, District of Columbia",84,72,76,10,12,12,12,12,12,12,10
"G11000100108002","2015-2019","DC",,,"District of Columbia","11","District of Columbia","001",,,"010800","2",,,,,,,,,,,,,,,,,,,,,,,,,"15000US110010108002",,,"Block Group 2, Census Tract 108, District of Columbia, District of Columbia",533,385,148,18,9,0,0,0,0,9,9,"Block Group 2, Census Tract 108, District of Columbia, District of Columbia",82,81,90,18,11,12,12,12,12,11,14
"G11000100108003","2015-2019","DC",,,"District of Columbia","11","District of Columbia","001",,,"010800","3",,,,,,,,,,,,,,,,,,,,,,,,,"15000US110010108003",,,"Block Group 3, Census Tract 108, District of Columbia, District of Columbia",204,196,8,22,7,0,0,0,0,7,15,"Block Group 3, Census Tract 108, District of Columbia, District of Columbia",42,41,12,21,12,12,12,12,12,12,18
"G11000100109001","2015-2019","DC",,,"District of Columbia","11","District of Columbia","001",,,"010900","1",,,,,,,,,,,,,,,,,,,,,,,,,"15000US110010109001",,,"Block Group 1, Census Tract 109, District of Columbia, District of Columbia",743,743,0,13,0,0,0,0,0,0,13,"Block Group 1, Census Tract 109, District of Columbia, District of Columbia",117,117,12,21,12,12,12,12,12,12,21
"G11000100109002","2015-2019","DC",,,"District of Columbia","11","District of Columbia","001",,,"010900","2",,,,,,,,,,,,,,,,,,,,,,,,,"15000US110010109002",,,"Block Group 2, Census Tract 109, District of Columbia, District of Columbia",678,552,126,52,52,0,0,0,0,52,0,"Block Group 2, Census Tract 109, District of Columbia, District of Columbia",125,126,66,35,35,12,12,12,12,35,12
"G11000100110001","2015-2019","DC",,,"District of Columbia","11","District of Columbia","001",,,"011000","1",,,,,,,,,,,,,,,,,,,,,,,,,"15000US110010110001",,,"Block Group 1, Census Tract 110, District of Columbia, District of Columbia",324,285,39,0,0,0,0,0,0,0,0,"Block Group 1, Census Tract 110, District of Columbia, District of Columbia",100,97,59,12,12,12,12,12,12,12,12
"G11000100110002","2015-2019","DC",,,"District of Columbia","11","District of Columbia","001",,,"011000","2",,,,,,,,,,,,,,,,,,,,,,,,,"15000US110010110002",,,"Block Group 2, Census Tract 110, District of Columbia, District of Columbia",795,734,61,598,407,30,30,0,0,377,191,"Block Group 2, Census Tract 110, District of Columbia, District of Columbia",133,136,73,118,113,36,36,12,12,108,95
"G11000100110003","2015-2019","DC",,,"District of Columbia","11","District of Columbia","001",,,"011000","3",,,,,,,,,,,,,,,,,,,,,,,,,"15000US110010110003",,,"Block Group 3, Census Tract 110, District of Columbia, District of Columbia",534,534,0,299,148,0,0,0,0,148,151,"Block Group 3, Census Tract 110, District of Columbia, District of Columbia",141,141,12,113,79,12,12,12,12,79,81
"G11000100110004","2015-2019","DC",,,"District of Columbia","11","District of Columbia","001",,,"011000","4",,,,,,,,,,,,,,,,,,,,,,,,,"15000US110010110004",,,"Block Group 4, Census Tract 110, District of Columbia, District of Columbia",987,987,0,598,388,30,0,30,0,358,210,"Block Group 4, Census Tract 110, District of Columbia, District of Columbia",191,191,12,111,103,39,12,39,12,100,93
"G11000100111001","2015-2019","DC",,,"District of Columbia","11","District of Columbia","001",,,"011100","1",,,,,,,,,,,,,,,,,,,,,,,,,"15000US110010111001",,,"Block Group 1, Census Tract 111, District of Columbia, District of Columbia",650,540,110,463,343,24,10,14,0,319,120,"Block Group 1, Census Tract 111, District of Columbia, District of Columbia",96,100,64,101,91,23,16,18,12,91,57
"G11000100111002","2015-2019","DC",,,"District of Columbia","11","District of Columbia","001",,,"011100","2",,,,,,,,,,,,,,,,,,,,,,,,,"15000US110010111002",,,"Block Group 2, Census Tract 111, District of Columbia, District of Columbia",732,723,9,577,443,115,0,115,0,328,134,"Block Group 2, Census Tract 111, District of Columbia, District of Columbia",102,103,15,75,83,56,12,56,12,76,64
"G11000100111003","2015-2019","DC",,,"District of Columbia","11","District of Columbia","001",,,"011100","3",,,,,,,,,,,,,,,,,,,,,,,,,"15000US110010111003",,,"Block Group 3, Census Tract 111, District of Columbia, District of Columbia",488,438,50,187,135,23,16,7,0,112,52,"Block Group 3, Census Tract 111, District of Columbia, District of Columbia",100,99,41,68,58,28,24,11,12,60,42
