"Property/Plant ID","Building Name",Address1,Address2,City,State,Zip,"Building Owner","Property Manager","Gross Floor Area","Number of Years Certified","Certification Years",Score(s),"Property Type","Year constructed","Geocodio Latitude","Geocodio Longitude","Geocodio Accuracy Score","Geocodio Accuracy Type","Geocodio Address Line 1","Geocodio Address Line 2","Geocodio Address Line 3","Geocodio House Number","Geocodio Street","Geocodio Unit Type","Geocodio Unit Number","Geocodio City","Geocodio State","Geocodio County","Geocodio Postal Code","Geocodio Country","Geocodio Source"
10238517,"	THE LOCKWOOD (LC018)","1339 E Street SE",,Washington,DC,20003,Bozzuto,,142538,3," 2022, 2023 , 2024","96, 98 , 98","Multifamily Housing",2019,38.882622,-76.986626,1,rooftop,"1339 E St SE",,"Washington, DC 20003",1339,"E St SE",,,Washington,DC,"District of Columbia",20003,US,"Statewide (City of Washington)"
1029531,"	600 E STREET","600 E Street, NW",,Washington,DC,20004,"S. C. Herman & Associates, Inc.",,356387,5," 2004, 2009 , 2014 , 2016 , 2017","77, 85 , 78 , 92 , 91",Office,1975,38.895819,-77.020521,1,rooftop,"600 E St NW",,"Washington, DC 20004",600,"E St NW",,,Washington,DC,"District of Columbia",20004,US,"Statewide (City of Washington)"
1030273,"	1919 PENN AVE","1919 Pennsylvania Ave. NW",,Washington,DC,20006,"Tishman Speyer",,265243,5," 2008, 2010 , 2011 , 2017 , 2018","75, 75 , 79 , 80 , 81",Office,1978,38.900921,-77.04431,1,rooftop,"1919 Pennsylvania Ave NW",,"Washington, DC 20006",1919,"Pennsylvania Ave NW",,,Washington,DC,"District of Columbia",20006,US,"Statewide (City of Washington)"
1030284,"	1255 23RD STREET","1255 23rd Street, NW",100,Washington,DC,20037,"DWF V 1255 23rd Street, LLC","Cushman & Wakefield",358737,12," 2008, 2010 , 2012 , 2013 , 2015 , 2016 , 2017 , 2018 , 2021 , 2022 , 2023 , 2024","78, 90 , 88 , 92 , 88 , 91 , 91 , 91 , 82 , 84 , 84 , 83",Office,1983,38.906403,-77.049789,1,rooftop,"1255 23rd St NW",,"Washington, DC 20037",1255,"23rd St NW",,,Washington,DC,"District of Columbia",20037,US,"Statewide (City of Washington)"
1031820,"	1200 NINETEENTH STREET LLC","1200 19th St. NW",,Washington,DC,20036,"Forsterlane Realty Inc",,337978,10," 2013, 2014 , 2015 , 2016 , 2017 , 2018 , 2019 , 2021 , 2022 , 2024","94, 93 , 95 , 96 , 94 , 94 , 89 , 93 , 92 , 87",Office,1964,38.906115,-77.043871,1,rooftop,"1200 19th St NW",,"Washington, DC 20036",1200,"19th St NW",,,Washington,DC,"District of Columbia",20036,US,"Statewide (City of Washington)"
1034322,"	AMERICAN CHEMICAL SOCIETY - HEADQUARTERS","1155 16th Street, N.W.",,Washington,DC,20036,"American Chemical Society",,115470,14," 2006, 2008 , 2009 , 2010 , 2013 , 2014 , 2015 , 2016 , 2017 , 2018 , 2019 , 2022 , 2023 , 2024","87, 80 , 90 , 90 , 84 , 88 , 89 , 91 , 90 , 87 , 85 , 79 , 84 , 80",Office,1954,38.905337,-77.036077,1,rooftop,"1155 16th St NW",,"Washington, DC 20036",1155,"16th St NW",,,Washington,DC,"District of Columbia",20036,US,"Statewide (City of Washington)"
1034332,"	AMERICAN CHEMICAL SOCIETY - 1550 BUILDING","1550 M St. NW",,Washington,DC,20005-1703,"American Chemical Society",,85277,12," 2008, 2009 , 2010 , 2012 , 2013 , 2014 , 2015 , 2017 , 2018 , 2019 , 2023 , 2024","80, 86 , 92 , 90 , 90 , 90 , 89 , 90 , 92 , 81 , 82 , 87",Office,1987,38.905367,-77.035726,1,rooftop,"1550 M St NW",,"Washington, DC 20005",1550,"M St NW",,,Washington,DC,"District of Columbia",20005,US,"Statewide (City of Washington)"
1034459,"	1090 VERMONT AVENUE NW","1090 Vermont Avenue NW",,Washington,DC,20005,"TF Cornerstone, Inc",,163045,11," 2010, 2012 , 2015 , 2016 , 2017 , 2018 , 2020 , 2021 , 2022 , 2023 , 2024","80, 78 , 82 , 86 , 87 , 87 , 76 , 77 , 75 , 84 , 81",Office,1982,38.903461,-77.033674,1,rooftop,"1090 Vermont Ave NW",,"Washington, DC 20005",1090,"Vermont Ave NW",,,Washington,DC,"District of Columbia",20005,US,"Statewide (City of Washington)"
1035360,"	IMF HQ1","700 19th Street, N.W.",,Washington,DC,20431,"International Monetary Fund (IMF)","ABM Industries",1708000,10," 2004, 2005 , 2006 , 2007 , 2008 , 2009 , 2012 , 2023 , 2024 , 2025","100, 100 , 79 , 77 , 78 , 83 , 75 , 95 , 94 , 92",Office,1979,38.899012,-77.043932,1,rooftop,"700 19th St NW",,"Washington, DC 20431",700,"19th St NW",,,Washington,DC,"District of Columbia",20431,US,"Statewide (City of Washington)"
10388826,"	THE DARCY HOTEL","1515 Rhode Island Avenue, NW",,Washington,DC,20005-5504,"Northwood Hospitality LLC",,183223,1," 2020",76,Hotel,1960,38.907943,-77.03551,1,rooftop,"1515 Rhode Island Ave NW",,"Washington, DC 20005",1515,"Rhode Island Ave NW",,,Washington,DC,"District of Columbia",20005,US,"Statewide (City of Washington)"
10422559,"	FOUR CONSTITUTION SQUARE","150 M Street, NE",,Washington,DC,20002,"Consquare Office Four Owner, LLC","Cushman & Wakefield",493620,5," 2020, 2021 , 2022 , 2023 , 2024","77, 78 , 83 , 83 , 84",Office,2019,38.905885,-77.004162,1,rooftop,"150 M St NE",,"Washington, DC 20002",150,"M St NE",,,Washington,DC,"District of Columbia",20002,US,"Statewide (City of Washington)"
10439960,"	CAPITOL PLACE III- 50 F STREET","50 F Street NW",,Washington,DC,20001,Penzance,,226593,4," 2022, 2023 , 2024 , 2025","79, 83 , 87 , 84",Office,1985,38.896965,-77.01031,1,rooftop,"50 F St NW",,"Washington, DC 20001",50,"F St NW",,,Washington,DC,"District of Columbia",20001,US,"Statewide (City of Washington)"
1045335,"	RENAISSANCE WASHINGTON DC HOTEL","999 9th Street, North West",,Washington,DC,20018,IDI,"Renaissance Washington DC Hotel",715000,1," 2005",93,Hotel,1989,38.901836,-77.023691,1,rooftop,"999 9th St NW",,"Washington, DC 20001",999,"9th St NW",,,Washington,DC,"District of Columbia",20001,US,"Statewide (City of Washington)"
10497313,"	655 NEW YORK","655 New York Ave NW DC 20001",,Washington,DC,20001,"Brookfield Properties",CBRE,651827,5," 2021, 2022 , 2023 , 2024 , 2025","87, 78 , 82 , 83 , 79",Office,2018,38.903476,-77.021147,1,rooftop,"655 New York Ave NW",,"Washington, DC 20001",655,"New York Ave NW",,,Washington,DC,"District of Columbia",20001,US,"Statewide (City of Washington)"
1050505,"	1899 L STREET","1899 L St, NW",,Washington,DC,20036,"Linoln Property Company",,161839,12," 2009, 2010 , 2011 , 2012 , 2014 , 2015 , 2016 , 2017 , 2018 , 2020 , 2022 , 2023","88, 82 , 80 , 78 , 75 , 77 , 76 , 80 , 82 , 75 , 81 , 76",Office,1975,38.903953,-77.043041,1,rooftop,"1899 L St NW",,"Washington, DC 20036",1899,"L St NW",,,Washington,DC,"District of Columbia",20036,US,"Statewide (City of Washington)"
1050863,"	MEDSTAR POB NORTH TOWER","106 Irving Street NW",,Washington,DC,20010,"Healthcare Realty",,140215,2," 2023, 2024","98, 89","Medical Office",1997,38.929375,-77.014396,1,rooftop,"106 Irving St NW",,"Washington, DC 20010",106,"Irving St NW",,,Washington,DC,"District of Columbia",20010,US,"Statewide (City of Washington)"
1056237,"	1300 CONNECTICUT AVENUE NW","1300 Connecticut Avenue NW",,Washington,DC,20036,"Black Creek Group",Akridge,134864,4," 2008, 2012 , 2017 , 2018","76, 75 , 77 , 77",Office,1954,38.907541,-77.042703,1,rooftop,"1300 Connecticut Ave NW",,"Washington, DC 20036",1300,"Connecticut Ave NW",,,Washington,DC,"District of Columbia",20036,US,"Statewide (City of Washington)"
1061926,"	1100 17TH STREET NW","1100 17th Street NW",,Washington,DC,20036,Akridge,,147483,13," 2009, 2013 , 2014 , 2015 , 2016 , 2017 , 2018 , 2019 , 2020 , 2021 , 2022 , 2024 , 2025","78, 75 , 90 , 78 , 87 , 87 , 89 , 78 , 82 , 82 , 84 , 89 , 87",Office,1963,38.904056,-77.038888,1,rooftop,"1100 17th St NW",,"Washington, DC 20036",1100,"17th St NW",,,Washington,DC,"District of Columbia",20036,US,"Statewide (City of Washington)"
10656921,"	F1RST RESIDENCES","1263 1st St SE",,Washington,DC,20003,"JBG Smith",,330133,1," 2024",78,"Multifamily Housing",2017,38.875219,-77.006255,1,rooftop,"1263 1st St SE",,"Washington, DC 20003",1263,"1st St SE",,,Washington,DC,"District of Columbia",20003,US,"Statewide (City of Washington)"
1066315,"	900 19TH ST","900 19th Street NW",,Washington,DC,20006,"Tishman Speyer","CodeGreen Solutions Inc.",156846,5," 2008, 2010 , 2011 , 2016 , 2022","75, 84 , 75 , 77 , 79",Office,1985,38.901648,-77.04387,1,rooftop,"900 19th St NW",,"Washington, DC 20006",900,"19th St NW",,,Washington,DC,"District of Columbia",20006,US,"Statewide (City of Washington)"
1069662,"	999 NORTH CAPITOL STREET NE","999 North  Capitol Street NE",,Washington,DC,20002,"Network Realty Partners","Lincoln Property Company",321544,7," 2007, 2008 , 2009 , 2014 , 2017 , 2018 , 2024","88, 78 , 79 , 89 , 94 , 95 , 88",Office,1973,38.902021,-77.008456,1,rooftop,"999 N Capitol St NE",,"Washington, DC 20002",999,"N Capitol St NE",,,Washington,DC,"District of Columbia",20002,US,"Statewide (City of Washington)"
1069664,"	0900 SEVENTH STREET NW (IBEW)","900 Seventh Street NW",,Washington,DC,20001,"IBEW Headquarters Building, LLC",Akridge,376002,15," 2008, 2009 , 2010 , 2011 , 2013 , 2014 , 2015 , 2016 , 2017 , 2018 , 2020 , 2022 , 2023 , 2024 , 2025","86, 81 , 77 , 78 , 79 , 89 , 89 , 84 , 78 , 80 , 76 , 78 , 75 , 75 , 77",Office,2004,38.901156,-77.022277,1,rooftop,"900 7th St NW",,"Washington, DC 20001",900,"7th St NW",,,Washington,DC,"District of Columbia",20001,US,"Statewide (City of Washington)"
1070151,"	1200 K STREET","1200 K Street NW",,Washington,DC,20005,"Brookfield Properties",,429455,14," 2009, 2010 , 2011 , 2012 , 2013 , 2014 , 2015 , 2016 , 2017 , 2018 , 2019 , 2020 , 2021 , 2022","76, 77 , 88 , 90 , 93 , 92 , 94 , 94 , 95 , 95 , 86 , 86 , 86 , 89",Office,1992,38.902133,-77.02865,1,rooftop,"1200 K St NW",,"Washington, DC 20005",1200,"K St NW",,,Washington,DC,"District of Columbia",20005,US,"Statewide (City of Washington)"
1071004,"	1400 K STREET","1400 K Street, NW",,Washington,DC,20005,"Brookfield Properties",,202851,13," 2009, 2010 , 2011 , 2012 , 2013 , 2015 , 2016 , 2017 , 2018 , 2019 , 2020 , 2021 , 2023","77, 79 , 83 , 88 , 89 , 87 , 93 , 92 , 93 , 85 , 87 , 88 , 75",Office,1982,38.902175,-77.032411,1,rooftop,"1400 K St NW",,"Washington, DC 20005",1400,"K St NW",,,Washington,DC,"District of Columbia",20005,US,"Statewide (City of Washington)"
1071476,"	1250 CONN AVE","1250 Connecticut Ave NW",,Washington,DC,20036,"Brookfield Properties",CBRE,176882,17," 2008, 2009 , 2010 , 2012 , 2013 , 2014 , 2015 , 2016 , 2017 , 2018 , 2019 , 2020 , 2021 , 2022 , 2023 , 2024 , 2025","91, 84 , 90 , 82 , 87 , 87 , 82 , 81 , 90 , 90 , 81 , 80 , 81 , 83 , 83 , 76 , 82",Office,1964,38.906908,-77.042315,1,rooftop,"1250 Connecticut Ave NW",,"Washington, DC 20036",1250,"Connecticut Ave NW",,,Washington,DC,"District of Columbia",20036,US,"Statewide (City of Washington)"
1071644,"	2000 L","2000 L St N.W",,"Washington D.C",DC,20036,"2000 L Owner LLC","Cushman && Wakefield",600904,8," 2009, 2010 , 2011 , 2013 , 2014 , 2015 , 2017 , 2024","83, 81 , 84 , 76 , 93 , 92 , 93 , 76",Office,1968,38.903415,-77.045787,1,rooftop,"2000 L St NW",,"Washington, DC 20036",2000,"L St NW",,,Washington,DC,"District of Columbia",20036,US,"Statewide (City of Washington)"
1071901,"	2001 M STREET","2001M St. N.W.",,Washington,DC,20036,"Brookfield Properties",CBRE,300748,10," 2009, 2010 , 2011 , 2019 , 2020 , 2021 , 2022 , 2023 , 2024 , 2025","75, 85 , 87 , 78 , 81 , 82 , 83 , 86 , 87 , 87",Office,2015,38.907242,-77.038116,0.9,street_center,"N St NW",,"Washington, DC 20036",,"N St NW",,,Washington,DC,"District of Columbia",20036,US,"TIGER/Line® dataset from the US Census Bureau"
1082453,"	THE WILLARD OFFICE BUILDING","1455 Pennsylvania Ave. N.W.",,Washington,DC,20004,"Carr Properties",,262770,9," 2010, 2012 , 2013 , 2014 , 2015 , 2016 , 2017 , 2018 , 2020","77, 82 , 88 , 86 , 87 , 87 , 89 , 86 , 78",Office,1986,38.896539,-77.032541,1,rooftop,"1455 Pennsylvania Ave NW",,"Washington, DC 20004",1455,"Pennsylvania Ave NW",,,Washington,DC,"District of Columbia",20004,US,"Statewide (City of Washington)"
1083462,"	TERRELL PLACE","575 7th Street, NW",,Washington,DC,20004,"Beacon Capital Partners","Cushman Wakefield - Terrell Place",557674,14," 2011, 2012 , 2013 , 2014 , 2015 , 2016 , 2017 , 2018 , 2019 , 2020 , 2021 , 2022 , 2023 , 2024","79, 82 , 86 , 82 , 82 , 83 , 83 , 82 , 82 , 76 , 75 , 79 , 76 , 75",Office,2003,38.897046,-77.021511,1,rooftop,"575 7th St NW",,"Washington, DC 20004",575,"7th St NW",,,Washington,DC,"District of Columbia",20004,US,"Statewide (City of Washington)"
1094153,"	WORLD BANK H BUILDING / DEPT. OF STATE SA-17A","600 19th st NW",,Washington,DC,20433,"The World Bank",,515350,2," 2014, 2015","85, 79",Office,1981,38.897868,-77.043843,1,rooftop,"600 19th St NW",,"Washington, DC 20006",600,"19th St NW",,,Washington,DC,"District of Columbia",20006,US,"Statewide (City of Washington)"
11064,"	INTERNATIONAL FINANCE CORPORATION","2121 Pennsylvania Ave., NW",,Washington,DC,20433,"The Donohoe Companies, Inc.",,882174,21," 1999, 2001 , 2004 , 2005 , 2006 , 2007 , 2008 , 2009 , 2010 , 2011 , 2012 , 2013 , 2014 , 2015 , 2016 , 2017 , 2018 , 2019 , 2020 , 2022 , 2024","80, 88 , 79 , 82 , 82 , 87 , 89 , 90 , 94 , 93 , 94 , 92 , 92 , 93 , 90 , 91 , 90 , 82 , 82 , 83 , 84",Office,1997,38.902065,-77.047614,1,rooftop,"2121 Pennsylvania Ave NW",,"Washington, DC 20433",2121,"Pennsylvania Ave NW",,,Washington,DC,"District of Columbia",20433,US,"Statewide (City of Washington)"
1122343,"	IMF HQ2","1900 Pennsylvania Ave",NW,Washington,DC,20431,"International Monetary Fund (IMF)","ABM Industries",767465,12," 2006, 2007 , 2008 , 2009 , 2012 , 2013 , 2017 , 2018 , 2019 , 2023 , 2024 , 2025","77, 81 , 79 , 80 , 76 , 80 , 89 , 90 , 80 , 92 , 84 , 83",Office,2005,38.900001,-77.044268,1,rooftop,"1900 Pennsylvania Ave NW",,"Washington, DC 20431",1900,"Pennsylvania Ave NW",,,Washington,DC,"District of Columbia",20431,US,"Statewide (City of Washington)"
1159361,"	MAPS 1801 K STREET LLC","1801 K Street, NW","Suite M108","Washington DC",DC,20006,"MAPS 1801 K Street, LLC","JLL (1801 K)",603171,8," 2009, 2010 , 2012 , 2013 , 2014 , 2017 , 2018 , 2024","79, 92 , 88 , 84 , 76 , 86 , 85 , 76",Office,1971,38.903227,-77.042115,1,rooftop,"1801 K St NW",,"Washington, DC 20006",1801,"K St NW",,,Washington,DC,"District of Columbia",20006,US,"Statewide (City of Washington)"
1163866,"	WATERGATE 600","600 New Hampshire Ave NW",,Washington,DC,20037,"Elme Communities",,328391,6," 2018, 2020 , 2021 , 2022 , 2023 , 2024","78, 87 , 88 , 79 , 80 , 82",Office,1972,38.89781,-77.055103,1,rooftop,"600 New Hampshire Ave NW",,"Washington, DC 20037",600,"New Hampshire Ave NW",,,Washington,DC,"District of Columbia",20037,US,"Statewide (City of Washington)"
1180478,"	0601 THIRTEENTH STREET NW (HOMER)","601 13th Street, NW",,Washington,DC,20005,"601 13th Street NW Associated Limited Partnership","John Akridge Management Co.",493333,13," 2007, 2008 , 2009 , 2010 , 2011 , 2012 , 2013 , 2016 , 2017 , 2018 , 2023 , 2024 , 2025","86, 81 , 76 , 82 , 79 , 83 , 76 , 89 , 85 , 91 , 75 , 80 , 84",Office,1990,38.89785,-77.029143,1,rooftop,"601 13th St NW",,"Washington, DC 20005",601,"13th St NW",,,Washington,DC,"District of Columbia",20005,US,"Statewide (City of Washington)"
1180513,"	1200 NEW YORK AVENUE NW (AAAS)","1200 New York Avenue NW",,Washington,DC,20005,"American Association for the Advancement of Science",Akridge,232170,5," 2021, 2022 , 2023 , 2024 , 2025","77, 75 , 84 , 88 , 89",Office,1996,38.900202,-77.028404,1,rooftop,"1200 New York Ave NW",,"Washington, DC 20005",1200,"New York Ave NW",,,Washington,DC,"District of Columbia",20005,US,"Statewide (City of Washington)"
1184444,"	400 VIRGINIA AVENUE","400 Virginia Avenue SW",,Washington,DC,20024,"Piedmont Realty Trust.",,252289,15," 2010, 2011 , 2012 , 2014 , 2015 , 2016 , 2017 , 2018 , 2019 , 2020 , 2021 , 2022 , 2023 , 2024 , 2025","88, 91 , 94 , 83 , 86 , 86 , 88 , 88 , 77 , 79 , 86 , 80 , 80 , 78 , 75",Office,1986,38.884195,-77.018201,1,rooftop,"400 Virginia Ave SW",,"Washington, DC 20024",400,"Virginia Ave SW",,,Washington,DC,"District of Columbia",20024,US,"Statewide (City of Washington)"
1188995,"	1201 EYE STREET","1201 Eye Street NW",,Washington,DC,20005,"Piedmont Realty Trust.",,305868,14," 2011, 2012 , 2014 , 2015 , 2016 , 2017 , 2018 , 2019 , 2020 , 2021 , 2022 , 2023 , 2024 , 2025","76, 80 , 84 , 89 , 81 , 82 , 89 , 80 , 87 , 91 , 91 , 93 , 93 , 93",Office,2002,38.907417,-77.028291,0.9,rooftop,"1201 N St NW",,"Washington, DC 20005",1201,"N St NW",,,Washington,DC,"District of Columbia",20005,US,"Statewide (City of Washington)"
1188996,"	1225 EYE STREET","1225 Eye Street NW",,Washington,DC,20001,"Piedmont Office Realty Trust, Inc.",,248131,14," 2009, 2011 , 2012 , 2014 , 2015 , 2016 , 2017 , 2018 , 2019 , 2020 , 2021 , 2022 , 2023 , 2024","76, 76 , 80 , 76 , 79 , 77 , 80 , 84 , 75 , 75 , 81 , 76 , 80 , 82",Office,1988,38.907553,-77.029203,0.9,rooftop,"1225 N St NW",,"Washington, DC 20005",1225,"N St NW",,,Washington,DC,"District of Columbia",20005,US,"Statewide (City of Washington)"
1191010,"	1701 PENNSYLVANIA AVE.","1701 Pennsylvania Ave.",,Washington,DC,20006,"1701 Pennsylvania LLC","Cushman && Wakefield",220603,11," 2013, 2014 , 2015 , 2016 , 2017 , 2018 , 2019 , 2021 , 2022 , 2023 , 2024","76, 81 , 91 , 91 , 92 , 92 , 81 , 88 , 86 , 84 , 83",Office,1962,38.899344,-77.039827,1,rooftop,"1701 Pennsylvania Ave NW",,"Washington, DC 20006",1701,"Pennsylvania Ave NW",,,Washington,DC,"District of Columbia",20006,US,"Statewide (City of Washington)"
1192428,"	THE PATRICK HENRY BUILDING","601 D Street, NW",,Washington,DC,20004,"LHL Realty Co DC LLC","CBRE, Inc.",541518,7," 2012, 2013 , 2014 , 2015 , 2016 , 2017 , 2018","78, 77 , 81 , 80 , 79 , 80 , 78",Office,1973,38.894794,-77.019905,1,range_interpolation,"601 D St NW",,"Washington, DC 20530",601,"D St NW",,,Washington,DC,"District of Columbia",20530,US,"TIGER/Line® from the US Census Bureau"
11933731,"	MODERA SEDICI (MD029)","2700 16th St NW",,Washington,DC,20009,"Mill Creek Residential",,135185,2," 2024, 2025","96, 95","Multifamily Housing",2018,38.925042,-77.036882,1,rooftop,"2700 16th St NW",,"Washington, DC 20009",2700,"16th St NW",,,Washington,DC,"District of Columbia",20009,US,"Statewide (City of Washington)"
1196655,"	1401 H ST - CITY CENTER","1401 H Street, NW",,Washington,DC,20005,"TREA 1401 H, LLC","Cushman && Wakefield",390591,14," 2008, 2009 , 2012 , 2013 , 2014 , 2015 , 2016 , 2017 , 2018 , 2019 , 2020 , 2021 , 2023 , 2024","75, 78 , 79 , 79 , 86 , 88 , 91 , 92 , 91 , 79 , 82 , 82 , 81 , 83",Office,1992,38.900533,-77.032524,1,rooftop,"1401 H St NW",,"Washington, DC 20005",1401,"H St NW",,,Washington,DC,"District of Columbia",20005,US,"Statewide (City of Washington)"
12051768,"	THE GLOVER HOUSE A, B, C","2101 Wisconsin Ave NW",,Washington,DC,20007,"JBG Smith",,387326,2," 2022, 2023","91, 91","Multifamily Housing",2021,38.917313,-77.068688,1,rooftop,"2101 Wisconsin Ave NW",,"Washington, DC 20007",2101,"Wisconsin Ave NW",,,Washington,DC,"District of Columbia",20007,US,"Statewide (City of Washington)"
1205203,"	1667 K STREET, NW","1667 K Street NW",,Washington,DC,20006,"James Campbell Company, LLC","C B Richard Ellis",214759,10," 2015, 2016 , 2017 , 2018 , 2019 , 2020 , 2021 , 2022 , 2023 , 2024","75, 79 , 84 , 82 , 78 , 82 , 80 , 82 , 88 , 89",Office,1984,38.903025,-77.038176,1,rooftop,"1667 K St NW",,"Washington, DC 20006",1667,"K St NW",,,Washington,DC,"District of Columbia",20006,US,"Statewide (City of Washington)"
12053390,"	THE WREN DC","965 Florida Ave NW",,Washington,DC,20001,"JBG Smith",,402785,1," 2021",79,"Multifamily Housing",2019,38.919551,-77.024829,1,rooftop,"965 Florida Ave NW",,"Washington, DC 20001",965,"Florida Ave NW",,,Washington,DC,"District of Columbia",20001,US,"Statewide (City of Washington)"
1212177,"	GSA NCR REGIONAL OFFICE BUILDING","7TH & D STREETS SW",,"WASHINGTON D C",DC,20407,"General Services Administration","General Services Administration",920264,1," 2012",89,Office,1932,38.894799,-77.021917,1,intersection,"7th St NW and D St NW",,"Washington, DC 20004",,"7th St NW",,,Washington,DC,"District of Columbia",20004,US,"© OpenStreetMap contributors"
1214094,"	1300 BUILDING","1300 New York Ave, NW",,Washington,DC,20577,"Inter-American Development Bank",,1018508,18," 2007, 2008 , 2009 , 2010 , 2011 , 2012 , 2013 , 2014 , 2015 , 2016 , 2017 , 2018 , 2019 , 2020 , 2021 , 2022 , 2023 , 2024","83, 91 , 92 , 88 , 97 , 98 , 88 , 90 , 90 , 91 , 90 , 91 , 79 , 85 , 81 , 84 , 90 , 90","Financial Office",1984,38.89939,-77.030442,1,rooftop,"1300 New York Ave NW",,"Washington, DC 20577",1300,"New York Ave NW",,,Washington,DC,"District of Columbia",20577,US,"Statewide (City of Washington)"
1215024,"	33721-WASHINGTON METRO CENTER","775 12th St Nw",,Washington,DC,20005,"CCMH Metro Center LLC-Host Hotels & Resorts","Washington Marriott? at Metro Center",450000,2," 2011, 2012","76, 77",Hotel,1994,38.899321,-77.027754,1,rooftop,"775 12th St NW",,"Washington, DC 20005",775,"12th St NW",,,Washington,DC,"District of Columbia",20005,US,"Statewide (City of Washington)"
1221854,"	1350 BUILDING","1350 New York Ave, NW",,Washington,DC,20577,"Inter-American Development Bank",,143590,16," 2007, 2010 , 2011 , 2012 , 2013 , 2014 , 2015 , 2016 , 2017 , 2018 , 2019 , 2020 , 2021 , 2022 , 2023 , 2024","76, 75 , 82 , 82 , 82 , 85 , 86 , 89 , 89 , 89 , 83 , 89 , 86 , 86 , 91 , 91","Financial Office",1983,38.899217,-77.03153,1,rooftop,"1350 New York Ave NW",,"Washington, DC 20005",1350,"New York Ave NW",,,Washington,DC,"District of Columbia",20005,US,"Statewide (City of Washington)"
1229423,"	ARMY NAVY CLUB (RY84)","1627 I Street, NW",,Washington,DC,20006,"Brookfield Properties",CBRE,113744,11," 2011, 2012 , 2016 , 2017 , 2018 , 2019 , 2020 , 2022 , 2023 , 2024 , 2025","92, 79 , 89 , 92 , 90 , 81 , 87 , 80 , 77 , 79 , 77",Office,1912,38.901594,-77.038138,1,rooftop,"1627 I St NW",,"Washington, DC 20006",1627,"I St NW",,,Washington,DC,"District of Columbia",20006,US,"Statewide (City of Washington)"
1229621,"	LAFAYETTE CENTER THREE","1155 21st Street NW",,Washington,DC,20036,"Lafayette Centre Property, LLC","Cassidy Turley",326126,1," 2010",76,Office,1986,38.904889,-77.046114,1,rooftop,"1155 21st St NW",,"Washington, DC 20036",1155,"21st St NW",,,Washington,DC,"District of Columbia",20036,US,"Statewide (City of Washington)"
1230827,"	LAFAYETTE CENTER TWO","1133 21st Street, NW",,Washington,DC,20036,"Lafayette Centre Property, LLC","Cassidy Turley",147456,2," 2012, 2013","79, 75",Office,1984,38.904468,-77.046161,1,rooftop,"1133 21st St NW",,"Washington, DC 20036",1133,"21st St NW",,,Washington,DC,"District of Columbia",20036,US,"Statewide (City of Washington)"
12313346,"	14W (BZ000) (WM008) (WR018)","1315 W Street NW",,Washington,DC,20009,"ComRef 14W LLC",,308894,1," 2023",76,"Multifamily Housing",2013,38.919412,-77.030757,1,rooftop,"1315 W St NW",,"Washington, DC 20009",1315,"W St NW",,,Washington,DC,"District of Columbia",20009,US,"Statewide (City of Washington)"
1238339,"	1101 VERMONT","1101 Vermont Ave, N.W.",,"Washington D.C.",DC,20005,"1101 Vermont Avenue Investors, LLC c/o Lincoln Property Company","Lincoln Property Company",186367,6," 2012, 2014 , 2015 , 2016 , 2017 , 2018","76, 77 , 77 , 79 , 76 , 75",Office,1982,38.903998,-77.032429,1,rooftop,"1101 Vermont Ave NW",,"Washington, DC 20005",1101,"Vermont Ave NW",,,Washington,DC,"District of Columbia",20005,US,"Statewide (City of Washington)"
12407,"	1001 PENNSYLVANIA AVE","1001 Pennsylvania Ave, NW",,Washington,DC,20004,Hines,,837201,23," 2003, 2004 , 2005 , 2006 , 2007 , 2008 , 2009 , 2010 , 2011 , 2012 , 2013 , 2014 , 2015 , 2016 , 2017 , 2018 , 2019 , 2020 , 2021 , 2022 , 2023 , 2024 , 2025","77, 81 , 77 , 75 , 87 , 85 , 83 , 76 , 77 , 76 , 75 , 83 , 86 , 87 , 89 , 88 , 75 , 75 , 75 , 76 , 75 , 75 , 78",Office,1985,38.895054,-77.026508,1,rooftop,"1001 Pennsylvania Ave NW",,"Washington, DC 20004",1001,"Pennsylvania Ave NW",,,Washington,DC,"District of Columbia",20004,US,"Statewide (City of Washington)"
12420785,"	1M STREET PROPERTIES LLC","1 M Street",,Washington,DC,20003,"1M Properties, LLC","Cushman && Wakefield",128575,2," 2022, 2024","77, 83",Office,2020,38.8763,-77.008609,1,rooftop,"1 M St SE",,"Washington, DC 20003",1,"M St SE",,,Washington,DC,"District of Columbia",20003,US,"Statewide (City of Washington)"
1242152,"	EVENING STAR BUILDING","1101 Pennsylvania Ave. NW.","Suite 250",Washington,DC,20004,"JLL - 1101 Penn Ave",,244160,12," 2009, 2010 , 2011 , 2012 , 2013 , 2014 , 2015 , 2016 , 2017 , 2018 , 2021 , 2022","77, 81 , 79 , 81 , 85 , 85 , 77 , 78 , 75 , 78 , 75 , 76",Office,1898,38.895343,-77.027385,1,rooftop,"1101 Pennsylvania Ave NW",,"Washington, DC 20004",1101,"Pennsylvania Ave NW",,,Washington,DC,"District of Columbia",20004,US,"Statewide (City of Washington)"
1242253,"	NGS HEADQUARTERS","1145 17th St, NW and 1600 M Street, NW",,Washington,DC,20036,"National Geographic Society",,746237,7," 2009, 2013 , 2014 , 2015 , 2016 , 2017 , 2018","77, 75 , 77 , 77 , 79 , 83 , 82",Office,1964,38.905164,-77.0381,1,rooftop,"1145 17th St NW",,"Washington, DC 20036",1145,"17th St NW",,,Washington,DC,"District of Columbia",20036,US,"Statewide (City of Washington)"
12445563,"	THE BANKS (BN010) (BN029)","900 7th Street SW",,Washington,DC,20024,"680 Eye Street LLC",Bozzuto,233182,1," 2024",88,"Multifamily Housing",2018,38.878914,-77.021867,1,rooftop,"900 7th St SW",,"Washington, DC 20024",900,"7th St SW",,,Washington,DC,"District of Columbia",20024,US,"Statewide (City of Washington)"
1257635,"	1100L","1100 L Street NW",,Washington,DC,20005,"Blake Real Estate Inc",,345116,12," 2009, 2010 , 2014 , 2015 , 2016 , 2017 , 2018 , 2019 , 2020 , 2021 , 2023 , 2024","77, 90 , 80 , 78 , 79 , 85 , 87 , 81 , 81 , 75 , 76 , 77",Office,1972,38.903558,-77.027549,1,rooftop,"1100 L St NW",,"Washington, DC 20005",1100,"L St NW",,,Washington,DC,"District of Columbia",20005,US,"Statewide (City of Washington)"
1257638,"	1425K","1425 K Street NW",,Washington,DC,20005,"Blake Real Estate Inc",,239478,9," 2015, 2016 , 2017 , 2018 , 2019 , 2020 , 2021 , 2023 , 2024","77, 82 , 82 , 90 , 80 , 79 , 75 , 82 , 81",Office,2000,38.902921,-77.03304,1,rooftop,"1425 K St NW",,"Washington, DC 20005",1425,"K St NW",,,Washington,DC,"District of Columbia",20005,US,"Statewide (City of Washington)"
1257639,"	BLAKE BUILDING","1025 Connecticut Ave. NW",,Washington,DC,20036,"Blake Real Estate Inc",,351106,14," 2008, 2009 , 2010 , 2014 , 2015 , 2016 , 2017 , 2018 , 2019 , 2020 , 2021 , 2022 , 2023 , 2024","87, 83 , 82 , 83 , 83 , 87 , 88 , 90 , 77 , 81 , 89 , 88 , 86 , 86",Office,1962,38.903379,-77.03929,1,rooftop,"1025 Connecticut Ave NW",,"Washington, DC 20036",1025,"Connecticut Ave NW",,,Washington,DC,"District of Columbia",20036,US,"Statewide (City of Washington)"
1257640,"	BENDER BUILDING","1120 Connecticut Ave. NW",,Washington,DC,20036,"Blake Real Estate Inc",,369441,12," 2009, 2010 , 2014 , 2015 , 2016 , 2017 , 2018 , 2019 , 2020 , 2021 , 2022 , 2023","77, 81 , 80 , 79 , 83 , 83 , 85 , 75 , 79 , 83 , 82 , 85",Office,1962,38.904165,-77.041041,1,rooftop,"1120 Connecticut Ave NW",,"Washington, DC 20036",1120,"Connecticut Ave NW",,,Washington,DC,"District of Columbia",20036,US,"Statewide (City of Washington)"
1257643,"	OFC BUILDING","1730 Rhode Island Ave. NW",,Washington,DC,20036,"Blake Real Estate Inc",,178421,15," 2008, 2009 , 2010 , 2013 , 2014 , 2015 , 2016 , 2017 , 2018 , 2019 , 2020 , 2021 , 2022 , 2023 , 2024","76, 83 , 85 , 87 , 82 , 83 , 86 , 88 , 89 , 79 , 82 , 83 , 80 , 84 , 84",Office,1968,38.905947,-77.039621,1,rooftop,"1730 Rhode Island Ave NW",,"Washington, DC 20036",1730,"Rhode Island Ave NW",,,Washington,DC,"District of Columbia",20036,US,"Statewide (City of Washington)"
1257644,"	NORTHWESTERN BUILDING","1800 G Street NW",,Washington,DC,20006,"Blake Real Estate Inc",,732964,16," 2008, 2009 , 2010 , 2012 , 2013 , 2014 , 2015 , 2016 , 2017 , 2018 , 2019 , 2020 , 2021 , 2022 , 2023 , 2024","87, 88 , 87 , 88 , 86 , 86 , 84 , 85 , 85 , 90 , 81 , 86 , 89 , 89 , 89 , 89",Office,1963,38.898027,-77.042593,1,rooftop,"1800 G St NW",,"Washington, DC 20006",1800,"G St NW",,,Washington,DC,"District of Columbia",20006,US,"Statewide (City of Washington)"
1257646,"	PROFESSIONAL BUILDING","2100 K Street NW",,Washington,DC,20427,"Blake Real Estate Inc",,154765,5," 2020, 2021 , 2022 , 2023 , 2024","84, 89 , 84 , 87 , 89",Office,2019,38.902257,-77.046997,1,rooftop,"2100 K St NW",,"Washington, DC 20427",2100,"K St NW",,,Washington,DC,"District of Columbia",20427,US,"Statewide (City of Washington)"
12591915,"	1350 FLORIDA AVENUE","1350 Florida Avenue NW",,Washington,DC,20009,"Douglas Development Corporation","Borger Management",27206,4," 2020, 2021 , 2022 , 2023","79, 78 , 85 , 86","Multifamily Housing",2015,38.919976,-77.031596,1,rooftop,"1350 Florida Ave NW",,"Washington, DC 20009",1350,"Florida Ave NW",,,Washington,DC,"District of Columbia",20009,US,"Statewide (City of Washington)"
1267785,"	750 17TH ST.","750 17th St., NW",,Washington,DC,20006,JLL,,136452,18," 2007, 2008 , 2009 , 2010 , 2011 , 2012 , 2013 , 2014 , 2015 , 2016 , 2017 , 2019 , 2020 , 2021 , 2022 , 2023 , 2024 , 2025","80, 77 , 81 , 78 , 80 , 81 , 76 , 75 , 75 , 75 , 81 , 75 , 81 , 79 , 86 , 87 , 84 , 83",Office,1989,38.899781,-77.039827,1,rooftop,"750 17th St NW",,"Washington, DC 20006",750,"17th St NW",,,Washington,DC,"District of Columbia",20006,US,"Statewide (City of Washington)"
1268752,"	1850 M STREET","1850 M Street, NW",,Washington,DC,20036,Transwestern,,254980,19," 2007, 2008 , 2009 , 2010 , 2011 , 2012 , 2013 , 2014 , 2015 , 2016 , 2017 , 2018 , 2019 , 2020 , 2021 , 2022 , 2023 , 2024 , 2025","89, 87 , 87 , 85 , 86 , 87 , 85 , 87 , 85 , 84 , 89 , 88 , 78 , 84 , 85 , 89 , 90 , 89 , 93",Office,1986,38.90537,-77.04295,1,rooftop,"1850 M St NW",,"Washington, DC 20036",1850,"M St NW",,,Washington,DC,"District of Columbia",20036,US,"Statewide (City of Washington)"
1268754,"	1100 NEW YORK AVENUE","1100 New York Avenue, NW",,Washington,DC,20005,JLL,,561341,18," 2007, 2008 , 2009 , 2011 , 2012 , 2013 , 2014 , 2015 , 2016 , 2017 , 2018 , 2019 , 2020 , 2021 , 2022 , 2023 , 2024 , 2025","87, 90 , 89 , 89 , 90 , 90 , 90 , 91 , 92 , 92 , 80 , 80 , 84 , 88 , 87 , 88 , 91 , 92",Office,1991,38.900677,-77.027446,1,rooftop,"1100 New York Ave NW",,"Washington, DC 20005",1100,"New York Ave NW",,,Washington,DC,"District of Columbia",20005,US,"Statewide (City of Washington)"
1268800,"	NATIONAL EDUCATION ASSOCIATION","1201 16th St., NW",,Washington,DC,20036,"National Education Association",,394087,14," 2009, 2010 , 2011 , 2013 , 2014 , 2016 , 2017 , 2018 , 2019 , 2020 , 2021 , 2022 , 2023 , 2024","75, 83 , 84 , 88 , 89 , 88 , 91 , 92 , 81 , 83 , 88 , 86 , 83 , 83",Office,1957,38.906099,-77.036183,1,rooftop,"1201 16th St NW",,"Washington, DC 20036",1201,"16th St NW",,,Washington,DC,"District of Columbia",20036,US,"Statewide (City of Washington)"
1273006,"	1325 G STREET NW","1325 G Street","Suite 110",Washington,DC,20005,"64 DCGST Owner LLC","Lincoln Property Company",298641,8," 2010, 2011 , 2012 , 2013 , 2014 , 2015 , 2018 , 2024","87, 88 , 95 , 85 , 84 , 77 , 84 , 86",Office,1968,38.898725,-77.030992,1,rooftop,"1325 G St NW",,"Washington, DC 20005",1325,"G St NW",,,Washington,DC,"District of Columbia",20005,US,"Statewide (City of Washington)"
1273027,"	THE COLORADO BUILDING","1341 G Street NW",,Washington,DC,20005,"Unizo Real Estate DC Eight, LLC","Lincoln Property Company - Colorado",149720,2," 2015, 2020","81, 75",Office,1903,38.898576,-77.031472,1,rooftop,"1341 G St NW",,"Washington, DC 20005",1341,"G St NW",,,Washington,DC,"District of Columbia",20005,US,"Statewide (City of Washington)"
12772199,"	1901 L STREET NW","1901 L Street NW",,Washington,DC,20036,"TMG 1901 L Street NW, LLC","Cushman && Wakefield",212443,9," 2009, 2010 , 2011 , 2012 , 2013 , 2014 , 2015 , 2023 , 2024","78, 86 , 84 , 82 , 75 , 75 , 75 , 83 , 86",Office,2020,38.904043,-77.043891,1,rooftop,"1901 L St NW",,"Washington, DC 20036",1901,"L St NW",,,Washington,DC,"District of Columbia",20036,US,"Statewide (City of Washington)"
1309871,"	801 NORTH CAPITOL STREET","801 North Capitol Street, NE",,Washington,DC,20002,"BREOF 801 North Capitol REO, LLC","Cassidy Turley",120921,2," 2012, 2013","84, 81",Office,1966,38.900503,-77.008645,1,rooftop,"801 N Capitol St NE",,"Washington, DC 20002",801,"N Capitol St NE",,,Washington,DC,"District of Columbia",20002,US,"Statewide (City of Washington)"
1311349,"	64 NEW YORK AVENUE","64 New York Avenue, NE",,Washington,DC,20002,"64 NY DC Owner, LLC",,379148,9," 2009, 2010 , 2012 , 2017 , 2018 , 2022 , 2023 , 2024 , 2025","76, 78 , 86 , 75 , 77 , 80 , 82 , 82 , 80",Office,2000,38.909182,-77.006966,1,rooftop,"64 New York Ave NE",,"Washington, DC 20002",64,"New York Ave NE",,,Washington,DC,"District of Columbia",20002,US,"Statewide (City of Washington)"
13149,"	2101 L ST NW","2101 L St NW",,Washington,DC,20037,"JBG Smith",,406191,11," 2010, 2011 , 2014 , 2015 , 2016 , 2017 , 2018 , 2020 , 2022 , 2023 , 2024","77, 81 , 78 , 82 , 87 , 76 , 81 , 75 , 78 , 81 , 80",Office,1975,38.904011,-77.046882,1,rooftop,"2101 L St NW",,"Washington, DC 20037",2101,"L St NW",,,Washington,DC,"District of Columbia",20037,US,"Statewide (City of Washington)"
13238005,"	ELIOT ON 4TH (LT079 & LT139)","1001 4th St SW",,Washington,DC,20024,"Mill Creek Residential",,397881,3," 2023, 2024 , 2025","92, 94 , 94","Multifamily Housing",2018,38.878403,-77.017847,1,rooftop,"1001 4th St SW",,"Washington, DC 20024",1001,"4th St SW",,,Washington,DC,"District of Columbia",20024,US,"Statewide (City of Washington)"
1326398,"	RENAISSANCE M-STREET HOTEL","1143 New Hampshire Ave.",,Washington,DC,20037,"Marriott International, Inc.","Renaissance M Street Hotel",198000,1," 2008",82,Hotel,1990,38.904772,-77.047551,1,rooftop,"1143 New Hampshire Ave NW",,"Washington, DC 20037",1143,"New Hampshire Ave NW",,,Washington,DC,"District of Columbia",20037,US,"Statewide (City of Washington)"
1326900,"	0975 F STREET NW (CARROLL SQUARE)","975 F Street NW",,Washington,DC,20004,"975 Carroll Square LLC","John Akridge Management Co.",187749,7," 2012, 2013 , 2015 , 2016 , 2017 , 2018 , 2020","75, 80 , 83 , 88 , 84 , 78 , 75",Office,2006,38.897641,-77.025571,1,rooftop,"975 F St NW",,"Washington, DC 20004",975,"F St NW",,,Washington,DC,"District of Columbia",20004,US,"Statewide (City of Washington)"
1326957,"	1800 MASSACHUSETTS AVENUE NW (SEIU)","1800 Massachusetts Avenue, NW",,Washington,DC,20036,"1800 Massachusetts Avenue Corp","Cushman && Wakefield",217543,16," 2007, 2008 , 2009 , 2011 , 2012 , 2013 , 2015 , 2016 , 2017 , 2018 , 2019 , 2020 , 2021 , 2022 , 2023 , 2024","85, 91 , 88 , 89 , 91 , 82 , 97 , 90 , 85 , 86 , 78 , 88 , 79 , 78 , 77 , 77",Office,1979,38.908787,-77.042266,1,rooftop,"1800 Massachusetts Ave NW",,"Washington, DC 20036",1800,"Massachusetts Ave NW",,,Washington,DC,"District of Columbia",20036,US,"Statewide (City of Washington)"
1327025,"	WWF  SQUARE 0024 LOT 0115","1250 24th Street, NW",,Washington,DC,20037,"World Wildlife Fund","Cushman && Wakefield",245627,15," 2010, 2011 , 2012 , 2013 , 2014 , 2015 , 2016 , 2017 , 2018 , 2019 , 2020 , 2021 , 2022 , 2023 , 2024","86, 82 , 90 , 88 , 86 , 82 , 87 , 88 , 88 , 77 , 87 , 88 , 87 , 88 , 95",Office,1986,38.906502,-77.051857,1,rooftop,"1250 24th St NW",,"Washington, DC 20037",1250,"24th St NW",,,Washington,DC,"District of Columbia",20037,US,"Statewide (City of Washington)"
1327939,"	1700 PENNSYLVANIA AVENUE NW (MILLS)","1700 Pennsylvania Avenue NW",,Washington,DC,20006,"The Mills Building Associates, LLC",Akridge,237486,8," 2008, 2009 , 2010 , 2012 , 2013 , 2023 , 2024 , 2025","79, 75 , 84 , 79 , 78 , 85 , 86 , 79",Office,1966,38.898657,-77.039958,1,rooftop,"1700 Pennsylvania Ave NW",,"Washington, DC 20006",1700,"Pennsylvania Ave NW",,,Washington,DC,"District of Columbia",20006,US,"Statewide (City of Washington)"
1328161,"	VICTOR BUILDING - 252510","750 9th Street NW",,Washington,DC,20001,"Brookfield Properties",CBRE,348297,16," 2009, 2010 , 2011 , 2012 , 2013 , 2014 , 2015 , 2016 , 2017 , 2018 , 2019 , 2020 , 2021 , 2022 , 2023 , 2024","83, 87 , 87 , 87 , 84 , 90 , 91 , 90 , 91 , 91 , 80 , 81 , 82 , 82 , 80 , 79",Office,2000,38.899511,-77.024428,1,rooftop,"750 9th St NW",,"Washington, DC 20001",750,"9th St NW",,,Washington,DC,"District of Columbia",20001,US,"Statewide (City of Washington)"
1330000,"	FORRESTAL BUILDING","1000 Independence Ave SW",,Washington,DC,20585,"US Department of Energy",,1816161,2," 2007, 2017","88, 91",Office,1969,38.886999,-77.025371,1,rooftop,"1000 Independence Ave SW",,"Washington, DC 20585",1000,"Independence Ave SW",,,Washington,DC,"District of Columbia",20585,US,"Statewide (City of Washington)"
1330640,"	1625 EYE STREET","1625 Eye Street NW",,"Washington, DC",DC,20006,"American Real Estate Partners Management",,419302,14," 2008, 2009 , 2010 , 2011 , 2012 , 2013 , 2014 , 2015 , 2016 , 2017 , 2018 , 2021 , 2022 , 2023","77, 77 , 79 , 81 , 85 , 83 , 83 , 85 , 88 , 87 , 84 , 78 , 75 , 78",Office,2003,38.902859,-77.049578,0.55,street_center,"Washington Cir NW",,"Washington, DC 20037",,"Washington Cir NW",,,Washington,DC,"District of Columbia",20037,US,"TIGER/Line® dataset from the US Census Bureau"
1331462,"	1801 PENNSYLVANIA AVENUE, LLC","1801 Pennsylvania Avenue, NW",,Washington,DC,20006,"1801 Pennsylvania Avenue, LLC  - Owner",JLL,219284,2," 2024, 2025","90, 81",Office,1991,38.900422,-77.042031,1,rooftop,"1801 Pennsylvania Ave NW",,"Washington, DC 20006",1801,"Pennsylvania Ave NW",,,Washington,DC,"District of Columbia",20006,US,"Statewide (City of Washington)"
1334631,"	ONE UNION CENTER","810 First Street NE",,Washington,DC,20002,"American Real Estate Partners",,232126,6," 2013, 2014 , 2015 , 2016 , 2017 , 2018","83, 83 , 86 , 87 , 88 , 89",Office,1987,38.900613,-77.007028,1,rooftop,"810 1st St NE",,"Washington, DC 20002",810,"1st St NE",,,Washington,DC,"District of Columbia",20002,US,"Statewide (City of Washington)"
1335301,"	1900 K STREET","1900 K Street NW",,Washington,DC,20006,TIAA-CREF,,379324,22," 2002, 2004 , 2005 , 2006 , 2007 , 2008 , 2009 , 2010 , 2011 , 2012 , 2013 , 2014 , 2015 , 2016 , 2017 , 2018 , 2019 , 2020 , 2022 , 2023 , 2024 , 2025","75, 75 , 80 , 78 , 80 , 77 , 79 , 76 , 77 , 89 , 83 , 78 , 81 , 83 , 85 , 86 , 79 , 80 , 85 , 83 , 78 , 77",Office,1996,38.902079,-77.043913,1,rooftop,"1900 K St NW",,"Washington, DC 20006",1900,"K St NW",,,Washington,DC,"District of Columbia",20006,US,"Statewide (City of Washington)"
1340568,"	1331 F STREET, NW","1331 F Street NW",,Washington,DC,20004,"James Campbell Company, LLC","C B Richard Ellis",142956,4," 2021, 2022 , 2023 , 2024","76, 88 , 95 , 93",Office,1988,38.897648,-77.030929,1,rooftop,"1331 F St NW",,"Washington, DC 20004",1331,"F St NW",,,Washington,DC,"District of Columbia",20004,US,"Statewide (City of Washington)"
1341848,"	LIBERTY SQUARE","450 5th Street, NW",,Washington,DC,20001,"Judiciary Plaza LLC","Cushman && Wakefield",543682,6," 2010, 2012 , 2016 , 2018 , 2021 , 2023","87, 90 , 80 , 85 , 80 , 80",Office,1982,38.895616,-77.019301,1,rooftop,"450 5th St NW",,"Washington, DC 20001",450,"5th St NW",,,Washington,DC,"District of Columbia",20001,US,"Statewide (City of Washington)"
1342182,"	101 CONSTITUTION","101 Constitution Avenue, NW",,Washington,DC,20001,"101 Constitution Trust","Lincoln Property Company",564563,11," 2009, 2010 , 2011 , 2014 , 2015 , 2016 , 2017 , 2018 , 2020 , 2021 , 2022","76, 75 , 85 , 75 , 78 , 78 , 80 , 79 , 75 , 75 , 75",Office,2002,38.892828,-77.013076,1,rooftop,"101 Constitution Ave NW",,"Washington, DC 20001",101,"Constitution Ave NW",,,Washington,DC,"District of Columbia",20001,US,"Statewide (City of Washington)"
1345607,"	800 NORTH CAPITOL STREET NW - WASHINGTON","800 N CAPITOL STREET, NW",,Washington,DC,20002,"BOYD DC I GSA LLC",,345976,9," 2011, 2012 , 2014 , 2015 , 2016 , 2018 , 2023 , 2024 , 2025","75, 80 , 76 , 83 , 90 , 84 , 76 , 83 , 82",Office,1989,38.900512,-77.009731,1,rooftop,"800 N Capitol St NW",,"Washington, DC 20002",800,"N Capitol St NW",,,Washington,DC,"District of Columbia",20002,US,"Statewide (City of Washington)"
1346869,"	1201 - 1225 NEW YORK AVENUE","1201 New York Avenue, NW",,Washington,DC,20005,Pembroke,"JLL -DC",509395,16," 2009, 2010 , 2012 , 2013 , 2014 , 2015 , 2016 , 2017 , 2018 , 2019 , 2020 , 2021 , 2022 , 2023 , 2024 , 2025","75, 76 , 89 , 85 , 85 , 83 , 89 , 92 , 91 , 78 , 81 , 85 , 75 , 81 , 81 , 83",Office,1988,38.901021,-77.028549,1,rooftop,"1201 New York Ave NW",,"Washington, DC 20005",1201,"New York Ave NW",,,Washington,DC,"District of Columbia",20005,US,"Statewide (City of Washington)"
1347006,"	FRANKLIN COURT","1099 14th Street NW",,Washington,DC,20005,"Lincoln Property Company",,508315,13," 2012, 2013 , 2014 , 2015 , 2016 , 2017 , 2018 , 2019 , 2020 , 2021 , 2022 , 2023 , 2024","76, 84 , 78 , 78 , 92 , 92 , 90 , 76 , 75 , 76 , 75 , 75 , 78",Office,1991,38.903385,-77.031685,1,rooftop,"1099 14th St NW",,"Washington, DC 20005",1099,"14th St NW",,,Washington,DC,"District of Columbia",20005,US,"Statewide (City of Washington)"
1347061,"	950 L'ENFANT PLAZA - WASHINGTON","950 L'Enfant Plaza, SW",,Washington,DC,20024,"Washington DC V FGF, LLC",,328940,6," 2016, 2017 , 2021 , 2023 , 2024 , 2025","81, 82 , 75 , 96 , 94 , 89",Office,1967,38.883385,-77.024923,1,rooftop,"950 L'enfant Plz SW",,"Washington, DC 20024",950,"L'enfant Plz SW",,,Washington,DC,"District of Columbia",20024,US,"Statewide (City of Washington)"
1348840,"	750 FIRST STREET","750 First Street NE",,Washington,DC,20002,"APA LLC","Cushman Wakefeild",392786,10," 2012, 2014 , 2015 , 2016 , 2017 , 2018 , 2019 , 2020 , 2022 , 2023","75, 81 , 82 , 87 , 88 , 89 , 82 , 86 , 82 , 75",Office,1991,38.899901,-77.007445,1,rooftop,"750 1st St NE",,"Washington, DC 20002",750,"1st St NE",,,Washington,DC,"District of Columbia",20002,US,"Statewide (City of Washington)"
1349227,"	RESOURCES FOR THE FUTURE INC./RESOURCES AND CONSERVATION CENTER LLC","1616 P Street NW","1400 16th Street, NW",Washington,DC,20036,"Resources for the Future Inc./Resources and Conservation Center LLC","Stout & Teague",278474,13," 2008, 2010 , 2014 , 2016 , 2017 , 2018 , 2019 , 2020 , 2021 , 2022 , 2023 , 2024 , 2025","82, 79 , 82 , 89 , 88 , 78 , 77 , 86 , 90 , 80 , 87 , 90 , 87",Office,1959,38.90935,-77.037579,1,rooftop,"1616 P St NW",,"Washington, DC 20036",1616,"P St NW",,,Washington,DC,"District of Columbia",20036,US,"Statewide (City of Washington)"
1356732,"	1101 14TH STREET","1101 14th St NW",,Washington,DC,20005,"Ta Realty",,156467,12," 2010, 2011 , 2012 , 2013 , 2014 , 2015 , 2016 , 2018 , 2019 , 2020 , 2021 , 2022","79, 79 , 80 , 82 , 93 , 92 , 88 , 91 , 89 , 93 , 95 , 90",Office,1981,38.904044,-77.031591,1,rooftop,"1101 14th St NW",,"Washington, DC 20005",1101,"14th St NW",,,Washington,DC,"District of Columbia",20005,US,"Statewide (City of Washington)"
1368706,"	1901 PENNSYLVANIA AVE","1901 Pennsylvania Ave",,"Washington D.C.",DC,20006,"Washington Real Estate Investment Trust",,109909,7," 2008, 2011 , 2013 , 2016 , 2017 , 2018 , 2019","78, 82 , 82 , 88 , 93 , 93 , 79",Office,1959,38.900689,-77.043798,1,rooftop,"1901 Pennsylvania Ave NW",,"Washington, DC 20006",1901,"Pennsylvania Ave NW",,,Washington,DC,"District of Columbia",20006,US,"Statewide (City of Washington)"
1369166,"	AMERICAN SOCIETY FOR MICROBIOLOGY","1752 N STREET N.W.","SUITE LL 5 - C LEVEL",WASHINGTON,DC,20036,"American Society for Microbiology","Lincoln Property Company",94580,12," 2013, 2014 , 2015 , 2016 , 2017 , 2018 , 2019 , 2020 , 2021 , 2022 , 2023 , 2024","84, 80 , 79 , 83 , 84 , 85 , 78 , 88 , 93 , 88 , 84 , 84",Office,1979,38.907067,-77.040447,1,rooftop,"1752 N St NW",,"Washington, DC 20036",1752,"N St NW",,,Washington,DC,"District of Columbia",20036,US,"Statewide (City of Washington)"
1373989,"	2121 K STREET","2121 K Street NW",,Washington,DC,20037,"2121 K LLC","TF Cornerstone, Inc",217890,12," 2010, 2012 , 2014 , 2015 , 2016 , 2017 , 2018 , 2021 , 2022 , 2023 , 2024 , 2025","94, 84 , 79 , 80 , 80 , 79 , 83 , 75 , 78 , 77 , 79 , 83",Office,1981,38.902872,-77.047241,1,rooftop,"2121 K St NW",,"Washington, DC 20037",2121,"K St NW",,,Washington,DC,"District of Columbia",20037,US,"Statewide (City of Washington)"
1378102,"	799 9TH STREET","799 9th street N.W.",,Washington,DC,20001,"Brookfield Properties",,210645,11," 2009, 2012 , 2013 , 2017 , 2018 , 2020 , 2021 , 2022 , 2023 , 2024 , 2025","83, 86 , 76 , 86 , 86 , 75 , 76 , 79 , 80 , 82 , 76",Office,2001,38.899535,-77.023514,1,rooftop,"799 9th St NW",,"Washington, DC 20001",799,"9th St NW",,,Washington,DC,"District of Columbia",20001,US,"Statewide (City of Washington)"
1380075,"	2033 K STREET, NW","2033 K Street N.W.",,Washington,DC,20006,"ARA GREEN","Quadrangle Management Company",134457,10," 2008, 2009 , 2010 , 2011 , 2012 , 2013 , 2014 , 2015 , 2016 , 2017","77, 75 , 81 , 79 , 87 , 80 , 77 , 78 , 79 , 82",Office,1975,38.90305,-77.046352,1,rooftop,"2033 K St NW",,"Washington, DC 20006",2033,"K St NW",,,Washington,DC,"District of Columbia",20006,US,"Statewide (City of Washington)"
1380124,"	1101 K STREET","1101 K Street, NW","Suite B110","Washington, DC",DC,20005,"Rg-1101K, LLC","Lincoln Property Company",314211,14," 2010, 2011 , 2012 , 2013 , 2014 , 2015 , 2016 , 2017 , 2018 , 2019 , 2020 , 2021 , 2022 , 2023","98, 87 , 86 , 84 , 82 , 84 , 82 , 85 , 86 , 75 , 81 , 78 , 85 , 88",Office,2006,38.902868,-77.027417,1,rooftop,"1101 K St NW",,"Washington, DC 20005",1101,"K St NW",,,Washington,DC,"District of Columbia",20005,US,"Statewide (City of Washington)"
1384590,"	WASHINGTON CENTER","1001 G Street NW",,Washington,DC,20001,"Washington Center REIT LLC","Quadrangle Management Company",428212,15," 2008, 2009 , 2010 , 2011 , 2012 , 2013 , 2014 , 2015 , 2016 , 2017 , 2018 , 2022 , 2023 , 2024 , 2025","77, 75 , 88 , 76 , 82 , 77 , 77 , 82 , 86 , 83 , 82 , 88 , 89 , 82 , 77",Office,1989,38.898719,-77.026488,1,rooftop,"1001 G St NW",,"Washington, DC 20001",1001,"G St NW",,,Washington,DC,"District of Columbia",20001,US,"Statewide (City of Washington)"
1385700,"	HST","2201 C Street NW",,Washington,DC,20520,"U.S. Department of State",,2406262,2," 2012, 2017","76, 76",Office,1960,38.893945,-77.04885,1,rooftop,"2201 C St NW",,"Washington, DC 20520",2201,"C St NW",,,Washington,DC,"District of Columbia",20520,US,"Statewide (City of Washington)"
1389055,"	1301 PENNSYLVANIA AVE., NW","1301 Pennsylvania Ave. NW",,Washington,DC,20004,"Quadrangle Management Company",,231902,8," 2008, 2009 , 2010 , 2011 , 2012 , 2013 , 2014 , 2015","89, 84 , 82 , 83 , 91 , 80 , 80 , 78",Office,1981,38.896384,-77.029956,1,rooftop,"1301 Pennsylvania Ave NW",,"Washington, DC 20004",1301,"Pennsylvania Ave NW",,,Washington,DC,"District of Columbia",20004,US,"Statewide (City of Washington)"
1389067,"	NATIONAL PLACE","1331 Pennsylvania Ave. NW",,Washington,DC,20004,"Quadrangle Management Company",,594315,17," 2008, 2009 , 2010 , 2011 , 2012 , 2013 , 2014 , 2015 , 2016 , 2017 , 2018 , 2020 , 2021 , 2022 , 2023 , 2024 , 2025","75, 76 , 81 , 87 , 88 , 83 , 79 , 81 , 86 , 89 , 91 , 81 , 82 , 84 , 86 , 84 , 80",Office,1984,38.896375,-77.031374,1,rooftop,"1331 Pennsylvania Ave NW",,"Washington, DC 20004",1331,"Pennsylvania Ave NW",,,Washington,DC,"District of Columbia",20004,US,"Statewide (City of Washington)"
1390067,"	INTERNAL REVENUE SERVICE 1111","1111 Constitution Ave., NW",,Washington,DC,20224,"Internal Revenue Service",,1428147,4," 2011, 2012 , 2013 , 2014","90, 94 , 92 , 95",Office,1932,38.89276,-77.027072,1,rooftop,"1111 Constitution Ave NW",,"Washington, DC 20224",1111,"Constitution Ave NW",,,Washington,DC,"District of Columbia",20224,US,"Statewide (City of Washington)"
1390727,"	CHANIN BUILDING - 815 CONNECTICUT","815 Connecticut Avenue",,Washington,DC,20006,"Cushman & Wakefield - 815 Connecticut",,231784,9," 2009, 2013 , 2014 , 2015 , 2016 , 2017 , 2021 , 2022 , 2023","75, 81 , 79 , 90 , 89 , 92 , 88 , 83 , 86",Office,1963,38.900983,-77.037974,1,rooftop,"815 Connecticut Ave NW",,"Washington, DC 20006",815,"Connecticut Ave NW",,,Washington,DC,"District of Columbia",20006,US,"Statewide (City of Washington)"
1391419,"	899 NORTH CAPITOL STREET (UNION SQUARE)","899 North Capitol Street",,Washington,DC,20002,"Network Realty Partners","Lincoln Property Company",312685,11," 2007, 2008 , 2009 , 2010 , 2013 , 2014 , 2015 , 2016 , 2017 , 2018 , 2024","79, 81 , 78 , 84 , 86 , 82 , 81 , 81 , 86 , 97 , 78",Office,1973,38.901019,-77.008437,0.88,rooftop,"899 N Capitol St NE",,"Washington, DC 20002",899,"N Capitol St NE",,,Washington,DC,"District of Columbia",20002,US,"Statewide (City of Washington)"
1391567,"	CENTER FOR EDUCATION AND MEDICINE","2501 M Street, NW",,Washington,DC,20037,"Association of American Medical Colleges","Association of American Medical Colleges",102441,2," 2011, 2012","76, 78",Office,1986,38.905535,-77.05382,1,rooftop,"2501 M St NW",,"Washington, DC 20037",2501,"M St NW",,,Washington,DC,"District of Columbia",20037,US,"Statewide (City of Washington)"
1396892,"	1625 K COMMONWEALTH BUILDING","1625 K Street, NW",,Washington,DC,20006,"Shorenstein Realty","Shorenstein Realty",109300,3," 2010, 2011 , 2013","76, 78 , 79",Office,1943,38.902931,-77.037412,1,rooftop,"1625 K St NW",,"Washington, DC 20006",1625,"K St NW",,,Washington,DC,"District of Columbia",20006,US,"Statewide (City of Washington)"
1396919,"	1875 K STREET","1875 K Street, NW",,Washington,DC,20006,"Carr Properties",,218206,13," 2011, 2013 , 2014 , 2015 , 2016 , 2017 , 2018 , 2019 , 2020 , 2021 , 2022 , 2023 , 2024","79, 75 , 80 , 80 , 83 , 81 , 77 , 79 , 87 , 85 , 82 , 86 , 86",Office,2002,38.902813,-77.043046,1,rooftop,"1875 K St NW",,"Washington, DC 20006",1875,"K St NW",,,Washington,DC,"District of Columbia",20006,US,"Statewide (City of Washington)"
1396921,"	HAMILTON SQUARE","600 14th Street, NW",,Washington,DC,20005,"FSP Hamilton Square, LLC","CommonWealth Partners",343755,8," 2010, 2011 , 2013 , 2014 , 2015 , 2016 , 2017 , 2018","77, 75 , 82 , 76 , 75 , 76 , 76 , 75",Office,1929,38.897694,-77.032276,1,rooftop,"600 14th St NW",,"Washington, DC 20005",600,"14th St NW",,,Washington,DC,"District of Columbia",20005,US,"Statewide (City of Washington)"
1397164,"	FRANKLIN TOWER","1401 I St NW",,Washington,DC,20005,BlackRock,"Cushman && Wakefield",255291,8," 2010, 2011 , 2012 , 2013 , 2014 , 2016 , 2017 , 2018","82, 78 , 81 , 81 , 76 , 75 , 76 , 79",Office,1991,38.901674,-77.032424,1,rooftop,"1401 I St NW",,"Washington, DC 20005",1401,"I St NW",,,Washington,DC,"District of Columbia",20005,US,"Statewide (City of Washington)"
13971881,"	SENTINEL SQUARE III","45 L Street NE",,Washington,DC,20002,"USGBF Sentinel Square III, LLC",,561231,3," 2023, 2024 , 2025","79, 83 , 87",Office,2020,38.903418,-77.007232,1,rooftop,"45 L St NE",,"Washington, DC 20002",45,"L St NE",,,Washington,DC,"District of Columbia",20002,US,"Statewide (City of Washington)"
1397627,"	THE HERALD","1307 New York Ave, NW",,Washington,DC,20005,"Marx Realty",,131330,3," 2014, 2015 , 2021","83, 79 , 83",Office,1923,38.900542,-77.030416,1,rooftop,"1307 New York Ave NW",,"Washington, DC 20005",1307,"New York Ave NW",,,Washington,DC,"District of Columbia",20005,US,"Statewide (City of Washington)"
1401399,"	1500 K STREET - THE SOUTHERN RAILWAY BUILDING","1500 K Street NW","Suite 100",Washington,DC,20005,"1500 K Street, LLC",,280633,6," 2017, 2018 , 2020 , 2021 , 2023 , 2024","76, 80 , 75 , 78 , 76 , 77",Office,1928,38.902197,-77.034938,1,rooftop,"1500 K St NW",,"Washington, DC 20005",1500,"K St NW",,,Washington,DC,"District of Columbia",20005,US,"Statewide (City of Washington)"
1404504,"	ONE NOMA STATION","131 M St., N.E.",,Washington,DC,20002,"Union Station Venture",,431740,9," 2015, 2016 , 2017 , 2018 , 2019 , 2020 , 2021 , 2023 , 2024","82, 84 , 84 , 86 , 76 , 78 , 75 , 85 , 87",Office,1937,38.905172,-77.00467,1,rooftop,"131 M St NE",,"Washington, DC 20002",131,"M St NE",,,Washington,DC,"District of Columbia",20002,US,"Statewide (City of Washington)"
1406610,"	1750 PENNSYLVANIA AVE","1750 Pennsylvania Ave",,Washington,DC,20006,"Manulife US Real Estate Investment Trust","Transwestern Commercial Services",297909,11," 2009, 2010 , 2012 , 2014 , 2015 , 2017 , 2018 , 2020 , 2021 , 2022 , 2023","79, 82 , 83 , 80 , 85 , 80 , 78 , 75 , 86 , 84 , 83",Office,1964,38.898945,-77.040763,1,rooftop,"1750 Pennsylvania Ave NW",,"Washington, DC 20006",1750,"Pennsylvania Ave NW",,,Washington,DC,"District of Columbia",20006,US,"Statewide (City of Washington)"
1406853,"	830 FIRST STREET NE - WASHINGTON","830 First Street, NE",,Washington,DC,20002,"Washington DC III FGF, LLC",,261996,9," 2010, 2012 , 2013 , 2017 , 2018 , 2020 , 2023 , 2024 , 2025","83, 84 , 79 , 78 , 82 , 75 , 85 , 80 , 79",Office,2001,38.90108,-77.007627,1,rooftop,"830 1st St NE",,"Washington, DC 20002",830,"1st St NE",,,Washington,DC,"District of Columbia",20002,US,"Statewide (City of Washington)"
1407276,"	THE WARNER BUILDING","1299 Pennsylvania Avenue NW",,Washington,DC,20004,"SPUS8 Warner, LP","CBRE, Inc",672013,12," 2011, 2014 , 2015 , 2016 , 2017 , 2018 , 2019 , 2020 , 2022 , 2023 , 2024 , 2025","78, 79 , 78 , 85 , 85 , 88 , 76 , 75 , 94 , 80 , 77 , 79",Office,1992,38.896331,-77.02932,1,rooftop,"1299 Pennsylvania Ave NW",,"Washington, DC 20004",1299,"Pennsylvania Ave NW",,,Washington,DC,"District of Columbia",20004,US,"Statewide (City of Washington)"
1407852,"	ONE METRO CENTER","700 12th Street NW",,Washington,DC,20005,Jamestown,,425344,4," 2012, 2015 , 2024 , 2025","76, 77 , 86 , 86",Office,2003,38.898939,-77.02835,1,rooftop,"700 12th St NW",,"Washington, DC 20005",700,"12th St NW",,,Washington,DC,"District of Columbia",20005,US,"Statewide (City of Washington)"
1409004,"	20 MASSACHUSETTS AVENUE","20 Massachusetts Avenue NW",,Washington,DC,20001,"Office Properties Income Trust","The RMR Group",343324,12," 2008, 2009 , 2011 , 2012 , 2013 , 2014 , 2015 , 2016 , 2017 , 2018 , 2019 , 2020","77, 75 , 88 , 88 , 89 , 85 , 83 , 89 , 87 , 87 , 75 , 82",Office,1973,38.897695,-77.010768,1,rooftop,"20 Massachusetts Ave NW",,"Washington, DC 20001",20,"Massachusetts Ave NW",,,Washington,DC,"District of Columbia",20001,US,"Statewide (City of Washington)"
1409072,"	HOSTELLING INTERNATIONAL - WASHINGTON, DC","1009 11th Street, NW",,Washington,DC,20001,"Hostelling International - Washington, DC","Hostelling International - Washington, DC",26010,1," 2007",100,Hotel,1926,38.902912,-77.02673,1,rooftop,"1009 11th St NW",,"Washington, DC 20001",1009,"11th St NW",,,Washington,DC,"District of Columbia",20001,US,"Statewide (City of Washington)"
1409873,"	KITA WASHINGTON CENTER","1660 L Street NW",,Washington,DC,20036,"Jones Lang LaSalle Americas, Inc.",,134672,9," 2002, 2003 , 2004 , 2012 , 2013 , 2014 , 2015 , 2016 , 2017","75, 80 , 80 , 95 , 88 , 87 , 84 , 89 , 91",Office,1968,38.903479,-77.03808,1,rooftop,"1660 L St NW",,"Washington, DC 20036",1660,"L St NW",,,Washington,DC,"District of Columbia",20036,US,"Statewide (City of Washington)"
1411409,"	1730 M ST NW","1730 M St NW",,Washington,DC,20036,"JBG Smith",,221437,13," 2010, 2011 , 2014 , 2015 , 2016 , 2017 , 2018 , 2019 , 2020 , 2021 , 2022 , 2023 , 2024","79, 84 , 77 , 79 , 87 , 78 , 88 , 76 , 77 , 83 , 78 , 80 , 81",Office,1964,38.905372,-77.039882,1,rooftop,"1730 M St NW",,"Washington, DC 20036",1730,"M St NW",,,Washington,DC,"District of Columbia",20036,US,"Statewide (City of Washington)"
1411897,"	1601 K STREET","1601 K Street NW",,Washington,DC,20006,"PPF OFF 1601 K Street, LLC",,231860,16," 2009, 2010 , 2011 , 2012 , 2013 , 2014 , 2015 , 2016 , 2017 , 2018 , 2019 , 2020 , 2021 , 2022 , 2023 , 2024","79, 81 , 85 , 85 , 83 , 85 , 89 , 89 , 90 , 90 , 77 , 75 , 78 , 76 , 75 , 75",Office,2005,38.90294,-77.037054,1,rooftop,"1601 K St NW",,"Washington, DC 20006",1601,"K St NW",,,Washington,DC,"District of Columbia",20006,US,"Statewide (City of Washington)"
1412761,"	MCPHERSON BUILDING","901 15th Street NW",,Washington,DC,20005,"Mullen Management Company, Inc.","Cushman && Wakefield",314872,10," 2012, 2013 , 2014 , 2015 , 2016 , 2017 , 2018 , 2019 , 2020 , 2021","91, 93 , 91 , 89 , 86 , 88 , 88 , 75 , 77 , 81",Office,1987,38.90163,-77.03312,1,rooftop,"901 15th St NW",,"Washington, DC 20005",901,"15th St NW",,,Washington,DC,"District of Columbia",20005,US,"Statewide (City of Washington)"
1413138,"	CONNECTICUT BUILDING","1150 Connecticut Ave. NW",,Washington,DC,20036,"Blake Real Estate Inc",,197801,14," 2008, 2009 , 2010 , 2014 , 2015 , 2016 , 2017 , 2018 , 2019 , 2020 , 2021 , 2022 , 2023 , 2024","76, 82 , 81 , 82 , 81 , 82 , 85 , 84 , 77 , 82 , 86 , 81 , 82 , 84",Office,1975,38.905322,-77.041313,1,rooftop,"1150 Connecticut Ave NW",,"Washington, DC 20036",1150,"Connecticut Ave NW",,,Washington,DC,"District of Columbia",20036,US,"Statewide (City of Washington)"
1413613,"	2100 2ND STREET SW","2100 2nd Street SW",,Washington,DC,20593,"Monday Properties Services, LLC","Monday Properties Services, LLC",587776,1," 2011",81,Office,1973,38.863838,-77.013374,1,rooftop,"2100 2nd St SW",,"Washington, DC 20024",2100,"2nd St SW",,,Washington,DC,"District of Columbia",20024,US,"Statewide (City of Washington)"
1418333,"	GALLERY PLACE - OFFICE","616 H Street NW",,Washington,DC,20001,"Oxford BIT Gallery Place Property Owner, LLC.","Oxford Properties Group",297001,11," 2008, 2010 , 2013 , 2014 , 2015 , 2016 , 2017 , 2018 , 2019 , 2020 , 2021","76, 82 , 75 , 83 , 88 , 90 , 91 , 93 , 82 , 86 , 89",Office,2004,38.899556,-77.020836,1,rooftop,"616 H St NW",,"Washington, DC 20001",616,"H St NW",,,Washington,DC,"District of Columbia",20001,US,"Statewide (City of Washington)"
1419589,"	1120 G STREET, NW","1120 G Street, NW",,"Washington DC",DC,20005,"RREEF America REIT II Corp. UU",Transwestern,132030,2," 2009, 2010","75, 79",Office,1981,38.898142,-77.027741,1,rooftop,"1120 G St NW",,"Washington, DC 20005",1120,"G St NW",,,Washington,DC,"District of Columbia",20005,US,"Statewide (City of Washington)"
1419646,"	1155 CONNECTICUT AVENUE","1155 Connecticut Avenue, NW",,"Washington DC",DC,20036,"1155 Connecticut Avenue, Inc.","Jones Lang LaSalle",107967,1," 2023",78,Office,1984,38.905455,-77.040627,1,rooftop,"1155 Connecticut Ave NW",,"Washington, DC 20036",1155,"Connecticut Ave NW",,,Washington,DC,"District of Columbia",20036,US,"Statewide (City of Washington)"
1419667,"	1250 EYE STREET","1250 I Street, NW",,Washington,DC,20005,"1250 Eye Street Owner, LLC",Transwestern,193051,8," 2009, 2010 , 2012 , 2014 , 2015 , 2016 , 2017 , 2018","77, 83 , 81 , 82 , 83 , 85 , 88 , 85",Office,1982,38.901017,-77.029254,1,rooftop,"1250 I St NW",,"Washington, DC 20005",1250,"I St NW",,,Washington,DC,"District of Columbia",20005,US,"Statewide (City of Washington)"
1419693,"	1800 K","1800 K Street",,Washington,DC,20006,"RAR2-1800 K St. NW - DC, Inc.","Transwestern Commercial Services",237219,7," 2018, 2019 , 2020 , 2021 , 2022 , 2023 , 2024","93, 85 , 82 , 80 , 83 , 87 , 85",Office,1970,38.902238,-77.04209,1,rooftop,"1800 K St NW",,"Washington, DC 20006",1800,"K St NW",,,Washington,DC,"District of Columbia",20006,US,"Statewide (City of Washington)"
1420061,"	NATIONAL PRESS BUILDING","529 14th Street NW",,Washington,DC,20006,AEW,"Quadrangle Mangement Company",489395,4," 2008, 2009 , 2010 , 2011","78, 80 , 80 , 75",Office,1928,38.897027,-77.031549,1,rooftop,"529 14th St NW",,"Washington, DC 20045",529,"14th St NW",,,Washington,DC,"District of Columbia",20045,US,"Statewide (City of Washington)"
1420135,"	TWO INDEPENDENCE SQUARE","300 E St SW",,Washington,DC,20024,"Two Independence Hana OW, LLC c/o OW Management Services, Inc.","Ocean West Management",634947,14," 2010, 2011 , 2013 , 2014 , 2015 , 2016 , 2017 , 2018 , 2019 , 2020 , 2021 , 2022 , 2023 , 2024","77, 76 , 75 , 86 , 89 , 88 , 89 , 89 , 91 , 97 , 99 , 97 , 99 , 98",Office,1991,38.882926,-77.016391,1,rooftop,"300 E St SW",,"Washington, DC 20546",300,"E St SW",,,Washington,DC,"District of Columbia",20546,US,"Statewide (City of Washington)"
1421555,"	BERNSTEIN OFFIT BUILDING","1717 Mass Avenue, NW",,Washington,DC,20036,"John's Hopkins University","Cushman & Wakefield",122460,4," 2010, 2012 , 2013 , 2018","86, 83 , 85 , 97",Office,1962,38.908722,-77.03951,1,rooftop,"1717 Massachusetts Ave NW",,"Washington, DC 20036",1717,"Massachusetts Ave NW",,,Washington,DC,"District of Columbia",20036,US,"Statewide (City of Washington)"
1423276,"	1700 K ST NW","1700 K St NW",,Washington,DC,20006,"JBG Smith",,401661,13," 2008, 2009 , 2011 , 2014 , 2015 , 2016 , 2017 , 2018 , 2020 , 2021 , 2022 , 2023 , 2024","85, 85 , 82 , 77 , 80 , 83 , 81 , 81 , 75 , 85 , 79 , 80 , 75",Office,2005,38.902184,-77.039836,1,rooftop,"1700 K St NW",,"Washington, DC 20006",1700,"K St NW",,,Washington,DC,"District of Columbia",20006,US,"Statewide (City of Washington)"
1423392,"	1501 K ST NW","1501 K St NW",,Washington,DC,20005,"IB Associates LP",,437222,3," 2011, 2017 , 2018","75, 78 , 79",Office,2001,38.90296,-77.035121,1,rooftop,"1501 K St NW",,"Washington, DC 20005",1501,"K St NW",,,Washington,DC,"District of Columbia",20005,US,"Statewide (City of Washington)"
1423434,"	1725 DESALES ST NW","1725 DeSales St NW",,Washington,DC,20002,"JBG Smith",,81625,7," 2009, 2011 , 2012 , 2014 , 2016 , 2017 , 2018","77, 93 , 91 , 75 , 76 , 76 , 77",Office,1962,38.904975,-77.039723,0.99,rooftop,"1725 Desales St NW",,"Washington, DC 20036",1725,"Desales St NW",,,Washington,DC,"District of Columbia",20036,US,"Statewide (City of Washington)"
1423464,"	1726 M ST NW","1726 M St NW",,Washington,DC,20002,"Vornado/Charles E. Smith",,108548,3," 2010, 2011 , 2014","81, 84 , 83",Office,1963,38.905479,-76.978773,1,range_interpolation,"1726 M St NE",,"Washington, DC 20002",1726,"M St NE",,,Washington,DC,"District of Columbia",20002,US,"TIGER/Line® from the US Census Bureau"
1423516,"	1825 CONNECTICUT AVENUE","1825 Connecticut Av",,Washington,DC,20009,"JBG Smith",,351341,8," 2008, 2011 , 2012 , 2016 , 2017 , 2018 , 2020 , 2021","85, 97 , 86 , 76 , 85 , 84 , 75 , 85",Office,1957,38.915111,-77.045723,1,rooftop,"1825 Connecticut Ave NW",,"Washington, DC 20009",1825,"Connecticut Ave NW",,,Washington,DC,"District of Columbia",20009,US,"Statewide (City of Washington)"
1423556,"	1875 CONNECTICUT AVE NW","1875 Connecticut Ave NW",,Washington,DC,20037,"JBG Smith",,404202,9," 2008, 2010 , 2012 , 2014 , 2015 , 2016 , 2017 , 2018 , 2021","87, 87 , 88 , 79 , 84 , 83 , 92 , 82 , 75",Office,1961,38.915682,-77.045901,1,rooftop,"1875 Connecticut Ave NW",,"Washington, DC 20009",1875,"Connecticut Ave NW",,,Washington,DC,"District of Columbia",20009,US,"Statewide (City of Washington)"
1423599,"	2099 PENN AVE","2099 Pennsylvania Ave. NW",,Washington,DC,20006,"Paramount Group",,231164,7," 2008, 2009 , 2010 , 2012 , 2015 , 2016 , 2017","75, 75 , 77 , 76 , 88 , 79 , 77",Office,2000,38.901649,-77.046296,1,rooftop,"2099 Pennsylvania Ave NW",,"Washington, DC 20006",2099,"Pennsylvania Ave NW",,,Washington,DC,"District of Columbia",20006,US,"Statewide (City of Washington)"
1423627,"	1629 K ST NW","1629 K St NW",,Washington,DC,20002,"JBG Smith",,110784,2," 2011, 2018","83, 77",Office,1963,38.893486,-76.981268,1,range_interpolation,"1629 C St NE",,"Washington, DC 20002",1629,"C St NE",,,Washington,DC,"District of Columbia",20002,US,"TIGER/Line® from the US Census Bureau"
1423975,"	1666 K ST","1666 K St",,Washington,DC,20006,"Vornado/Charles E. Smith","Vornado/Charles E. Smith",294046,2," 2009, 2011","75, 79",Office,1971,38.9022,-77.038025,1,rooftop,"1666 K St NW",,"Washington, DC 20006",1666,"K St NW",,,Washington,DC,"District of Columbia",20006,US,"Statewide (City of Washington)"
1424750,"	133510 - 601 NEW JERSEY AVENUE","601 New Jersey Avenue",,Washington,DC,20001,"Principal Life Insurance Company","Polinger Company",275283,6," 2008, 2010 , 2012 , 2013 , 2014 , 2018","75, 81 , 88 , 94 , 91 , 78",Office,2001,38.89786,-77.011535,1,rooftop,"601 New Jersey Ave NW",,"Washington, DC 20001",601,"New Jersey Ave NW",,,Washington,DC,"District of Columbia",20001,US,"Statewide (City of Washington)"
1425442,"	700 13TH STREET","700 13th Street",,Washington,DC,20005,"700 Thirteenth Street LLC",Hines,285106,12," 2009, 2013 , 2014 , 2015 , 2016 , 2017 , 2018 , 2020 , 2021 , 2022 , 2023 , 2024","76, 81 , 84 , 76 , 75 , 77 , 76 , 83 , 88 , 83 , 75 , 80",Office,1988,38.898742,-77.030002,1,rooftop,"700 13th St NW",,"Washington, DC 20005",700,"13th St NW",,,Washington,DC,"District of Columbia",20005,US,"Statewide (City of Washington)"
1427108,"	POTOMAC CENTER SOUTH","550 12TH STREET SW",,"WASHINGTON DC",DC,20024,"Potomac Center CF LLC",,435863,15," 2008, 2010 , 2012 , 2013 , 2014 , 2015 , 2016 , 2017 , 2018 , 2019 , 2020 , 2021 , 2022 , 2023 , 2024","82, 91 , 90 , 89 , 90 , 88 , 86 , 88 , 92 , 84 , 87 , 85 , 86 , 91 , 89",Office,1968,38.883301,-77.027494,1,rooftop,"550 12th St SW",,"Washington, DC 20024",550,"12th St SW",,,Washington,DC,"District of Columbia",20024,US,"Statewide (City of Washington)"
1427938,"	BAEV-LASALLE ONE THOMAS CIRCLE LLC","One Thomas Circle",,Washington,DC,20005,"BAEV LaSalle One Thomas Circle, LLC",,256234,12," 2012, 2013 , 2014 , 2015 , 2017 , 2018 , 2019 , 2020 , 2021 , 2022 , 2023 , 2024","75, 84 , 76 , 80 , 82 , 82 , 78 , 82 , 87 , 81 , 82 , 76",Office,1982,38.905379,-77.032601,1,rooftop,"1 Thomas Cir NW",,"Washington, DC 20005",1,"Thomas Cir NW",,,Washington,DC,"District of Columbia",20005,US,"Statewide (City of Washington)"
1428777,"	SQUARE 742 LLC","1100 New Jersey Avenue, S.E.",,Washington,DC,20003,"William C. Smith & Co.",,303517,5," 2009, 2011 , 2012 , 2013 , 2016","92, 93 , 94 , 90 , 84",Office,2003,38.876959,-77.003945,1,rooftop,"1100 New Jersey Ave SE",,"Washington, DC 20003",1100,"New Jersey Ave SE",,,Washington,DC,"District of Columbia",20003,US,"Statewide (City of Washington)"
1429585,"	VAN NESS CENTER","4301 Connecticut Avenue",,Washington,DC,20008,"Van Ness Center Limited Partnership","Polinger Shannon & Luchs",196350,1," 2012",78,Office,1965,38.944782,-77.063111,1,rooftop,"4301 Connecticut Ave NW",,"Washington, DC 20008",4301,"Connecticut Ave NW",,,Washington,DC,"District of Columbia",20008,US,"Statewide (City of Washington)"
1430954,"	12844 MARLBOROUGH 919","919 18th St, NW",,Washington,DC,20006,"Marlborough 919, Inc","Marlborough 919, Inc",102004,1," 2010",82,Office,1980,38.901891,-77.041306,1,rooftop,"919 18th St NW",,"Washington, DC 20006",919,"18th St NW",,,Washington,DC,"District of Columbia",20006,US,"Statewide (City of Washington)"
1431050,"	1707 L STREET","1707 L Street, NW",,Washington,DC,20036,"The Tower Companies",,115882,13," 2012, 2013 , 2014 , 2015 , 2016 , 2017 , 2018 , 2019 , 2020 , 2021 , 2022 , 2023 , 2024","78, 86 , 90 , 90 , 92 , 92 , 93 , 85 , 89 , 86 , 84 , 85 , 90",Office,1960,38.904052,-77.039227,1,rooftop,"1707 L St NW",,"Washington, DC 20036",1707,"L St NW",,,Washington,DC,"District of Columbia",20036,US,"Statewide (City of Washington)"
1431261,"	1828 L STREET ASSOCIATES","1828 L Street, NW",,Washington,DC,20036,"The Tower Companies",,339039,16," 2009, 2010 , 2011 , 2012 , 2013 , 2014 , 2015 , 2016 , 2017 , 2018 , 2019 , 2020 , 2021 , 2022 , 2023 , 2024","75, 79 , 86 , 85 , 81 , 85 , 84 , 87 , 87 , 89 , 81 , 86 , 86 , 84 , 87 , 87",Office,1965,38.90352,-77.042942,1,rooftop,"1828 L St NW",,"Washington, DC 20036",1828,"L St NW",,,Washington,DC,"District of Columbia",20036,US,"Statewide (City of Washington)"
1433767,"	1121 FOURTEENTH STREET NW (NEUROSCIENCE)","1121 14th Street NW",,Washington,DC,20005,"1121 Properties, LLC",Akridge,87159,10," 2008, 2010 , 2012 , 2015 , 2018 , 2020 , 2021 , 2023 , 2024 , 2025","75, 86 , 77 , 76 , 83 , 78 , 87 , 84 , 84 , 84",Office,2006,38.904495,-77.031586,1,rooftop,"1121 14th St NW",,"Washington, DC 20005",1121,"14th St NW",,,Washington,DC,"District of Columbia",20005,US,"Statewide (City of Washington)"
1434327,"	20 M","20 M Street S.E.",,"Washington D.C.",DC,20036,"Southeast Realty, L.L.C.","Lerner Enterprises",196545,1," 2016",79,Office,2006,38.905794,-77.011324,1,range_interpolation,"20 M St NW",,"Washington, DC 20001",20,"M St NW",,,Washington,DC,"District of Columbia",20001,US,"TIGER/Line® from the US Census Bureau"
1435477,"	901 NEW YORK AVENUE","901 New York Ave., NW",,Washington,DC,20001,"Boston Properties Washington Regional Office",,604549,17," 2009, 2010 , 2011 , 2012 , 2013 , 2014 , 2015 , 2016 , 2017 , 2018 , 2019 , 2020 , 2021 , 2022 , 2023 , 2024 , 2025","83, 83 , 85 , 82 , 82 , 84 , 85 , 85 , 88 , 89 , 78 , 81 , 88 , 84 , 85 , 85 , 88",Office,2004,38.902124,-77.025282,1,rooftop,"901 New York Ave NW",,"Washington, DC 20001",901,"New York Ave NW",,,Washington,DC,"District of Columbia",20001,US,"Statewide (City of Washington)"
1435721,"	1301 NEW YORK AVE","1301 New York Ave., NW",,Washington,DC,20001,"1301 NEW YORK OWNER LLC","Cushman && Wakefield",207599,7," 2009, 2010 , 2011 , 2012 , 2014 , 2015 , 2016","77, 83 , 85 , 88 , 95 , 89 , 90",Office,1983,38.899979,-77.030341,1,range_interpolation,"1301 New York Ave NW",,"Washington, DC 20530",1301,"New York Ave NW",,,Washington,DC,"District of Columbia",20530,US,"TIGER/Line® from the US Census Bureau"
1436116,"	1330 CONNECTICUT AVE., NW","1330 Connecticut Ave., NW",,Washington,DC,20036,"Boston Properties Washington Regional Office",,335991,17," 2009, 2010 , 2011 , 2012 , 2013 , 2014 , 2015 , 2016 , 2017 , 2018 , 2019 , 2020 , 2021 , 2022 , 2023 , 2024 , 2025","75, 76 , 78 , 81 , 83 , 83 , 84 , 81 , 87 , 93 , 86 , 87 , 95 , 91 , 87 , 90 , 90",Office,1984,38.907894,-77.042921,1,rooftop,"1330 Connecticut Ave NW",,"Washington, DC 20036",1330,"Connecticut Ave NW",,,Washington,DC,"District of Columbia",20036,US,"Statewide (City of Washington)"
1436134,"	500 E ST SW - WASHINGTON","500 E Street, SW",,Washington,DC,20024,"Boyd DC II GSA, LLC",,283407,12," 2009, 2010 , 2011 , 2012 , 2013 , 2014 , 2015 , 2016 , 2017 , 2023 , 2024 , 2025","76, 82 , 80 , 85 , 84 , 87 , 87 , 89 , 89 , 76 , 77 , 78",Office,1987,38.882974,-77.018907,1,rooftop,"500 E St SW",,"Washington, DC 20254",500,"E St SW",,,Washington,DC,"District of Columbia",20254,US,"Statewide (City of Washington)"
1436140,"	CAPITAL GALLERY","600 Maryland Ave., SW","Suite 150W",Washington,DC,20024,"Boston Properties Washington Regional Office",,572811,17," 2009, 2010 , 2011 , 2012 , 2013 , 2014 , 2015 , 2016 , 2017 , 2018 , 2019 , 2020 , 2021 , 2022 , 2023 , 2024 , 2025","79, 84 , 86 , 90 , 91 , 90 , 89 , 90 , 90 , 90 , 81 , 81 , 80 , 82 , 81 , 75 , 80",Office,1982,38.886053,-77.020701,1,rooftop,"600 Maryland Ave SW",,"Washington, DC 20024",600,"Maryland Ave SW",,,Washington,DC,"District of Columbia",20024,US,"Statewide (City of Washington)"
1436314,"	METROPOLITAN SQUARE","655 15th Street, NW",,Washington,DC,20005,"Boston Properties Washington Regional Office",,718241,16," 2009, 2010 , 2011 , 2012 , 2013 , 2014 , 2015 , 2016 , 2017 , 2018 , 2019 , 2020 , 2021 , 2022 , 2023 , 2024","93, 85 , 79 , 86 , 81 , 82 , 81 , 86 , 87 , 89 , 81 , 90 , 88 , 90 , 89 , 87",Office,1982,38.897911,-77.033177,1,rooftop,"655 15th St NW",,"Washington, DC 20005",655,"15th St NW",,,Washington,DC,"District of Columbia",20005,US,"Statewide (City of Washington)"
1436368,"	MARKET SQUARE NORTH","401 9th Street, NW","Suite 150",Washington,DC,20004,"Boston Properties Washington Regional Office",,475190,16," 2009, 2010 , 2011 , 2012 , 2013 , 2014 , 2015 , 2016 , 2017 , 2018 , 2020 , 2021 , 2022 , 2023 , 2024 , 2025","80, 84 , 85 , 81 , 82 , 82 , 84 , 84 , 83 , 83 , 76 , 77 , 79 , 78 , 80 , 86",Office,2000,38.895455,-77.023646,1,rooftop,"401 9th St NW",,"Washington, DC 20004",401,"9th St NW",,,Washington,DC,"District of Columbia",20004,US,"Statewide (City of Washington)"
1437113,"	0636 EYE STREET NW (ASLA)","636 Eye Street NW",,Washington,DC,20001,ASLA,,12800,7," 2008, 2009 , 2010 , 2012 , 2013 , 2014 , 2015","80, 84 , 91 , 91 , 89 , 84 , 95",Office,1994,38.907391,-77.020202,0.9,range_interpolation,"636 N St NW",,"Washington, DC 20001",636,"N St NW",,,Washington,DC,"District of Columbia",20001,US,"TIGER/Line® from the US Census Bureau"
1437829,"	EMBASSY OF FINLAND","3301 Massachusetts Ave. NW",,Washington,DC,20008,"Embassy of Finland",,50278,8," 2008, 2009 , 2010 , 2011 , 2015 , 2016 , 2017 , 2018","75, 79 , 80 , 86 , 89 , 86 , 85 , 86",Office,1994,38.924491,-77.06511,1,rooftop,"3301 Massachusetts Ave NW",,"Washington, DC 20008",3301,"Massachusetts Ave NW",,,Washington,DC,"District of Columbia",20008,US,"Statewide (City of Washington)"
1438275,"	0630 I STREET NW (NAHRO)","630 I Street NW",,Washington,DC,20001,"National Association of House and Development Officials",Akridge,18341,8," 2011, 2012 , 2013 , 2014 , 2015 , 2016 , 2017 , 2018","77, 81 , 81 , 81 , 76 , 88 , 88 , 86",Office,1994,38.900626,-77.02122,1,rooftop,"630 I St NW",,"Washington, DC 20001",630,"I St NW",,,Washington,DC,"District of Columbia",20001,US,"Statewide (City of Washington)"
14411854,"	1000 F STREET NW","1000 F Street NW",,Washington,DC,20004,"1000 F Property LLC","Lincoln Property Company",101365,1," 2024",76,Office,2017,38.897175,-77.026205,1,rooftop,"1000 F St NW",,"Washington, DC 20004",1000,"F St NW",,,Washington,DC,"District of Columbia",20004,US,"Statewide (City of Washington)"
1446135,"	810 7TH ST N.W.","810 7th St N.W.",,Washington,DC,20001,"810 Seventh Avenue SPE LLC","Madison Marquette",282901,9," 2012, 2013 , 2014 , 2015 , 2016 , 2017 , 2018 , 2019 , 2020","77, 77 , 81 , 82 , 87 , 90 , 87 , 78 , 76",Office,1991,38.900318,-77.02222,1,rooftop,"810 7th St NW",,"Washington, DC 20001",810,"7th St NW",,,Washington,DC,"District of Columbia",20001,US,"Statewide (City of Washington)"
1447242,"	10 G","10 G Street NE",,Washington,DC,20002,"APA LLC","Cushman Wakefeild",280169,12," 2009, 2010 , 2012 , 2013 , 2014 , 2015 , 2016 , 2017 , 2018 , 2019 , 2022 , 2023","81, 81 , 88 , 90 , 92 , 92 , 95 , 95 , 96 , 92 , 96 , 89",Office,1997,38.899133,-77.008114,1,rooftop,"10 G St NE",,"Washington, DC 20002",10,"G St NE",,,Washington,DC,"District of Columbia",20002,US,"Statewide (City of Washington)"
1470509,"	1111 19TH ST NW","1111 19th St NW",,Washington,DC,20036,"UNIZO Real Estate DC Nine, LLC","Cushman && Wakefield",299876,14," 2011, 2012 , 2013 , 2014 , 2015 , 2016 , 2017 , 2018 , 2019 , 2020 , 2021 , 2022 , 2023 , 2024","81, 81 , 76 , 81 , 82 , 92 , 93 , 87 , 80 , 83 , 83 , 85 , 87 , 89",Office,1979,38.904428,-77.042958,1,rooftop,"1111 19th St NW",,"Washington, DC 20036",1111,"19th St NW",,,Washington,DC,"District of Columbia",20036,US,"Statewide (City of Washington)"
14818203,"	ORE 82 - CO (GR340)","82 I St SE",,Washington,DC,20003,Greystar,,227371,2," 2023, 2025","94, 98","Multifamily Housing",2016,38.879637,-77.005597,1,rooftop,"82 I St SE",,"Washington, DC 20003",82,"I St SE",,,Washington,DC,"District of Columbia",20003,US,"Statewide (City of Washington)"
14818275,"	ANTHOLOGY - DC -  OC (NT077)","625 H St NE",,Washington,DC,20002,"Bentall Green Oak",,332261,1," 2024",85,"Multifamily Housing",2014,38.899952,-76.99739,1,rooftop,"625 H St NE",,"Washington, DC 20002",625,"H St NE",,,Washington,DC,"District of Columbia",20002,US,"Statewide (City of Washington)"
14819627,"	2M STREET APARTMENTS","2 M St NE ",,Washington,DC,20002,"Avanath Capital Management",,389663,2," 2022, 2023","88, 83","Multifamily Housing",2014,38.905852,-77.008464,1,rooftop,"2 M St NE",,"Washington, DC 20002",2,"M St NE",,,Washington,DC,"District of Columbia",20002,US,"Statewide (City of Washington)"
14845879,"	RESA (RS086) (RS190)","22 M Street NE",,Washington,DC,20002,"NM-RESA LLC",Bozzuto,305911,1," 2024",85,"Multifamily Housing",2019,38.905889,-77.007854,1,rooftop,"22 M St NE",,"Washington, DC 20002",22,"M St NE",,,Washington,DC,"District of Columbia",20002,US,"Statewide (City of Washington)"
14845912,"	STATION HOUSE (TN50) (ST660)","701 2nd Street NE",,Washington,DC,20002,Bozzuto,,411143,1," 2024",79,"Multifamily Housing",2015,38.899211,-77.003214,1,rooftop,"701 2nd St NE",,"Washington, DC 20002",701,"2nd St NE",,,Washington,DC,"District of Columbia",20002,US,"Statewide (City of Washington)"
1486998,"	1220 L STREET","1220 L Street, NW",,Washington,DC,20005,"13th & L Assocates",,321980,10," 2012, 2014 , 2016 , 2017 , 2018 , 2019 , 2020 , 2021 , 2023 , 2024","78, 83 , 86 , 85 , 82 , 77 , 82 , 86 , 83 , 86",Office,1983,38.903374,-77.029119,1,rooftop,"1220 L St NW",,"Washington, DC 20005",1220,"L St NW",,,Washington,DC,"District of Columbia",20005,US,"Statewide (City of Washington)"
1492661,"	THE COSTAR GROUP BUILDING","1331 L Street, NW",,Washington,DC,20005,"Drawbridge L Street LLC",LPC,198452,9," 2011, 2013 , 2015 , 2017 , 2018 , 2020 , 2021 , 2022 , 2023","90, 89 , 89 , 87 , 85 , 81 , 80 , 77 , 78",Office,2008,38.904089,-77.031016,1,rooftop,"1331 L St NW",,"Washington, DC 20005",1331,"L St NW",,,Washington,DC,"District of Columbia",20005,US,"Statewide (City of Washington)"
14931708,"	THE ASPEN (SP144)","1011 4th St NW",,Washington,DC,20001,Greystar,,111401,6," 2018, 2019 , 2021 , 2022 , 2023 , 2025","100, 100 , 95 , 88 , 84 , 99","Multifamily Housing",2016,38.903372,-77.015905,1,rooftop,"1011 4th St NW",,"Washington, DC 20001",1011,"4th St NW",,,Washington,DC,"District of Columbia",20001,US,"Statewide (City of Washington)"
1495502,"	1620 EYE, LLC","1620 I St, NW",,Washington,DC,20006,"1620 Eye, LLC",,123885,6," 2013, 2016 , 2017 , 2023 , 2024 , 2025","75, 76 , 78 , 75 , 76 , 78",Office,1971,38.901086,-77.037501,1,rooftop,"1620 I St NW",,"Washington, DC 20006",1620,"I St NW",,,Washington,DC,"District of Columbia",20006,US,"Statewide (City of Washington)"
1495933,"	901 F STREET, NW","901 F ST, NW",,Washington,DC,20004,"901 F, LLC",,106020,4," 2017, 2023 , 2024 , 2025","75, 77 , 75 , 76",Office,1869,38.897556,-77.024312,1,rooftop,"901 F St NW",,"Washington, DC 20004",901,"F St NW",,,Washington,DC,"District of Columbia",20004,US,"Statewide (City of Washington)"
1497374,"	1156 FIFTEENTH, LLC","1156 15th St, NW",,Washington,DC,20005,"1156 Fifteenth, LLC c/o TF Cornerstone",,177404,7," 2013, 2016 , 2017 , 2018 , 2021 , 2022 , 2025","82, 85 , 87 , 84 , 83 , 78 , 80",Office,1967,38.905391,-77.03503,1,rooftop,"1156 15th St NW",,"Washington, DC 20005",1156,"15th St NW",,,Washington,DC,"District of Columbia",20005,US,"Statewide (City of Washington)"
1497433,"	1101 15TH STREET","1101 15th ST, NW",,Washington,DC,20005,"TF Cornerstone, Inc.",,171350,1," 2017",79,Office,1973,38.903941,-77.034218,1,rooftop,"1101 15th St NW",,"Washington, DC 20005",1101,"15th St NW",,,Washington,DC,"District of Columbia",20005,US,"Statewide (City of Washington)"
1498178,"	409 3RD STREET SW","409 3rd Street SW",,Washington,DC,20024,"WOC, LLC",,431263,4," 2010, 2011 , 2014 , 2016","75, 75 , 75 , 76",Office,1985,38.884847,-77.015042,1,range_interpolation,"409 3rd St SW",,"Washington, DC 20024",409,"3rd St SW",,,Washington,DC,"District of Columbia",20024,US,"TIGER/Line® from the US Census Bureau"
15088610,"	BOATHOUSE","2601 Virginia Avenue NW",,Washington,DC,20037,"DC Boathouse, LLC","UIP Property Management, Inc.",166910,1," 2023",87,"Multifamily Housing",1962,38.900291,-77.055352,1,rooftop,"2601 Virginia Ave NW",,"Washington, DC 20037",2601,"Virginia Ave NW",,,Washington,DC,"District of Columbia",20037,US,"Statewide (City of Washington)"
1513590,"	EMBASSY OF FRANCE","4101 Reservior Road",,Washington,DC,20007,"Embassy of France",,217349,9," 2012, 2013 , 2014 , 2015 , 2016 , 2017 , 2018 , 2019 , 2021","85, 92 , 89 , 87 , 93 , 93 , 92 , 80 , 83",Office,1983,38.914115,-77.07869,0.93,rooftop,"4101 Reservoir Rd NW",,"Washington, DC 20007",4101,"Reservoir Rd NW",,,Washington,DC,"District of Columbia",20007,US,"Statewide (City of Washington)"
1515716,"	SA-01-COLUMBIA PLAZA","2401 E Street, NW",,Washington,DC,20522,"U.S. Department of State",,573058,3," 2013, 2015 , 2017","82, 89 , 95",Office,1972,38.896532,-77.051917,1,rooftop,"2401 E St NW",,"Washington, DC 20226",2401,"E St NW",,,Washington,DC,"District of Columbia",20226,US,"Statewide (City of Washington)"
15176897,"	MODERN ON M, PHASE II","480 K Street SW",,Washington,DC,20024,"John Hancock Life Insurance Company (U.S.A)",Bozzuto,118257,1," 2022",94,"Multifamily Housing",2018,38.878194,-77.019367,1,rooftop,"480 K St SW",,"Washington, DC 20024",480,"K St SW",,,Washington,DC,"District of Columbia",20024,US,"Statewide (City of Washington)"
15177981,"	MODERN ON M, PHASE I","465 M Street SW",,Washington,DC,20024,"John Hancock Life Insurance Company (U.S.A)",Bozzuto,116521,1," 2022",85,"Multifamily Housing",2018,38.87674,-77.019374,1,rooftop,"465 M St SW",,"Washington, DC 20024",465,"M St SW",,,Washington,DC,"District of Columbia",20024,US,"Statewide (City of Washington)"
15238218,"	ORE82 APARTMENTS","82 I Street",,Washington,DC,20003,Greystar,,256334,1," 2022",100,"Multifamily Housing",2016,38.879637,-77.005597,1,rooftop,"82 I St SE",,"Washington, DC 20003",82,"I St SE",,,Washington,DC,"District of Columbia",20003,US,"Statewide (City of Washington)"
1525528,"	50011 - 1425 NEW YORK AVE NW","1425 New York Ave NW",,Washington,DC,20005,"Liberty Property Trust",,282431,10," 2010, 2011 , 2012 , 2013 , 2014 , 2015 , 2016 , 2017 , 2018 , 2019","76, 77 , 82 , 85 , 86 , 86 , 88 , 90 , 92 , 89",Office,1992,38.899716,-77.032616,1,rooftop,"1425 New York Ave NW",,"Washington, DC 20005",1425,"New York Ave NW",,,Washington,DC,"District of Columbia",20005,US,"Statewide (City of Washington)"
1526560,"	CHEVY CHASE - OFFICE","5335 Wisconsin Avenue",,Washington,DC,20015,"CLPF-CC Pavilion, LP",,212500,16," 2009, 2010 , 2011 , 2012 , 2013 , 2014 , 2015 , 2016 , 2017 , 2018 , 2019 , 2020 , 2021 , 2022 , 2023 , 2024","80, 87 , 89 , 86 , 88 , 90 , 91 , 92 , 94 , 95 , 89 , 91 , 89 , 90 , 90 , 85",Office,1990,38.960133,-77.084847,1,rooftop,"5335 Wisconsin Ave NW",,"Washington, DC 20015",5335,"Wisconsin Ave NW",,,Washington,DC,"District of Columbia",20015,US,"Statewide (City of Washington)"
1544020,"	505 9TH STREET","505 9th Street",NW,"Washington DC",DC,20004,"PGIM Real Estate","Cushman && Wakefield",348069,16," 2009, 2010 , 2011 , 2012 , 2013 , 2014 , 2015 , 2016 , 2017 , 2018 , 2020 , 2021 , 2022 , 2023 , 2024 , 2025","82, 82 , 80 , 83 , 77 , 83 , 85 , 83 , 86 , 86 , 79 , 86 , 81 , 82 , 75 , 75",Office,2007,38.896527,-77.023715,1,rooftop,"505 9th St NW",,"Washington, DC 20004",505,"9th St NW",,,Washington,DC,"District of Columbia",20004,US,"Statewide (City of Washington)"
1548444,"	COLUMBIA HEIGHTS (2259)","3100 14TH ST NW STE 201",,WASHINGTON,DC,20010,"Target Corporation",,179201,1," 2014",78,"Retail Store",2008,38.929308,-77.032986,1,rooftop,"3100 14th St NW","Ste 201","Washington, DC 20010",3100,"14th St NW",Ste,201,Washington,DC,"District of Columbia",20010,US,"Statewide (City of Washington)"
1551568,"	FRANCES PERKINS BUILDING","200 Constitution Ave, NW",,Washington,DC,20210,"U. S. Department of Labor","U. S. Department of Labor",1953000,2," 2008, 2009","78, 78",Office,1974,38.893335,-77.014398,1,rooftop,"200 Constitution Ave NW",,"Washington, DC 20210",200,"Constitution Ave NW",,,Washington,DC,"District of Columbia",20210,US,"Statewide (City of Washington)"
1553280,"	1411 K STREET","1411 K Street NW",,Washington,DC,20005,"Ta Realty",,79848,7," 2009, 2017 , 2018 , 2019 , 2020 , 2021 , 2022","79, 95 , 91 , 91 , 95 , 93 , 76",Office,1958,38.902932,-77.032564,1,rooftop,"1411 K St NW",,"Washington, DC 20005",1411,"K St NW",,,Washington,DC,"District of Columbia",20005,US,"Statewide (City of Washington)"
1556347,"	1220 19TH STREET (TQ28)","1220 19th Street, N.W.",,"Washington, D.C.",DC,20036,"Brookfield Properties",CBRE,99499,15," 2009, 2011 , 2013 , 2014 , 2015 , 2016 , 2017 , 2018 , 2019 , 2020 , 2021 , 2022 , 2023 , 2024 , 2025","86, 83 , 85 , 78 , 81 , 90 , 90 , 88 , 84 , 87 , 83 , 78 , 75 , 78 , 87",Office,1978,38.90664,-77.043905,1,rooftop,"1220 19th St NW",,"Washington, DC 20036",1220,"19th St NW",,,Washington,DC,"District of Columbia",20036,US,"Statewide (City of Washington)"
1556355,"	1776 G STREET","1776 G Street, N.W.",,"Washington, D.C.",DC,20006,"Washington Real Estate Investment Trust",,273918,5," 2009, 2011 , 2016 , 2017 , 2018","81, 80 , 81 , 80 , 81",Office,1979,38.898106,-77.041178,1,rooftop,"1776 G St NW",,"Washington, DC 20006",1776,"G St NW",,,Washington,DC,"District of Columbia",20006,US,"Statewide (City of Washington)"
1557565,"	700 11TH STREET","700 11th Street NW",,Washington,DC,20001,"1991 Acquisition Fund",,345311,1," 2021",76,Office,1991,38.898749,-77.027322,1,rooftop,"700 11th St NW",,"Washington, DC 20001",700,"11th St NW",,,Washington,DC,"District of Columbia",20001,US,"Statewide (City of Washington)"
15619580,"	THE GANTRY (DC) - GN021 & GN034","300 Morse St NE",,Washington,DC,20002,"300 Morse CPK Owner LLC",,551849,2," 2023, 2024","75, 83","Multifamily Housing",2021,38.909004,-77.00089,1,rooftop,"300 Morse St NE",,"Washington, DC 20002",300,"Morse St NE",,,Washington,DC,"District of Columbia",20002,US,"Statewide (City of Washington)"
1567527,"	1310 G STREET","1310 G Street, NW","Suite 250",Washington,DC,20005,"Gaedeke Group LLC (Corporate Office)",,227165,18," 2007, 2009 , 2010 , 2011 , 2012 , 2013 , 2014 , 2015 , 2016 , 2017 , 2018 , 2019 , 2020 , 2021 , 2022 , 2023 , 2024 , 2025","81, 78 , 76 , 78 , 76 , 80 , 85 , 85 , 88 , 89 , 86 , 82 , 86 , 91 , 86 , 85 , 88 , 85",Office,1991,38.898118,-77.030625,1,rooftop,"1310 G St NW",,"Washington, DC 20005",1310,"G St NW",,,Washington,DC,"District of Columbia",20005,US,"Statewide (City of Washington)"
1569687,"	1800 M STREET","1800 M Street, NW",,Washington,DC,20036,"Columbia Property Trust",,615281,13," 2012, 2013 , 2014 , 2015 , 2016 , 2017 , 2018 , 2020 , 2021 , 2022 , 2023 , 2024 , 2025","83, 81 , 88 , 87 , 85 , 81 , 83 , 76 , 77 , 81 , 83 , 85 , 82",Office,1975,38.905338,-77.04224,1,rooftop,"1800 M St NW",,"Washington, DC 20036",1800,"M St NW",,,Washington,DC,"District of Columbia",20036,US,"Statewide (City of Washington)"
15706655,"	1630 PARK","1630 Park Rd. NW",,Washington,DC,20010,"Bernstein Management Corporation",,31992,1," 2022",79,"Multifamily Housing",1927,38.931809,-77.037635,1,rooftop,"1630 Park Rd NW",,"Washington, DC 20010",1630,"Park Rd NW",,,Washington,DC,"District of Columbia",20010,US,"Statewide (City of Washington)"
15706657,"	PALISADES","1464 Rhode Island Ave. NW",,Washington,DC,20005,"Bernstein Management Corporation",,38657,1," 2022",94,"Multifamily Housing",1970,38.907798,-77.034032,1,rooftop,"1464 Rhode Island Ave NW",,"Washington, DC 20005",1464,"Rhode Island Ave NW",,,Washington,DC,"District of Columbia",20005,US,"Statewide (City of Washington)"
15708744,"	UNION PLACE (UN075)","200 K Street NE",,Washington,DC,20003,"Toll DC II LP",Bozzuto,560000,1," 2025",86,"Multifamily Housing",2018,38.886252,-77.003124,1,rooftop,"200 C St SE",,"Washington, DC 20003",200,"C St SE",,,Washington,DC,"District of Columbia",20003,US,"Statewide (City of Washington)"
1583318,"	PORTALS I - 1250/1280 MARYLAND AVE","1280 Maryland Avenue, SW","Suite 280",Washington,DC,20024,"Republic Properties Corporation",,583876,4," 2011, 2013 , 2015 , 2016","75, 84 , 85 , 86",Office,1992,38.883272,-77.02971,1,rooftop,"1280 Maryland Ave SW",,"Washington, DC 20024",1280,"Maryland Ave SW",,,Washington,DC,"District of Columbia",20024,US,"Statewide (City of Washington)"
1583321,"	REPUBLIC SQUARE - 25 MASS AVE","25 Massachusetts Ave, NW",,Washington,DC,20001,"T-C Republic Square Owner, LLC","Lincoln Property Company",402012,12," 2010, 2013 , 2015 , 2016 , 2017 , 2018 , 2019 , 2020 , 2021 , 2022 , 2023 , 2024","76, 87 , 77 , 85 , 89 , 91 , 78 , 78 , 85 , 77 , 80 , 76",Office,2006,38.898484,-77.010361,1,rooftop,"25 Massachusetts Ave NW",,"Washington, DC 20001",25,"Massachusetts Ave NW",,,Washington,DC,"District of Columbia",20001,US,"Statewide (City of Washington)"
1583325,"	PORTALS III-1201 MARYLAND AVENUE","1201 Maryland Avenue, SW",,Washington,DC,20024,"Parcel 47D, LLC",,518049,10," 2011, 2013 , 2015 , 2016 , 2017 , 2018 , 2019 , 2020 , 2021 , 2022","93, 93 , 82 , 80 , 89 , 89 , 80 , 75 , 84 , 80",Office,2005,38.8847,-77.029426,1,rooftop,"1201 Maryland Ave SW",,"Washington, DC 20024",1201,"Maryland Ave SW",,,Washington,DC,"District of Columbia",20024,US,"Statewide (City of Washington)"
1583329,"	PORTALS II","445 12th Street, SW",,Washington,DC,20024,"Parcel 49C Limited Partnership c/o Republic Properties Corporation","Republic Properties Corporation",674936,5," 2018, 2020 , 2023 , 2024 , 2025","80, 75 , 83 , 85 , 86",Office,1995,38.884733,-77.027973,1,range_interpolation,"445 12th St SW",,"Washington, DC 20024",445,"12th St SW",,,Washington,DC,"District of Columbia",20024,US,"TIGER/Line® from the US Census Bureau"
1597342,"	1750 K STREET NW","1750 K Street NW",,Washington,DC,20006,"JBG Smith",,180086,9," 2011, 2014 , 2016 , 2017 , 2018 , 2019 , 2020 , 2021 , 2022","93, 79 , 85 , 86 , 86 , 78 , 80 , 85 , 82",Office,1975,38.902141,-77.040779,1,rooftop,"1750 K St NW",,"Washington, DC 20006",1750,"K St NW",,,Washington,DC,"District of Columbia",20006,US,"Statewide (City of Washington)"
1606450,"	USCCB","3211 4th Street, N.E.",,Washington,DC,20017,USCCB,,194131,9," 2009, 2012 , 2014 , 2015 , 2018 , 2020 , 2021 , 2024 , 2025","83, 85 , 88 , 92 , 93 , 83 , 82 , 75 , 78",Office,1989,38.929802,-76.999475,1,rooftop,"3211 4th St NE",,"Washington, DC 20017",3211,"4th St NE",,,Washington,DC,"District of Columbia",20017,US,"Statewide (City of Washington)"
1620667,"	77 K STREET","77 K Street NE suite 100",,Washington,DC,20002,"Brookfield Properties",CBRE,338922,14," 2012, 2013 , 2014 , 2015 , 2016 , 2017 , 2018 , 2019 , 2020 , 2021 , 2022 , 2023 , 2024 , 2025","97, 92 , 88 , 89 , 93 , 94 , 95 , 90 , 90 , 89 , 88 , 89 , 88 , 91",Office,2008,38.893776,-77.006401,1,range_interpolation,"77 C St NE","Ste 100","Washington, DC 20002",77,"C St NE",Ste,100,Washington,DC,"District of Columbia",20002,US,"TIGER/Line® from the US Census Bureau"
16375824,"	2050 M STREET","2050 M Street, NW",,Washington,DC,20036,"Tishman Speyer",,372784,1," 2024",87,Office,2020,38.905441,-77.046229,1,rooftop,"2050 M St NW",,"Washington, DC 20036",2050,"M St NW",,,Washington,DC,"District of Columbia",20036,US,"Statewide (City of Washington)"
1640191,"	01720-WASHINGTON, DC","310014th Street NW",,Washington,DC,20010,"Staples Inc.",,17991,1," 2016",76,"Retail Store",2008,38.919185,-77.027563,0.9,street_center,"W St NW",,"Washington, DC 20009",,"W St NW",,,Washington,DC,"District of Columbia",20009,US,"TIGER/Line® dataset from the US Census Bureau"
1641990,"	THE FARRAGUT BUILDING","900 17th Street NW",450,Washington,DC,20006,GNAREI,"Cushman && Wakefield",160109,15," 2010, 2011 , 2012 , 2013 , 2014 , 2015 , 2016 , 2017 , 2018 , 2019 , 2020 , 2021 , 2022 , 2023 , 2024","81, 86 , 91 , 97 , 96 , 97 , 96 , 96 , 95 , 87 , 91 , 92 , 89 , 90 , 87",Office,1963,38.901615,-77.039832,1,rooftop,"900 17th St NW",,"Washington, DC 20006",900,"17th St NW",,,Washington,DC,"District of Columbia",20006,US,"Statewide (City of Washington)"
16459,"	I BUILDING","1850 I Street, N.W.",,Washington,DC,20433,"The World Bank",,477446,13," 2002, 2003 , 2004 , 2005 , 2006 , 2007 , 2008 , 2010 , 2011 , 2012 , 2014 , 2015 , 2018","81, 76 , 75 , 84 , 84 , 84 , 86 , 85 , 90 , 87 , 85 , 85 , 80",Office,1979,38.901003,-77.042768,1,rooftop,"1850 I St NW",,"Washington, DC 20433",1850,"I St NW",,,Washington,DC,"District of Columbia",20433,US,"Statewide (City of Washington)"
16460,"	J BUILDING","701 18th. Street, N.W.",,Washington,DC,20433,"The World Bank",,487894,12," 2002, 2003 , 2004 , 2007 , 2008 , 2009 , 2010 , 2011 , 2012 , 2014 , 2015 , 2018","76, 76 , 79 , 76 , 85 , 86 , 82 , 86 , 88 , 82 , 84 , 89",Office,1986,38.899012,-77.041282,1,rooftop,"701 18th St NW",,"Washington, DC 20006",701,"18th St NW",,,Washington,DC,"District of Columbia",20006,US,"Statewide (City of Washington)"
1649511,"	2445 M STREET","2445 M Street N.W.",,"Washington, D.C.",DC,20037,"Beacon Capital Partners","Cushman & Wakefield - 2445 M Street",325715,14," 2012, 2013 , 2014 , 2015 , 2016 , 2017 , 2018 , 2019 , 2020 , 2021 , 2022 , 2023 , 2024 , 2025","78, 80 , 79 , 82 , 82 , 86 , 89 , 77 , 87 , 89 , 84 , 89 , 88 , 83",Office,1986,38.905577,-77.052678,1,rooftop,"2445 M St NW",,"Washington, DC 20037",2445,"M St NW",,,Washington,DC,"District of Columbia",20037,US,"Statewide (City of Washington)"
1657117,"	1775 PENN AVE","1775 Pennsylvania Avenue, NW",,Washington,DC,20006,"Tishman Speyer",,153527,1," 2018",76,Office,1976,38.899905,-77.041367,1,rooftop,"1775 Pennsylvania Ave NW",,"Washington, DC 20006",1775,"Pennsylvania Ave NW",,,Washington,DC,"District of Columbia",20006,US,"Statewide (City of Washington)"
16591,"	INTERNATIONAL SQUARE","1875 Eye Street, NW",,Washington,DC,20006,"Tishman Speyer","CodeGreen Solutions Inc.",1343643,6," 2008, 2010 , 2011 , 2015 , 2018 , 2023","89, 86 , 88 , 88 , 79 , 78",Office,1978,38.907092,-77.043079,0.9,range_interpolation,"1875 N St NW",,"Washington, DC 20036",1875,"N St NW",,,Washington,DC,"District of Columbia",20036,US,"TIGER/Line® from the US Census Bureau"
1671354,"	ARIEL RIOS FEDERAL BUILDING","12TH & PENN AVE NW",,"Washington DC",DC,20004,"General Services Administration","General Services Administration",912684,1," 2011",88,Office,1934,38.9664,-77.028562,0.99,intersection,"12th St NW and Piney Branch Rd NW",,"Washington, DC 20011",,"12th St NW",,,Washington,DC,"District of Columbia",20011,US,"© OpenStreetMap contributors"
1675389,"	1152 15TH STREET","1152 15th Street, NW",,Washington,DC,20005,"SafeHold Inc.","Carr Properties",442831,12," 2010, 2014 , 2015 , 2016 , 2017 , 2018 , 2019 , 2020 , 2021 , 2022 , 2023 , 2024","88, 84 , 85 , 81 , 86 , 87 , 76 , 80 , 79 , 79 , 75 , 84",Office,2007,38.904942,-77.035239,1,rooftop,"1152 15th St NW",,"Washington, DC 20005",1152,"15th St NW",,,Washington,DC,"District of Columbia",20005,US,"Statewide (City of Washington)"
1677428,"	955 L'ENFANT PLAZA NORTH","955 L'Enfnat Plaza North S.W.",,"Washington, DC",DC,20024,"The JBG Companies","The JBG Companies",382503,2," 2010, 2012","78, 78",Office,1967,38.884481,-77.025043,0.92,rooftop,"955 L'enfant Plz SW",,"Washington, DC 20024",955,"L'enfant Plz SW",,,Washington,DC,"District of Columbia",20024,US,"Statewide (City of Washington)"
16909441,"	1129 20TH ST NW","1129 20th Street NW",,Washington,DC,20036,"1129 20th Street NW Owner LLC",,185337,10," 2012, 2013 , 2014 , 2015 , 2016 , 2017 , 2018 , 2019 , 2023 , 2024","79, 82 , 85 , 86 , 87 , 88 , 88 , 77 , 84 , 82",Office,1969,38.904559,-77.044511,1,rooftop,"1129 20th St NW",,"Washington, DC 20036",1129,"20th St NW",,,Washington,DC,"District of Columbia",20036,US,"Statewide (City of Washington)"
1711353,"	CHEVY CHASE PLAZA","5301 Wisconsin Avenue, NW",,Washington,DC,20015,Barings,,192641,2," 2022, 2023","75, 78",Office,1989,38.95931,-77.084381,1,rooftop,"5301 Wisconsin Ave NW",,"Washington, DC 20015",5301,"Wisconsin Ave NW",,,Washington,DC,"District of Columbia",20015,US,"Statewide (City of Washington)"
1717883,"	1301 CONNECTICUT AVE","1301 Connecticut Avenue",,Washington,DC,20036,"Shorenstein Realty Services",,59622,1," 2018",76,Office,1917,38.907654,-77.041932,1,rooftop,"1301 Connecticut Ave NW",,"Washington, DC 20036",1301,"Connecticut Ave NW",,,Washington,DC,"District of Columbia",20036,US,"Statewide (City of Washington)"
1733134,"	2000 M STREET (MQ14)","2000 M Street NW",,"Washington D.C.",DC,20036,"Brookfield Properties",,234389,3," 2012, 2023 , 2024","91, 77 , 77",Office,1971,38.90523,-77.045309,1,rooftop,"2000 M St NW",,"Washington, DC 20036",2000,"M St NW",,,Washington,DC,"District of Columbia",20036,US,"Statewide (City of Washington)"
17463859,"	1015 HALF STREET","1015 Half Street, SE Suite 105",,Washington,DC,20003,"HGIT 1015 Half Street LLC",,440937,10," 2016, 2017 , 2018 , 2019 , 2020 , 2021 , 2022 , 2023 , 2024 , 2025","97, 97 , 96 , 82 , 85 , 88 , 87 , 88 , 91 , 91",Office,2011,38.878278,-77.007308,1,range_interpolation,"1015 Half St SE","Ste 105","Washington, DC 20003",1015,"Half St SE",Ste,105,Washington,DC,"District of Columbia",20003,US,"TIGER/Line® from the US Census Bureau"
1750762,"	1145 19TH STREET NW - DHC","1145 19th Street NW",,WASHINGTON,DC,20036,"Diversified Healthcare Trust","The RMR Group",145130,4," 2021, 2022 , 2023 , 2024","89, 96 , 96 , 96","Medical Office",1990,38.905062,-77.042942,1,rooftop,"1145 19th St NW",,"Washington, DC 20036",1145,"19th St NW",,,Washington,DC,"District of Columbia",20036,US,"Statewide (City of Washington)"
1765382,"	1000 VERMONT AVENUE SPE LLC","1000 Vermont Ave NW","Suite LL02",Washington,DC,20005,Pembroke,"JLL -DC",89951,8," 2016, 2017 , 2018 , 2019 , 2020 , 2022 , 2023 , 2024","80, 86 , 86 , 83 , 87 , 82 , 81 , 80",Office,1950,38.902896,-77.033966,1,rooftop,"1000 Vermont Ave NW",,"Washington, DC 20005",1000,"Vermont Ave NW",,,Washington,DC,"District of Columbia",20005,US,"Statewide (City of Washington)"
1766560,"	NATIONAL ASSOCIATION OF REALTORS","500 New Jersey Avenue",,Washington,DC,20001,"National Association of Realtors","Cushman && Wakefield",102985,4," 2011, 2012 , 2017 , 2018","75, 78 , 75 , 75",Office,2004,38.896473,-77.011921,1,rooftop,"500 New Jersey Ave NW",,"Washington, DC 20001",500,"New Jersey Ave NW",,,Washington,DC,"District of Columbia",20001,US,"Statewide (City of Washington)"
1769596,"	800 K STREET","800 K Street, NW",,Washington,DC,20001,"800 K Street Associates, LLC","The JBG Companies",536839,2," 2012, 2013","75, 78",Office,1989,38.901485,-77.022598,1,rooftop,"800 K St NW",,"Washington, DC 20001",800,"K St NW",,,Washington,DC,"District of Columbia",20001,US,"Statewide (City of Washington)"
1769597,"	801 EYE STREET","801 Eye Street, NW",,Washington,DC,20001,"801 Eye Street Associates, LLC","The JBG Companies",335909,2," 2010, 2012","75, 80",Office,1990,38.907458,-77.023235,0.9,rooftop,"801 N St NW",,"Washington, DC 20001",801,"N St NW",,,Washington,DC,"District of Columbia",20001,US,"Statewide (City of Washington)"
17736,"	FRANKLIN SQUARE - 1300 EYE ST NW","1300 Eye Street",,Washington,DC,20005,"TIAA Franklin Square, LLC","JLL DC",528538,20," 1999, 2000 , 2006 , 2007 , 2008 , 2009 , 2010 , 2011 , 2012 , 2013 , 2014 , 2015 , 2016 , 2017 , 2018 , 2019 , 2020 , 2021 , 2023 , 2024","77, 79 , 81 , 84 , 83 , 82 , 88 , 83 , 81 , 84 , 86 , 80 , 80 , 84 , 84 , 76 , 78 , 77 , 84 , 85",Office,1989,38.904011,-77.031695,0.5,place,,,"Washington, DC 20005",,,,,Washington,DC,"District of Columbia",20005,US,"TIGER/Line® dataset from the US Census Bureau"
1774495,"	SUMNER SQUARE","1615 M Street",NW,"Washington DC",DC,20036,"Boston Properties Washington Regional Office",,228520,17," 2009, 2010 , 2011 , 2012 , 2013 , 2014 , 2015 , 2016 , 2017 , 2018 , 2019 , 2020 , 2021 , 2022 , 2023 , 2024 , 2025","76, 78 , 82 , 82 , 85 , 84 , 88 , 84 , 87 , 87 , 78 , 80 , 82 , 79 , 79 , 80 , 78",Office,1984,38.906046,-77.037469,1,rooftop,"1615 M St NW",,"Washington, DC 20036",1615,"M St NW",,,Washington,DC,"District of Columbia",20036,US,"Statewide (City of Washington)"
1779473,"	801 9TH STREET NW","801 9th Street NW",,Washington,DC,20001,"NSP Ventures Corp","J Street Companies",244837,6," 2010, 2011 , 2013 , 2016 , 2017 , 2024","76, 88 , 89 , 82 , 75 , 77",Office,1999,38.900313,-77.023616,1,rooftop,"801 9th St NW",,"Washington, DC 20001",801,"9th St NW",,,Washington,DC,"District of Columbia",20001,US,"Statewide (City of Washington)"
1787720,"	POTOMAC CENTER NORTH","500 12th Street SW",,Washington,DC,20024,"Potomac Center CF LLC",,508250,14," 2011, 2012 , 2013 , 2014 , 2015 , 2016 , 2017 , 2018 , 2019 , 2020 , 2021 , 2022 , 2023 , 2024","88, 86 , 96 , 91 , 90 , 91 , 90 , 90 , 82 , 82 , 81 , 77 , 84 , 78",Office,2005,38.884029,-77.02751,1,rooftop,"500 12th St SW",,"Washington, DC 20024",500,"12th St SW",,,Washington,DC,"District of Columbia",20024,US,"Statewide (City of Washington)"
1800460,"	2020 K STREET","2020 K Street N.W.",,Washington,DC,20006,"2020 K Corp","Jones Lang LaSalle - 2020 K",419988,3," 2015, 2016 , 2017","75, 79 , 83",Office,1976,38.902149,-77.046029,1,rooftop,"2020 K St NW",,"Washington, DC 20006",2020,"K St NW",,,Washington,DC,"District of Columbia",20006,US,"Statewide (City of Washington)"
1811655,"	LINCOLN SQUARE","555 11th St. NW",,Washington,DC,20004,"555 11th Owner, LLC","Cushman && Wakefield",498894,9," 2009, 2010 , 2011 , 2012 , 2014 , 2018 , 2021 , 2023 , 2024","85, 90 , 90 , 88 , 84 , 78 , 78 , 78 , 78",Office,2001,38.896701,-77.026652,1,rooftop,"555 11th St NW",,"Washington, DC 20004",555,"11th St NW",,,Washington,DC,"District of Columbia",20004,US,"Statewide (City of Washington)"
1840883,"	1100 13TH STREET","1100 13th Street NW",,Washington,DC,20005,"PGIM Real Estate","Cushman && Wakefield",276857,1," 2022",75,Office,2004,38.904221,-77.030016,1,rooftop,"1100 13th St NW",,"Washington, DC 20005",1100,"13th St NW",,,Washington,DC,"District of Columbia",20005,US,"Statewide (City of Washington)"
1856025,"	1441 L STREET","1441 L Street, NW",,Washington,DC,20005,"S. C. Herman & Associates, Inc.",,192804,3," 2012, 2014 , 2016","82, 84 , 83",Office,1969,38.903957,-77.033767,1,rooftop,"1441 L St NW",,"Washington, DC 20005",1441,"L St NW",,,Washington,DC,"District of Columbia",20005,US,"Statewide (City of Washington)"
18657414,"	BECKERT'S PARK (BC037)","1350 E St SE",,Washington,DC,20003,Bozzuto,,421855,1," 2024",86,"Multifamily Housing",2020,38.88308,-76.986181,1,rooftop,"1350 E St SE",,"Washington, DC 20003",1350,"E St SE",,,Washington,DC,"District of Columbia",20003,US,"Statewide (City of Washington)"
1873494,"	THE EXECUTIVE BUILDING","1030 15th Street, NW",,Washington,DC,20005,"Unizo Holdings U.S., LLC","Lincoln Property Company",352256,8," 2012, 2014 , 2015 , 2017 , 2018 , 2019 , 2021 , 2024","92, 89 , 92 , 94 , 95 , 86 , 92 , 90",Office,1968,38.903419,-77.035104,1,rooftop,"1030 15th St NW",,"Washington, DC 20005",1030,"15th St NW",,,Washington,DC,"District of Columbia",20005,US,"Statewide (City of Washington)"
1878428,"	JEFFERSON BUILDING","1225 19th Street",,Washington,DC,20036,"DC Jefferson Building LLC","Lincoln Property Company",70316,1," 2013",77,Office,1963,38.906661,-77.04307,1,rooftop,"1225 19th St NW",,"Washington, DC 20036",1225,"19th St NW",,,Washington,DC,"District of Columbia",20036,US,"Statewide (City of Washington)"
18950598,"	2100 L STREET NW","2100 L Street NW",,Washington,DC,20037,"Stevens Investors, LLC",Akridge,195547,4," 2022, 2023 , 2024 , 2025","83, 86 , 84 , 82",Office,2020,38.903521,-77.047096,1,rooftop,"2100 L St NW",,"Washington, DC 20037",2100,"L St NW",,,Washington,DC,"District of Columbia",20037,US,"Statewide (City of Washington)"
18961923,"	1275 NJ","1275 New Jersey Ave",,Washington,DC,20003,"Brookfield Properties",CBRE,293884,3," 2023, 2024 , 2025","78, 80 , 82",Office,2021,38.875001,-77.00421,1,rooftop,"1275 New Jersey Ave SE",,"Washington, DC 20003",1275,"New Jersey Ave SE",,,Washington,DC,"District of Columbia",20003,US,"Statewide (City of Washington)"
1942528,"	BATTELLE-TOMPKINS","4400 Massachusetts Ave",,Washington,DC,20016,"American University",,40713,1," 2017",84,Office,1957,38.939089,-77.088417,1,rooftop,"4400 Massachusetts Ave NW",,"Washington, DC 20016",4400,"Massachusetts Ave NW",,,Washington,DC,"District of Columbia",20016,US,"Statewide (City of Washington)"
19430185,"	JUDD","1611 Eckington Pl NE",,Washington,DC,20002,"JBG Smith",,255560,2," 2023, 2024","100, 97","Multifamily Housing",2021,38.911647,-77.00389,1,rooftop,"1611 Eckington Pl NE",,"Washington, DC 20002",1611,"Eckington Pl NE",,,Washington,DC,"District of Columbia",20002,US,"Statewide (City of Washington)"
19430216,"	WEILER","1550 Harry Thomas Way NE",,Washington,DC,20002,"JBG Smith",,163127,2," 2023, 2024","90, 86","Multifamily Housing",2021,38.912062,-77.002647,1,rooftop,"1550 Harry Thomas Way NE",,"Washington, DC 20002",1550,"Harry Thomas Way NE",,,Washington,DC,"District of Columbia",20002,US,"Statewide (City of Washington)"
1953,"	ONE FRANKLIN SQUARE","1301 K Street Nw",,Washington,DC,20005,Hines,,685141,23," 2000, 2002 , 2003 , 2004 , 2005 , 2006 , 2008 , 2009 , 2010 , 2011 , 2012 , 2013 , 2014 , 2015 , 2016 , 2017 , 2018 , 2019 , 2020 , 2021 , 2023 , 2024 , 2025","77, 86 , 85 , 85 , 84 , 84 , 94 , 94 , 90 , 87 , 89 , 90 , 87 , 93 , 85 , 83 , 84 , 77 , 80 , 77 , 75 , 75 , 80",Office,1990,38.902934,-77.030523,1,rooftop,"1301 K St NW",,"Washington, DC 20005",1301,"K St NW",,,Washington,DC,"District of Columbia",20005,US,"Statewide (City of Washington)"
19592050,"	ROWAN DC APARTMENTS (RW016)","2607 Reed St NE",,Washington,DC,20018,"HS Reed Street LLC",,289825,1," 2024",85,"Multifamily Housing",2021,38.923703,-76.993592,1,rooftop,"2607 Reed St NE",,"Washington, DC 20018",2607,"Reed St NE",,,Washington,DC,"District of Columbia",20018,US,"Statewide (City of Washington)"
1960203,"	STATION PLACE I","100 F Street, NE",,Washington,DC,20002,"Second Street Holdings, LLC","Property Group Partners",788412,6," 2011, 2017 , 2018 , 2019 , 2020 , 2021","77, 83 , 83 , 76 , 78 , 75",Office,2005,38.918314,-77.006713,1,rooftop,"100 V St NE",,"Washington, DC 20002",100,"V St NE",,,Washington,DC,"District of Columbia",20002,US,"Statewide (City of Washington)"
1960252,"	STATION PLACE II","600 Second Street NE",,Washington,DC,20002,"600 Second Street Holdings LLC","Property Group Partners",391885,10," 2011, 2014 , 2015 , 2017 , 2018 , 2019 , 2020 , 2021 , 2022 , 2023","75, 78 , 82 , 89 , 89 , 84 , 84 , 77 , 78 , 78",Office,2005,38.898185,-77.00417,1,rooftop,"600 2nd St NE",,"Washington, DC 20002",600,"2nd St NE",,,Washington,DC,"District of Columbia",20002,US,"Statewide (City of Washington)"
19680,"	THE NATIONAL HOUSING CENTER CORPORATION","1201 15th Street, NW",,Washington,DC,20005,"National Association of Home Builders",Transwestern,279791,19," 2004, 2006 , 2007 , 2008 , 2009 , 2010 , 2011 , 2012 , 2013 , 2014 , 2015 , 2016 , 2018 , 2019 , 2020 , 2021 , 2022 , 2023 , 2024","86, 86 , 89 , 93 , 89 , 92 , 93 , 91 , 95 , 89 , 87 , 89 , 94 , 83 , 86 , 86 , 85 , 86 , 84",Office,2001,38.905954,-77.033933,1,rooftop,"1201 15th St NW",,"Washington, DC 20005",1201,"15th St NW",,,Washington,DC,"District of Columbia",20005,US,"Statewide (City of Washington)"
19730,"	OTS BUILDING","1700 G Street, NW",,Washington,DC,20552,OTS,OTS,363855,1," 2002",75,Office,,38.898157,-77.039827,1,rooftop,"1700 G St NW",,"Washington, DC 20552",1700,"G St NW",,,Washington,DC,"District of Columbia",20552,US,"Statewide (City of Washington)"
1994306,"	WASHINGTON SQUARE","1050 Connecticut Avenue",N.W.,"Washington D.C.",DC,20036,"Lerner Corperation",,720712,4," 2021, 2022 , 2023 , 2024","82, 75 , 79 , 79",Office,1982,38.903515,-77.040352,1,rooftop,"1050 Connecticut Ave NW",,"Washington, DC 20036",1050,"Connecticut Ave NW",,,Washington,DC,"District of Columbia",20036,US,"Statewide (City of Washington)"
1997814,"	1300 19TH ST NW","1300 19th St NW",,Washington,DC,20036,"N-19 Associates","The Lenkin Company Management, Inc.",135155,7," 2012, 2016 , 2017 , 2018 , 2019 , 2021 , 2024","84, 88 , 91 , 91 , 78 , 87 , 78",Office,1978,38.907467,-77.043979,1,rooftop,"1300 19th St NW",,"Washington, DC 20036",1300,"19th St NW",,,Washington,DC,"District of Columbia",20036,US,"Statewide (City of Washington)"
20148796,"	SIGNAL HOUSE","350 Morse St NE",,"Washington DC",DC,20002,"Carr Properties",,238280,2," 2023, 2024","96, 82",Office,2021,38.907846,-77.000374,1,range_interpolation,"350 Morse St NE",,"Washington, DC 20002",350,"Morse St NE",,,Washington,DC,"District of Columbia",20002,US,"TIGER/Line® from the US Census Bureau"
20164,"	2100 PENNSYLVANIA AVENUE","2100 Pennsylvania Avenue",,Washington,DC,20037,"Tishman Speyer",,322250,4," 2012, 2013 , 2014 , 2015","75, 76 , 75 , 77",Office,1966,38.901043,-77.047212,1,rooftop,"2100 Pennsylvania Ave NW",,"Washington, DC 20037",2100,"Pennsylvania Ave NW",,,Washington,DC,"District of Columbia",20037,US,"Statewide (City of Washington)"
2035970,"	THE HENRY J KAISER FAMILY FOUNDATION","1330 G ST NW",,Washington,DC,20005,"Kaiser Family Foundation",Akridge,64160,2," 2023, 2024","80, 88",Office,2002,38.898063,-77.030935,1,rooftop,"1330 G St NW",,"Washington, DC 20005",1330,"G St NW",,,Washington,DC,"District of Columbia",20005,US,"Statewide (City of Washington)"
20396820,"	555 (D.C., HT024, SN266, ST481, ST482)","555 E Street SW",,Washington,DC,20024,Bozzuto,,304907,1," 2024",76,"Multifamily Housing",2018,38.883417,-77.019418,1,rooftop,"555 E St SW",,"Washington, DC 20024",555,"E St SW",,,Washington,DC,"District of Columbia",20024,US,"Statewide (City of Washington)"
20474538,"	4049 SOUTH CAPITOL STREET SW - WASHINGTON","4049 South Capitol Street SW",,Washington,DC,20032,"Washington DC I SGF, LLC",,29915,1," 2024",76,Office,2016,38.829995,-77.008151,1,rooftop,"4049 S Capitol St SW",,"Washington, DC 20032",4049,"S Capitol St SW",,,Washington,DC,"District of Columbia",20032,US,"Statewide (City of Washington)"
20474974,"	450 H ST, NW","450 H St, NW",,Washington,DC,20001,"Harbor Group Management Company (Corporate)",,31340,3," 2012, 2013 , 2024","76, 75 , 83",Office,1984,38.899595,-77.018269,1,rooftop,"450 H St NW",,"Washington, DC 20001",450,"H St NW",,,Washington,DC,"District of Columbia",20001,US,"Statewide (City of Washington)"
2058465,"	125310 - CAPITOL PLAZA I","1200 1st Street NE",,Washington,DC,20002,"Capitol Plaza I","Polinger Company",319180,14," 2011, 2012 , 2013 , 2014 , 2015 , 2016 , 2017 , 2018 , 2019 , 2020 , 2021 , 2022 , 2023 , 2024","85, 91 , 92 , 89 , 90 , 90 , 91 , 88 , 76 , 78 , 78 , 85 , 89 , 86",Office,2007,38.90609,-77.006302,1,rooftop,"1200 1st St NE",,"Washington, DC 20002",1200,"1st St NE",,,Washington,DC,"District of Columbia",20002,US,"Statewide (City of Washington)"
2058639,"	AARP HQ","601 E Street NW",,Washington,DC,20049,AARP,JLL,514474,1," 2024",91,Office,1991,38.896367,-77.020213,1,rooftop,"601 E St NW",,"Washington, DC 20049",601,"E St NW",,,Washington,DC,"District of Columbia",20049,US,"Statewide (City of Washington)"
2061,"	700 ELEVENTH STREET","700 Eleventh St.",,Washington,DC,20001,"1991 Acquistion Fund","1991 Acquistion Fund",363708,5," 2000, 2002 , 2003 , 2004 , 2005","90, 76 , 81 , 82 , 85",Office,1991,38.911936,-77.016719,0.5,place,,,"Washington, DC 20001",,,,,Washington,DC,"District of Columbia",20001,US,"TIGER/Line® dataset from the US Census Bureau"
20646952,"	THE BARTON AT WOODLEY GB000","2701 Calvert St NW",,Washington,DC,20008,"FHF I Woodley Park, LLC",,215391,1," 2024",87,"Multifamily Housing",2001,38.923547,-77.056343,1,rooftop,"2701 Calvert St NW",,"Washington, DC 20008",2701,"Calvert St NW",,,Washington,DC,"District of Columbia",20008,US,"Statewide (City of Washington)"
20648460,"	ATLANTIC PLUMBING C (900W&901W) FOR BENCHMARKING","900/901 W St NW",,Washington,DC,20001,"JBG Smith",,298091,1," 2022",80,"Multifamily Housing",2019,38.901502,-77.005925,0.82,range_interpolation,"900 1st St NE",,"Washington, DC 20002",900,"1st St NE",,,Washington,DC,"District of Columbia",20002,US,"TIGER/Line® from the US Census Bureau"
21793,"	550 17TH STREET","550 17th St., NW",,Washington,DC,20429,"Federal Deposit Insurance Corporation",,215776,1," 2017",79,Office,1961,38.896388,-76.980609,1,range_interpolation,"550 17th St NE",,"Washington, DC 20002",550,"17th St NE",,,Washington,DC,"District of Columbia",20002,US,"TIGER/Line® from the US Census Bureau"
2214,"	COLUMBIA SQUARE","555 13th Street N.W   Suite 420West",,Washington,DC,20004,Hines,,739341,21," 2000, 2003 , 2004 , 2005 , 2006 , 2008 , 2009 , 2010 , 2011 , 2012 , 2013 , 2014 , 2015 , 2017 , 2018 , 2019 , 2020 , 2021 , 2022 , 2023 , 2024","76, 75 , 76 , 78 , 83 , 76 , 75 , 79 , 75 , 78 , 78 , 79 , 80 , 81 , 90 , 77 , 78 , 82 , 81 , 82 , 81",Office,1987,38.897005,-77.029356,1,rooftop,"555 13th St NW","Ste 420","Washington, DC 20004",555,"13th St NW",Ste,420,Washington,DC,"District of Columbia",20004,US,"Statewide (City of Washington)"
2222721,"	601 PENNSYLVANIA AVENUE","601 Pennsylvania Ave, NW",,"Washington DC",DC,20004,"Saul Centers",,244003,10," 2010, 2012 , 2013 , 2014 , 2017 , 2018 , 2021 , 2023 , 2024 , 2025","78, 75 , 78 , 80 , 85 , 84 , 78 , 77 , 78 , 85",Office,1986,38.893307,-77.020504,1,rooftop,"601 Pennsylvania Ave NW",,"Washington, DC 20004",601,"Pennsylvania Ave NW",,,Washington,DC,"District of Columbia",20004,US,"Statewide (City of Washington)"
2226415,"	4000 MASS","4000 Massachusetts Avenue",,Washington,DC,20016,"4000 Massachusetts Avenue LLC","Polinger Company",569467,1," 2016",95,"Multifamily Housing",1961,38.931377,-77.078786,1,rooftop,"4000 Massachusetts Ave NW",,"Washington, DC 20016",4000,"Massachusetts Ave NW",,,Washington,DC,"District of Columbia",20016,US,"Statewide (City of Washington)"
2236387,"	CTTWB","1875 Pennsylvania Avenue",,"N.W. Washington",DC,20006,"EastBanc Inc",,308566,3," 2020, 2021 , 2023","80, 75 , 85",Office,2005,38.900502,-77.042539,1,rooftop,"1875 Pennsylvania Ave NW",,"Washington, DC 20006",1875,"Pennsylvania Ave NW",,,Washington,DC,"District of Columbia",20006,US,"Statewide (City of Washington)"
2256771,"	1625 MASSACHUSETTS AVENUE NW","1625 Massachusetts Avenue NW",,Washington,DC,20036,"1625 Massachusetts Avenue LLC","The Lenkin Company",129780,3," 2016, 2017 , 2018","77, 87 , 76",Office,1968,38.908173,-77.038036,1,rooftop,"1625 Massachusetts Ave NW",,"Washington, DC 20036",1625,"Massachusetts Ave NW",,,Washington,DC,"District of Columbia",20036,US,"Statewide (City of Washington)"
2256973,"	1717 H ST. NW","1717 H St. NW",,Washington,DC,20006,"Matomic Operating Co","Stoladi Property Group",317809,4," 2013, 2015 , 2016 , 2021","76, 75 , 79 , 84",Office,1990,38.900501,-77.040597,1,rooftop,"1717 H St NW",,"Washington, DC 20006",1717,"H St NW",,,Washington,DC,"District of Columbia",20006,US,"Statewide (City of Washington)"
2256994,"	5101 WISCONSIN","5101 Wisconsin Avenue NW",,Washington,DC,20016,"Garrison Associates, LLC","The Lenkin Company Management, Inc.",61855,3," 2017, 2018 , 2024","81, 81 , 84",Office,1968,38.956256,-77.082982,1,rooftop,"5101 Wisconsin Ave NW",,"Washington, DC 20016",5101,"Wisconsin Ave NW",,,Washington,DC,"District of Columbia",20016,US,"Statewide (City of Washington)"
2267,"	600 THIRTEENTH ST","600 13th St Nw",,Washington,DC,20005,"Hines Interest Limited Partnership","Hines Interest Limited Partnership",256923,12," 1999, 2002 , 2003 , 2004 , 2005 , 2006 , 2007 , 2008 , 2009 , 2010 , 2011 , 2012","79, 78 , 80 , 76 , 79 , 81 , 79 , 79 , 80 , 80 , 81 , 79",Office,1997,38.89785,-77.029982,1,rooftop,"600 13th St NW",,"Washington, DC 20005",600,"13th St NW",,,Washington,DC,"District of Columbia",20005,US,"Statewide (City of Washington)"
2275407,"	GEORGETOWN PLAZA","2233 Wisconsin Ave.  NW",,"Washington, DC",DC,20007,"Carr Properties","Carr Properties",127028,2," 2012, 2013","96, 91",Office,1964,38.91995,-77.070742,1,rooftop,"2233 Wisconsin Ave NW",,"Washington, DC 20007",2233,"Wisconsin Ave NW",,,Washington,DC,"District of Columbia",20007,US,"Statewide (City of Washington)"
2279002,"	1575 EYE STREET","1575 Eye Street, NW",,"Washington, DC",DC,20005,"Duwaliya Real Estate, Inc.","Cushman && Wakefield",225112,10," 2012, 2013 , 2014 , 2015 , 2016 , 2017 , 2018 , 2019 , 2020 , 2021","85, 85 , 85 , 84 , 84 , 84 , 87 , 76 , 76 , 79",Office,1979,38.902859,-77.049578,0.55,street_center,"Washington Cir NW",,"Washington, DC 20037",,"Washington Cir NW",,,Washington,DC,"District of Columbia",20037,US,"TIGER/Line® dataset from the US Census Bureau"
2279187,"	1025 VERMONT AVENUE","1025 Vermont Avenue, NW",,Washington,DC,20005,"Stars REI",Akridge,115379,10," 2012, 2013 , 2014 , 2015 , 2016 , 2017 , 2018 , 2023 , 2024 , 2025","92, 79 , 75 , 80 , 80 , 88 , 86 , 75 , 75 , 75",Office,1963,38.903315,-77.032938,1,rooftop,"1025 Vermont Ave NW",,"Washington, DC 20005",1025,"Vermont Ave NW",,,Washington,DC,"District of Columbia",20005,US,"Statewide (City of Washington)"
2285518,"	1333 NEW HAMPSHIRE AVE.","1333 New Hampshire Ave., NW",,"Washington DC",DC,20036,"Boston Properties Washington Regional Office",,325215,5," 2014, 2015 , 2016 , 2017 , 2018","76, 75 , 76 , 78 , 79",Office,1978,38.908546,-77.044087,1,rooftop,"1333 New Hampshire Ave NW",,"Washington, DC 20036",1333,"New Hampshire Ave NW",,,Washington,DC,"District of Columbia",20036,US,"Statewide (City of Washington)"
2308305,"	1310 L STREET","1310 L Street NW",,Washington,DC,20006,"The Morris & Gwendolyn Cafritz Foundation",,153800,2," 2012, 2014","75, 82",Office,1967,38.903434,-77.03047,1,rooftop,"1310 L St NW",,"Washington, DC 20005",1310,"L St NW",,,Washington,DC,"District of Columbia",20005,US,"Statewide (City of Washington)"
2308771,"	1825 K STREET","1825 K Street NW",,Washington,DC,20006,"Borger Management, Inc.",,356358,5," 2010, 2012 , 2015 , 2016 , 2020","79, 82 , 76 , 80 , 81",Office,1966,38.90287,-77.042436,1,rooftop,"1825 K St NW",,"Washington, DC 20006",1825,"K St NW",,,Washington,DC,"District of Columbia",20006,US,"Statewide (City of Washington)"
2344141,"	901 K STREET","901 K Street, NW",,Washington,DC,20001,"Carr Properties",,274148,12," 2012, 2013 , 2014 , 2015 , 2016 , 2017 , 2018 , 2020 , 2021 , 2022 , 2023 , 2024","84, 85 , 81 , 82 , 81 , 86 , 86 , 77 , 75 , 80 , 80 , 84",Office,2009,38.902784,-77.025469,1,rooftop,"901 K St NW",,"Washington, DC 20001",901,"K St NW",,,Washington,DC,"District of Columbia",20001,US,"Statewide (City of Washington)"
2362274,"	1050 17TH ST","1050 17th Street NW",,Washington,DC,20036,Hines,,175681,2," 2016, 2025","83, 82",Office,2020,38.903371,-77.038829,1,rooftop,"1050 17th St NW",,"Washington, DC 20036",1050,"17th St NW",,,Washington,DC,"District of Columbia",20036,US,"Statewide (City of Washington)"
2364583,"	1818 N ST","1818 N St NW",,Washington,DC,20036,"Lenkin - N LP","The Lenkin Company Management, Inc.",109525,7," 2013, 2016 , 2017 , 2018 , 2019 , 2021 , 2024","80, 86 , 86 , 89 , 80 , 90 , 83",Office,1984,38.90699,-77.042929,1,rooftop,"1818 N St NW",,"Washington, DC 20036",1818,"N St NW",,,Washington,DC,"District of Columbia",20036,US,"Statewide (City of Washington)"
2371512,"	1050 K STREET","1050 K Street NW",,Washington,DC,20001,"K-11 Partners","The Lenkin Company Management, Inc.",153440,7," 2013, 2016 , 2017 , 2018 , 2019 , 2021 , 2024","81, 92 , 93 , 92 , 81 , 90 , 84",Office,2008,38.902293,-77.0267,1,rooftop,"1050 K St NW",,"Washington, DC 20001",1050,"K St NW",,,Washington,DC,"District of Columbia",20001,US,"Statewide (City of Washington)"
2394435,"	2175 K STREET","2175 K Street, NW",,Washington,DC,20037,"2175 K Street Operating Company, LLC","Cushman && Wakefield",145743,10," 2012, 2015 , 2016 , 2017 , 2018 , 2019 , 2020 , 2021 , 2022 , 2023","77, 83 , 90 , 89 , 89 , 78 , 76 , 78 , 77 , 80",Office,1981,38.902882,-77.048448,1,rooftop,"2175 K St NW",,"Washington, DC 20037",2175,"K St NW",,,Washington,DC,"District of Columbia",20037,US,"Statewide (City of Washington)"
2411223,"	1501 M STREET","1501 M Street",,"Washington DC",DC,20005,"I&G DC REIT, Inc.","The John Buck Company",195421,4," 2015, 2016 , 2017 , 2018","77, 81 , 83 , 77",Office,1991,38.905976,-77.034971,1,rooftop,"1501 M St NW",,"Washington, DC 20005",1501,"M St NW",,,Washington,DC,"District of Columbia",20005,US,"Statewide (City of Washington)"
24500634,"	THE VALE","6800 Georgia Avenue NW",,Washington,DC,20012,"CIM Group - DC",,394902,1," 2024",98,"Multifamily Housing",2023,38.972702,-77.027339,1,rooftop,"6800 Georgia Ave NW",,"Washington, DC 20012",6800,"Georgia Ave NW",,,Washington,DC,"District of Columbia",20012,US,"Statewide (City of Washington)"
2451324,"	1899 PENNSYLVANIA AVENUE","1899 Pennsylvania ave. N.W.",,"Washington DC",DC,20006,"Paramount Group",,205741,9," 2010, 2011 , 2012 , 2013 , 2014 , 2015 , 2016 , 2017 , 2018","75, 78 , 80 , 81 , 87 , 89 , 75 , 76 , 79",Office,1915,38.90052,-77.043007,1,rooftop,"1899 Pennsylvania Ave NW",,"Washington, DC 20006",1899,"Pennsylvania Ave NW",,,Washington,DC,"District of Columbia",20006,US,"Statewide (City of Washington)"
24659891,"	RIGBY - CO (RI008)","1220 3rd St NE",,Washington,DC,20002,"Armature Works  Owner LLC",,184810,1," 2024",96,"Multifamily Housing",2022,38.905971,-77.002376,1,rooftop,"1220 3rd St NE",,"Washington, DC 20002",1220,"3rd St NE",,,Washington,DC,"District of Columbia",20002,US,"Statewide (City of Washington)"
2482515,"	TWO CONSTITUTION SQUARE","145 N Street, NE",,Washington,DC,20002,"TWO CON, LLC","StonebridgeCarras Management",623532,14," 2011, 2012 , 2013 , 2014 , 2015 , 2016 , 2017 , 2018 , 2019 , 2020 , 2021 , 2022 , 2023 , 2024","83, 87 , 88 , 89 , 90 , 90 , 90 , 79 , 78 , 83 , 84 , 84 , 81 , 79",Office,2010,38.906833,-77.004591,1,rooftop,"145 N St NE",,"Washington, DC 20002",145,"N St NE",,,Washington,DC,"District of Columbia",20002,US,"Statewide (City of Washington)"
25091,"	1801 L ST. N.W.","1801 L St. N.W.",,Washington,DC,20036,"1801 L Street a Eleven-Eighteen Limited Partnership, Inc.","Cushman && Wakefield",222847,2," 2020, 2021","75, 78",Office,1989,38.904108,-77.042056,1,rooftop,"1801 L St NW",,"Washington, DC 20036",1801,"L St NW",,,Washington,DC,"District of Columbia",20036,US,"Statewide (City of Washington)"
2511662,"	SIXTH STREET","700 Sixth Street, NW",,Washington,DC,20001,"USP 700 6th Street LLC",,308431,13," 2013, 2014 , 2015 , 2016 , 2017 , 2018 , 2019 , 2020 , 2021 , 2022 , 2023 , 2024 , 2025","83, 81 , 80 , 79 , 80 , 83 , 77 , 86 , 92 , 91 , 90 , 85 , 82",Office,2009,38.899032,-77.020289,1,rooftop,"700 6th St NW",,"Washington, DC 20001",700,"6th St NW",,,Washington,DC,"District of Columbia",20001,US,"Statewide (City of Washington)"
25204,"	1919 M STREET","1919 M Street, NW",,Washington,DC,20036,"JBG Smith",,293637,8," 2003, 2004 , 2008 , 2011 , 2016 , 2017 , 2018 , 2020","85, 84 , 75 , 90 , 78 , 82 , 84 , 75",Office,1967,38.906109,-77.044482,1,rooftop,"1919 M St NW",,"Washington, DC 20036",1919,"M St NW",,,Washington,DC,"District of Columbia",20036,US,"Statewide (City of Washington)"
2538184,"	OHEV SHOLOM - THE NATIONAL SYNAGOGUE","1600 Jonquil Street, NW",,Washington,DC,20012,"Ohev Sholom, The National Synagogue","Ohev Sholom, The National Synagogue",30633,1," 2011",75,"Worship Facility",1956,38.984108,-77.036935,1,rooftop,"1600 Jonquil St NW",,"Washington, DC 20012",1600,"Jonquil St NW",,,Washington,DC,"District of Columbia",20012,US,"Statewide (City of Washington)"
25506,"	80 M STREET SE","80 M Street, SE",,Washington,DC,20003,"Columbia Property Trust",,392071,20," 2004, 2005 , 2008 , 2009 , 2010 , 2011 , 2012 , 2013 , 2014 , 2015 , 2016 , 2017 , 2018 , 2019 , 2020 , 2021 , 2022 , 2023 , 2024 , 2025","84, 80 , 87 , 80 , 96 , 98 , 93 , 88 , 88 , 88 , 87 , 91 , 92 , 86 , 90 , 77 , 83 , 95 , 92 , 92",Office,2001,38.877036,-77.006361,1,rooftop,"80 M St SE",,"Washington, DC 20003",80,"M St SE",,,Washington,DC,"District of Columbia",20003,US,"Statewide (City of Washington)"
2558899,"	CARNEGIE ENDOWMENT FOR INTERNATIONAL PEACE","1779 Massachusetts Ave NW",,Washington,DC,20036,"Carnegie Endowment for International Peace","Cushman && Wakefield",89223,8," 2012, 2013 , 2014 , 2015 , 2016 , 2017 , 2018 , 2021","76, 82 , 81 , 80 , 78 , 83 , 81 , 76",Office,1997,38.909301,-77.041001,1,rooftop,"1779 Massachusetts Ave NW",,"Washington, DC 20036",1779,"Massachusetts Ave NW",,,Washington,DC,"District of Columbia",20036,US,"Statewide (City of Washington)"
2590105,"	WATERFRONT STATION II","1101 4th Street SW",,Washington,DC,20024,"USGBF Waterfront Station LLC, c/o Cushman & Wakefield",,296748,13," 2013, 2014 , 2015 , 2016 , 2017 , 2018 , 2019 , 2020 , 2021 , 2022 , 2023 , 2024 , 2025","79, 85 , 87 , 86 , 85 , 86 , 77 , 77 , 83 , 85 , 84 , 86 , 77",Office,2010,38.877668,-77.018052,1,rooftop,"1101 4th St SW",,"Washington, DC 20024",1101,"4th St SW",,,Washington,DC,"District of Columbia",20024,US,"Statewide (City of Washington)"
2590110,"	WATERFRONT STATION L","1100 4th Street SW",,Washington,DC,20024,"USGBF Waterfront Station LLC, c/o Cushman & Wakefield",,355846,13," 2013, 2014 , 2015 , 2016 , 2017 , 2018 , 2019 , 2020 , 2021 , 2022 , 2023 , 2024 , 2025","77, 82 , 79 , 82 , 83 , 84 , 75 , 75 , 78 , 82 , 80 , 81 , 80","Mixed Use Property",2010,38.877622,-77.017162,1,rooftop,"1100 4th St SW",,"Washington, DC 20024",1100,"4th St SW",,,Washington,DC,"District of Columbia",20024,US,"Statewide (City of Washington)"
2590124,"	1999 K STREET NW","1999 K Street NW",,Washington,DC,20006,"Deka USA K Street, LP","Cushman && Wakefield",283304,11," 2011, 2013 , 2016 , 2017 , 2018 , 2019 , 2020 , 2021 , 2023 , 2024 , 2025","84, 76 , 75 , 83 , 89 , 78 , 78 , 79 , 76 , 79 , 83",Office,2009,38.902807,-77.044609,1,rooftop,"1999 K St NW",,"Washington, DC 20006",1999,"K St NW",,,Washington,DC,"District of Columbia",20006,US,"Statewide (City of Washington)"
2590129,"	1000 THOMAS JEFFERSON STREET NW","1000 Thomas Jefferson Street NW",,Washington,DC,20007,"JBG Smith",,154807,2," 2020, 2021","76, 85",Office,1980,38.902852,-77.060623,1,rooftop,"1000 Thomas Jefferson St NW",,"Washington, DC 20007",1000,"Thomas Jefferson St NW",,,Washington,DC,"District of Columbia",20007,US,"Statewide (City of Washington)"
2609487,"	FERC","888 First Street, NE",,Washington,DC,20002,"Rosche/888 First Street, NE, LLC, c/o Greenebaum & Rose Associates","Union Center Plaza Management Corp.",558620,14," 2011, 2012 , 2013 , 2014 , 2015 , 2016 , 2017 , 2018 , 2019 , 2020 , 2021 , 2022 , 2023 , 2024","82, 83 , 87 , 77 , 81 , 85 , 88 , 84 , 76 , 79 , 91 , 90 , 86 , 83",Office,1995,38.90156,-77.007182,1,rooftop,"888 1st St NE",,"Washington, DC 20002",888,"1st St NE",,,Washington,DC,"District of Columbia",20002,US,"Statewide (City of Washington)"
2623105,"	STORE #3351_1306  U  STREET NW","1306  U  Street Nw",,Washington,DC,20009,"Rite Aid Corporation","Rite Aid Corporation",7444,1," 2012",78,"Retail Store",1993,38.916783,-77.030057,1,rooftop,"1306 U St NW",,"Washington, DC 20009",1306,"U St NW",,,Washington,DC,"District of Columbia",20009,US,"Statewide (City of Washington)"
2629932,"	DC0000AB - EPA EAST, WEST, CW","12TH & CONST AVE NW",,"WASHINGTON D C",DC,20004,"General Services Administration","General Services Administration",1213119,1," 2012",81,Office,1934,38.90609,-77.028085,0.9,street_center,"12th St NW",,"Washington, DC 20005",,"12th St NW",,,Washington,DC,"District of Columbia",20005,US,"TIGER/Line® dataset from the US Census Bureau"
2637498,"	PRESIDENT MADISON APARTMENTS","1908 Florida Ave, NW",,Washington,DC,20009,"Bernstein Management Corporation",,86166,2," 2022, 2023","84, 84","Multifamily Housing",1905,38.91504,-77.044559,1,rooftop,"1908 Florida Ave NW",,"Washington, DC 20009",1908,"Florida Ave NW",,,Washington,DC,"District of Columbia",20009,US,"Statewide (City of Washington)"
2656301,"	2300 N STREET","2300 N Street",,Washington,DC,20037,"2300 N Street Property Owner, LLC","Lincoln Property Company",304484,2," 2022, 2023","76, 75",Office,1986,38.906947,-77.050748,0.88,rooftop,"2300 N St NW",,"Washington, DC 20037",2300,"N St NW",,,Washington,DC,"District of Columbia",20037,US,"Statewide (City of Washington)"
2681003,"	1100 G STREET","666 11th Street NW",,Washington,DC,20001,"UBS Financial Services, Inc.","Cambridge Holdings. LLC",109959,2," 2015, 2016","90, 85",Office,1968,38.898064,-77.027339,1,rooftop,"666 11th St NW",,"Washington, DC 20001",666,"11th St NW",,,Washington,DC,"District of Columbia",20001,US,"Statewide (City of Washington)"
2686138,"	650 MASS AVE","650 Massachusetts Avenue NW",,Washington,DC,20001,"Brookfield Properties",,346459,11," 2003, 2013 , 2014 , 2015 , 2016 , 2017 , 2018 , 2019 , 2020 , 2021 , 2022","76, 87 , 80 , 79 , 80 , 90 , 91 , 78 , 85 , 88 , 77",Office,1988,38.901662,-77.021431,1,rooftop,"650 Massachusetts Ave NW",,"Washington, DC 20001",650,"Massachusetts Ave NW",,,Washington,DC,"District of Columbia",20001,US,"Statewide (City of Washington)"
2701797,"	1101 NEW YORK AVENUE","1101 New York Ave NW",,Washington,DC,20005,"Oxford Properties Group",,392374,12," 2011, 2012 , 2013 , 2014 , 2017 , 2018 , 2019 , 2020 , 2021 , 2022 , 2023 , 2024","77, 78 , 77 , 79 , 75 , 80 , 75 , 84 , 80 , 75 , 78 , 78",Office,2007,38.9017,-77.027593,1,rooftop,"1101 New York Ave NW",,"Washington, DC 20005",1101,"New York Ave NW",,,Washington,DC,"District of Columbia",20005,US,"Statewide (City of Washington)"
2703000,"	WEST END 25 APARTMENTS","1255 25th Street",,Washington,DC,20037,"JBG Smith",,326664,2," 2021, 2024","77, 77","Multifamily Housing",2010,38.906502,-77.052678,1,rooftop,"1255 25th St NW",,"Washington, DC 20037",1255,"25th St NW",,,Washington,DC,"District of Columbia",20037,US,"Statewide (City of Washington)"
2704668,"	THE PEW CHARITABLE TRUSTS","901 E Street NW",,Washington,DC,20004,"The Pew Charitable Trusts",,281462,14," 2012, 2013 , 2014 , 2015 , 2016 , 2017 , 2018 , 2019 , 2020 , 2021 , 2022 , 2023 , 2024 , 2025","80, 82 , 78 , 79 , 80 , 77 , 77 , 75 , 81 , 88 , 83 , 80 , 83 , 83",Office,1989,38.89657,-77.024317,1,rooftop,"901 E St NW",,"Washington, DC 20004",901,"E St NW",,,Washington,DC,"District of Columbia",20004,US,"Statewide (City of Washington)"
2706378,"	1212 NEW YORK AVENUE NW","1212 New York Avenue NW",,Washington,DC,20005,"Jaguar Properties, Inc.","J Street Companies",120000,3," 2016, 2017 , 2020","75, 76 , 75",Office,1987,38.900119,-77.028761,1,rooftop,"1212 New York Ave NW",,"Washington, DC 20005",1212,"New York Ave NW",,,Washington,DC,"District of Columbia",20005,US,"Statewide (City of Washington)"
2722082,"	90 K STREET NE - WASHINGTON","90 K Street NE",,Washington,DC,20002,"Washington DC VI FGF, LLC",,435400,9," 2014, 2015 , 2016 , 2017 , 2018 , 2020 , 2023 , 2024 , 2025","87, 85 , 86 , 87 , 87 , 76 , 77 , 75 , 80",Office,2010,38.902892,-77.00659,1,rooftop,"90 K St NE",,"Washington, DC 20002",90,"K St NE",,,Washington,DC,"District of Columbia",20002,US,"Statewide (City of Washington)"
2726905,"	THE VANGUARD BUILDING","1111 20th st NW",,"washignton DC",DC,20036,"Willco Companies","Willco Companies",165232,1," 2012",83,Office,1989,38.90406,-77.044629,1,rooftop,"1111 20th St NW",,"Washington, DC 20036",1111,"20th St NW",,,Washington,DC,"District of Columbia",20036,US,"Statewide (City of Washington)"
2728715,"	COMMUNICATIONS  WORKERS OF AMERICA BUILDING","501 Third Street, N.W.",,Washington,DC,20001,"Communications Workers of America, AFL-CIO, LLC","Union Management Services, Inc (Agent)",258699,1," 2024",76,Office,1991,38.896535,-77.014772,1,rooftop,"501 3rd St NW",,"Washington, DC 20001",501,"3rd St NW",,,Washington,DC,"District of Columbia",20001,US,"Statewide (City of Washington)"
2729382,"	BNK BRANCH/800 H STREET/DC/SITE #C509","800 H ST NE",,WASHINGTON,DC,20002,"PNC Bank",,6201,1," 2022",75,"Bank Branch",1990,38.900456,-76.994728,1,rooftop,"800 H St NE",,"Washington, DC 20002",800,"H St NE",,,Washington,DC,"District of Columbia",20002,US,"Statewide (City of Washington)"
2729383,"	BNK BRANCH/CHEVY CHASE/DC/SITE #C514","5530 CONNECTICUT AVE NW",,WASHINGTON,DC,20015,"PNC Bank",,24867,1," 2017",81,"Bank Branch",1990,38.963814,-77.075424,1,rooftop,"5530 Connecticut Ave NW",,"Washington, DC 20015",5530,"Connecticut Ave NW",,,Washington,DC,"District of Columbia",20015,US,"Statewide (City of Washington)"
2729439,"	800 17TH ST/ SITE #CPNC","800 17TH ST NW",,WASHINGTON,DC,20006,JLL,"CodeGreen Solutions Inc.",384884,7," 2015, 2016 , 2017 , 2018 , 2021 , 2022 , 2024","98, 80 , 83 , 83 , 75 , 75 , 75",Office,2010,38.900488,-77.039745,1,rooftop,"800 17th St NW",,"Washington, DC 20006",800,"17th St NW",,,Washington,DC,"District of Columbia",20006,US,"Statewide (City of Washington)"
2736239,"	425 EYE","425 I St.,NW",,Washington,DC,20001,"425 Eye Street LLC",,353623,12," 2012, 2013 , 2014 , 2015 , 2016 , 2017 , 2018 , 2019 , 2021 , 2023 , 2024 , 2025","98, 97 , 96 , 97 , 98 , 100 , 100 , 99 , 99 , 100 , 100 , 96",Office,1973,38.90167,-77.016904,1,rooftop,"425 I St NW",,"Washington, DC 20001",425,"I St NW",,,Washington,DC,"District of Columbia",20001,US,"Statewide (City of Washington)"
27448,"	THE MILLENNIUM BUILDING","1909 K Street NW",,Washington,DC,20006,"The Tower Companies",,242937,17," 2003, 2010 , 2011 , 2012 , 2013 , 2014 , 2015 , 2016 , 2017 , 2018 , 2019 , 2020 , 2021 , 2022 , 2023 , 2024 , 2025","75, 77 , 83 , 84 , 86 , 86 , 89 , 93 , 95 , 93 , 84 , 84 , 80 , 83 , 85 , 83 , 80",Office,1999,38.902818,-77.044086,1,rooftop,"1909 K St NW",,"Washington, DC 20006",1909,"K St NW",,,Washington,DC,"District of Columbia",20006,US,"Statewide (City of Washington)"
2774635,"	1125 15TH STREET","1125 15th Street, NW",,Washington,DC,20005,"S. C. Herman & Associates, Inc.",,285264,3," 2011, 2014 , 2016","83, 92 , 90",Office,1969,38.90451,-77.033989,1,rooftop,"1125 15th St NW",,"Washington, DC 20005",1125,"15th St NW",,,Washington,DC,"District of Columbia",20005,US,"Statewide (City of Washington)"
2776163,"	V.N.N.C.INC.","3001 Veazey Terrace, NW",,Washington,DC,20008,"Van Ness North Cooperative",,695661,1," 2024",96,"Multifamily Housing",1966,38.944908,-77.061838,1,rooftop,"3001 Veazey Ter NW",,"Washington, DC 20008",3001,"Veazey Ter NW",,,Washington,DC,"District of Columbia",20008,US,"Statewide (City of Washington)"
2783610,"	HOUSE OF SWEDEN","2900 K Street NW",,Washington,DC,20007,"National Property Board Sweden","PM Realty Group",69950,1," 2013",82,Office,2006,38.901993,-77.058704,1,rooftop,"2900 K St NW",,"Washington, DC 20007",2900,"K St NW",,,Washington,DC,"District of Columbia",20007,US,"Statewide (City of Washington)"
2790969,"	1722 EYE STREET","1722 Eye Street",,"Washington DC",DC,20006,"Willco Companies",,180564,2," 2013, 2018","80, 76",Office,1979,38.897131,-77.041248,0.5,place,,,"Washington, DC 20006",,,,,Washington,DC,"District of Columbia",20006,US,"TIGER/Line® dataset from the US Census Bureau"
2804132,"	LIBERTY PLACE","325 7th St., NW",,Washington,DC,20004,"DC Liberty Place Owner, LLC",,197411,11," 2012, 2013 , 2014 , 2015 , 2016 , 2017 , 2018 , 2021 , 2022 , 2023 , 2024","75, 76 , 78 , 81 , 80 , 83 , 81 , 81 , 82 , 81 , 76",Office,1990,38.89451,-77.021586,1,rooftop,"325 7th St NW",,"Washington, DC 20004",325,"7th St NW",,,Washington,DC,"District of Columbia",20004,US,"Statewide (City of Washington)"
2807339,"	455 MASS AVE","455 Massachusetts Ave NW",,Washington,DC,20001,"ASB Real Estate Investments","Cushman & Wakefield",263181,13," 2011, 2012 , 2013 , 2014 , 2015 , 2016 , 2017 , 2018 , 2019 , 2020 , 2021 , 2022 , 2023","91, 81 , 81 , 80 , 81 , 81 , 84 , 84 , 77 , 82 , 90 , 89 , 86",Office,2008,38.901062,-77.017558,1,rooftop,"455 Massachusetts Ave NW",,"Washington, DC 20001",455,"Massachusetts Ave NW",,,Washington,DC,"District of Columbia",20001,US,"Statewide (City of Washington)"
2809459,"	1227 25TH STREET","1227 25th Street, NW",,"Washington, D.C.",DC,20037,"Washington Real Estate Investment Trust",,147840,1," 2017",75,Office,1988,38.906006,-77.052766,1,rooftop,"1227 25th St NW",,"Washington, DC 20037",1227,"25th St NW",,,Washington,DC,"District of Columbia",20037,US,"Statewide (City of Washington)"
2840677,"	1201 PENNSYLVANIA AVE.","1201 Pennsylvania Ave. NW",,Washington,DC,20004,"Sentinel Real Estate Corporation","DC One Associates",519773,1," 2024",79,Office,1981,38.895717,-77.028393,1,rooftop,"1201 Pennsylvania Ave NW",,"Washington, DC 20004",1201,"Pennsylvania Ave NW",,,Washington,DC,"District of Columbia",20004,US,"Statewide (City of Washington)"
2891433,"	BNK BRANCH/ADAMS MORGAN/DC/SITE #C505","1779 COLUMBIA RD NW",,WASHINGTON,DC,20009,"PNC Bank",,11202,1," 2022",84,"Bank Branch",1990,38.923312,-77.042281,1,rooftop,"1779 Columbia Rd NW",,"Washington, DC 20009",1779,"Columbia Rd NW",,,Washington,DC,"District of Columbia",20009,US,"Statewide (City of Washington)"
2895757,"	1201 F STREET, NW","1201 F Street, NW",,Washington,DC,20004,"Tishman Speyer","Tishman Speyer",258638,2," 2010, 2012","78, 82",Office,2000,38.897665,-77.028523,1,rooftop,"1201 F St NW",,"Washington, DC 20004",1201,"F St NW",,,Washington,DC,"District of Columbia",20004,US,"Statewide (City of Washington)"
29225,"	DISTRICT CENTER","555 12TH STREET  NW",,Washington,DC,20004,"555 12th REIT, LLC",,933534,17," 2003, 2007 , 2008 , 2009 , 2010 , 2011 , 2013 , 2014 , 2015 , 2018 , 2019 , 2020 , 2021 , 2022 , 2023 , 2024 , 2025","75, 84 , 88 , 90 , 87 , 88 , 92 , 93 , 94 , 88 , 88 , 93 , 94 , 93 , 92 , 91 , 94",Office,1994,38.89674,-77.027585,1,rooftop,"555 12th St NW",,"Washington, DC 20004",555,"12th St NW",,,Washington,DC,"District of Columbia",20004,US,"Statewide (City of Washington)"
2930341,"	NATIONAL CENTER FOR HIGHER EDUCATION","1 Dupont Circle, NW",,Washington,DC,20036,"National Center for Higher Education","Lincoln Property Company",232957,1," 2021",84,Office,1969,38.909179,-77.044488,1,rooftop,"1 Dupont Cir NW",,"Washington, DC 20036",1,"Dupont Cir NW",,,Washington,DC,"District of Columbia",20036,US,"Statewide (City of Washington)"
2938280,"	AMERICAN SOCIETY OF HEMATOLOGY BUILDING","2021 L Street",,Washington,DC,20036,"American Society of Hematology",AtSite,81032,13," 2012, 2013 , 2014 , 2015 , 2016 , 2017 , 2018 , 2019 , 2020 , 2021 , 2022 , 2023 , 2024","91, 89 , 90 , 91 , 92 , 92 , 94 , 88 , 89 , 93 , 90 , 93 , 92",Office,2010,38.904062,-77.045654,1,rooftop,"2021 L St NW",,"Washington, DC 20036",2021,"L St NW",,,Washington,DC,"District of Columbia",20036,US,"Statewide (City of Washington)"
2946118,"	PAUL H.NITZE","1740 Mass Avenue,NW",,Washington,DC,20036,"Johns Hopkins University","Cushman && Wakefield",65273,3," 2016, 2017 , 2018","75, 77 , 78",Office,1962,38.908094,-77.040334,1,rooftop,"1740 Massachusetts Ave NW",,"Washington, DC 20036",1740,"Massachusetts Ave NW",,,Washington,DC,"District of Columbia",20036,US,"Statewide (City of Washington)"
2946167,"	BENJAMIN T. ROME","1619 Mass ave",,Washington,DC,20036,"Johns Hopkins University","Cushman && Wakefield",61077,4," 2012, 2013 , 2018 , 2022","77, 88 , 88 , 75",Office,1963,38.908044,-77.037556,1,rooftop,"1619 Massachusetts Ave NW",,"Washington, DC 20036",1619,"Massachusetts Ave NW",,,Washington,DC,"District of Columbia",20036,US,"Statewide (City of Washington)"
2951555,"	2200 PENNSYLVANIA AVENUE","2200 Pennsylvania Avenue",,"Washington DC NW",DC,20037,"Boston Properties Washington Regional Office",,516737,14," 2012, 2013 , 2014 , 2015 , 2016 , 2017 , 2018 , 2019 , 2020 , 2021 , 2022 , 2023 , 2024 , 2025","90, 91 , 92 , 93 , 93 , 92 , 92 , 79 , 82 , 85 , 84 , 85 , 87 , 87",Office,2011,38.901944,-77.049277,1,rooftop,"2200 Pennsylvania Ave NW",,"Washington, DC 20037",2200,"Pennsylvania Ave NW",,,Washington,DC,"District of Columbia",20037,US,"Statewide (City of Washington)"
2962687,"	1133 CONNECTICUT AVE","1133 Connecticut Ave NW",,Washington,DC,20036,"The Lenkin Company Management, Inc.","Cushman && Wakefield",190958,4," 2016, 2017 , 2018 , 2021","77, 81 , 80 , 81",Office,1989,38.904992,-77.040229,1,rooftop,"1133 Connecticut Ave NW",,"Washington, DC 20036",1133,"Connecticut Ave NW",,,Washington,DC,"District of Columbia",20036,US,"Statewide (City of Washington)"
2972719,"	601 INDIANA AVE, NW","601 Indiana Ave., NW",,Washington,DC,20004,"BHB Limited Partnership","Zuckerman Gravely Management, Inc.",56651,1," 2012",79,Office,1963,38.894648,-77.020263,1,rooftop,"601 Indiana Ave NW",,"Washington, DC 20004",601,"Indiana Ave NW",,,Washington,DC,"District of Columbia",20004,US,"Statewide (City of Washington)"
2977909,"	NATIONAL ASSOCIATION OF LETTER CARRIERS","100 Indiana Avenue, NW",,Washington,DC,20001,"National Association of Letter Carriers","Lincoln Property Company",87757,1," 2018",88,Office,1951,38.893333,-77.012527,1,rooftop,"100 Indiana Ave NW",,"Washington, DC 20001",100,"Indiana Ave NW",,,Washington,DC,"District of Columbia",20001,US,"Statewide (City of Washington)"
2984233,"	UAE EMBASSY WASHINGTON DC","3522 International Ct. NW",,Washington,DC,200083022,"United Arab Emirates",,83805,1," 2015",78,Office,1999,38.94496,-77.069261,1,rooftop,"3522 International Ct NW",,"Washington, DC 20008",3522,"International Ct NW",,,Washington,DC,"District of Columbia",20008,US,"Statewide (City of Washington)"
2987511,"	UNITED STATES INSTITUTE OF PEACE","2301 Constitution Ave, NW",,Washington,DC,20037,"United States Institute Of Peace",Akridge,170327,13," 2012, 2013 , 2014 , 2015 , 2016 , 2017 , 2018 , 2019 , 2020 , 2021 , 2022 , 2023 , 2024","94, 92 , 91 , 91 , 91 , 90 , 88 , 79 , 84 , 87 , 79 , 85 , 89",Office,2010,38.892983,-77.050801,1,rooftop,"2301 Constitution Ave NW",,"Washington, DC 20037",2301,"Constitution Ave NW",,,Washington,DC,"District of Columbia",20037,US,"Statewide (City of Washington)"
29969685,"	DGS","3924 Minnesota Avenue NE",,Washington,DC,20019,"3924 Minnesota LLC","CBRE (1900 N St)",258359,1," 2024",78,Office,2023,38.893854,-76.951051,1,rooftop,"3924 Minnesota Ave NE",,"Washington, DC 20019",3924,"Minnesota Ave NE",,,Washington,DC,"District of Columbia",20019,US,"Statewide (City of Washington)"
2999304,"	DC0321ZZ-JUDICIARY CENTER","555 4TH STREET, NW",,"WASHINGTON D C",DC,20001,"NSP Ventures Corporation - 555","J Street Companies",410925,3," 2016, 2017 , 2019","75, 77 , 78",Office,1987,38.896852,-77.015641,1,rooftop,"555 4th St NW",,"Washington, DC 20001",555,"4th St NW",,,Washington,DC,"District of Columbia",20001,US,"Statewide (City of Washington)"
3019499,"	1150 18TH STREET","1150 18th Street NW",,Washington,DC,20036,"1150 18th SPE, LLC","Cushman && Wakefield",196796,4," 2017, 2018 , 2020 , 2024","77, 75 , 79 , 81",Office,1990,38.904466,-77.042221,1,rooftop,"1150 18th St NW",,"Washington, DC 20036",1150,"18th St NW",,,Washington,DC,"District of Columbia",20036,US,"Statewide (City of Washington)"
3028867,"	PATRIOTS PLAZA I - 2061 (BRIGHTLY)","395 E Street S.W.",,Washington,DC,20024,"MEPT/FCP Patriots Plaza LLC","CBRE, Inc",294130,15," 2008, 2009 , 2012 , 2013 , 2014 , 2015 , 2016 , 2017 , 2018 , 2019 , 2020 , 2021 , 2022 , 2023 , 2024","80, 77 , 78 , 82 , 75 , 84 , 83 , 82 , 76 , 75 , 82 , 80 , 79 , 77 , 84",Office,2005,38.88309,-77.017054,1,range_interpolation,"395 E St SW",,"Washington, DC 20024",395,"E St SW",,,Washington,DC,"District of Columbia",20024,US,"TIGER/Line® from the US Census Bureau"
3028868,"	777 SIXTH STREET NW (BRIGHTLY)","777 6th Street, NW",,Washington,DC,20001,"Edgemoor REIT Assets","BentallGreenOak (U.S.) LP.",199861,9," 2009, 2017 , 2018 , 2019 , 2020 , 2021 , 2022 , 2023 , 2024","84, 78 , 82 , 82 , 85 , 79 , 78 , 83 , 85",Office,2005,38.899496,-77.019645,1,rooftop,"777 6th St NW",,"Washington, DC 20001",777,"6th St NW",,,Washington,DC,"District of Columbia",20001,US,"Statewide (City of Washington)"
30431,"	WASHINGTON DC/VERMONT AVENUE RESIDENCE INN","1199 Vermont Ave",,Washington,DC,20005,"Marriott International, Inc.","Residence Inn",160614,1," 2008",81,Hotel,1999,38.904416,-77.032289,1,rooftop,"1199 Vermont Ave NW",,"Washington, DC 20005",1199,"Vermont Ave NW",,,Washington,DC,"District of Columbia",20005,US,"Statewide (City of Washington)"
3048099,"	PATRIOTS PLAZA II - 2261 (BRIGHTLY)","375 E Street, SW",,Washington,DC,20024,"MEPT/FCP Patriots Plaza LLC","CBRE, Inc",336246,8," 2015, 2016 , 2017 , 2018 , 2021 , 2022 , 2023 , 2024","79, 77 , 77 , 77 , 75 , 84 , 79 , 83",Office,2009,38.884068,-77.016975,1,rooftop,"375 E St SW",,"Washington, DC 20024",375,"E St SW",,,Washington,DC,"District of Columbia",20024,US,"Statewide (City of Washington)"
3048100,"	PATRIOTS PLAZA III - 2262 (BRIGHTLY)","355 E Street, SW",,Washington,DC,20024,"MEPT/FCP Patriots Plaza LLC","CBRE, Inc",414177,13," 2012, 2013 , 2014 , 2015 , 2016 , 2017 , 2018 , 2019 , 2020 , 2021 , 2022 , 2023 , 2024","84, 80 , 86 , 86 , 89 , 91 , 91 , 85 , 85 , 81 , 80 , 90 , 89",Office,2009,38.883742,-77.016409,1,rooftop,"355 E St SW",,"Washington, DC 20024",355,"E St SW",,,Washington,DC,"District of Columbia",20024,US,"Statewide (City of Washington)"
3048381,"	1819 L STREET NW","1819 L Street NW",,Washington,DC,20036,"Sasakawa Peace Foundation","J Street Companies",52873,3," 2017, 2018 , 2020","81, 86 , 87",Office,1982,38.904026,-77.042466,1,rooftop,"1819 L St NW",,"Washington, DC 20036",1819,"L St NW",,,Washington,DC,"District of Columbia",20036,US,"Statewide (City of Washington)"
3066956,"	US CAPITOL POLICE K-9 TRAINING CENTER","4700 Shepherd Pkwy SW",,Washington,DC,20032,"Architect of the Capitol","Architect of the Capitol - OSP",5378,1," 2012",89,Office,2002,38.818123,-77.015811,1,rooftop,"4700 Shepherd Pkwy SW",,"Washington, DC 20032",4700,"Shepherd Pkwy SW",,,Washington,DC,"District of Columbia",20032,US,"Statewide (City of Washington)"
3067027,"	UFCW BUILDING","1775 K Street, NW",,Washington,DC,20006,"UFCW International Union",,188086,11," 2012, 2013 , 2014 , 2015 , 2016 , 2017 , 2018 , 2019 , 2020 , 2024 , 2025","87, 89 , 94 , 95 , 93 , 95 , 95 , 87 , 87 , 88 , 88",Office,1970,38.90289,-77.041276,1,rooftop,"1775 K St NW",,"Washington, DC 20006",1775,"K St NW",,,Washington,DC,"District of Columbia",20006,US,"Statewide (City of Washington)"
3072203,"	THE YORKSHIRE","3355 16th Street, NW",,Washington,DC,20010,"The Lenkin Company Management, Inc.",,76772,1," 2024",83,"Multifamily Housing",1940,38.932907,-77.036081,1,rooftop,"3355 16th St NW",,"Washington, DC 20010",3355,"16th St NW",,,Washington,DC,"District of Columbia",20010,US,"Statewide (City of Washington)"
3072252,"	LENCSHIRE HOUSE","3140 Wisconsin Avenue, NW",,Washington,DC,20016,"The Lenkin Company Management, Inc.",,118550,5," 2016, 2017 , 2018 , 2019 , 2024","88, 89 , 86 , 85 , 85","Multifamily Housing",1950,38.931722,-77.073157,1,rooftop,"3140 Wisconsin Ave NW",,"Washington, DC 20016",3140,"Wisconsin Ave NW",,,Washington,DC,"District of Columbia",20016,US,"Statewide (City of Washington)"
3075466,"	GARFIELD HOUSE","2844 Wisconsin Ave. NW",,Washington,DC,20007,"The Lenkin Company Management, Inc.","The Lenkin Company Management, Inc.",77242,1," 2024",79,"Multifamily Housing",1964,38.927326,-77.073588,1,rooftop,"2844 Wisconsin Ave NW",,"Washington, DC 20007",2844,"Wisconsin Ave NW",,,Washington,DC,"District of Columbia",20007,US,"Statewide (City of Washington)"
3075531,"	THE PROMENADE","1884 Columbia Road",,Washington,DC,20009,"The Lenkin Company Management, Inc.",,206478,4," 2017, 2018 , 2019 , 2024","90, 89 , 86 , 93","Multifamily Housing",1964,38.919023,-77.044221,1,rooftop,"1884 Columbia Rd NW",,"Washington, DC 20009",1884,"Columbia Rd NW",,,Washington,DC,"District of Columbia",20009,US,"Statewide (City of Washington)"
3081163,"	JEMAL'S SQUARE 320, LLC","1155 F ST",,Washington,DC,20004,"Tishman Speyer",,250692,1," 2017",84,Office,2009,38.897582,-77.027637,1,rooftop,"1155 F St NW",,"Washington, DC 20004",1155,"F St NW",,,Washington,DC,"District of Columbia",20004,US,"Statewide (City of Washington)"
3089076,"	JAMESTOWN PREMIER 733 10TH STREET CORP.","733 10th St, NW",,Washington,DC,20001,"Jamestown Properties",,200969,2," 2014, 2015","77, 76",Office,2011,38.898796,-77.025808,1,rooftop,"733 10th St NW",,"Washington, DC 20001",733,"10th St NW",,,Washington,DC,"District of Columbia",20001,US,"Statewide (City of Washington)"
30927189,"	TRELLIS HOUSE (TR366)","2323 Sherman Avenue NW",,Washington,DC,20001,"907 Barry Place NW (DC) Owner, LLC c/o Berkshire Residential Investments","Berkshire Residential Investments",257926,3," 2020, 2021 , 2025","99, 97 , 94","Multifamily Housing",2018,38.921084,-77.024935,1,rooftop,"2323 Sherman Ave NW",,"Washington, DC 20001",2323,"Sherman Ave NW",,,Washington,DC,"District of Columbia",20001,US,"Statewide (City of Washington)"
31114364,"	MARGARITE (MA222)","1280 Union St NE",,Washington,DC,20002,"Grosvenor Capco Limited",Bozzuto,266695,1," 2025",82,"Multifamily Housing",2023,38.909522,-77.000678,1,rooftop,"1280 Union St NE",,"Washington, DC 20002",1280,"Union St NE",,,Washington,DC,"District of Columbia",20002,US,"Statewide (City of Washington)"
31274788,"	THEORY (TH649)","300 Neal Pl NE",,Washington,DC,20002,"350 Morse CPK Owner LLC",Greystar,161111,1," 2025",76,"Multifamily Housing",2023,38.909589,-76.99988,1,rooftop,"300 Neal Pl NE",,"Washington, DC 20002",300,"Neal Pl NE",,,Washington,DC,"District of Columbia",20002,US,"Statewide (City of Washington)"
3185754,"	2424 PENNSYLVANIA","2424 Pennsylvania Ave, NW",,Washington,DC,20037,"The Lenkin Company Management, Inc.",,94500,1," 2024",80,"Multifamily Housing",1962,38.902991,-77.052275,1,rooftop,"2424 Pennsylvania Ave NW",,"Washington, DC 20037",2424,"Pennsylvania Ave NW",,,Washington,DC,"District of Columbia",20037,US,"Statewide (City of Washington)"
3197385,"	740 15TH STREET NW","740 15th Street NW",,"Washington DC",DC,20005,"JBC Funds 740 LLC","Buck Management Group LLC",199912,2," 2012, 2013","80, 82",Office,1907,38.899927,-77.033931,1,rooftop,"740 15th St NW",,"Washington, DC 20005",740,"15th St NW",,,Washington,DC,"District of Columbia",20005,US,"Statewide (City of Washington)"
3220077,"	1730 PENNSYLVANIA AVE NW","1730 Pennsylvania Ave NW",,Washington,DC,20006,"Tishman Speyer","CodeGreen Solutions Inc.",259062,5," 2013, 2015 , 2018 , 2021 , 2022","84, 77 , 76 , 75 , 82",Office,1969,38.898745,-77.04023,1,rooftop,"1730 Pennsylvania Ave NW",,"Washington, DC 20006",1730,"Pennsylvania Ave NW",,,Washington,DC,"District of Columbia",20006,US,"Statewide (City of Washington)"
3229646,"	1615 L STREET","1615 L St NW",,Washington,DC,20036,"Carr Properties",,497894,7," 2017, 2018 , 2019 , 2020 , 2021 , 2022 , 2023","79, 82 , 75 , 81 , 89 , 86 , 86",Office,1984,38.904329,-77.037446,1,rooftop,"1615 L St NW",,"Washington, DC 20036",1615,"L St NW",,,Washington,DC,"District of Columbia",20036,US,"Statewide (City of Washington)"
3231831,"	801 SEVENTEENTH STREET NW","801 17th Street NW",,Washington,DC,200063912,"801 17th Holdings LLC","Property Group Partners, LLC",245597,5," 2012, 2013 , 2014 , 2015 , 2016","82, 77 , 75 , 77 , 77",Office,2010,38.9006,-77.039064,1,rooftop,"801 17th St NW",,"Washington, DC 20006",801,"17th St NW",,,Washington,DC,"District of Columbia",20006,US,"Statewide (City of Washington)"
32528861,"	2100 PENNSYLVANIA AVENUE","2100 Pennsylvania Avenue,NW",,"District of Columbia",DC,20037,"Boston Properties Washington Regional Office",,520048,2," 2024, 2025","90, 87",Office,2023,38.901043,-77.047212,1,rooftop,"2100 Pennsylvania Ave NW",,"Washington, DC 20037",2100,"Pennsylvania Ave NW",,,Washington,DC,"District of Columbia",20037,US,"Statewide (City of Washington)"
3267015,"	840 FIRST STREET NE","840 1st Street NE",,Washington,DC,20002,"Office Properties Income Trust","The RMR Group",275617,8," 2012, 2015 , 2016 , 2017 , 2019 , 2020 , 2021 , 2022","81, 78 , 77 , 80 , 77 , 79 , 78 , 78",Office,2003,38.901135,-77.006851,1,rooftop,"840 1st St NE",,"Washington, DC 20002",840,"1st St NE",,,Washington,DC,"District of Columbia",20002,US,"Statewide (City of Washington)"
3267016,"	500 FIRST STREET NW","500 1st Street NW",,Washington,DC,20001,"First Potomac Realty Trust",,134435,4," 2012, 2014 , 2016 , 2017","78, 88 , 89 , 90",Office,1969,38.896392,-77.012581,1,rooftop,"500 1st St NW",,"Washington, DC 20001",500,"1st St NW",,,Washington,DC,"District of Columbia",20001,US,"Statewide (City of Washington)"
3267017,"	1211 CONNECTICUT - OPI","1211 Connecticut Avenue NW",,Washington,DC,20036,"Office Properties Income Trust","The RMR Group",159083,8," 2012, 2016 , 2017 , 2018 , 2021 , 2022 , 2023 , 2024","90, 78 , 81 , 85 , 78 , 86 , 85 , 91",Office,1967,38.906262,-77.040921,1,rooftop,"1211 Connecticut Ave NW",,"Washington, DC 20036",1211,"Connecticut Ave NW",,,Washington,DC,"District of Columbia",20036,US,"Statewide (City of Washington)"
3268854,"	1750 H STREET NW","1750 H Street",,Washington,DC,20006,"FP CPT 1750 H Street, LLC","The RMR Group",122193,3," 2017, 2018 , 2021","76, 78 , 75",Office,2002,38.899987,-77.040907,1,rooftop,"1750 H St NW",,"Washington, DC 20006",1750,"H St NW",,,Washington,DC,"District of Columbia",20006,US,"Statewide (City of Washington)"
3281658,"	US CHAMBER OF COMMERCE","1615 H street",,"NW Washington",DC,20062,"US Chamber of Commerce",,200891,2," 2024, 2025","82, 81",Office,1922,38.900588,-77.037574,1,rooftop,"1615 H St NW",,"Washington, DC 20062",1615,"H St NW",,,Washington,DC,"District of Columbia",20062,US,"Statewide (City of Washington)"
3283449,"	JEMAL'S CAYRE WOODIES, LLC","1025 F Street, NW",,Washington,DC,20004,"Douglas Development Corporation",,517754,1," 2015",81,Office,1927,38.897847,-77.026485,1,rooftop,"1025 F St NW",,"Washington, DC 20004",1025,"F St NW",,,Washington,DC,"District of Columbia",20004,US,"Statewide (City of Washington)"
3306991,"	1600 K ST., NW","1600 K Street, NW",,"Washington, DC",DC,20006,"SCRS 1600 K Street, L.L.C.","JBG SMITH Management Services, L.L.C.",93176,6," 2014, 2015 , 2016 , 2017 , 2018 , 2021","93, 87 , 88 , 90 , 94 , 77",Office,1950,38.90224,-77.036949,1,rooftop,"1600 K St NW",,"Washington, DC 20006",1600,"K St NW",,,Washington,DC,"District of Columbia",20006,US,"Statewide (City of Washington)"
3306992,"	THE LION BUILDING","1233 20th St NW",,"Washington DC",DC,20036,"Lion Building Owner, LLC",,160033,11," 2010, 2014 , 2015 , 2016 , 2017 , 2018 , 2021 , 2022 , 2023 , 2024 , 2025","75, 85 , 79 , 85 , 89 , 93 , 87 , 85 , 85 , 92 , 90",Office,1984,38.906693,-77.044533,1,rooftop,"1233 20th St NW",,"Washington, DC 20036",1233,"20th St NW",,,Washington,DC,"District of Columbia",20036,US,"Statewide (City of Washington)"
3306993,"	1025 THOMAS JEFFERSON STREET","1025 Thomas Jefferson Street, NW","Suite 160G",Washington,DC,20007,"1025 Thomas Jefferson Inc.","Cushman && Wakefield",365917,7," 2011, 2012 , 2013 , 2014 , 2015 , 2016 , 2017","82, 86 , 89 , 89 , 90 , 90 , 90",Office,1984,38.903178,-77.059837,1,rooftop,"1025 Thomas Jefferson St NW",,"Washington, DC 20007",1025,"Thomas Jefferson St NW",,,Washington,DC,"District of Columbia",20007,US,"Statewide (City of Washington)"
3312996,"	2000 K","2000 K St NW",,Washington,DC,20006,"Tishman Speyer","CodeGreen Solutions Inc.",234278,3," 2021, 2022 , 2023","75, 85 , 86",Office,1986,38.902123,-77.04528,1,rooftop,"2000 K St NW",,"Washington, DC 20006",2000,"K St NW",,,Washington,DC,"District of Columbia",20006,US,"Statewide (City of Washington)"
3315716,"	1101 CONNECTICUT AVENUE DDOE","1101 Connecticut Avenue",,Washington,DC,20036,"1101 Property Owner LLC",,221184,4," 2011, 2020 , 2022 , 2023","78, 81 , 90 , 92",Office,1976,38.90404,-77.039737,1,rooftop,"1101 Connecticut Ave NW",,"Washington, DC 20036",1101,"Connecticut Ave NW",,,Washington,DC,"District of Columbia",20036,US,"Statewide (City of Washington)"
3323633,"	820 FIRST STREET NE","820 1st ST NE",,Washington,DC,20002,"UNIZO Real Estate DC Three LLC",,306104,14," 2012, 2013 , 2014 , 2015 , 2016 , 2017 , 2018 , 2019 , 2020 , 2021 , 2022 , 2023 , 2024 , 2025","85, 89 , 92 , 88 , 88 , 85 , 86 , 80 , 82 , 84 , 81 , 77 , 81 , 78",Office,1990,38.900578,-77.007811,1,rooftop,"820 1st St NE",,"Washington, DC 20002",820,"1st St NE",,,Washington,DC,"District of Columbia",20002,US,"Statewide (City of Washington)"
3335507,"	500 NORTH CAPITOL","500 North Capitol Street",NW,"Washington DC",DC,20001,"Boston Properties Washington Regional Office",,231958,13," 2013, 2014 , 2015 , 2016 , 2017 , 2018 , 2019 , 2020 , 2021 , 2022 , 2023 , 2024 , 2025","92, 90 , 92 , 93 , 94 , 94 , 84 , 84 , 90 , 83 , 85 , 88 , 89",Office,2012,38.896585,-77.009482,0.88,rooftop,"500 N Capitol St NW",,"Washington, DC 20001",500,"N Capitol St NW",,,Washington,DC,"District of Columbia",20001,US,"Statewide (City of Washington)"
3337685,"	1776 I ST","1776 I St NW",,Washington,DC,20006,"1776 Eye SPE LLC","Cushman && Wakefield",253112,14," 2010, 2011 , 2012 , 2013 , 2014 , 2015 , 2016 , 2017 , 2018 , 2019 , 2020 , 2021 , 2022 , 2023","77, 82 , 75 , 85 , 86 , 85 , 86 , 84 , 89 , 80 , 85 , 86 , 83 , 86",Office,1987,38.901098,-77.041365,1,rooftop,"1776 I St NW",,"Washington, DC 20006",1776,"I St NW",,,Washington,DC,"District of Columbia",20006,US,"Statewide (City of Washington)"
3351518,"	33769-WASJW-JW MARRIOTT WASHINGTON DC","1331 Pennsylvania Ave Nw",,Washington,DC,20004,"JW Marriott DC",,687727,1," 2022",76,Hotel,1984,38.896375,-77.031374,1,rooftop,"1331 Pennsylvania Ave NW",,"Washington, DC 20004",1331,"Pennsylvania Ave NW",,,Washington,DC,"District of Columbia",20004,US,"Statewide (City of Washington)"
3353520,"	USDOT BUILDING","1200 New Jersey Ave., SE",,Washington,DC,20590,"JBG Smith",,1583819,12," 2009, 2010 , 2011 , 2012 , 2013 , 2014 , 2015 , 2016 , 2017 , 2018 , 2019 , 2020","88, 93 , 94 , 93 , 96 , 92 , 85 , 92 , 92 , 92 , 82 , 92",Office,2005,38.875898,-77.00329,1,rooftop,"1200 New Jersey Ave SE",,"Washington, DC 20590",1200,"New Jersey Ave SE",,,Washington,DC,"District of Columbia",20590,US,"Statewide (City of Washington)"
3353544,"	470/490 L'ENFANT PLAZA (L'ENFANT PLAZA - EAST)","470/480/490 L'Enfant Plaza, SW",,"Washington DC",DC,20024,"JBG Smith",,819867,2," 2014, 2021","78, 80","Mixed Use Property",1971,38.882932,-77.059216,0.54,street_center,"Washington Blvd",490,"Washington, DC 20037",,"Washington Blvd",,490,Washington,DC,"District of Columbia",20037,US,"OpenStreetMap Contributors"
3353545,"	L ENFANT PLAZA - NORTH","955 L'Enfant Plaza, SW",,"Washington DC",DC,20024,"JBG/Potomac Creek Associates, LLC",,382503,2," 2013, 2014","77, 76",Office,1968,38.884481,-77.025043,1,rooftop,"955 L'enfant Plz SW",,"Washington, DC 20024",955,"L'enfant Plz SW",,,Washington,DC,"District of Columbia",20024,US,"Statewide (City of Washington)"
3353558,"	2115 WISCONSIN OPERATING COMPANY LLC","2115 Wisconsin Avenue",,Washington,DC,20007,"2115 Wisconsin Operating LLC","Lincoln Property Company",194041,10," 2013, 2014 , 2015 , 2016 , 2017 , 2018 , 2019 , 2020 , 2023 , 2024","77, 93 , 82 , 89 , 89 , 87 , 87 , 90 , 92 , 85",Office,1988,38.918735,-77.069082,1,rooftop,"2115 Wisconsin Ave NW",,"Washington, DC 20007",2115,"Wisconsin Ave NW",,,Washington,DC,"District of Columbia",20007,US,"Statewide (City of Washington)"
3353559,"	JBG/2121 WISCONSIN, L.L.C.","2121 Wisconsin Avenue",,Washington,DC,20007,"JBG Smith",,115350,7," 2012, 2013 , 2014 , 2015 , 2016 , 2017 , 2018","87, 92 , 93 , 75 , 78 , 80 , 77",Office,1958,38.918456,-77.069582,1,rooftop,"2121 Wisconsin Ave NW",,"Washington, DC 20007",2121,"Wisconsin Ave NW",,,Washington,DC,"District of Columbia",20007,US,"Statewide (City of Washington)"
3362197,"	300 NEW JERSEY","300 New Jersey Ave NW",,Washington,DC,20001,Jamestown,,247953,4," 2017, 2018 , 2024 , 2025","76, 76 , 75 , 85",Office,2009,38.894549,-77.011641,1,rooftop,"300 New Jersey Ave NW",,"Washington, DC 20001",300,"New Jersey Ave NW",,,Washington,DC,"District of Columbia",20001,US,"Statewide (City of Washington)"
3365778,"	CARDOZO EDUCATION CAMPUS","1200 Clifton St NW",,Washington,DC,20009,"Department of General Services",,394000,1," 2016",90,"K-12 School",2013,38.92218,-77.028473,1,rooftop,"1200 Clifton St NW",,"Washington, DC 20009",1200,"Clifton St NW",,,Washington,DC,"District of Columbia",20009,US,"Statewide (City of Washington)"
3365794,"	DUNBAR HIGH SCHOOL","101 N St NW",,Washington,DC,20001,"Department of General Services",,252384,1," 2016",79,"K-12 School",2014,38.907634,-77.012694,1,rooftop,"101 N St NW",,"Washington, DC 20001",101,"N St NW",,,Washington,DC,"District of Columbia",20001,US,"Statewide (City of Washington)"
3365976,"	WOODROW WILSON HIGH SCHOOL","3950 CHESAPEAKE STREET NW",,Washington,DC,20016,"Department of General Services",,357563,2," 2016, 2018","88, 85","K-12 School",2011,38.950164,-77.077778,1,rooftop,"3950 Chesapeake St NW",,"Washington, DC 20016",3950,"Chesapeake St NW",,,Washington,DC,"District of Columbia",20016,US,"Statewide (City of Washington)"
3395641,"	WESTBROOKE PLACE-GABLES","2201 N St NW",,Washington,DC,20037,"CLPF-Westbrooke Place, LP","Gables Residential Services",226803,1," 2021",82,"Multifamily Housing",1995,38.90749,-77.049309,1,rooftop,"2201 N St NW",,"Washington, DC 20037",2201,"N St NW",,,Washington,DC,"District of Columbia",20037,US,"Statewide (City of Washington)"
3411637,"	NBL ASSOCIATES","800 9th Street, SW",,Washington,DC,20024,"Guardian Realty Investors, LLC",,120838,1," 2019",75,Office,1987,38.880552,-77.02411,1,rooftop,"800 9th St SW",,"Washington, DC 20024",800,"9th St SW",,,Washington,DC,"District of Columbia",20024,US,"Statewide (City of Washington)"
3448441,"	WATERGATE (ROCKWOOD CAPITAL LLC)","2600 Virginia Avenue",,Washington,DC,20037,"Watergate Office Fee Owner, LLC C/O Penzance Watergate Management, LLC",,222549,4," 2015, 2016 , 2017 , 2018","81, 82 , 88 , 88",Office,1967,38.899652,-77.055497,1,rooftop,"2600 Virginia Ave NW",,"Washington, DC 20037",2600,"Virginia Ave NW",,,Washington,DC,"District of Columbia",20037,US,"Statewide (City of Washington)"
34608779,"	2021 K STREET NW (CEC)","2021 K Street NW",,Washington,DC,20006,Welltower,,189030,2," 2022, 2024","99, 97","Medical Office",1972,38.9029,-77.045778,1,rooftop,"2021 K St NW",,"Washington, DC 20006",2021,"K St NW",,,Washington,DC,"District of Columbia",20006,US,"Statewide (City of Washington)"
3470446,"	CONSTITUTION CENTER","400 7th Street SW",,Washington,DC,20024,"MetLife Real Estate",Hines,1582262,10," 2015, 2016 , 2017 , 2018 , 2019 , 2020 , 2021 , 2022 , 2023 , 2024","89, 88 , 89 , 89 , 79 , 83 , 84 , 78 , 82 , 80",Office,2009,38.884089,-77.021526,1,rooftop,"400 7th St SW",,"Washington, DC 20024",400,"7th St SW",,,Washington,DC,"District of Columbia",20024,US,"Statewide (City of Washington)"
3494759,"	2001 S STREET","2001 S Street, NW",,Washington,DC,20009,"S. C. Herman & Associates, Inc.",,59283,3," 2014, 2016 , 2017","86, 90 , 89",Office,1968,38.914285,-77.0452,1,rooftop,"2001 S St NW",,"Washington, DC 20009",2001,"S St NW",,,Washington,DC,"District of Columbia",20009,US,"Statewide (City of Washington)"
3496646,"	THE HSC PEDIATRIC CENTER","1731 Bunker Hill Road, NE",,Washington,DC,20017,"The HSC Pediatric Center",,115454,1," 2019",86,"Hospital (General Medical & Surgical)",1929,38.941376,-76.981041,1,rooftop,"1731 Bunker Hill Rd NE",,"Washington, DC 20017",1731,"Bunker Hill Rd NE",,,Washington,DC,"District of Columbia",20017,US,"Statewide (City of Washington)"
3496813,"	ELEVEN HUNDRED CONNECTICUT AVENUE","1100 Connecticut Avenue, NW","Suite 720",Washington,DC,20036,"Eleven Hundred Connecticut Avenue Associates, LLC","CBRE (1900 N St)",164882,2," 2024, 2025","82, 77",Office,1967,38.90406,-77.040647,1,rooftop,"1100 Connecticut Ave NW",,"Washington, DC 20036",1100,"Connecticut Ave NW",,,Washington,DC,"District of Columbia",20036,US,"Statewide (City of Washington)"
3498438,"	1401 K ST NW - OPI","1401 K St NW",,Washington,DC,20005,"Office Properties Income Trust","The RMR Group",132902,5," 2017, 2018 , 2020 , 2021 , 2024","84, 84 , 76 , 90 , 89",Office,1929,38.902932,-77.032316,1,rooftop,"1401 K St NW",,"Washington, DC 20005",1401,"K St NW",,,Washington,DC,"District of Columbia",20005,US,"Statewide (City of Washington)"
3500320,"	20 F STREET","20 F St NW",,Washington,DC,20001,"American College of Surgeons",,178148,7," 2014, 2015 , 2017 , 2018 , 2019 , 2020 , 2025","76, 80 , 81 , 86 , 75 , 75 , 75",Office,2009,38.897057,-77.009976,1,rooftop,"20 F St NW",,"Washington, DC 20001",20,"F St NW",,,Washington,DC,"District of Columbia",20001,US,"Statewide (City of Washington)"
35017670,"	STE 17 PHASE D LLC","1201 Sycamore Dr SE",,Washington,DC,20032,"STE 17 Phase D, LLC","J Street Companies",119045,1," 2024",92,Office,2022,38.844725,-76.990113,1,rooftop,"1201 Sycamore Dr SE",,"Washington, DC 20032",1201,"Sycamore Dr SE",,,Washington,DC,"District of Columbia",20032,US,"Statewide (City of Washington)"
3502417,"	BELVEDERE","1301 Massachusetts Ave NW",,Washington,DC,20005,"Bernstein Management Corporation",,100441,3," 2021, 2022 , 2023","86, 88 , 88","Multifamily Housing",1927,38.905259,-77.029944,1,rooftop,"1301 Massachusetts Ave NW",,"Washington, DC 20005",1301,"Massachusetts Ave NW",,,Washington,DC,"District of Columbia",20005,US,"Statewide (City of Washington)"
3503889,"	CHALFONTE","1601 Argonne Pl NW",,Washington,DC,20009,"Bernstein Management Corporation",,202589,2," 2022, 2023","82, 76","Multifamily Housing",1926,38.926725,-77.038713,1,rooftop,"1601 Argonne Pl NW",,"Washington, DC 20009",1601,"Argonne Pl NW",,,Washington,DC,"District of Columbia",20009,US,"Statewide (City of Washington)"
3507775,"	MASS COURT - MUNICIPAL BENCHMARKING ACCOUNT","300 Massachusetts Avenue, NW",,Washington,DC,20001,"TIAA CREF",Greystar,363927,3," 2015, 2016 , 2017","92, 90 , 89","Multifamily Housing",2004,38.89965,-77.015668,1,rooftop,"300 Massachusetts Ave NW",,"Washington, DC 20001",300,"Massachusetts Ave NW",,,Washington,DC,"District of Columbia",20001,US,"Statewide (City of Washington)"
3514785,"	FAIRMONT WASHINGTON, D.C., GEORGETOWN","2401 M Street, NW",,Washington,DC,20037,"MetLife Investment Management",,411396,1," 2021",76,Hotel,1985,38.905557,-77.051776,1,rooftop,"2401 M St NW",,"Washington, DC 20037",2401,"M St NW",,,Washington,DC,"District of Columbia",20037,US,"Statewide (City of Washington)"
3519199,"	HYATT REGENCY WASHINGTON ON CAPITOL HILL","400 New Jersey Ave NW",,Washington,DC,20001,"Hyatt Hotels",,715075,3," 2013, 2014 , 2015","75, 80 , 84",Hotel,1975,38.895226,-77.011445,1,rooftop,"400 New Jersey Ave NW",,"Washington, DC 20001",400,"New Jersey Ave NW",,,Washington,DC,"District of Columbia",20001,US,"Statewide (City of Washington)"
3519616,"	EMBASSY OF CANADA","501 Pennsylvania Ave. NW",,Washington,DC,20001,"Embassy of Canada",,217708,1," 2014",78,Office,1989,38.892805,-77.018351,1,rooftop,"501 Pennsylvania Ave NW",,"Washington, DC 20001",501,"Pennsylvania Ave NW",,,Washington,DC,"District of Columbia",20001,US,"Statewide (City of Washington)"
3520541,"	1333 H ST NW","1333 H Street NW",,Washington,DC,20005,"FHF I 1333 H Street LLC",,361430,9," 2015, 2017 , 2018 , 2019 , 2020 , 2021 , 2022 , 2023 , 2024","77, 89 , 91 , 79 , 82 , 92 , 84 , 85 , 77",Office,1982,38.900505,-77.031122,1,rooftop,"1333 H St NW",,"Washington, DC 20005",1333,"H St NW",,,Washington,DC,"District of Columbia",20005,US,"Statewide (City of Washington)"
3529495,"	PORTRAIT BUILDING","701 8th Street, NW",,Washington,DC,20001,"Clarion Partners","Cushman && Wakefield",149062,11," 2013, 2014 , 2015 , 2016 , 2017 , 2018 , 2019 , 2020 , 2021 , 2022 , 2023","75, 83 , 92 , 91 , 89 , 92 , 82 , 81 , 83 , 86 , 88",Office,2005,38.899009,-77.022703,1,rooftop,"701 8th St NW",,"Washington, DC 20001",701,"8th St NW",,,Washington,DC,"District of Columbia",20001,US,"Statewide (City of Washington)"
35374818,"	AHA HQ","400 A St SE",,Washington,DC,20003,"American Historical Association",,5421,2," 2024, 2025","99, 99",Office,1904,38.888866,-77.000367,1,rooftop,"400 A St SE",,"Washington, DC 20003",400,"A St SE",,,Washington,DC,"District of Columbia",20003,US,"Statewide (City of Washington)"
3540180,"	200 I STREET, SE","200 I St SE",,Washington,DC,20003,"Department of General Services",,406000,1," 2018",85,Office,2010,38.879799,-77.002939,1,rooftop,"200 I St SE",,"Washington, DC 20003",200,"I St SE",,,Washington,DC,"District of Columbia",20003,US,"Statewide (City of Washington)"
3540204,"	DEPARTMENT OF EMPLOYMENT SERVICES","4058 Minnesota Ave NE",,Washington,DC,20019,"Department of General Services",,229000,1," 2018",78,Office,2010,38.896979,-76.94783,1,rooftop,"4058 Minnesota Ave NE",,"Washington, DC 20019",4058,"Minnesota Ave NE",,,Washington,DC,"District of Columbia",20019,US,"Statewide (City of Washington)"
35415166,"	999 9TH ST NW - THE WESTIN WASHINGTON DC, DOWNTOWN (SUNSTONE HOTELS)","999 9th St NW",,"Washington DC",DC,20001,"Sunstone Hotel Investors, Inc.",,715000,1," 2025",78,Hotel,1989,38.901836,-77.023691,1,rooftop,"999 9th St NW",,"Washington, DC 20001",999,"9th St NW",,,Washington,DC,"District of Columbia",20001,US,"Statewide (City of Washington)"
3551424,"	02273 - 2100 M STREET NW","2100 M Street NW",,Washington,DC,20037,"Liberty Property Trust",,286773,7," 2008, 2010 , 2011 , 2012 , 2014 , 2017 , 2018","78, 78 , 85 , 86 , 80 , 76 , 79",Office,1969,38.904872,-77.047006,1,rooftop,"2100 M St NW",,"Washington, DC 20037",2100,"M St NW",,,Washington,DC,"District of Columbia",20037,US,"Statewide (City of Washington)"
3631056,"	1140 CONNECTICUT AVENUE (VC92)","1140 Connecticut Ave, NW",,"Washington, DC",DC,20036,"Brookfield Properties",CBRE,194881,10," 2008, 2009 , 2010 , 2014 , 2017 , 2018 , 2019 , 2021 , 2023 , 2025","76, 78 , 88 , 80 , 85 , 83 , 75 , 84 , 77 , 76",Office,1966,38.904996,-77.041144,1,rooftop,"1140 Connecticut Ave NW",,"Washington, DC 20036",1140,"Connecticut Ave NW",,,Washington,DC,"District of Columbia",20036,US,"Statewide (City of Washington)"
3632062,"	100 M STREET SE","100 M Street SE",,Washington,DC,20003,"OIDS 100 M, LLC",JLL,267814,12," 2013, 2015 , 2016 , 2017 , 2018 , 2019 , 2020 , 2021 , 2022 , 2023 , 2024 , 2025","80, 77 , 81 , 90 , 92 , 82 , 88 , 91 , 88 , 89 , 85 , 87",Office,2008,38.876817,-77.005374,1,rooftop,"100 M St SE",,"Washington, DC 20003",100,"M St SE",,,Washington,DC,"District of Columbia",20003,US,"Statewide (City of Washington)"
3635922,"	1275 FIRST STREET, NE - WASHINGTON - INCLUDING RETAIL","1275 First Street NE",,Washington,DC,20002,"Washington DC IV FGF, LLC",,367229,13," 2011, 2012 , 2013 , 2014 , 2015 , 2016 , 2017 , 2020 , 2021 , 2022 , 2023 , 2024 , 2025","89, 93 , 93 , 96 , 91 , 92 , 93 , 82 , 79 , 77 , 83 , 80 , 75",Office,2010,38.906835,-77.005467,1,rooftop,"1275 1st St NE",,"Washington, DC 20002",1275,"1st St NE",,,Washington,DC,"District of Columbia",20002,US,"Statewide (City of Washington)"
3669102,"	THE WRAY (WR040)","515 22nd Street, N.W.",,Washington,DC,20037,"Insight Property Group",,102080,1," 2023",75,"Multifamily Housing",2021,38.89686,-77.048521,1,rooftop,"515 22nd St NW",,"Washington, DC 20037",515,"22nd St NW",,,Washington,DC,"District of Columbia",20037,US,"Statewide (City of Washington)"
3671428,"	GABLES TAKOMA PARK","7035 Blair Rd",,Washington,DC,20012,"Gables Residential",,131426,4," 2021, 2022 , 2023 , 2024","95, 99 , 85 , 82","Multifamily Housing",2008,38.975634,-77.018823,1,rooftop,"7035 Blair Rd NW",,"Washington, DC 20012",7035,"Blair Rd NW",,,Washington,DC,"District of Columbia",20012,US,"Statewide (City of Washington)"
3673287,"	CAPITOL HILL TOWER HOUSING COOPERATIVE-SV","1000 New Jersey Ave, SE",,Washington,DC,20003,"Capitol Hill Tower Housing Cooperative, Inc",,425000,1," 2016",85,"Multifamily Housing",2006,38.878212,-77.004412,1,rooftop,"1000 New Jersey Ave SE",,"Washington, DC 20003",1000,"New Jersey Ave SE",,,Washington,DC,"District of Columbia",20003,US,"Statewide (City of Washington)"
3685967,"	1401 NEW YORK AVENUE - WASHINGTON - US0021","1401 New York Avenue",,Washington,DC,20005,"1401 NYA REO LLC","Lincoln Property Company",227686,7," 2013, 2014 , 2018 , 2021 , 2022 , 2023 , 2024","87, 95 , 89 , 84 , 86 , 87 , 81",Office,1982,38.899817,-77.032301,1,rooftop,"1401 New York Ave NW",,"Washington, DC 20005",1401,"New York Ave NW",,,Washington,DC,"District of Columbia",20005,US,"Statewide (City of Washington)"
3688013,"	1350 EYE STREET","1350 I Street NW",,Washington,DC,20005,CBRE,,392396,9," 2008, 2010 , 2015 , 2016 , 2017 , 2018 , 2019 , 2022 , 2024","75, 87 , 80 , 84 , 82 , 82 , 75 , 83 , 82",Office,1989,38.901035,-77.0313,1,rooftop,"1350 I St NW",,"Washington, DC 20005",1350,"I St NW",,,Washington,DC,"District of Columbia",20005,US,"Statewide (City of Washington)"
3762115,"	132-HAMPTON INN - WASHINGTON DC","599 Massachusetts Ave.",,Washington,DC,20001,"Hersha Hospitality Trust",,172236,1," 2015",80,Hotel,2005,38.90188,-77.020206,0.94,nearest_rooftop_match,"601 Massachusetts Ave NW",,"Washington, DC 20001",601,"Massachusetts Ave NW",,,Washington,DC,"District of Columbia",20001,US,"Statewide (City of Washington)"
3788558,"	EDISON PLACE DDOE","701 9th Street, NW",,Washington,DC,20001,"Pepco Holdings, Inc.","Cushman && Wakefield",398837,11," 2008, 2009 , 2010 , 2012 , 2013 , 2015 , 2016 , 2017 , 2018 , 2022 , 2023","76, 82 , 85 , 83 , 86 , 87 , 83 , 86 , 81 , 82 , 76",Office,2001,38.899079,-77.023442,1,rooftop,"701 9th St NW",,"Washington, DC 20001",701,"9th St NW",,,Washington,DC,"District of Columbia",20001,US,"Statewide (City of Washington)"
3830240,"	816 CONNECTICUT AVENUE","816 Connecticut Avenue, NW",,Washington,DC,20006,"816 Connecticut Ave LP","Cushman && Wakefield",23613,9," 2015, 2016 , 2017 , 2018 , 2019 , 2020 , 2021 , 2022 , 2023","96, 94 , 94 , 96 , 94 , 95 , 96 , 92 , 90",Office,1979,38.900725,-77.03865,1,rooftop,"816 Connecticut Ave NW",,"Washington, DC 20006",816,"Connecticut Ave NW",,,Washington,DC,"District of Columbia",20006,US,"Statewide (City of Washington)"
3857228,"	717 14TH STREET","717 14th Street, NW",,Washington,DC,20005,"Washington Capitol Partners",,124368,3," 2021, 2022 , 2023","92, 91 , 90",Office,1955,38.898907,-77.031561,1,rooftop,"717 14th St NW",,"Washington, DC 20005",717,"14th St NW",,,Washington,DC,"District of Columbia",20005,US,"Statewide (City of Washington)"
3857643,"	CSIS","1616 Rhode Island Ave, NW",,Washington,DC,20036,"Center for Strategic and International Studies",Akridge,120274,5," 2018, 2021 , 2022 , 2023 , 2024","78, 82 , 82 , 82 , 85",Office,2013,38.90649,-77.037744,1,rooftop,"1616 Rhode Island Ave NW",,"Washington, DC 20036",1616,"Rhode Island Ave NW",,,Washington,DC,"District of Columbia",20036,US,"Statewide (City of Washington)"
3866685,"	KENNEDY ROW","1717 E Capitol Street SE",,Washington,DC,20003,"Kennedy Row Residential, LLC c/o JBG Residential Management, LLC",,135000,1," 2016",83,"Multifamily Housing",2012,38.889409,-76.979877,1,rooftop,"1717 E Capitol St SE",,"Washington, DC 20003",1717,"E Capitol St SE",,,Washington,DC,"District of Columbia",20003,US,"Statewide (City of Washington)"
3883860,"	100 CAPITOL YARDS -CO (CP041)","100 I St",,Washington,DC,20003,"100 Eye St Acquistion LLC",Greystar,277005,4," 2020, 2021 , 2023 , 2024","79, 83 , 85 , 82","Multifamily Housing",2008,38.879604,-77.006416,1,rooftop,"100 I St SE",,"Washington, DC 20003",100,"I St SE",,,Washington,DC,"District of Columbia",20003,US,"Statewide (City of Washington)"
3883905,"	909 CAPITOL YARDS  (BO065. RE101)","909 New Jersey Ave. SE",,Washington,DC,20003,"JP Morgan",,256941,7," 2016, 2017 , 2018 , 2019 , 2020 , 2021 , 2023","85, 85 , 86 , 81 , 80 , 83 , 88","Multifamily Housing",2009,38.878814,-77.005485,1,rooftop,"909 New Jersey Ave SE",,"Washington, DC 20003",909,"New Jersey Ave SE",,,Washington,DC,"District of Columbia",20003,US,"Statewide (City of Washington)"
3883919,"	70 CAPITOL YARDS _ CO (CP040)","70 I Street SE",,Washington,DC,20003,"70 Eye St Acquisition LLC",Greystar,459264,5," 2020, 2021 , 2022 , 2023 , 2024","82, 83 , 100 , 94 , 95","Multifamily Housing",2008,38.879532,-77.007031,1,rooftop,"70 I St SE",,"Washington, DC 20003",70,"I St SE",,,Washington,DC,"District of Columbia",20003,US,"Statewide (City of Washington)"
3883929,"	POST MASSACHUSETTS AVENUE","1499 Massachusetts Ave NW",,Washington,DC,20005,"Post Massachusetts Avenue",,237796,3," 2020, 2021 , 2022","92, 91 , 93","Multifamily Housing",2002,38.906877,-77.034164,1,rooftop,"1499 Massachusetts Ave NW",,"Washington, DC 20005",1499,"Massachusetts Ave NW",,,Washington,DC,"District of Columbia",20005,US,"Statewide (City of Washington)"
3919889,"	BOND","1400 New york Ave",,"Washington D.C.",DC,20005,"Bond Washington LLC","Cushman && Wakefield",173576,2," 2014, 2017","90, 80",Office,1986,38.898968,-77.032432,1,rooftop,"1400 New York Ave NW",,"Washington, DC 20005",1400,"New York Ave NW",,,Washington,DC,"District of Columbia",20005,US,"Statewide (City of Washington)"
3928873,"	IUOE","1125 17th St. NW",,Washington,DC,20036,IUOE,,95981,2," 2001, 2015","83, 87",Office,1958,38.904507,-77.038107,1,rooftop,"1125 17th St NW",,"Washington, DC 20036",1125,"17th St NW",,,Washington,DC,"District of Columbia",20036,US,"Statewide (City of Washington)"
3956966,"	MARITIME PLAZA-2","1220 12th Street SE",,Washington,DC,20003,"COPT Defense Properties",,158913,9," 2016, 2017 , 2018 , 2019 , 2020 , 2021 , 2022 , 2023 , 2024","85, 85 , 85 , 81 , 87 , 89 , 90 , 92 , 92",Office,2003,38.875282,-76.989776,1,rooftop,"1220 12th St SE",,"Washington, DC 20003",1220,"12th St SE",,,Washington,DC,"District of Columbia",20003,US,"Statewide (City of Washington)"
3957505,"	MARITIME PLAZA-1","1201 M Street, SE",,Washington,DC,20003,"COPT Defense Properties",,207338,9," 2016, 2017 , 2018 , 2019 , 2020 , 2021 , 2022 , 2023 , 2024","91, 91 , 93 , 88 , 90 , 90 , 93 , 94 , 92",Office,2001,38.876078,-76.98941,1,rooftop,"1201 M St SE",,"Washington, DC 20003",1201,"M St SE",,,Washington,DC,"District of Columbia",20003,US,"Statewide (City of Washington)"
3970121,"	0223-0025_NYAVE (1440 NYA)","1440 New York Avenue",,Washington,DC,20005,"1440 New York Avenue Associates LP","Cushman && Wakefield",214390,16," 2007, 2008 , 2009 , 2010 , 2011 , 2013 , 2015 , 2015 , 2016 , 2016 , 2017 , 2017 , 2018 , 2018 , 2020 , 2021","79, 83 , 75 , 96 , 82 , 82 , 75 , 83 , 84 , 77 , 83 , 83 , 83 , 85 , 78 , 77",Office,1927,38.898695,-77.033355,1,rooftop,"1440 New York Ave NW",,"Washington, DC 20005",1440,"New York Ave NW",,,Washington,DC,"District of Columbia",20005,US,"Statewide (City of Washington)"
3990208,"	1100 VERMONT AVENUE","1100 Vermont Avenue",,Washington,DC,20005,"Deka USA Property Four LP","Cushman && Wakefield",68031,4," 2021, 2023 , 2024 , 2025","75, 83 , 78 , 75",Office,1964,38.903965,-77.033373,1,rooftop,"1100 Vermont Ave NW",,"Washington, DC 20005",1100,"Vermont Ave NW",,,Washington,DC,"District of Columbia",20005,US,"Statewide (City of Washington)"
3991512,"	WEST END RESIDENCES","1221 24th St NW",,Washington,DC,20037,"Bernstein Management Corporation",,67540,2," 2021, 2022","95, 94","Multifamily Housing",2000,38.90653,-77.051049,1,rooftop,"1221 24th St NW",,"Washington, DC 20037",1221,"24th St NW",,,Washington,DC,"District of Columbia",20037,US,"Statewide (City of Washington)"
3991731,"	DIPLOMAT","2420 16th St NW",,Washington,DC,20009,"Bernstein Management Corporation",,63170,3," 2021, 2022 , 2023","89, 88 , 85","Multifamily Housing",1950,38.921599,-77.036965,1,rooftop,"2420 16th St NW",,"Washington, DC 20009",2420,"16th St NW",,,Washington,DC,"District of Columbia",20009,US,"Statewide (City of Washington)"
3992388,"	MELWOOD","1803 Biltmore St NW",,Washington,DC,20009,"Bernstein Management Corporation",,72968,2," 2022, 2023","82, 81","Multifamily Housing",1927,38.922546,-77.043504,1,rooftop,"1803 Biltmore St NW",,"Washington, DC 20009",1803,"Biltmore St NW",,,Washington,DC,"District of Columbia",20009,US,"Statewide (City of Washington)"
3992747,"	CONNECTICUT GARDENS","1915 Kalorama Rd NW",,Washington,DC,20009,"Bernstein Management Corporation",,58745,1," 2022",100,"Multifamily Housing",1940,38.919617,-77.045685,1,rooftop,"1915 Kalorama Rd NW",,"Washington, DC 20009",1915,"Kalorama Rd NW",,,Washington,DC,"District of Columbia",20009,US,"Statewide (City of Washington)"
3993109,"	HIGHVIEW","2505 13th St NW",,Washington,DC,20009,"Bernstein Management Corporation",,62455,3," 2021, 2022 , 2023","85, 84 , 84","Multifamily Housing",1926,38.922693,-77.02924,1,rooftop,"2505 13th St NW",,"Washington, DC 20009",2505,"13th St NW",,,Washington,DC,"District of Columbia",20009,US,"Statewide (City of Washington)"
3993135,"	CASTLE MANOR","2515 13th St NW",,Washington,DC,20009,"Bernstein Management Corporation",,63000,3," 2021, 2022 , 2023","90, 84 , 81","Multifamily Housing",1926,38.922961,-77.029239,1,rooftop,"2515 13th St NW",,"Washington, DC 20009",2515,"13th St NW",,,Washington,DC,"District of Columbia",20009,US,"Statewide (City of Washington)"
3993177,"	PARAMOUNT","829 Quincy St, NW",,Washington,DC,20011,"Bernstein Management Corporation",,67104,1," 2022",80,"Multifamily Housing",1929,38.937882,-77.024931,1,rooftop,"829 Quincy St NW",,"Washington, DC 20011",829,"Quincy St NW",,,Washington,DC,"District of Columbia",20011,US,"Statewide (City of Washington)"
3993733,"	SENTINEL SQUARE II","1050 1st Street NE",,Washington,DC,20002,"Sentinel Square Hana OW, LLC c/o OW Management Services, Inc.","Ocean West Management Services, Inc.",280363,6," 2019, 2020 , 2021 , 2022 , 2023 , 2024","83, 87 , 84 , 91 , 90 , 90",Office,2013,38.903442,-77.006223,1,rooftop,"1050 1st St NE",,"Washington, DC 20002",1050,"1st St NE",,,Washington,DC,"District of Columbia",20002,US,"Statewide (City of Washington)"
4005190,"	1110 VERMONT AVENUE, NW","1110 Vermont Ave, NW",,Washington,DC,20005,"EPIC Vermont LLC","Cushman && Wakefield",318497,11," 2010, 2011 , 2014 , 2015 , 2016 , 2017 , 2018 , 2019 , 2020 , 2021 , 2022","86, 82 , 87 , 84 , 83 , 85 , 86 , 77 , 79 , 86 , 85",Office,1979,38.904335,-77.03326,1,rooftop,"1110 Vermont Ave NW",,"Washington, DC 20005",1110,"Vermont Ave NW",,,Washington,DC,"District of Columbia",20005,US,"Statewide (City of Washington)"
4007843,"	ALLEGRO APTS. (D.C.) (LL083)","3460 14th Street NW",,Washington,DC,20010,Bozzuto,,278258,7," 2018, 2019 , 2020 , 2021 , 2022 , 2023 , 2024","77, 84 , 89 , 90 , 85 , 92 , 99","Multifamily Housing",2009,38.932914,-77.033017,1,rooftop,"3460 14th St NW",,"Washington, DC 20010",3460,"14th St NW",,,Washington,DC,"District of Columbia",20010,US,"Statewide (City of Washington)"
4007889,"	THE GRAYS ON PENNSYLVANIA","2323 Pennsylvania Avenue SE",,Washington,DC,20020,"Chapman Development LCC","Bozzuto Management Company",98353,3," 2016, 2017 , 2018","84, 87 , 88","Multifamily Housing",2010,38.874133,-76.972748,1,rooftop,"2323 Pennsylvania Ave SE",,"Washington, DC 20020",2323,"Pennsylvania Ave SE",,,Washington,DC,"District of Columbia",20020,US,"Statewide (City of Washington)"
4007896,"	THE LOREE GRAND","250 K Street NE",,Washington,DC,20002,"Union Place Phase I, LLC","Bozzuto Management Company",236905,3," 2015, 2016 , 2017","90, 90 , 88","Multifamily Housing",2010,38.90281,-77.002441,1,rooftop,"250 K St NE",,"Washington, DC 20002",250,"K St NE",,,Washington,DC,"District of Columbia",20002,US,"Statewide (City of Washington)"
4008037,"	1717 K ST NW","1717 K St NW",,Washington,DC,20006,"JBG Smith",,406131,11," 2014, 2015 , 2016 , 2017 , 2018 , 2019 , 2020 , 2021 , 2022 , 2023 , 2024","86, 88 , 92 , 91 , 90 , 78 , 77 , 85 , 80 , 80 , 81",Office,2012,38.902898,-77.040293,1,rooftop,"1717 K St NW",,"Washington, DC 20006",1717,"K St NW",,,Washington,DC,"District of Columbia",20006,US,"Statewide (City of Washington)"
4008041,"	NEWSEUM RESIDENCES","565 Pennsylvania Ave NW",,Washington,DC,20001,"Newseum Residences, LLC","Bozzuto Management Company",145435,4," 2016, 2018 , 2020 , 2021","79, 76 , 87 , 93","Multifamily Housing",2007,38.893315,-77.019563,1,rooftop,"565 Pennsylvania Ave NW",,"Washington, DC 20001",565,"Pennsylvania Ave NW",,,Washington,DC,"District of Columbia",20001,US,"Statewide (City of Washington)"
4013975,"	FLATS 130 AT CONSTITUTION SQUARE I","130 M Street NE",,Washington,DC,20002,"Flats 130 DC Residential LLC","Bozzuto Management Company",496052,2," 2016, 2017","91, 89","Multifamily Housing",2010,38.905908,-77.004969,1,rooftop,"130 M St NE",,"Washington, DC 20002",130,"M St NE",,,Washington,DC,"District of Columbia",20002,US,"Statewide (City of Washington)"
4013991,"	RHODE ISLAND ROW","2300 Washington Place NE",,Washington,DC,20018,Bozzuto,,401517,4," 2016, 2017 , 2020 , 2022","95, 97 , 93 , 87","Multifamily Housing",2012,38.920425,-76.995442,1,rooftop,"2300 Washington Pl NE",,"Washington, DC 20018",2300,"Washington Pl NE",,,Washington,DC,"District of Columbia",20018,US,"Statewide (City of Washington)"
4019461,"	RESIDENCES ON THE AVENUE","2221 I Street NW",,Washington,DC,20037,"Square 54 Residential Owner, LLC","Bozzuto Management Company",396876,1," 2016",92,"Multifamily Housing",2000,38.900982,-77.049623,1,rooftop,"2221 I St NW",,"Washington, DC 20037",2221,"I St NW",,,Washington,DC,"District of Columbia",20037,US,"Statewide (City of Washington)"
4037665,"	55 M STREET","55 M Street SE, Suite 100",,Washington,DC,20003,"Hines GS Properties","Hines GS Properties",256719,3," 2014, 2015 , 2017","90, 95 , 94",Office,2008,38.876264,-77.006992,1,rooftop,"55 M St SE","Ste 100","Washington, DC 20003",55,"M St SE",Ste,100,Washington,DC,"District of Columbia",20003,US,"Statewide (City of Washington)"
4051768,"	440 FIRST ST NW","440 First Street NW",,Washington,DC,20001,"Government Properties Income Trust","The RMR Group LLC",138709,2," 2017, 2018","100, 77",Office,2013,38.895455,-77.012477,1,rooftop,"440 1st St NW",,"Washington, DC 20001",440,"1st St NW",,,Washington,DC,"District of Columbia",20001,US,"Statewide (City of Washington)"
4067117,"	1700 NEW YORK AVENUE","1700 New York Avenue, NW",,Washington,DC,20006,"Carr Properties",,134210,7," 2017, 2018 , 2020 , 2021 , 2022 , 2023 , 2024","76, 76 , 76 , 87 , 84 , 87 , 87",Office,2013,38.896026,-77.040348,1,rooftop,"1700 New York Ave NW",,"Washington, DC 20006",1700,"New York Ave NW",,,Washington,DC,"District of Columbia",20006,US,"Statewide (City of Washington)"
4096712,"	1620 L STREET","1620 L Street NW",,Washington,DC,20036,DivcoWest,"Cushman && Wakefield",182852,3," 2022, 2023 , 2024","77, 77 , 75",Office,1989,38.90341,-77.037586,1,rooftop,"1620 L St NW",,"Washington, DC 20036",1620,"L St NW",,,Washington,DC,"District of Columbia",20036,US,"Statewide (City of Washington)"
4129771,"	1015 15TH STREET/BLACKROCK","1015 15th Street, NW",,Washington,DC,20005,"1015 15th Street, Inc.",,198868,8," 2012, 2015 , 2016 , 2017 , 2019 , 2021 , 2022 , 2023","77, 75 , 81 , 85 , 75 , 81 , 77 , 80",Office,1979,38.903005,-77.034252,1,rooftop,"1015 15th St NW",,"Washington, DC 20005",1015,"15th St NW",,,Washington,DC,"District of Columbia",20005,US,"Statewide (City of Washington)"
4156464,"	MIDATLANTIC - DC: AVALON THE ALBEMARLE","4501 Connecticut Avenue Northwest",,Washington,DC,20008,"AvalonBay Communities, Inc",,365946,1," 2014",86,"Multifamily Housing",1966,38.948511,-77.06519,1,rooftop,"4501 Connecticut Ave NW",,"Washington, DC 20008",4501,"Connecticut Ave NW",,,Washington,DC,"District of Columbia",20008,US,"Statewide (City of Washington)"
4156466,"	MIDATLANTIC - DC: THE STATESMAN","2020 F Street Northwest",,Washington,DC,20006,"AvalonBay Communities, Inc",,260157,1," 2014",77,"Multifamily Housing",1961,38.897002,-77.045801,1,rooftop,"2020 F St NW",,"Washington, DC 20006",2020,"F St NW",,,Washington,DC,"District of Columbia",20006,US,"Statewide (City of Washington)"
4162444,"	655 K STREET - AAMC","655 K Street, NW",,Washington,DC,20001,"Association of American Medical Colleges","Lincoln Property Company - AAMC",299905,4," 2016, 2018 , 2019 , 2020","80, 84 , 75 , 82",Office,2014,38.902811,-77.020782,1,rooftop,"655 K St NW",,"Washington, DC 20001",655,"K St NW",,,Washington,DC,"District of Columbia",20001,US,"Statewide (City of Washington)"
4218479,"	BARCLAY II","1616 16th Street NW",,Washington,DC,20009,"JP Morgan Chase","Van Metre Companies",59420,1," 2020",98,"Multifamily Housing",1932,38.911736,-77.036955,1,rooftop,"1616 16th St NW",,"Washington, DC 20009",1616,"16th St NW",,,Washington,DC,"District of Columbia",20009,US,"Statewide (City of Washington)"
4223136,"	77H (7H01) (HR96)","77 H Street NW",,Washington,DC,20001,"CV 77 H Street LLC",,370198,2," 2016, 2023","78, 96","Multifamily Housing",2013,38.900416,-77.011153,1,rooftop,"77 H St NW",,"Washington, DC 20001",77,"H St NW",,,Washington,DC,"District of Columbia",20001,US,"Statewide (City of Washington)"
4307021,"	2001 PENNSYLVANIA AVENUE","2001 Pennsylvania Avenue NW",,Washington,DC,20006,"The George Washington University","Carr Properties",170822,5," 2018, 2020 , 2021 , 2022 , 2024","75, 76 , 76 , 75 , 78",Office,1990,38.901681,-77.045334,1,rooftop,"2001 Pennsylvania Ave NW",,"Washington, DC 20006",2001,"Pennsylvania Ave NW",,,Washington,DC,"District of Columbia",20006,US,"Statewide (City of Washington)"
4317010,"	127810 - THE SWIFT AT PETWORTH METRO","3828 Georgia Ave NW",,Washington,DC,20011,"Principal Real Estate Investors","Polinger Company",209572,1," 2019",78,"Multifamily Housing",2014,38.938193,-77.024829,1,rooftop,"3828 Georgia Ave NW",,"Washington, DC 20011",3828,"Georgia Ave NW",,,Washington,DC,"District of Columbia",20011,US,"Statewide (City of Washington)"
4317950,"	280111 - 2401 PENN AVE.","2401 Pennsylvania Avenue NW",,Washington,DC,20037,"Principal Real Estate Investor","Polinger Company",145060,3," 2016, 2017 , 2018","76, 79 , 78","Mixed Use Property",1991,38.903488,-77.051852,1,rooftop,"2401 Pennsylvania Ave NW",,"Washington, DC 20037",2401,"Pennsylvania Ave NW",,,Washington,DC,"District of Columbia",20037,US,"Statewide (City of Washington)"
4327667,"	1775 EYE STREET (YS10)","1775 Eye Street NW",,Washington,DC,20006,"Brookfield Properties",CBRE,198893,13," 2010, 2012 , 2013 , 2015 , 2016 , 2017 , 2018 , 2019 , 2020 , 2021 , 2023 , 2024 , 2025","75, 80 , 83 , 78 , 78 , 83 , 84 , 78 , 79 , 79 , 85 , 80 , 83",Office,1964,38.907092,-77.039803,0.9,range_interpolation,"1775 N St NW",,"Washington, DC 20036",1775,"N St NW",,,Washington,DC,"District of Columbia",20036,US,"TIGER/Line® from the US Census Bureau"
4369395,"	THE FOUNDRY BUILDING","1055 Thomas Jefferson Street, NW",,Washington,DC,20007,"JP Morgan Chase Bank, N.A.","Ma Repleo Holding Corp. c/o Transwestern",244850,14," 2009, 2010 , 2012 , 2013 , 2015 , 2016 , 2017 , 2018 , 2019 , 2020 , 2021 , 2022 , 2024 , 2025","75, 79 , 81 , 81 , 76 , 83 , 87 , 86 , 76 , 81 , 84 , 80 , 82 , 84",Office,1976,38.903769,-77.059764,1,rooftop,"1055 Thomas Jefferson St NW",,"Washington, DC 20007",1055,"Thomas Jefferson St NW",,,Washington,DC,"District of Columbia",20007,US,"Statewide (City of Washington)"
4378204,"	AMERICAN PHARMACISTS ASSOCIATION","2215 Constitution Avenue, NW",,Washington,DC,20037,"2200 C Street LLC","Donohoe Real Estate Services",275298,1," 2018",84,Office,2009,38.892832,-77.049476,1,rooftop,"2215 Constitution Ave NW",,"Washington, DC 20037",2215,"Constitution Ave NW",,,Washington,DC,"District of Columbia",20037,US,"Statewide (City of Washington)"
4378477,"	3801 CONNECTICUT AVE (CQ31)","3801 Connecticut Avenue, NW",,Washington,DC,20008,"Elme Communities",,210625,4," 2016, 2022 , 2023 , 2024","75, 77 , 85 , 88","Multifamily Housing",1951,38.939361,-77.060077,1,rooftop,"3801 Connecticut Ave NW",,"Washington, DC 20008",3801,"Connecticut Ave NW",,,Washington,DC,"District of Columbia",20008,US,"Statewide (City of Washington)"
4378482,"	7TH FLATS","1825 7th Street NW         ",,Washington,DC,20001,"Broadcast Residential Partnership, LLC","Bozzuto Management Company",215960,3," 2015, 2016 , 2017","96, 96 , 96","Multifamily Housing",2013,38.914938,-77.021705,1,rooftop,"1825 7th St NW",,"Washington, DC 20001",1825,"7th St NW",,,Washington,DC,"District of Columbia",20001,US,"Statewide (City of Washington)"
4379094,"	2440 M STREET","2440 M St N.W.",,Washington,DC,20037,"HSRE-CAPMED DC, LLC, c/o Avison Young Washington DC, LLC",,116383,1," 2023",89,"Medical Office",1986,38.905074,-77.052679,1,rooftop,"2440 M St NW",,"Washington, DC 20037",2440,"M St NW",,,Washington,DC,"District of Columbia",20037,US,"Statewide (City of Washington)"
4379381,"	THE KENMORE (KM17)","5415 Connecticut Avenue",,Washington,DC,20015,"Elme Communities",,380900,4," 2021, 2022 , 2023 , 2024","86, 84 , 87 , 92","Multifamily Housing",1948,38.961719,-77.07324,1,rooftop,"5415 Connecticut Ave NW",,"Washington, DC 20015",5415,"Connecticut Ave NW",,,Washington,DC,"District of Columbia",20015,US,"Statewide (City of Washington)"
4380591,"	MONROE STREET MARKET - PORTLAND FLATS","655 Michigan Avenue, NE",,Washington,DC,20017,"Monroe Street Block B Residential, LLC","Bozzuto Management Company",99365,3," 2016, 2017 , 2018","90, 90 , 93","Multifamily Housing",2013,38.932646,-76.996749,1,rooftop,"655 Michigan Ave NE",,"Washington, DC 20017",655,"Michigan Ave NE",,,Washington,DC,"District of Columbia",20017,US,"Statewide (City of Washington)"
4380598,"	MONROE STREET MARKET - BROOKLAND WORKS","716 Monroe Street NE",,Washington,DC,20017,"Monroe Street Block B Residential, LLC","Bozzuto Management Company",169380,4," 2018, 2019 , 2020 , 2021","86, 95 , 92 , 94","Multifamily Housing",2013,38.932866,-76.995161,1,rooftop,"716 Monroe St NE",,"Washington, DC 20017",716,"Monroe St NE",,,Washington,DC,"District of Columbia",20017,US,"Statewide (City of Washington)"
4380886,"	11 DUPONT CIRCLE - OPI","11 Dupont Circle NW",,Washington,DC,20036,"Office Properties Income Trust","The RMR Group",160898,6," 2009, 2010 , 2011 , 2017 , 2022 , 2023","79, 80 , 86 , 77 , 80 , 80",Office,1973,38.910108,-77.042583,1,rooftop,"11 Dupont Cir NW",,"Washington, DC 20036",11,"Dupont Cir NW",,,Washington,DC,"District of Columbia",20036,US,"Statewide (City of Washington)"
4390334,"	900 G","900 G Street, NW",,"District of Columbia",DC,20001,"Stream Realty Partners-DC, LP",,158093,2," 2021, 2022","75, 76",Office,2014,38.898107,-77.024437,1,rooftop,"900 G St NW",,"Washington, DC 20001",900,"G St NW",,,Washington,DC,"District of Columbia",20001,US,"Statewide (City of Washington)"
4390599,"	THE METROPOLITAN APARTMENTS","200 Rhode Island Ave., NE",,Washington,DC,20002,"MT Investments LLC C/O Dreyfuss",,130989,1," 2017",99,"Multifamily Housing",1936,38.919185,-77.003276,1,rooftop,"200 Rhode Island Ave NE",,"Washington, DC 20002",200,"Rhode Island Ave NE",,,Washington,DC,"District of Columbia",20002,US,"Statewide (City of Washington)"
4404976,"	PARK EAST APARTMENTS","1845 Summit Place NW",,Washington,DC,20009,"CIM Group - DC",,66312,8," 2017, 2018 , 2019 , 2020 , 2021 , 2022 , 2023 , 2024","87, 87 , 85 , 87 , 85 , 79 , 90 , 83","Multifamily Housing",1955,38.926811,-77.042816,1,rooftop,"1845 Summit Pl NW",,"Washington, DC 20009",1845,"Summit Pl NW",,,Washington,DC,"District of Columbia",20009,US,"Statewide (City of Washington)"
4405032,"	THE ARGONNE","1629 Columbia Road NW",,Washington,DC,20009,"CIM Group, LP",,295600,2," 2020, 2021","75, 76","Multifamily Housing",1923,38.926112,-77.037852,1,rooftop,"1629 Columbia Rd NW",,"Washington, DC 20009",1629,"Columbia Rd NW",,,Washington,DC,"District of Columbia",20009,US,"Statewide (City of Washington)"
4405068,"	HARVARD VILLAGE","1829 Summit Place NW",,Washington,DC,20009,"CIM Group - DC",,86936,1," 2024",94,"Multifamily Housing",1930,38.92678,-77.042315,1,rooftop,"1829 Summit Pl NW",,"Washington, DC 20009",1829,"Summit Pl NW",,,Washington,DC,"District of Columbia",20009,US,"Statewide (City of Washington)"
4429402,"	SQUIRE PATTON BOGGS","2550 M Street",,Washington,DC,20037,"Georgetown Income Partners, LLC",,220892,7," 2009, 2010 , 2011 , 2016 , 2017 , 2018 , 2020","75, 80 , 81 , 77 , 81 , 82 , 76",Office,1976,38.904978,-77.05421,1,rooftop,"2550 M St NW",,"Washington, DC 20037",2550,"M St NW",,,Washington,DC,"District of Columbia",20037,US,"Statewide (City of Washington)"
4506895,"	CATHEDRAL COMMONS","3401 Idaho Avenue",,Washington,DC,20016,"Cathedral Commons Partners, LLC","Bozzuto Management Company",258200,1," 2017",75,"Mixed Use Property",2015,38.93532,-77.073428,1,rooftop,"3401 Idaho Ave NW",,"Washington, DC 20016",3401,"Idaho Ave NW",,,Washington,DC,"District of Columbia",20016,US,"Statewide (City of Washington)"
4531936,"	THREE CONSTITUTION SQUARE","175 N Street, NE",,Washington,DC,20002,"ConSqaure Office Three Owner","Cushman & Wakefield",374361,6," 2019, 2020 , 2021 , 2022 , 2023 , 2024","81, 81 , 79 , 81 , 79 , 77",Office,2013,38.906875,-77.003682,1,rooftop,"175 N St NE",,"Washington, DC 20002",175,"N St NE",,,Washington,DC,"District of Columbia",20002,US,"Statewide (City of Washington)"
4582777,"	YALE WEST (YL03)","443 New York Ave NW",,Washington,DC,20001,"Elme Communities",,225626,4," 2021, 2022 , 2023 , 2024","85, 81 , 80 , 88","Multifamily Housing",2011,38.904547,-77.017982,1,rooftop,"443 New York Ave NW",,"Washington, DC 20001",443,"New York Ave NW",,,Washington,DC,"District of Columbia",20001,US,"Statewide (City of Washington)"
4592226,"	FCNL HQ","245 2nd St NE",,"Washington DC",DC,20002,"The Friends Committee on National Legislation",,11000,1," 2018",82,Office,1860,38.893388,-77.003286,1,rooftop,"245 2nd St NE",,"Washington, DC 20002",245,"2nd St NE",,,Washington,DC,"District of Columbia",20002,US,"Statewide (City of Washington)"
4624422,"	1445 NY AVE","1445 New York Avenue NW",,Washington,DC,20005,"Ponte Gadea Washington, LLC","Cushman && Wakefield",186781,12," 2010, 2011 , 2012 , 2013 , 2014 , 2015 , 2016 , 2017 , 2018 , 2019 , 2021 , 2022","81, 84 , 89 , 90 , 91 , 87 , 90 , 87 , 87 , 86 , 79 , 75",Office,1985,38.89936,-77.032924,1,rooftop,"1445 New York Ave NW",,"Washington, DC 20005",1445,"New York Ave NW",,,Washington,DC,"District of Columbia",20005,US,"Statewide (City of Washington)"
4631625,"	1130 CONNECTICUT AVENUE","1130 Connecticut Avenue",,Washington,DC,20036,"Penzance 1130 Property Owner, LLC","Cushman && Wakefield",230865,7," 2010, 2012 , 2014 , 2015 , 2016 , 2017 , 2018","88, 87 , 85 , 81 , 83 , 83 , 81",Office,1986,38.904649,-77.041131,1,rooftop,"1130 Connecticut Ave NW",,"Washington, DC 20036",1130,"Connecticut Ave NW",,,Washington,DC,"District of Columbia",20036,US,"Statewide (City of Washington)"
4673452,"	NATIONAL SQUARE","500 D Street SW",,Washington,DC,20024,"GVAOII 500 D, LLC","Lincoln Property Company",349701,1," 2024",78,Office,2015,38.884654,-77.019591,1,rooftop,"500 D St SW",,"Washington, DC 20024",500,"D St SW",,,Washington,DC,"District of Columbia",20024,US,"Statewide (City of Washington)"
4724507,"	CCDC OFFICE","800 10th Street, NW","Suite 350",Washington,DC,20001,Hines,,599027,10," 2016, 2017 , 2018 , 2019 , 2020 , 2021 , 2022 , 2023 , 2024 , 2025","83, 80 , 82 , 76 , 77 , 85 , 81 , 81 , 86 , 85",Office,2013,38.900225,-77.026325,1,rooftop,"800 10th St NW",,"Washington, DC 20001",800,"10th St NW",,,Washington,DC,"District of Columbia",20001,US,"Statewide (City of Washington)"
4739089,"	NATIONAL PUBLIC RADIO HQ BUILDING","1111 North Capitol St. NE",,Washington,DC,20002,"National Public Radio",,439560,4," 2018, 2019 , 2020 , 2022","81, 81 , 79 , 78",Office,2013,38.904255,-77.008378,1,rooftop,"1111 N Capitol St NE",,"Washington, DC 20002",1111,"N Capitol St NE",,,Washington,DC,"District of Columbia",20002,US,"Statewide (City of Washington)"
4743813,"	1015 18TH STREET","1015 18th Street, NW",,Washington,DC,20036,"Cannon Hill Capital Partners","CodeGreen Solutions Inc.",116684,4," 2021, 2022 , 2023 , 2024","75, 84 , 86 , 85",Office,1970,38.903171,-77.041387,1,rooftop,"1015 18th St NW",,"Washington, DC 20036",1015,"18th St NW",,,Washington,DC,"District of Columbia",20036,US,"Statewide (City of Washington)"
4794008,"	JEFFERSON MARKETPLACE","1550 7th Street NW",,"Washington DC",DC,20001,"Jefferson Marketplace",,266168,1," 2016",78,"Multifamily Housing",2014,38.910385,-77.022206,1,rooftop,"1550 7th St NW",,"Washington, DC 20001",1550,"7th St NW",,,Washington,DC,"District of Columbia",20001,US,"Statewide (City of Washington)"
4795024,"	LAFAYETTE CENTRE","1120 20th Street",,Washington,DC,20036,"Beacon Capital Partners","Cushman & Wakefield - Lafayette",908482,12," 2008, 2009 , 2010 , 2012 , 2013 , 2014 , 2016 , 2021 , 2022 , 2023 , 2024 , 2025","77, 84 , 88 , 87 , 90 , 83 , 75 , 76 , 79 , 76 , 75 , 78",Office,1983,38.904592,-77.045384,1,rooftop,"1120 20th St NW",,"Washington, DC 20036",1120,"20th St NW",,,Washington,DC,"District of Columbia",20036,US,"Statewide (City of Washington)"
4807500,"	JAMESTOWN GEORGETOWN PARK - MARKET HOUSE","3276 M Street NW",,Washington,DC,20007,Jamestown,,17717,3," 2017, 2018 , 2019","88, 85 , 95","Supermarket/Grocery Store",1990,38.904768,-77.06515,1,rooftop,"3276 M St NW",,"Washington, DC 20007",3276,"M St NW",,,Washington,DC,"District of Columbia",20007,US,"Statewide (City of Washington)"
4820587,"	FORT TOTTEN SQUARE","5661 3rd St. NE",,Washington,DC,20011,"JBG Smith",,481171,4," 2018, 2019 , 2020 , 2021","75, 83 , 80 , 85","Mixed Use Property",2015,38.958619,-77.002662,1,rooftop,"5661 3rd St NE",,"Washington, DC 20011",5661,"3rd St NE",,,Washington,DC,"District of Columbia",20011,US,"Statewide (City of Washington)"
4820588,"	ATLANTIC PLUMBING A","2112 8th St. NW",,Washington,DC,20001,"JBG Smith",,281954,6," 2018, 2019 , 2020 , 2021 , 2023 , 2024","77, 77 , 76 , 75 , 81 , 77","Multifamily Housing",2015,38.9184,-77.023077,1,rooftop,"2112 8th St NW",,"Washington, DC 20001",2112,"8th St NW",,,Washington,DC,"District of Columbia",20001,US,"Statewide (City of Washington)"
4820589,"	THE GALE ECKINGTON","151 Q St. NE",,Washington,DC,20002,"JBG Smith",,562172,6," 2016, 2017 , 2019 , 2020 , 2021 , 2022","98, 79 , 86 , 89 , 92 , 80","Multifamily Housing",2013,38.910909,-77.004208,1,rooftop,"151 Q St NE",,"Washington, DC 20002",151,"Q St NE",,,Washington,DC,"District of Columbia",20002,US,"Statewide (City of Washington)"
4862045,"	THE GRIFFIN","3801 Georgia Ave NW",,Washington,DC,20011,"Donatelli Development",,56680,2," 2016, 2018","77, 75","Multifamily Housing",2012,38.937897,-77.02428,1,rooftop,"3801 Georgia Ave NW",,"Washington, DC 20011",3801,"Georgia Ave NW",,,Washington,DC,"District of Columbia",20011,US,"Statewide (City of Washington)"
4869405,"	1016 16TH STREET, NW","1016 16th Street",,Washington,DC,20036,"1016 16th Street Condominium Owners' Association",Akridge,38025,3," 2022, 2023 , 2024","80, 79 , 79",Office,1940,38.903253,-77.036963,1,rooftop,"1016 16th St NW",,"Washington, DC 20036",1016,"16th St NW",,,Washington,DC,"District of Columbia",20036,US,"Statewide (City of Washington)"
4898777,"	ARCH SQUARE","675 H Street",,Washington,DC,20001,"AFIAA ARCH SQ LLC",,61230,4," 2017, 2018 , 2020 , 2022","81, 81 , 96 , 98",Office,1871,38.900005,-77.021545,1,rooftop,"675 H St NW",,"Washington, DC 20001",675,"H St NW",,,Washington,DC,"District of Columbia",20001,US,"Statewide (City of Washington)"
4938598,"	THE WESTORY - 607 14TH STREET","607 14th Street NW",,Washington,DC,20004,"REEP-OFC Westory DC LLC","Cushman && Wakefield",300625,9," 2010, 2011 , 2014 , 2015 , 2016 , 2017 , 2018 , 2022 , 2023","75, 86 , 81 , 79 , 83 , 82 , 82 , 75 , 81",Office,1989,38.897726,-77.031585,1,rooftop,"607 14th St NW",,"Washington, DC 20005",607,"14th St NW",,,Washington,DC,"District of Columbia",20005,US,"Statewide (City of Washington)"
4985823,"	4115 WISCONSIN AVE NW","4115 Wisconsin Ave NW",,Washington,DC,20016,"Bernstein Management Corporation",,53298,3," 2021, 2022 , 2023","96, 97 , 96","Multifamily Housing",1928,38.942925,-77.07636,1,rooftop,"4115 Wisconsin Ave NW",,"Washington, DC 20016",4115,"Wisconsin Ave NW",,,Washington,DC,"District of Columbia",20016,US,"Statewide (City of Washington)"
4988493,"	HUMAN RIGHTS CAMPAIGN FOUNDATION","1640 Rhode Island Ave. NW",,Washington,DC,20036,"Human Rights Campaign Foundation",,81769,4," 2010, 2012 , 2024 , 2025","78, 75 , 84 , 86",Office,1954,38.906329,-77.038117,1,rooftop,"1640 Rhode Island Ave NW",,"Washington, DC 20036",1640,"Rhode Island Ave NW",,,Washington,DC,"District of Columbia",20036,US,"Statewide (City of Washington)"
4989400,"	1201 CONNECTICUT NOVEL COWORKING LLC (LONGFELLOW BUILDING)","1201 Connecticut Ave NW",,Washington,DC,20036,"1201 Connecticut Novel Coworking, LLC",JLL,202675,2," 2018, 2019","89, 79",Office,1940,38.906101,-77.040776,1,rooftop,"1201 Connecticut Ave NW",,"Washington, DC 20036",1201,"Connecticut Ave NW",,,Washington,DC,"District of Columbia",20036,US,"Statewide (City of Washington)"
4991913,"	LEO AT WATERFRONT STATION","1150 4th St SW",,Washington,DC,20024,"Bernstein Management Corporation",,238000,1," 2022",78,"Multifamily Housing",2014,38.877481,-77.016322,1,rooftop,"1150 4th St SW",,"Washington, DC 20024",1150,"4th St SW",,,Washington,DC,"District of Columbia",20024,US,"Statewide (City of Washington)"
4993774,"	SIX SIXTY NORTH CAPITOL","660 North Capitol Street,NW",,Washington,DC,20001,"660 North Capitol LLC","Lincoln Properties Company",213081,7," 2018, 2019 , 2020 , 2021 , 2022 , 2023 , 2025","95, 80 , 80 , 87 , 79 , 81 , 86",Office,2016,38.898615,-77.009588,1,rooftop,"660 N Capitol St NW",,"Washington, DC 20001",660,"N Capitol St NW",,,Washington,DC,"District of Columbia",20001,US,"Statewide (City of Washington)"
5011813,"	1200 17TH STREET","1200 17th Street, NW",,Washington,DC,20036,Akridge,,188010,5," 2016, 2017 , 2018 , 2024 , 2025","95, 86 , 86 , 75 , 80",Office,2014,38.906028,-77.03887,1,rooftop,"1200 17th St NW",,"Washington, DC 20036",1200,"17th St NW",,,Washington,DC,"District of Columbia",20036,US,"Statewide (City of Washington)"
5019130,"	TA0121 - 1100 FIRST ST","1100 FIRST ST",,WASHINGTON,DC,20002,"Unizo Real Estate DC Four, LLC",,347608,6," 2018, 2019 , 2020 , 2021 , 2024 , 2025","79, 76 , 80 , 79 , 85 , 86",Office,2009,38.904033,-77.006569,1,rooftop,"1100 1st St NE",,"Washington, DC 20002",1100,"1st St NE",,,Washington,DC,"District of Columbia",20002,US,"Statewide (City of Washington)"
5021472,"	MERIDIAN MANOR: MERIDIAN MANOR","1424 Chapin Street Northwest",,Washington,DC,20009,"National Housing Trust - Enterprise Preservation Corporation",,44160,1," 2017",96,"Multifamily Housing",1929,38.921322,-77.033254,1,rooftop,"1424 Chapin St NW",,"Washington, DC 20009",1424,"Chapin St NW",,,Washington,DC,"District of Columbia",20009,US,"Statewide (City of Washington)"
5021494,"	ST. DENNIS: ST. DENNIS","1636 Kenyon Street Northwest",,Washington,DC,20010,"National Housing Trust - Enterprise Preservation Corporation",,29603,1," 2017",95,"Multifamily Housing",1921,38.929554,-77.038506,1,rooftop,"1636 Kenyon St NW",,"Washington, DC 20010",1636,"Kenyon St NW",,,Washington,DC,"District of Columbia",20010,US,"Statewide (City of Washington)"
5021516,"	MONSEÑOR ROMERO APTS: MONSENOR ROMERO","3145 Mount Pleasant Street Northwest",,Washington,DC,20010,"National Housing Trust - Enterprise Preservation Corporation",,46432,1," 2017",95,"Multifamily Housing",2014,38.929871,-77.037568,1,rooftop,"3145 Mt Pleasant St NW",,"Washington, DC 20010",3145,"Mt Pleasant St NW",,,Washington,DC,"District of Columbia",20010,US,"Statewide (City of Washington)"
5060175,"	MONROE STREET MARKET - CAMPUS (MN206, MN207, MO147, MO150)","625 Monroe St NE",,Washington,DC,20017,"Monroe Street Residential LLC",Bozzuto,812174,1," 2025",78,"Multifamily Housing",2013,38.932065,-76.997043,1,rooftop,"625 Monroe St NE",,"Washington, DC 20017",625,"Monroe St NE",,,Washington,DC,"District of Columbia",20017,US,"Statewide (City of Washington)"
5093497,"	MIDTOWN CENTER","1100 15th Street NW",,Washington,DC,20005,"Carr Properties",,911093,8," 2012, 2013 , 2019 , 2020 , 2021 , 2022 , 2024 , 2025","75, 79 , 86 , 88 , 88 , 86 , 85 , 90",Office,2017,38.904035,-77.034989,1,rooftop,"1100 15th St NW",,"Washington, DC 20005",1100,"15th St NW",,,Washington,DC,"District of Columbia",20005,US,"Statewide (City of Washington)"
5102639,"	THE DUDDINGTON","1754 Lanier PL, NW",,Washington,DC,20009,"1754 Lanier, LLC","Wexford Property Management Inc.",19800,1," 2016",100,"Multifamily Housing",1910,38.924297,-77.04185,1,rooftop,"1754 Lanier Pl NW",,"Washington, DC 20009",1754,"Lanier Pl NW",,,Washington,DC,"District of Columbia",20009,US,"Statewide (City of Washington)"
5134091,"	601 MASSACHUSETTS AVENUE","601 Massachusetts Ave. NW","Suite 100","Washington DC",DC,20001,"Boston Properties Washington Regional Office",,502968,10," 2016, 2017 , 2018 , 2019 , 2020 , 2021 , 2022 , 2023 , 2024 , 2025","90, 90 , 89 , 76 , 80 , 84 , 82 , 81 , 81 , 82",Office,2015,38.90188,-77.020206,1,rooftop,"601 Massachusetts Ave NW",,"Washington, DC 20001",601,"Massachusetts Ave NW",,,Washington,DC,"District of Columbia",20001,US,"Statewide (City of Washington)"
55633192,"	PARC RIVERSIDE EAST AND WEST - CAMPUS (PA541)(PA542)","1011 1st Street SE",,Washington,DC,20003,"Prudential Real Estate Advisors",Bozzuto,658503,1," 2025",94,"Multifamily Housing",2014,38.87816,-77.006445,1,rooftop,"1011 1st St SE",,"Washington, DC 20003",1011,"1st St SE",,,Washington,DC,"District of Columbia",20003,US,"Statewide (City of Washington)"
5765639,"	THE HEPBURN","1901 Connecticut Ave NW",,Washington,DC,20009,"Dupont DC Investors, LLC","Bozzuto Management Company",226209,2," 2018, 2020","83, 75","Multifamily Housing",2016,38.915931,-77.044455,1,rooftop,"1901 Connecticut Ave NW",,"Washington, DC 20009",1901,"Connecticut Ave NW",,,Washington,DC,"District of Columbia",20009,US,"Statewide (City of Washington)"
5777992,"	BERKSHIRE 15 (BH20)","2011 15th Street NW",,Washington,DC,20009,"BMIRF Berkshire15, L.L.C. C/O Berkshire Residential Investments",,83634,6," 2019, 2021 , 2022 , 2023 , 2024 , 2025","86, 92 , 75 , 77 , 82 , 79","Multifamily Housing",2016,38.917942,-77.034049,1,rooftop,"2011 15th St NW",,"Washington, DC 20009",2011,"15th St NW",,,Washington,DC,"District of Columbia",20009,US,"Statewide (City of Washington)"
5785904,"	CLARIDGE HOUSE COOPERATIVE: 950 25TH STREET NORTHWEST","950 25th Street Northwest",,Washington,DC,20037,"Claridge House Cooperative, Inc.",,373216,9," 2015, 2016 , 2018 , 2019 , 2020 , 2021 , 2022 , 2023 , 2024","88, 91 , 91 , 91 , 87 , 96 , 97 , 97 , 98","Multifamily Housing",1960,38.902102,-77.053569,1,rooftop,"950 25th St NW",,"Washington, DC 20037",950,"25th St NW",,,Washington,DC,"District of Columbia",20037,US,"Statewide (City of Washington)"
5810688,"	SOUTHWEST WATERFRONT - PARCEL 3B","801 Wharf St",,Washington,DC,20024,"CARR-WHARF 3B HOTEL LESSEE LLC",,250657,1," 2022",79,Hotel,2017,38.879419,-77.02505,1,rooftop,"801 Wharf St SW",,"Washington, DC 20024",801,"Wharf St SW",,,Washington,DC,"District of Columbia",20024,US,"Statewide (City of Washington)"
5825075,"	LEX AT WATERFRONT STATION","1151 4TH ST SW",,Washington,DC,20024,"Bernstein Management Corporation",,248000,1," 2022",79,"Multifamily Housing",2015,38.877472,-77.018715,1,rooftop,"1151 4th St SW",,"Washington, DC 20024",1151,"4th St SW",,,Washington,DC,"District of Columbia",20024,US,"Statewide (City of Washington)"
5829,"	1101 17TH STREET","1101 17th Street N.W.",,Washington,DC,20036,"JBG Smith",,231396,10," 2008, 2009 , 2010 , 2012 , 2015 , 2016 , 2017 , 2018 , 2020 , 2021","75, 75 , 87 , 82 , 75 , 79 , 79 , 78 , 75 , 75",Office,1964,38.904056,-77.038131,1,rooftop,"1101 17th St NW",,"Washington, DC 20036",1101,"17th St NW",,,Washington,DC,"District of Columbia",20036,US,"Statewide (City of Washington)"
5833257,"	2131 K STREET","2131 K Street NW",,Washington,DC,20037,"DHP 2131 K STREET LLC","Avison Young",91737,1," 2024",79,"Medical Office",1982,38.9029,-77.047668,1,rooftop,"2131 K St NW",,"Washington, DC 20037",2131,"K St NW",,,Washington,DC,"District of Columbia",20037,US,"Statewide (City of Washington)"
5836746,"	GENERAL SECRETARIAT BUILDING","1889 F Street NW",,Washington,DC,20006,"Organization of American States",,273095,8," 2008, 2009 , 2010 , 2012 , 2021 , 2023 , 2024 , 2025","83, 85 , 80 , 83 , 83 , 86 , 88 , 86",Office,1978,38.897598,-77.042715,1,rooftop,"1889 F St NW",,"Washington, DC 20006",1889,"F St NW",,,Washington,DC,"District of Columbia",20006,US,"Statewide (City of Washington)"
5924418,"	645 H STREET","645 H Street, NE",,Washington,DC,20002,"US REIF 645 H St Washington DC LLC","Cushman && Wakefield",88886,7," 2018, 2019 , 2020 , 2021 , 2022 , 2023 , 2024","88, 87 , 83 , 76 , 86 , 89 , 94",Office,2015,38.899922,-76.996591,1,rooftop,"645 H St NE",,"Washington, DC 20002",645,"H St NE",,,Washington,DC,"District of Columbia",20002,US,"Statewide (City of Washington)"
6016533,"	900 16TH STREET","900 16th Street, NW","Suite 255",Washington,DC,20006,"Oxford Properties Group",,128321,7," 2018, 2019 , 2020 , 2021 , 2022 , 2023 , 2024","89, 82 , 90 , 90 , 87 , 87 , 87",Office,2016,38.901725,-77.036988,1,rooftop,"900 16th St NW",,"Washington, DC 20006",900,"16th St NW",,,Washington,DC,"District of Columbia",20006,US,"Statewide (City of Washington)"
6022881,"	THE APOLLO","600 H Street NE",,Washington,DC,20002,Bozzuto,,474640,3," 2019, 2020 , 2022","81, 84 , 92","Multifamily Housing",2017,38.900412,-76.99739,1,rooftop,"600 H St NE",,"Washington, DC 20002",600,"H St NE",,,Washington,DC,"District of Columbia",20002,US,"Statewide (City of Washington)"
6024618,"	13TH & U","1310 U St NW",,Washington,DC,20009,"JBG Smith",,174889,4," 2021, 2022 , 2023 , 2024","92, 94 , 96 , 93","Multifamily Housing",2017,38.916786,-77.030174,1,rooftop,"1310 U St NW",,"Washington, DC 20009",1310,"U St NW",,,Washington,DC,"District of Columbia",20009,US,"Statewide (City of Washington)"
6037917,"	WEST HALF","1201 Half Street, SE",,Washington,DC,20003,"JBG Smith",,449656,3," 2022, 2023 , 2024","76, 86 , 83","Multifamily Housing",2019,38.876483,-77.00746,1,range_interpolation,"1201 Half St SE",,"Washington, DC 20003",1201,"Half St SE",,,Washington,DC,"District of Columbia",20003,US,"TIGER/Line® from the US Census Bureau"
6040122,"	MARKET SQUARE - 701","701 Pennsylvania Avenue, NW",,Washington,DC,20004,"PRPMCOF Market Square LLC",,537320,8," 2017, 2018 , 2019 , 2020 , 2021 , 2022 , 2023 , 2024","89, 88 , 80 , 81 , 83 , 86 , 77 , 80",Office,1990,38.894446,-77.022382,1,rooftop,"701 Pennsylvania Ave NW",,"Washington, DC 20004",701,"Pennsylvania Ave NW",,,Washington,DC,"District of Columbia",20004,US,"Statewide (City of Washington)"
6040217,"	MARKET SQUARE - 801","801 Pennsylvania Avenue, NW",,Washington,DC,20004,"PRPMCOF Market Square LLC",,524169,17," 2008, 2009 , 2010 , 2011 , 2012 , 2013 , 2014 , 2015 , 2016 , 2017 , 2018 , 2019 , 2020 , 2021 , 2022 , 2023 , 2024","75, 80 , 83 , 83 , 80 , 79 , 80 , 83 , 90 , 93 , 92 , 84 , 85 , 85 , 89 , 75 , 75",Office,1990,38.894436,-77.023508,1,rooftop,"801 Pennsylvania Ave NW",,"Washington, DC 20004",801,"Pennsylvania Ave NW",,,Washington,DC,"District of Columbia",20004,US,"Statewide (City of Washington)"
6046211,"	INSIGNIA ON M (NG39) (NG64)","1111 New Jersey Avenue SE",,Washington,DC,20003,"Gallery Capitol Riverfront Property, LLC",Bozzuto,256806,5," 2019, 2022 , 2023 , 2024 , 2025","87, 88 , 84 , 77 , 78","Multifamily Housing",2017,38.877035,-77.004826,1,rooftop,"1111 New Jersey Ave SE",,"Washington, DC 20003",1111,"New Jersey Ave SE",,,Washington,DC,"District of Columbia",20003,US,"Statewide (City of Washington)"
6054805,"	2001 L STREET N.W.","2001 L Street N.W.",,Washington,DC,20036,"2001 L Street, LLC",,169727,5," 2016, 2017 , 2018 , 2021 , 2022","79, 76 , 76 , 75 , 78",Office,1986,38.904047,-77.045297,1,rooftop,"2001 L St NW",,"Washington, DC 20036",2001,"L St NW",,,Washington,DC,"District of Columbia",20036,US,"Statewide (City of Washington)"
6064771,"	SQUARE 452 LLC C/O GOULD PROPERTY CO.","600 Mass Ave NW","Suite 101",Washington,DC,20001,"Gould Property Company",,415165,2," 2018, 2019","78, 81",Office,2016,38.901407,-77.020531,1,rooftop,"600 Massachusetts Ave NW",,"Washington, DC 20001",600,"Massachusetts Ave NW",,,Washington,DC,"District of Columbia",20001,US,"Statewide (City of Washington)"
6076576,"	1133 15TH STREET","1133 15th Street NW",,Washington,DC,20005,DivcoWest,"Cushman && Wakefield",235030,3," 2018, 2021 , 2023","78, 76 , 75",Office,1969,38.904861,-77.034024,1,rooftop,"1133 15th St NW",,"Washington, DC 20005",1133,"15th St NW",,,Washington,DC,"District of Columbia",20005,US,"Statewide (City of Washington)"
60852794,"	AVENTINE AT FORT TOTTEN - PARENT","300 Hamilton Street NE",,Washington,DC,20011,Greystar,,305677,1," 2025",81,"Multifamily Housing",2007,38.953259,-77.001023,1,rooftop,"300 Hamilton St NE",,"Washington, DC 20011",300,"Hamilton St NE",,,Washington,DC,"District of Columbia",20011,US,"Statewide (City of Washington)"
6182214,"	633 INDIANA AVE NW: 633 INDIANA AVENUE NORTHWEST","633 Indiana Avenue Northwest",,Washington,DC,20004,"Zuckerman Gravely Management","Zuckerman Gravely Management",185839,1," 2024",80,Office,1963,38.894459,-77.021163,1,rooftop,"633 Indiana Ave NW",,"Washington, DC 20004",633,"Indiana Ave NW",,,Washington,DC,"District of Columbia",20004,US,"Statewide (City of Washington)"
6194215,"	1701 RHODE ISLAND","1701 Rhode Island Avenue, NW",,Washington,DC,20036,"1701 Rhode Island, Inc.","Lincoln Property Company - 1701 Rhode Island",109618,5," 2020, 2021 , 2022 , 2023 , 2025","84, 90 , 93 , 96 , 95",Office,2018,38.906726,-77.03903,1,rooftop,"1701 Rhode Island Ave NW",,"Washington, DC 20036",1701,"Rhode Island Ave NW",,,Washington,DC,"District of Columbia",20036,US,"Statewide (City of Washington)"
6211690,"	DC BAR BUILDING","901 4th Street","North West",Washington,DC,20001,"The District of Columbia Bar",,105177,3," 2021, 2024 , 2025","77, 82 , 82",Office,2017,38.901687,-77.01587,1,rooftop,"901 4th St NW",,"Washington, DC 20001",901,"4th St NW",,,Washington,DC,"District of Columbia",20001,US,"Statewide (City of Washington)"
6211760,"	THE WHARF DC 800 MAINE AVE SW","800 Maine Ave SW",,Washington,DC,20024,"Wharf 3A Office REIT LLC",CBRE,244391,2," 2023, 2025","82, 80",Office,2017,38.879755,-77.024632,1,rooftop,"800 Maine Ave SW",,"Washington, DC 20024",800,"Maine Ave SW",,,Washington,DC,"District of Columbia",20024,US,"Statewide (City of Washington)"
6254160,"	370 L'ENFANT","901 D Street, SW",,"Washington, DC",DC,20024,"370 L'Enfant Owner LLC","Park Madison Property Management",407321,13," 2000, 2003 , 2004 , 2005 , 2007 , 2008 , 2009 , 2010 , 2012 , 2014 , 2015 , 2016 , 2020","89, 76 , 77 , 78 , 78 , 80 , 81 , 82 , 84 , 83 , 83 , 95 , 75",Office,1987,38.88515,-77.024692,1,rooftop,"901 D St SW",,"Washington, DC 20024",901,"D St SW",,,Washington,DC,"District of Columbia",20024,US,"Statewide (City of Washington)"
6279989,"	AMERICAN GEOPHYSICAL UNION","2000 Florida Ave NW",,Washington,DC,20009,"American Geophysical Union",,72898,2," 2021, 2025","93, 95",Office,1994,38.91466,-77.045207,1,rooftop,"2000 Florida Ave NW",,"Washington, DC 20009",2000,"Florida Ave NW",,,Washington,DC,"District of Columbia",20009,US,"Statewide (City of Washington)"
6283083,"	HECHT WAREHOUSE (HC024)","1401 New York Ave NE",,Washington,DC,20002,"Jemal's Hecht Tower Original LLC",,332826,1," 2023",80,"Multifamily Housing",2017,38.915552,-76.984809,1,rooftop,"1401 New York Ave NE",,"Washington, DC 20002",1401,"New York Ave NE",,,Washington,DC,"District of Columbia",20002,US,"Statewide (City of Washington)"
6391997,"	DELANO HALL","1400 Main Drive NW",,Washington,DC,20012,"District of Columbia International School",,200000,1," 2024",100,"K-12 School",1933,38.972937,-77.034203,1,rooftop,"1400 Main Dr NW",,"Washington, DC 20012",1400,"Main Dr NW",,,Washington,DC,"District of Columbia",20012,US,"Statewide (City of Washington)"
6628956,"	SQ 369 HOTEL","901 L Street NW",,Washington,DC,20001,"Quadrangle Management Company",,356553,1," 2024",86,Hotel,2018,38.904388,-77.024381,1,rooftop,"901 L St NW",,"Washington, DC 20001",901,"L St NW",,,Washington,DC,"District of Columbia",20001,US,"Statewide (City of Washington)"
6628967,"	400 K STREET - LYDIAN","400 K Street NW",,Washington,DC,20001,"Quadrangle Management Company",,332240,1," 2025",92,"Multifamily Housing",2018,38.902205,-77.016447,1,rooftop,"400 K St NW",,"Washington, DC 20001",400,"K St NW",,,Washington,DC,"District of Columbia",20001,US,"Statewide (City of Washington)"
6628974,"	THE LURGAN","915 L Street",,Washington,DC,20001,"915 L Street Owners LLC","Quadrangle Management Company",222309,2," 2023, 2024","91, 94","Multifamily Housing",2018,38.904447,-77.025115,1,rooftop,"915 L St NW",,"Washington, DC 20001",915,"L St NW",,,Washington,DC,"District of Columbia",20001,US,"Statewide (City of Washington)"
6689784,"	99 M (DC) OFFICE LLC","99 M Street SE",,Washington,DC,20003,"99 M (DC) Office LLC","Polinger Company",239818,1," 2023",88,Office,2018,38.876289,-77.006294,1,rooftop,"99 M St SE",,"Washington, DC 20003",99,"M St SE",,,Washington,DC,"District of Columbia",20003,US,"Statewide (City of Washington)"
6691973,"	SCD SQUARE 75, LLC","2112 Pennsylvania Avenue",,Washington,DC,20037,Skanska,"Lincoln Property Company",249060,2," 2024, 2025","75, 75",Office,2018,38.90151,-77.047968,1,rooftop,"2112 Pennsylvania Ave NW",,"Washington, DC 20037",2112,"Pennsylvania Ave NW",,,Washington,DC,"District of Columbia",20037,US,"Statewide (City of Washington)"
6748804,"	REED ROW (RD092)","2101 Champlain St NW",,Washington,DC,20009,"Reed Row",,125776,3," 2020, 2021 , 2022","78, 79 , 92","Multifamily Housing",2017,38.9184,-77.040049,1,rooftop,"2101 Champlain St NW",,"Washington, DC 20009",2101,"Champlain St NW",,,Washington,DC,"District of Columbia",20009,US,"Statewide (City of Washington)"
6752530,"	2000 PENN","2000 Pennsylvania Ave NW",,Washington,DC,20006,"Westbrook Partners","MRP Realty",439522,2," 2023, 2024","83, 77",Office,1974,38.900363,-77.045778,1,rooftop,"2000 Pennsylvania Ave NW",,"Washington, DC 20006",2000,"Pennsylvania Ave NW",,,Washington,DC,"District of Columbia",20006,US,"Statewide (City of Washington)"
6768,"	1776 K STREET NW","1776 K Street NW",,Washington,DC,22202,"JBG Smith",,213067,10," 2001, 2009 , 2010 , 2011 , 2014 , 2015 , 2016 , 2017 , 2018 , 2020","85, 90 , 94 , 85 , 84 , 86 , 86 , 82 , 82 , 75",Office,1969,38.898106,-77.041178,0.99,rooftop,"1776 G St NW",,"Washington, DC 20006",1776,"G St NW",,,Washington,DC,"District of Columbia",20006,US,"Statewide (City of Washington)"
6774079,"	ONE INDEPENDENCE SQUARE","250 E Street SW",,Washington,DC,20024,"SABAN Capital Group LLC","Colliers International REMS US LLC",340355,6," 2012, 2017 , 2018 , 2023 , 2024 , 2025","75, 95 , 95 , 88 , 90 , 91",Office,1991,38.882944,-77.014431,1,rooftop,"250 E St SW",,"Washington, DC 20024",250,"E St SW",,,Washington,DC,"District of Columbia",20024,US,"Statewide (City of Washington)"
6776589,"	VALO - CO (VL049)","222 M St SW",,Washington,DC,20024,"Bernstein Management Corporation",,199711,1," 2023",89,"Multifamily Housing",2018,38.876128,-77.014681,1,rooftop,"222 M St SW",,"Washington, DC 20024",222,"M St SW",,,Washington,DC,"District of Columbia",20024,US,"Statewide (City of Washington)"
6859,"	VERIZON - WASHINGTON DC HEADQUARTERS","1710 H Street, NW",,Washington,DC,20006,Verizon,Verizon,215274,2," 2001, 2003","80, 75",Office,1975,38.899943,-77.040367,1,rooftop,"1710 H St NW",,"Washington, DC 20006",1710,"H St NW",,,Washington,DC,"District of Columbia",20006,US,"Statewide (City of Washington)"
70310292,"	THE SHAY - EAST: (SH162/HA147) AND WEST: (SH182/SH458)","1921 8th St NW / 1924 8th St NW",,Washington,DC,20001,"Bernstein Management Corporation",,226620,1," 2025",88,"Multifamily Housing",2015,38.916249,-77.022612,1,rooftop,"1921 8th St NW",1924,"Washington, DC 20001",1921,"8th St NW",,1924,Washington,DC,"District of Columbia",20001,US,"Statewide (City of Washington)"
7545160,"	THE ALTA CONDOMINIUM","1133 14th St NW",,Washington,DC,20005,"The Alta Condominium UOA","The Nabo Group",123207,1," 2024",84,"Multifamily Housing",2006,38.9048,-77.03168,1,rooftop,"1133 14th St NW",,"Washington, DC 20005",1133,"14th St NW",,,Washington,DC,"District of Columbia",20005,US,"Statewide (City of Washington)"
8260895,"	CHILDRENS NATIONAL HOSPITAL","111 Michigan Ave. N.W.",,Wasshington,DC,20010,"Children's National",,2261206,1," 2022",85,"Hospital (General Medical & Surgical)",1974,38.927687,-77.013754,1,rooftop,"111 Michigan Ave NW",,"Washington, DC 20010",111,"Michigan Ave NW",,,Washington,DC,"District of Columbia",20010,US,"Statewide (City of Washington)"
8671090,"	500 L'ENFANT PLAZA","500 L'Enfant Plaza",,Washington,DC,20024,"DEKA USA DIM PROPERTY ONE LP","Cushman && Wakefield",228468,5," 2020, 2022 , 2023 , 2024 , 2025","75, 81 , 89 , 87 , 88",Office,2017,38.883258,-77.02358,1,rooftop,"500 L'enfant Plz SW",,"Washington, DC 20024",500,"L'enfant Plz SW",,,Washington,DC,"District of Columbia",20024,US,"Statewide (City of Washington)"
8705636,"	THE BATLEY (TH271)","1270 4th St NE",,Washington,DC,20002,"JBG Smith",,388671,2," 2023, 2024","84, 82","Multifamily Housing",2019,38.908619,-76.999742,1,rooftop,"1270 4th St NE",,"Washington, DC 20002",1270,"4th St NE",,,Washington,DC,"District of Columbia",20002,US,"Statewide (City of Washington)"
8768681,"	1101 SIXTEENTH","1101 16th Street NW",,Washington,DC,20005,Akridge,,111033,4," 2021, 2023 , 2024 , 2025","81, 85 , 85 , 79",Office,2019,38.90407,-77.036118,1,rooftop,"1101 16th St NW",,"Washington, DC 20036",1101,"16th St NW",,,Washington,DC,"District of Columbia",20036,US,"Statewide (City of Washington)"
9025507,"	CNBB","700 14th Street and 1420 New York Avenue NW",,Washington,DC,20005,"CNBB Owner LLC",,259162,6," 2017, 2018 , 2021 , 2022 , 2023 , 2024","75, 84 , 77 , 78 , 76 , 78",Office,1988,38.898582,-77.032218,1,rooftop,"700 14th St NW",,"Washington, DC 20005",700,"14th St NW",,,Washington,DC,"District of Columbia",20005,US,"Statewide (City of Washington)"
9088,"	NATIONAL GEOGRAPHIC SOCIETY 1600 M STREET","1600 M Street NW",,Washington,DC,20036,"National Geographic Society","National Geographic Society",497773,5," 2006, 2007 , 2008 , 2010 , 2012","76, 78 , 77 , 79 , 78",Office,1985,38.905343,-77.037208,1,rooftop,"1600 M St NW",,"Washington, DC 20036",1600,"M St NW",,,Washington,DC,"District of Columbia",20036,US,"Statewide (City of Washington)"
9480457,"	880 P / CITY MARKET AT O / HODGE","800 P Street",,Washington,DC,20001,"Roadside Development LLC",,547346,3," 2020, 2021 , 2022","93, 86 , 90","Multifamily Housing",2014,38.909489,-77.023192,1,rooftop,"800 P St NW",,"Washington, DC 20001",800,"P St NW",,,Washington,DC,"District of Columbia",20001,US,"Statewide (City of Washington)"
