blk2020gj,blk2020ge,blk2010gj,blk2010ge,parea,weight
G11000100001011000,110010001011000,G11000100001002000,110010001002000,0.9899055987,1
G11000100001011000,110010001011000,G11000100041003026,110010041003026,0,0
G11000100001011000,110010001011000,G11000100041003027,110010041003027,0.0100944013,0
G11000100001011001,110010001011001,G11000100001002001,110010001002001,1,1
G11000100001011002,110010001011002,G11000100001002005,110010001002005,1,1
G11000100001011002,110010001011002,G11000100055002009,110010055002009,0,0
G11000100001011003,110010001011003,G11000100001002004,110010001002004,1,1
G11000100001011004,110010001011004,G11000100001002003,110010001002003,1,1
G11000100001011005,110010001011005,G11000100001002008,110010001002008,1,1
G11000100001011006,110010001011006,G11000100001002002,110010001002002,1,1
G11000100001011007,110010001011007,G11000100001002006,110010001002006,1,1
G11000100001011008,110010001011008,G11000100001002007,110010001002007,1,1
G11000100001011009,110010001011009,G11000100001002009,110010001002009,1,1
G11000100001021000,110010001021000,G11000100001001000,110010001001000,1,1
G11000100001021001,110010001021001,G11000100001001000,110010001001000,1,1
G11000100001021002,110010001021002,G11000100001001000,110010001001000,1,1
G11000100001021003,110010001021003,G11000100001001000,110010001001000,1,1
G11000100001021004,110010001021004,G11000100001001000,110010001001000,1,1
G11000100001021005,110010001021005,G11000100001001001,110010001001001,1,1
G11000100001021006,110010001021006,G11000100001001000,110010001001000,1,1
G11000100001021007,110010001021007,G11000100041003010,110010041003010,1,1
G11000100001021008,110010001021008,G11000100001001002,110010001001002,1,1
G11000100001021009,110010001021009,G11000100001001004,110010001001004,1,1
G11000100001021010,110010001021010,G11000100001001005,110010001001005,1,1
G11000100001021011,110010001021011,G11000100001001006,110010001001006,1,1
G11000100001021012,110010001021012,G11000100001001007,110010001001007,1,1
G11000100001021013,110010001021013,G11000100001001010,110010001001010,1,1
G11000100001021014,110010001021014,G11000100001001003,110010001001003,1,1
G11000100001021015,110010001021015,G11000100001001009,110010001001009,1,1
G11000100001021016,110010001021016,G11000100001001008,110010001001008,1,1
G11000100001021017,110010001021017,G11000100001001011,110010001001011,1,1
G11000100001022000,110010001022000,G11000100001003000,110010001003000,1,1
G11000100001022001,110010001022001,G11000100001003001,110010001003001,1,1
G11000100001022002,110010001022002,G11000100001003002,110010001003002,1,1
G11000100001022003,110010001022003,G11000100001003003,110010001003003,1,1
G11000100001022004,110010001022004,G11000100001003004,110010001003004,1,1
G11000100001022005,110010001022005,G11000100001003005,110010001003005,1,1
G11000100001022006,110010001022006,G11000100001003006,110010001003006,1,1
G11000100001022007,110010001022007,G11000100001003007,110010001003007,1,1
G11000100001022008,110010001022008,G11000100001003008,110010001003008,1,1
G11000100001022009,110010001022009,G11000100001003009,110010001003009,1,1
G11000100001022010,110010001022010,G11000100001003010,110010001003010,1,1
G11000100001022011,110010001022011,G11000100001003011,110010001003011,1,1
G11000100001022012,110010001022012,G11000100001003012,110010001003012,1,1
G11000100001023000,110010001023000,G11000100001004000,110010001004000,1,1
G11000100001023001,110010001023001,G11000100001004001,110010001004001,1,1
G11000100001023002,110010001023002,G11000100001004002,110010001004002,1,1
G11000100001023003,110010001023003,G11000100001004003,110010001004003,1,1
G11000100001023004,110010001023004,G11000100001004004,110010001004004,1,1
G11000100001023005,110010001023005,G11000100001004005,110010001004005,1,1
G11000100001023006,110010001023006,G11000100001004006,110010001004006,1,1
G11000100001023007,110010001023007,G11000100001004007,110010001004007,1,1
G11000100001023008,110010001023008,G11000100001004008,110010001004008,1,1
G11000100001023009,110010001023009,G11000100001004009,110010001004009,1,1
G11000100001023010,110010001023010,G11000100001004010,110010001004010,1,1
G11000100001023011,110010001023011,G11000100001004011,110010001004011,1,1
G11000100001023012,110010001023012,G11000100001004012,110010001004012,1,1
G11000100001023013,110010001023013,G11000100001004013,110010001004013,1,1
G11000100001023014,110010001023014,G11000100001004014,110010001004014,1,1
G11000100001023015,110010001023015,G11000100001004015,110010001004015,1,1
G11000100001023016,110010001023016,G11000100001004017,110010001004017,0.8001582905,1
G11000100001023016,110010001023016,G11000100001004018,110010001004018,0.1998417095,0
G11000100001023017,110010001023017,G11000100001004016,110010001004016,1,1
G11000100001023018,110010001023018,G11000100001004020,110010001004020,1,1
G11000100001023019,110010001023019,G11000100001004024,110010001004024,1,1
G11000100001023019,110010001023019,G11000100001004025,110010001004025,0,0
G11000100001023020,110010001023020,G11000100001004029,110010001004029,0.7206215181,0.7206215181
G11000100001023020,110010001023020,G11000100001004030,110010001004030,0.072466922,0.072466922
G11000100001023020,110010001023020,G11000100001004031,110010001004031,0.2069115599,0.2069115599
G11000100001023021,110010001023021,G11000100001004027,110010001004027,0,0
G11000100001023021,110010001023021,G11000100001004029,110010001004029,0.3619709413,0.3619709413
G11000100001023021,110010001023021,G11000100001004033,110010001004033,0.6380290587,0.6380290587
G11000100001023021,110010001023021,G11000100001004034,110010001004034,0,0
G11000100001023022,110010001023022,G11000100001004031,110010001004031,0.252284264,0.252284264
G11000100001023022,110010001023022,G11000100001004032,110010001004032,0.747715736,0.747715736
G11000100001023022,110010001023022,G11000100055002008,110010055002008,0,0
G11000100001023023,110010001023023,G11000100001004019,110010001004019,0,0
G11000100001023023,110010001023023,G11000100001004023,110010001004023,1,1
G11000100001023024,110010001023024,G11000100001004021,110010001004021,0.2033957948,0
G11000100001023024,110010001023024,G11000100001004022,110010001004022,0.7966042052,1
G11000100001023025,110010001023025,G11000100001004044,110010001004044,1,1
G11000100001023026,110010001023026,G11000100001004041,110010001004041,0.3319993997,0.9953533977
G11000100001023026,110010001023026,G11000100001004042,110010001004042,0.6522601837,0
G11000100001023026,110010001023026,G11000100001004043,110010001004043,0.0147399663,0
G11000100001023026,110010001023026,G11000100001004044,110010001004044,0.0009671019,0.0046466023
G11000100001023026,110010001023026,G11000100002024033,110010002024033,0.0000333483,0
G11000100001023026,110010001023026,G11000100056002011,110010056002011,0,0
G11000100001023027,110010001023027,G11000100001004039,110010001004039,0.2580645161,0
G11000100001023027,110010001023027,G11000100001004040,110010001004040,0.5410138249,0.954384902
G11000100001023027,110010001023027,G11000100001004041,110010001004041,0.200921659,0.045615098
G11000100001023027,110010001023027,G11000100056001011,110010056001011,0,0
G11000100001023027,110010001023027,G11000100056002011,110010056002011,0,0
G11000100001023028,110010001023028,G11000100001004027,110010001004027,0.9235464182,0.9235464182
G11000100001023028,110010001023028,G11000100056001011,110010056001011,0.0764535818,0.0764535818
G11000100001023029,110010001023029,G11000100001004026,110010001004026,0,0
G11000100001023029,110010001023029,G11000100001004037,110010001004037,1,1
G11000100001023030,110010001023030,G11000100001004038,110010001004038,0.2672152447,0
G11000100001023030,110010001023030,G11000100001004041,110010001004041,0.1056734517,1
G11000100001023030,110010001023030,G11000100001004042,110010001004042,0.3650931139,0
G11000100001023030,110010001023030,G11000100001004045,110010001004045,0.2620181897,0
G11000100001023031,110010001023031,G11000100001004046,110010001004046,0.9852919822,0.9852919822
G11000100001023031,110010001023031,G11000100002024033,110010002024033,0.0147080178,0.0147080178
G11000100001023032,110010001023032,G11000100001004049,110010001004049,1,1
G11000100001023033,110010001023033,G11000100001004047,110010001004047,0.9954259933,0.9954259933
G11000100001023033,110010001023033,G11000100001004048,110010001004048,0.0008211276,0.0008211276
G11000100001023033,110010001023033,G11000100062021087,110010062021087,0.0035335165,0.0035335165
G11000100001023033,110010001023033,G11000100062021088,110010062021088,0.0002193626,0.0002193626
G11000100001023034,110010001023034,G11000100001004048,110010001004048,0.8627852578,0.8627852578
G11000100001023034,110010001023034,G11000100062021087,110010062021087,0.1372147422,0.1372147422
G11000100001023035,110010001023035,G11000100062021088,110010062021088,1,1
G11000100001023036,110010001023036,G11000100001004047,110010001004047,1,1
G11000100001023037,110010001023037,G11000100001004036,110010001004036,1,1
G11000100002011000,110010002011000,G11000100002011001,110010002011001,1,1
G11000100002011001,110010002011001,G11000100002011001,110010002011001,0.9861471578,0.9968824824
G11000100002011001,110010002011001,G11000100008022010,110010008022010,0.0138528422,0.0031175176
G11000100002011002,110010002011002,G11000100002011001,110010002011001,1,1
G11000100002012000,110010002012000,G11000100002011000,110010002011000,1,1
G11000100002012001,110010002012001,G11000100002011001,110010002011001,1,1
G11000100002012002,110010002012002,G11000100002011001,110010002011001,1,1
G11000100002012003,110010002012003,G11000100002011001,110010002011001,0.5551259956,0.8971502066
G11000100002012003,110010002012003,G11000100002024006,110010002024006,0.4030695421,0.1028497934
G11000100002012003,110010002012003,G11000100002024007,110010002024007,0.0418044622,0
G11000100002012004,110010002012004,G11000100002011001,110010002011001,0.3837084066,0.944254897
G11000100002012004,110010002012004,G11000100002024006,110010002024006,0.1434725923,0.055745103
G11000100002012004,110010002012004,G11000100002024007,110010002024007,0.4524686809,0
G11000100002012004,110010002012004,G11000100008022022,110010008022022,0.0203503203,0
G11000100002021000,110010002021000,G11000100002021000,110010002021000,1,1
G11000100002021001,110010002021001,G11000100002021001,110010002021001,1,1
G11000100002021002,110010002021002,G11000100002021002,110010002021002,1,1
G11000100002021003,110010002021003,G11000100002021003,110010002021003,1,1
G11000100002021004,110010002021004,G11000100002021004,110010002021004,1,1
G11000100002021005,110010002021005,G11000100002021005,110010002021005,1,1
G11000100002021006,110010002021006,G11000100002021006,110010002021006,1,1
G11000100002021007,110010002021007,G11000100002021007,110010002021007,1,1
G11000100002021008,110010002021008,G11000100002021008,110010002021008,1,1
G11000100002021009,110010002021009,G11000100002021009,110010002021009,1,1
G11000100002021010,110010002021010,G11000100002011000,110010002011000,0.0064757744,0.0001037175
G11000100002021010,110010002021010,G11000100002021010,110010002021010,0.9935242256,0.9998962825
G11000100002021011,110010002021011,G11000100002021011,110010002021011,1,1
G11000100002022000,110010002022000,G11000100002022000,110010002022000,1,1
G11000100002022001,110010002022001,G11000100002022001,110010002022001,1,1
G11000100002022002,110010002022002,G11000100002022002,110010002022002,1,1
G11000100002022003,110010002022003,G11000100002022003,110010002022003,1,1
G11000100002022004,110010002022004,G11000100002022004,110010002022004,1,1
G11000100002022005,110010002022005,G11000100002022005,110010002022005,1,1
G11000100002022006,110010002022006,G11000100002022006,110010002022006,1,1
G11000100002022007,110010002022007,G11000100002022007,110010002022007,1,1
G11000100002022008,110010002022008,G11000100002022008,110010002022008,1,1
G11000100002023000,110010002023000,G11000100002023000,110010002023000,1,1
G11000100002023001,110010002023001,G11000100002023001,110010002023001,1,1
G11000100002023002,110010002023002,G11000100002023002,110010002023002,1,1
G11000100002023003,110010002023003,G11000100002023003,110010002023003,1,1
G11000100002023004,110010002023004,G11000100002023004,110010002023004,1,1
G11000100002023005,110010002023005,G11000100002023005,110010002023005,1,1
G11000100002023006,110010002023006,G11000100002023006,110010002023006,1,1
G11000100002023007,110010002023007,G11000100002023007,110010002023007,1,1
G11000100002023008,110010002023008,G11000100002023008,110010002023008,1,1
G11000100002023009,110010002023009,G11000100002023009,110010002023009,0.4131929825,0.2831858407
G11000100002023009,110010002023009,G11000100002023010,110010002023010,0.5868070175,0.7168141593
G11000100002023010,110010002023010,G11000100002023011,110010002023011,1,1
G11000100002023011,110010002023011,G11000100002023012,110010002023012,1,1
G11000100002023012,110010002023012,G11000100002023013,110010002023013,1,1
G11000100002024000,110010002024000,G11000100002024000,110010002024000,1,1
G11000100002024001,110010002024001,G11000100002024001,110010002024001,1,1
G11000100002024002,110010002024002,G11000100002024001,110010002024001,1,1
G11000100002024003,110010002024003,G11000100002024002,110010002024002,1,1
G11000100002024004,110010002024004,G11000100002024003,110010002024003,1,1
G11000100002024005,110010002024005,G11000100002024004,110010002024004,1,1
G11000100002024006,110010002024006,G11000100002024005,110010002024005,1,1
G11000100002024007,110010002024007,G11000100002024006,110010002024006,1,1
G11000100002024008,110010002024008,G11000100002024006,110010002024006,1,1
G11000100002024009,110010002024009,G11000100002024016,110010002024016,0.0743770211,0.0743770211
G11000100002024009,110010002024009,G11000100002024017,110010002024017,0.9256229789,0.9256229789
G11000100002024010,110010002024010,G11000100002011001,110010002011001,0.0157390881,0.1346991386
G11000100002024010,110010002024010,G11000100002024006,110010002024006,0.6378387149,0.8618783532
G11000100002024010,110010002024010,G11000100002024007,110010002024007,0.2010384553,0
G11000100002024010,110010002024010,G11000100002024008,110010002024008,0.0686354048,0
G11000100002024010,110010002024010,G11000100002024009,110010002024009,0,0
G11000100002024010,110010002024010,G11000100002024012,110010002024012,0.0342365731,0.0034225082
G11000100002024010,110010002024010,G11000100008022022,110010008022022,0.0425117638,0
G11000100002024011,110010002024011,G11000100002024008,110010002024008,0.9609511344,0.9609511344
G11000100002024011,110010002024011,G11000100008021017,110010008021017,0.0390488656,0.0390488656
G11000100002024012,110010002024012,G11000100002024009,110010002024009,0.9839191689,0.9839191689
G11000100002024012,110010002024012,G11000100008021017,110010008021017,0.0160808311,0.0160808311
G11000100002024013,110010002024013,G11000100002024025,110010002024025,0.3923058824,0.1196911197
G11000100002024013,110010002024013,G11000100002024026,110010002024026,0.6076941176,0.8803088803
G11000100002024014,110010002024014,G11000100002024024,110010002024024,1,1
G11000100002024015,110010002024015,G11000100002024015,110010002024015,0.4396815677,0.4396815677
G11000100002024015,110010002024015,G11000100002024034,110010002024034,0.5603184323,0.5603184323
G11000100002024016,110010002024016,G11000100002024013,110010002024013,0.2049149338,0.2049149338
G11000100002024016,110010002024016,G11000100002024014,110010002024014,0.7950850662,0.7950850662
G11000100002024017,110010002024017,G11000100002024012,110010002024012,1,1
G11000100002024018,110010002024018,G11000100002024010,110010002024010,0,0
G11000100002024018,110010002024018,G11000100002024011,110010002024011,1,1
G11000100002024019,110010002024019,G11000100002024018,110010002024018,1,1
G11000100002024020,110010002024020,G11000100002024019,110010002024019,1,1
G11000100002024021,110010002024021,G11000100002024020,110010002024020,1,1
G11000100002024022,110010002024022,G11000100002024021,110010002024021,1,1
G11000100002024023,110010002024023,G11000100002024021,110010002024021,0.3631178707,0
G11000100002024023,110010002024023,G11000100002024022,110010002024022,0.6266159696,0
G11000100002024023,110010002024023,G11000100002024032,110010002024032,0.0102661597,1
G11000100002024024,110010002024024,G11000100002024030,110010002024030,1,1
G11000100002024025,110010002024025,G11000100002024029,110010002024029,0.2255389718,0.6276820661
G11000100002024025,110010002024025,G11000100002024032,110010002024032,0.7744610282,0.3723179339
G11000100002024026,110010002024026,G11000100002024023,110010002024023,0.5247315879,0.494011976
G11000100002024026,110010002024026,G11000100002024027,110010002024027,0.088566585,0.1871257485
G11000100002024026,110010002024026,G11000100002024028,110010002024028,0.0849124129,0.1526946108
G11000100002024026,110010002024026,G11000100002024031,110010002024031,0.3017894142,0.1661676647
G11000100002024027,110010002024027,G11000100002024029,110010002024029,1,1
G11000100003001000,110010003001000,G11000100003001000,110010003001000,1,1
G11000100003001001,110010003001001,G11000100003001001,110010003001001,1,1
G11000100003001002,110010003001002,G11000100003001002,110010003001002,1,1
G11000100003001003,110010003001003,G11000100003001003,110010003001003,0.6041505043,0.6051873199
G11000100003001003,110010003001003,G11000100003001004,110010003001004,0.3958494957,0.3948126801
G11000100003001004,110010003001004,G11000100003001005,110010003001005,1,1
G11000100003001005,110010003001005,G11000100003001006,110010003001006,1,1
G11000100003001006,110010003001006,G11000100003001007,110010003001007,1,1
G11000100003001007,110010003001007,G11000100003001008,110010003001008,1,1
G11000100003001008,110010003001008,G11000100003001009,110010003001009,1,1
G11000100003001009,110010003001009,G11000100003001010,110010003001010,1,1
G11000100003001010,110010003001010,G11000100003001011,110010003001011,1,1
G11000100003001011,110010003001011,G11000100003001012,110010003001012,1,1
G11000100003002000,110010003002000,G11000100003002000,110010003002000,1,1
G11000100003002001,110010003002001,G11000100003002001,110010003002001,1,1
G11000100003002002,110010003002002,G11000100003002002,110010003002002,1,1
G11000100003002003,110010003002003,G11000100003002003,110010003002003,1,1
G11000100003002004,110010003002004,G11000100003002004,110010003002004,1,1
G11000100003002005,110010003002005,G11000100003002005,110010003002005,1,1
G11000100003002006,110010003002006,G11000100003002006,110010003002006,1,1
G11000100003003000,110010003003000,G11000100003003000,110010003003000,1,1
G11000100003003001,110010003003001,G11000100003003001,110010003003001,0.8420552759,1
G11000100003003001,110010003003001,G11000100008013025,110010008013025,0.0797891538,0
G11000100003003001,110010003003001,G11000100008022000,110010008022000,0.0781555703,0
G11000100003003002,110010003003002,G11000100003003002,110010003003002,0.4893170172,0.3313953488
G11000100003003002,110010003003002,G11000100003003005,110010003003005,0.5106829828,0.6686046512
G11000100003003003,110010003003003,G11000100003003006,110010003003006,0.8701550906,1
G11000100003003003,110010003003003,G11000100008022012,110010008022012,0.1298449094,0
G11000100003003004,110010003003004,G11000100003003008,110010003003008,1,1
G11000100003003005,110010003003005,G11000100003003003,110010003003003,0.8213750407,0.8510028653
G11000100003003005,110010003003005,G11000100003003004,110010003003004,0.0359074617,0.0945558739
G11000100003003005,110010003003005,G11000100003003007,110010003003007,0.1427174976,0.0544412607
G11000100003003006,110010003003006,G11000100003003010,110010003003010,1,1
G11000100003003007,110010003003007,G11000100003003011,110010003003011,1,1
G11000100003003008,110010003003008,G11000100003003012,110010003003012,1,1
G11000100003003009,110010003003009,G11000100003003009,110010003003009,1,1
G11000100003003010,110010003003010,G11000100003003013,110010003003013,1,1
G11000100003004000,110010003004000,G11000100003004000,110010003004000,1,1
G11000100003004001,110010003004001,G11000100003004001,110010003004001,1,1
G11000100003004002,110010003004002,G11000100003004002,110010003004002,1,1
G11000100003004003,110010003004003,G11000100003004003,110010003004003,1,1
G11000100003004004,110010003004004,G11000100003004004,110010003004004,1,1
G11000100003004005,110010003004005,G11000100003004005,110010003004005,1,1
G11000100003004006,110010003004006,G11000100003004006,110010003004006,1,1
G11000100003004007,110010003004007,G11000100003004007,110010003004007,1,1
G11000100003004008,110010003004008,G11000100003004008,110010003004008,1,1
G11000100003004009,110010003004009,G11000100003004009,110010003004009,1,1
G11000100003004010,110010003004010,G11000100003004010,110010003004010,1,1
G11000100003004011,110010003004011,G11000100003004011,110010003004011,1,1
G11000100004001000,110010004001000,G11000100004001000,110010004001000,1,1
G11000100004001001,110010004001001,G11000100004001002,110010004001002,1,1
G11000100004001002,110010004001002,G11000100004001003,110010004001003,1,1
G11000100004001003,110010004001003,G11000100004001001,110010004001001,0.0508581524,0.0508581524
G11000100004001003,110010004001003,G11000100004001005,110010004001005,0.9491418476,0.9491418476
G11000100004001004,110010004001004,G11000100004001004,110010004001004,1,1
G11000100004001005,110010004001005,G11000100004001014,110010004001014,1,1
G11000100004001006,110010004001006,G11000100004001013,110010004001013,1,1
G11000100004001007,110010004001007,G11000100004001011,110010004001011,0.5032744389,0.2820512821
G11000100004001007,110010004001007,G11000100004001012,110010004001012,0.4967255611,0.7179487179
G11000100004001008,110010004001008,G11000100004001010,110010004001010,1,1
G11000100004001009,110010004001009,G11000100004001009,110010004001009,1,1
G11000100004001010,110010004001010,G11000100004001008,110010004001008,1,1
G11000100004001011,110010004001011,G11000100004001007,110010004001007,1,1
G11000100004001012,110010004001012,G11000100004001006,110010004001006,1,1
G11000100004001013,110010004001013,G11000100004001019,110010004001019,1,1
G11000100004001014,110010004001014,G11000100004001018,110010004001018,1,1
G11000100004001015,110010004001015,G11000100004001017,110010004001017,1,1
G11000100004001016,110010004001016,G11000100004001017,110010004001017,1,1
G11000100004001017,110010004001017,G11000100004001016,110010004001016,1,1
G11000100004001018,110010004001018,G11000100004001015,110010004001015,1,1
G11000100004001019,110010004001019,G11000100004001020,110010004001020,1,1
G11000100004001020,110010004001020,G11000100004001021,110010004001021,1,1
G11000100004002000,110010004002000,G11000100004002002,110010004002002,1,1
G11000100004002001,110010004002001,G11000100004002000,110010004002000,1,1
G11000100004002002,110010004002002,G11000100004002001,110010004002001,1,1
G11000100004002003,110010004002003,G11000100004002003,110010004002003,1,1
G11000100004002004,110010004002004,G11000100004002004,110010004002004,0.7305097794,0.6097560976
G11000100004002004,110010004002004,G11000100004002005,110010004002005,0.2694902206,0.3902439024
G11000100004002005,110010004002005,G11000100004002006,110010004002006,1,1
G11000100004002006,110010004002006,G11000100004002007,110010004002007,1,1
G11000100004002007,110010004002007,G11000100004002008,110010004002008,1,1
G11000100004002008,110010004002008,G11000100004002009,110010004002009,1,1
G11000100004002009,110010004002009,G11000100004002010,110010004002010,0.2648270818,0.1875
G11000100004002009,110010004002009,G11000100004002018,110010004002018,0.0244568297,0
G11000100004002009,110010004002009,G11000100004002019,110010004002019,0.5617241344,0.8125
G11000100004002009,110010004002009,G11000100004002020,110010004002020,0.1489919542,0
G11000100004002010,110010004002010,G11000100004002027,110010004002027,1,1
G11000100004002011,110010004002011,G11000100004002028,110010004002028,1,1
G11000100004002012,110010004002012,G11000100004002029,110010004002029,1,1
G11000100004002013,110010004002013,G11000100004002030,110010004002030,1,1
G11000100004002014,110010004002014,G11000100004002017,110010004002017,1,1
G11000100004002015,110010004002015,G11000100001001000,110010001001000,0.0789908483,0.2465224013
G11000100004002015,110010004002015,G11000100004002016,110010004002016,0.9210091517,0.7534775987
G11000100004002016,110010004002016,G11000100004002011,110010004002011,1,1
G11000100004002017,110010004002017,G11000100004002012,110010004002012,1,1
G11000100004002018,110010004002018,G11000100004002013,110010004002013,0.6390338633,0.75
G11000100004002018,110010004002018,G11000100004002014,110010004002014,0.3609661367,0.25
G11000100004002019,110010004002019,G11000100004002021,110010004002021,0.0320304333,0.1891891892
G11000100004002019,110010004002019,G11000100004002022,110010004002022,0.1358462075,0
G11000100004002019,110010004002019,G11000100004002023,110010004002023,0.8321233593,0.8108108108
G11000100004002020,110010004002020,G11000100004002025,110010004002025,1,1
G11000100004002021,110010004002021,G11000100004002026,110010004002026,1,1
G11000100004002022,110010004002022,G11000100001001000,110010001001000,1,1
G11000100004002023,110010004002023,G11000100004002015,110010004002015,1,1
G11000100005011000,110010005011000,G11000100005011001,110010005011001,0.0055926518,0
G11000100005011000,110010005011000,G11000100005011002,110010005011002,0.1775541553,0
G11000100005011000,110010005011000,G11000100005011003,110010005011003,0.0059249506,0
G11000100005011000,110010005011000,G11000100005011004,110010005011004,0.8074192503,1
G11000100005011000,110010005011000,G11000100005011008,110010005011008,0.0035089919,0
G11000100005011001,110010005011001,G11000100005011006,110010005011006,1,1
G11000100005011002,110010005011002,G11000100005011005,110010005011005,1,1
G11000100005011003,110010005011003,G11000100027023006,110010027023006,1,1
G11000100005011004,110010005011004,G11000100005011007,110010005011007,1,1
G11000100005011005,110010005011005,G11000100027023005,110010027023005,0.0018461084,0.0018461084
G11000100005011005,110010005011005,G11000100027023018,110010027023018,0.0076059666,0.0076059666
G11000100005011005,110010005011005,G11000100027023019,110010027023019,0.2244129375,0.2244129375
G11000100005011005,110010005011005,G11000100027023020,110010027023020,0.0573032048,0.0573032048
G11000100005011005,110010005011005,G11000100039002007,110010039002007,0.7088317826,0.7088317826
G11000100005011006,110010005011006,G11000100005011014,110010005011014,1,1
G11000100005011006,110010005011006,G11000100039002008,110010039002008,0,0
G11000100005011007,110010005011007,G11000100005011013,110010005011013,1,1
G11000100005011007,110010005011007,G11000100040013010,110010040013010,0,0
G11000100005011008,110010005011008,G11000100005011009,110010005011009,1,1
G11000100005011009,110010005011009,G11000100005011010,110010005011010,1,1
G11000100005011010,110010005011010,G11000100005011011,110010005011011,1,1
G11000100005011011,110010005011011,G11000100005011012,110010005011012,1,1
G11000100005012000,110010005012000,G11000100005012000,110010005012000,1,1
G11000100005013000,110010005013000,G11000100005012000,110010005012000,1,1
G11000100005013001,110010005013001,G11000100005012003,110010005012003,1,1
G11000100005013002,110010005013002,G11000100005012002,110010005012002,0.7457743374,0.7457743374
G11000100005013002,110010005013002,G11000100005012004,110010005012004,0.2542256626,0.2542256626
G11000100005013003,110010005013003,G11000100005012001,110010005012001,1,1
G11000100005013004,110010005013004,G11000100004002024,110010004002024,0.0118861066,0
G11000100005013004,110010005013004,G11000100005012001,110010005012001,0.9877194666,1
G11000100005013004,110010005013004,G11000100041002007,110010041002007,0.0003944269,0
G11000100005013005,110010005013005,G11000100005012005,110010005012005,1,1
G11000100005013005,110010005013005,G11000100041002000,110010041002000,0,0
G11000100005021000,110010005021000,G11000100005021000,110010005021000,1,1
G11000100005021001,110010005021001,G11000100005021001,110010005021001,1,1
G11000100005021002,110010005021002,G11000100005021002,110010005021002,1,1
G11000100005021003,110010005021003,G11000100005021003,110010005021003,0.9628729175,1
G11000100005021003,110010005021003,G11000100005021004,110010005021004,0.0371270825,0
G11000100005021004,110010005021004,G11000100005021005,110010005021005,1,1
G11000100005021005,110010005021005,G11000100005021006,110010005021006,1,1
G11000100005021006,110010005021006,G11000100005021007,110010005021007,1,1
G11000100005021007,110010005021007,G11000100005021008,110010005021008,0.9917554871,0.9692307692
G11000100005021007,110010005021007,G11000100005021009,110010005021009,0.0082445129,0.0307692308
G11000100005021008,110010005021008,G11000100005021010,110010005021010,1,1
G11000100005021009,110010005021009,G11000100005021011,110010005021011,1,1
G11000100005021010,110010005021010,G11000100005021012,110010005021012,1,1
G11000100005021011,110010005021011,G11000100005021013,110010005021013,1,1
G11000100005021012,110010005021012,G11000100005021014,110010005021014,1,1
G11000100005022000,110010005022000,G11000100005022000,110010005022000,1,1
G11000100005022001,110010005022001,G11000100005022001,110010005022001,1,1
G11000100005022002,110010005022002,G11000100005022002,110010005022002,1,1
G11000100005022003,110010005022003,G11000100005022003,110010005022003,0.9639976497,1
G11000100005022003,110010005022003,G11000100005022004,110010005022004,0.0360023503,0
G11000100005022004,110010005022004,G11000100005022005,110010005022005,1,1
G11000100005022005,110010005022005,G11000100005022006,110010005022006,1,1
G11000100006001000,110010006001000,G11000100006001000,110010006001000,1,1
G11000100006001001,110010006001001,G11000100006001001,110010006001001,1,1
G11000100006001002,110010006001002,G11000100006001001,110010006001001,1,1
G11000100006001003,110010006001003,G11000100006001003,110010006001003,1,1
G11000100006001004,110010006001004,G11000100006001001,110010006001001,1,1
G11000100006001005,110010006001005,G11000100006001004,110010006001004,1,1
G11000100006001006,110010006001006,G11000100006001005,110010006001005,1,1
G11000100006002000,110010006002000,G11000100006002000,110010006002000,1,1
G11000100006002001,110010006002001,G11000100006002001,110010006002001,0.2732876871,0.5150905433
G11000100006002001,110010006002001,G11000100006002002,110010006002002,0.7267123129,0.4849094567
G11000100006002002,110010006002002,G11000100006002003,110010006002003,1,1
G11000100006002003,110010006002003,G11000100006002004,110010006002004,1,1
G11000100006002004,110010006002004,G11000100006002005,110010006002005,0.6965854563,0.6578249337
G11000100006002004,110010006002004,G11000100006002006,110010006002006,0.3034145437,0.3421750663
G11000100006002005,110010006002005,G11000100006002007,110010006002007,1,1
G11000100006002006,110010006002006,G11000100006002008,110010006002008,1,1
G11000100006002007,110010006002007,G11000100006002009,110010006002009,1,1
G11000100006003000,110010006003000,G11000100006003000,110010006003000,1,1
G11000100006003001,110010006003001,G11000100006003001,110010006003001,1,1
G11000100006003002,110010006003002,G11000100006003002,110010006003002,1,1
G11000100006003003,110010006003003,G11000100006003003,110010006003003,1,1
G11000100006003004,110010006003004,G11000100006003004,110010006003004,1,1
G11000100006003005,110010006003005,G11000100006003005,110010006003005,1,1
G11000100006003006,110010006003006,G11000100006003006,110010006003006,1,1
G11000100006003007,110010006003007,G11000100006003007,110010006003007,1,1
G11000100006003008,110010006003008,G11000100006003008,110010006003008,1,1
G11000100006004000,110010006004000,G11000100006004000,110010006004000,0.4430407639,0.653968254
G11000100006004000,110010006004000,G11000100006004001,110010006004001,0.5569592361,0.346031746
G11000100006004001,110010006004001,G11000100006004009,110010006004009,1,1
G11000100006004002,110010006004002,G11000100006004002,110010006004002,1,1
G11000100006004003,110010006004003,G11000100006004003,110010006004003,1,1
G11000100006004004,110010006004004,G11000100006004004,110010006004004,1,1
G11000100006004005,110010006004005,G11000100006004005,110010006004005,1,1
G11000100006004006,110010006004006,G11000100006004006,110010006004006,1,1
G11000100006004007,110010006004007,G11000100006004007,110010006004007,0.1459524249,0.0945424727
G11000100006004007,110010006004007,G11000100006004008,110010006004008,0.8540475751,0.9054575273
G11000100006004008,110010006004008,G11000100006004007,110010006004007,0.9283733269,0.8878814471
G11000100006004008,110010006004008,G11000100006004008,110010006004008,0.0716266731,0.1121185529
G11000100006004009,110010006004009,G11000100006004009,110010006004009,1,1
G11000100006004010,110010006004010,G11000100006004011,110010006004011,1,1
G11000100006004011,110010006004011,G11000100006004012,110010006004012,0.9696639964,1
G11000100006004011,110010006004011,G11000100006004013,110010006004013,0.0303360036,0
G11000100006004012,110010006004012,G11000100006004018,110010006004018,0.0495137047,0
G11000100006004012,110010006004012,G11000100006004019,110010006004019,0.9235681305,1
G11000100006004012,110010006004012,G11000100006004020,110010006004020,0.0269181648,0
G11000100006004013,110010006004013,G11000100006004017,110010006004017,1,1
G11000100006004014,110010006004014,G11000100006004010,110010006004010,1,1
G11000100006004015,110010006004015,G11000100006004015,110010006004015,1,1
G11000100006004016,110010006004016,G11000100006004014,110010006004014,1,1
G11000100006004017,110010006004017,G11000100006004014,110010006004014,1,1
G11000100006004018,110010006004018,G11000100006004021,110010006004021,1,1
G11000100006004019,110010006004019,G11000100006004016,110010006004016,1,1
G11000100007021000,110010007021000,G11000100007021000,110010007021000,0.9847827516,1
G11000100007021000,110010007021000,G11000100007021004,110010007021004,0.0152172484,0
G11000100007021001,110010007021001,G11000100007021000,110010007021000,1,1
G11000100007021002,110010007021002,G11000100007021001,110010007021001,0.4441098593,0.4441098593
G11000100007021002,110010007021002,G11000100007021007,110010007021007,0.1064326878,0.1064326878
G11000100007021002,110010007021002,G11000100008013025,110010008013025,0.4494574529,0.4494574529
G11000100007021003,110010007021003,G11000100007021002,110010007021002,1,1
G11000100007021004,110010007021004,G11000100007021003,110010007021003,1,1
G11000100007021005,110010007021005,G11000100007021006,110010007021006,1,1
G11000100007021006,110010007021006,G11000100007021005,110010007021005,1,1
G11000100007022000,110010007022000,G11000100004001022,110010004001022,0.0081481481,0
G11000100007022000,110010007022000,G11000100007014008,110010007014008,0.0731324545,0.009006369
G11000100007022000,110010007022000,G11000100007022000,110010007022000,0.9187193974,0.990993631
G11000100007023000,110010007023000,G11000100007023000,110010007023000,1,1
G11000100007023001,110010007023001,G11000100007023001,110010007023001,1,1
G11000100007023002,110010007023002,G11000100007023002,110010007023002,1,1
G11000100007031000,110010007031000,G11000100007012000,110010007012000,0.813161318,0.6056451613
G11000100007031000,110010007031000,G11000100008011001,110010008011001,0.186838682,0.3943548387
G11000100007031001,110010007031001,G11000100007012001,110010007012001,1,1
G11000100007032000,110010007032000,G11000100007013000,110010007013000,0.3848963879,0.6108786611
G11000100007032000,110010007032000,G11000100007013001,110010007013001,0.3182897862,0.1083217108
G11000100007032000,110010007032000,G11000100007013002,110010007013002,0.2358178393,0.2807996281
G11000100007032000,110010007032000,G11000100008013024,110010008013024,0.0609959866,0
G11000100007032001,110010007032001,G11000100007013003,110010007013003,1,1
G11000100007041000,110010007041000,G11000100007011000,110010007011000,1,1
G11000100007041001,110010007041001,G11000100007011001,110010007011001,1,1
G11000100007041002,110010007041002,G11000100007011002,110010007011002,1,1
G11000100007041003,110010007041003,G11000100007011003,110010007011003,1,1
G11000100007041004,110010007041004,G11000100007011004,110010007011004,0.4609507034,0.7006472492
G11000100007041004,110010007041004,G11000100007011005,110010007011005,0.5390492966,0.2993527508
G11000100007041005,110010007041005,G11000100007011006,110010007011006,1,1
G11000100007041006,110010007041006,G11000100007011007,110010007011007,1,1
G11000100007042000,110010007042000,G11000100007014000,110010007014000,1,1
G11000100007042001,110010007042001,G11000100007014001,110010007014001,1,1
G11000100007042002,110010007042002,G11000100007014003,110010007014003,1,1
G11000100007042003,110010007042003,G11000100007014002,110010007014002,1,1
G11000100007042004,110010007042004,G11000100007014007,110010007014007,1,1
G11000100007042005,110010007042005,G11000100007014007,110010007014007,1,1
G11000100007042006,110010007042006,G11000100007014002,110010007014002,1,1
G11000100007042007,110010007042007,G11000100007014005,110010007014005,1,1
G11000100007042008,110010007042008,G11000100007014004,110010007014004,1,1
G11000100007042009,110010007042009,G11000100007014009,110010007014009,1,1
G11000100007042010,110010007042010,G11000100007014008,110010007014008,1,1
G11000100007042011,110010007042011,G11000100007014008,110010007014008,1,1
G11000100007042012,110010007042012,G11000100007014006,110010007014006,1,1
G11000100008021000,110010008021000,G11000100008021000,110010008021000,1,1
G11000100008021001,110010008021001,G11000100008021001,110010008021001,1,1
G11000100008021002,110010008021002,G11000100008014012,110010008014012,0,0
G11000100008021002,110010008021002,G11000100008021002,110010008021002,1,1
G11000100008021002,110010008021002,G11000100008021005,110010008021005,0,0
G11000100008021003,110010008021003,G11000100008021004,110010008021004,1,1
G11000100008021004,110010008021004,G11000100008021003,110010008021003,1,1
G11000100008021005,110010008021005,G11000100008021006,110010008021006,1,1
G11000100008021006,110010008021006,G11000100008021009,110010008021009,1,1
G11000100008021007,110010008021007,G11000100008021010,110010008021010,1,1
G11000100008021008,110010008021008,G11000100008021007,110010008021007,1,1
G11000100008021009,110010008021009,G11000100008021008,110010008021008,1,1
G11000100008021010,110010008021010,G11000100008021011,110010008021011,1,1
G11000100008021011,110010008021011,G11000100008021012,110010008021012,1,1
G11000100008021012,110010008021012,G11000100008021012,110010008021012,0.0035808447,0.005174947
G11000100008021012,110010008021012,G11000100008021013,110010008021013,0.9964191553,0.994825053
G11000100008021013,110010008021013,G11000100008021014,110010008021014,1,1
G11000100008021014,110010008021014,G11000100008021015,110010008021015,0.7352738756,0.7352738756
G11000100008021014,110010008021014,G11000100008021018,110010008021018,0.2647261244,0.2647261244
G11000100008021015,110010008021015,G11000100008021016,110010008021016,1,1
G11000100008021016,110010008021016,G11000100008021019,110010008021019,1,1
G11000100008022000,110010008022000,G11000100008022001,110010008022001,1,1
G11000100008022001,110010008022001,G11000100008022007,110010008022007,1,1
G11000100008022002,110010008022002,G11000100008022004,110010008022004,1,1
G11000100008022003,110010008022003,G11000100008022003,110010008022003,1,1
G11000100008022004,110010008022004,G11000100008022005,110010008022005,1,1
G11000100008022005,110010008022005,G11000100008022001,110010008022001,1,1
G11000100008022006,110010008022006,G11000100008022002,110010008022002,1,1
G11000100008022007,110010008022007,G11000100008022006,110010008022006,1,1
G11000100008022008,110010008022008,G11000100008022008,110010008022008,0.7473709127,1
G11000100008022008,110010008022008,G11000100008022011,110010008022011,0.2526290873,0
G11000100008022009,110010008022009,G11000100008022009,110010008022009,1,1
G11000100008022010,110010008022010,G11000100008022015,110010008022015,1,1
G11000100008022011,110010008022011,G11000100008022016,110010008022016,1,1
G11000100008022012,110010008022012,G11000100008022013,110010008022013,0.4537609329,0.5579399142
G11000100008022012,110010008022012,G11000100008022014,110010008022014,0.1674635569,0
G11000100008022012,110010008022012,G11000100008022018,110010008022018,0.094382896,0.1030042918
G11000100008022012,110010008022012,G11000100008022019,110010008022019,0.2843926142,0.339055794
G11000100008022013,110010008022013,G11000100002011002,110010002011002,0.3938403253,0
G11000100008022013,110010008022013,G11000100008022010,110010008022010,0.4076314345,0.7175887169
G11000100008022013,110010008022013,G11000100008022020,110010008022020,0.1985282402,0.2824112831
G11000100008022014,110010008022014,G11000100008022017,110010008022017,1,1
G11000100008022015,110010008022015,G11000100008022021,110010008022021,1,1
G11000100008031000,110010008031000,G11000100008013000,110010008013000,1,1
G11000100008031001,110010008031001,G11000100008013000,110010008013000,1,1
G11000100008031002,110010008031002,G11000100008013001,110010008013001,1,1
G11000100008032000,110010008032000,G11000100008011000,110010008011000,1,1
G11000100008033000,110010008033000,G11000100008011000,110010008011000,1,1
G11000100008041000,110010008041000,G11000100008012000,110010008012000,0.7075456147,0.6153846154
G11000100008041000,110010008041000,G11000100008012002,110010008012002,0.2924543853,0.3846153846
G11000100008041001,110010008041001,G11000100008012001,110010008012001,1,1
G11000100008041002,110010008041002,G11000100008012004,110010008012004,1,1
G11000100008041003,110010008041003,G11000100008012003,110010008012003,1,1
G11000100008041004,110010008041004,G11000100008012005,110010008012005,1,1
G11000100008041005,110010008041005,G11000100008012006,110010008012006,0.2608092129,0
G11000100008041005,110010008041005,G11000100008012007,110010008012007,0.7391907871,1
G11000100008041006,110010008041006,G11000100008012008,110010008012008,1,1
G11000100008041007,110010008041007,G11000100008012011,110010008012011,1,1
G11000100008041008,110010008041008,G11000100008012009,110010008012009,1,1
G11000100008041009,110010008041009,G11000100008012010,110010008012010,1,1
G11000100008041010,110010008041010,G11000100008012012,110010008012012,1,1
G11000100008041011,110010008041011,G11000100008012013,110010008012013,1,1
G11000100008041012,110010008041012,G11000100008012014,110010008012014,1,1
G11000100008041013,110010008041013,G11000100008012015,110010008012015,1,1
G11000100008042000,110010008042000,G11000100008014000,110010008014000,1,1
G11000100008042001,110010008042001,G11000100008014000,110010008014000,0.9425505663,0.9553758903
G11000100008042001,110010008042001,G11000100008014001,110010008014001,0.0574494337,0.0446241097
G11000100008042002,110010008042002,G11000100008014002,110010008014002,1,1
G11000100008042003,110010008042003,G11000100008014003,110010008014003,1,1
G11000100008042004,110010008042004,G11000100008014004,110010008014004,1,1
G11000100008042005,110010008042005,G11000100008014006,110010008014006,1,1
G11000100008042006,110010008042006,G11000100008014005,110010008014005,1,1
G11000100008042007,110010008042007,G11000100008014008,110010008014008,0.946489235,0.946489235
G11000100008042007,110010008042007,G11000100008014009,110010008014009,0,0
G11000100008042007,110010008042007,G11000100008014010,110010008014010,0,0
G11000100008042007,110010008042007,G11000100009022013,110010009022013,0.053510765,0.053510765
G11000100008042007,110010008042007,G11000100009022037,110010009022037,0,0
G11000100008042008,110010008042008,G11000100008014013,110010008014013,0.8506737171,0.8506737171
G11000100008042008,110010008042008,G11000100009022012,110010009022012,0.1493262829,0.1493262829
G11000100008042009,110010008042009,G11000100008014011,110010008014011,1,1
G11000100008042010,110010008042010,G11000100008014014,110010008014014,1,1
G11000100008043000,110010008043000,G11000100008013002,110010008013002,0.9441081399,1
G11000100008043000,110010008043000,G11000100008013003,110010008013003,0.0558918601,0
G11000100008043001,110010008043001,G11000100008013004,110010008013004,1,1
G11000100008043002,110010008043002,G11000100008013005,110010008013005,1,1
G11000100008043003,110010008043003,G11000100008013006,110010008013006,1,1
G11000100008043004,110010008043004,G11000100008013007,110010008013007,1,1
G11000100008043005,110010008043005,G11000100008013008,110010008013008,1,1
G11000100008043006,110010008043006,G11000100008013009,110010008013009,1,1
G11000100008043007,110010008043007,G11000100008013010,110010008013010,1,1
G11000100008043008,110010008043008,G11000100008013011,110010008013011,1,1
G11000100008043009,110010008043009,G11000100008013012,110010008013012,1,1
G11000100008043010,110010008043010,G11000100008013013,110010008013013,1,1
G11000100008043011,110010008043011,G11000100008013014,110010008013014,1,1
G11000100008043012,110010008043012,G11000100008013015,110010008013015,1,1
G11000100008043013,110010008043013,G11000100008013016,110010008013016,1,1
G11000100008043014,110010008043014,G11000100008013017,110010008013017,1,1
G11000100008043015,110010008043015,G11000100008013018,110010008013018,1,1
G11000100008043016,110010008043016,G11000100008013019,110010008013019,0.4844533911,0.3333333333
G11000100008043016,110010008043016,G11000100008013020,110010008013020,0.5155466089,0.6666666667
G11000100008043017,110010008043017,G11000100008013021,110010008013021,1,1
G11000100008043018,110010008043018,G11000100008013022,110010008013022,1,1
G11000100008043019,110010008043019,G11000100008013023,110010008013023,1,1
G11000100008043020,110010008043020,G11000100008013026,110010008013026,1,1
G11000100008043021,110010008043021,G11000100008013027,110010008013027,1,1
G11000100008043022,110010008043022,G11000100008013028,110010008013028,1,1
G11000100008043023,110010008043023,G11000100008013029,110010008013029,1,1
G11000100008043024,110010008043024,G11000100008013030,110010008013030,1,1
G11000100008043025,110010008043025,G11000100008013031,110010008013031,1,1
G11000100008043026,110010008043026,G11000100008013032,110010008013032,1,1
G11000100008043027,110010008043027,G11000100008013033,110010008013033,0.9999896484,0.9725274725
G11000100008043027,110010008043027,G11000100008013034,110010008013034,0.0000103516,0.0274725275
G11000100008043028,110010008043028,G11000100008013035,110010008013035,1,1
G11000100009021000,110010009021000,G11000100009021000,110010009021000,0.5472175306,0.3956043956
G11000100009021000,110010009021000,G11000100009021002,110010009021002,0.3549650885,0.4505494505
G11000100009021000,110010009021000,G11000100009021003,110010009021003,0.0978173809,0.1538461538
G11000100009021001,110010009021001,G11000100009021006,110010009021006,1,1
G11000100009021002,110010009021002,G11000100009021004,110010009021004,1,1
G11000100009021003,110010009021003,G11000100009021001,110010009021001,1,1
G11000100009021004,110010009021004,G11000100009021007,110010009021007,0.8381179668,0.9022222222
G11000100009021004,110010009021004,G11000100009021008,110010009021008,0.1618820332,0.0977777778
G11000100009021005,110010009021005,G11000100009021005,110010009021005,1,1
G11000100009022000,110010009022000,G11000100009022000,110010009022000,0.1418381986,0.1418381986
G11000100009022000,110010009022000,G11000100009022001,110010009022001,0.142448693,0.142448693
G11000100009022000,110010009022000,G11000100009022002,110010009022002,0.7157131083,0.7157131083
G11000100009022001,110010009022001,G11000100009022005,110010009022005,1,1
G11000100009022002,110010009022002,G11000100009022006,110010009022006,1,1
G11000100009022003,110010009022003,G11000100009022003,110010009022003,0.13908335,0.13908335
G11000100009022003,110010009022003,G11000100009022004,110010009022004,0.1096879733,0.1096879733
G11000100009022003,110010009022003,G11000100009022016,110010009022016,0.485848787,0.485848787
G11000100009022003,110010009022003,G11000100009022017,110010009022017,0.2653798897,0.2653798897
G11000100009022004,110010009022004,G11000100009022019,110010009022019,1,1
G11000100009022005,110010009022005,G11000100009022021,110010009022021,1,1
G11000100009022006,110010009022006,G11000100009022018,110010009022018,1,1
G11000100009022007,110010009022007,G11000100009022022,110010009022022,1,1
G11000100009022008,110010009022008,G11000100009022020,110010009022020,1,1
G11000100009022009,110010009022009,G11000100009022007,110010009022007,1,1
G11000100009022010,110010009022010,G11000100009022008,110010009022008,1,1
G11000100009022011,110010009022011,G11000100009022009,110010009022009,1,1
G11000100009022012,110010009022012,G11000100009022010,110010009022010,0.410153451,0.410153451
G11000100009022012,110010009022012,G11000100009022011,110010009022011,0.589846549,0.589846549
G11000100009022013,110010009022013,G11000100009022012,110010009022012,1,1
G11000100009022014,110010009022014,G11000100009022013,110010009022013,1,1
G11000100009022015,110010009022015,G11000100008014009,110010008014009,0.0040113811,0.0040113811
G11000100009022015,110010009022015,G11000100009022014,110010009022014,0.585195205,0.585195205
G11000100009022015,110010009022015,G11000100009022037,110010009022037,0.4107934139,0.4107934139
G11000100009022016,110010009022016,G11000100008014008,110010008014008,0.0301648706,0.0301648706
G11000100009022016,110010009022016,G11000100009022015,110010009022015,0.3757944183,0.3757944183
G11000100009022016,110010009022016,G11000100009022038,110010009022038,0.5940407111,0.5940407111
G11000100009022017,110010009022017,G11000100008014007,110010008014007,0.1344665028,0.1103202847
G11000100009022017,110010009022017,G11000100009022023,110010009022023,0.8655334972,0.8896797153
G11000100009022018,110010009022018,G11000100009022034,110010009022034,1,1
G11000100009022019,110010009022019,G11000100009022036,110010009022036,1,1
G11000100009022020,110010009022020,G11000100009022035,110010009022035,1,1
G11000100009022021,110010009022021,G11000100009022024,110010009022024,1,1
G11000100009022022,110010009022022,G11000100009022025,110010009022025,1,1
G11000100009022023,110010009022023,G11000100009022026,110010009022026,1,1
G11000100009022024,110010009022024,G11000100009022027,110010009022027,1,1
G11000100009022025,110010009022025,G11000100009022028,110010009022028,1,1
G11000100009022026,110010009022026,G11000100009022029,110010009022029,1,1
G11000100009022027,110010009022027,G11000100009022030,110010009022030,1,1
G11000100009022028,110010009022028,G11000100009022031,110010009022031,1,1
G11000100009022029,110010009022029,G11000100009022032,110010009022032,1,1
G11000100009022030,110010009022030,G11000100009022033,110010009022033,1,1
G11000100009022031,110010009022031,G11000100009022039,110010009022039,1,1
G11000100009031000,110010009031000,G11000100009013011,110010009013011,1,1
G11000100009031001,110010009031001,G11000100009013011,110010009013011,0.9801600489,1
G11000100009031001,110010009031001,G11000100009013020,110010009013020,0.0030711053,0
G11000100009031001,110010009031001,G11000100009013021,110010009013021,0.0024332016,0
G11000100009031001,110010009031001,G11000100009013022,110010009013022,0.0015890296,0
G11000100009031001,110010009031001,G11000100009013023,110010009013023,0.0037319277,0
G11000100009031001,110010009031001,G11000100009013024,110010009013024,0.0061651292,0
G11000100009031001,110010009031001,G11000100009013025,110010009013025,0.0028495579,0
G11000100009032000,110010009032000,G11000100009013000,110010009013000,1,1
G11000100009032001,110010009032001,G11000100009013001,110010009013001,1,1
G11000100009032002,110010009032002,G11000100009013002,110010009013002,1,1
G11000100009032003,110010009032003,G11000100009013005,110010009013005,1,1
G11000100009032004,110010009032004,G11000100009013004,110010009013004,1,1
G11000100009032005,110010009032005,G11000100009013009,110010009013009,1,1
G11000100009032006,110010009032006,G11000100009013008,110010009013008,0.9309268846,1
G11000100009032006,110010009032006,G11000100009013010,110010009013010,0.0690731154,0
G11000100009032007,110010009032007,G11000100009013007,110010009013007,1,1
G11000100009032008,110010009032008,G11000100009013006,110010009013006,1,1
G11000100009032009,110010009032009,G11000100009013016,110010009013016,1,1
G11000100009032010,110010009032010,G11000100009013015,110010009013015,1,1
G11000100009032011,110010009032011,G11000100009013014,110010009013014,1,1
G11000100009032012,110010009032012,G11000100009013013,110010009013013,1,1
G11000100009032013,110010009032013,G11000100009013018,110010009013018,1,1
G11000100009032014,110010009032014,G11000100009013017,110010009013017,1,1
G11000100009032015,110010009032015,G11000100009013019,110010009013019,1,1
G11000100009032016,110010009032016,G11000100009013012,110010009013012,1,1
G11000100009032017,110010009032017,G11000100009013011,110010009013011,1,1
G11000100009032018,110010009032018,G11000100009013026,110010009013026,1,1
G11000100009032019,110010009032019,G11000100009013027,110010009013027,1,1
G11000100009032020,110010009032020,G11000100009013028,110010009013028,0.0186582198,0.1923076923
G11000100009032020,110010009032020,G11000100009013029,110010009013029,0.9813417802,0.8076923077
G11000100009032021,110010009032021,G11000100009013030,110010009013030,1,1
G11000100009041000,110010009041000,G11000100009011000,110010009011000,1,1
G11000100009041001,110010009041001,G11000100009011001,110010009011001,0.4551853005,0.4491525424
G11000100009041001,110010009041001,G11000100009011006,110010009011006,0.5448146995,0.5508474576
G11000100009041002,110010009041002,G11000100009011002,110010009011002,1,1
G11000100009041003,110010009041003,G11000100009011003,110010009011003,1,1
G11000100009041004,110010009041004,G11000100009011003,110010009011003,0.0067677057,0.0076881595
G11000100009041004,110010009041004,G11000100009011004,110010009011004,0.9932322943,0.9923118405
G11000100009041005,110010009041005,G11000100009011005,110010009011005,1,1
G11000100009041006,110010009041006,G11000100009011010,110010009011010,1,1
G11000100009041007,110010009041007,G11000100009011009,110010009011009,1,1
G11000100009041008,110010009041008,G11000100009011008,110010009011008,1,1
G11000100009041009,110010009041009,G11000100009011007,110010009011007,1,1
G11000100009041010,110010009041010,G11000100009011013,110010009011013,1,1
G11000100009041011,110010009041011,G11000100009011012,110010009011012,1,1
G11000100009041012,110010009041012,G11000100009011011,110010009011011,1,1
G11000100009041013,110010009041013,G11000100009011016,110010009011016,0.6379444345,0.6341463415
G11000100009041013,110010009041013,G11000100009011017,110010009011017,0.3620555655,0.3658536585
G11000100009041014,110010009041014,G11000100009011014,110010009011014,1,1
G11000100009041015,110010009041015,G11000100009011015,110010009011015,1,1
G11000100009042000,110010009042000,G11000100009012000,110010009012000,0.4688489968,0.4688489968
G11000100009042000,110010009042000,G11000100009012001,110010009012001,0.5311510032,0.5311510032
G11000100009042001,110010009042001,G11000100009012002,110010009012002,0.0849046099,0.0761589404
G11000100009042001,110010009042001,G11000100009012006,110010009012006,0.9150953901,0.9238410596
G11000100009042002,110010009042002,G11000100009012007,110010009012007,1,1
G11000100009042003,110010009042003,G11000100009012011,110010009012011,0.4485251253,0.5894308943
G11000100009042003,110010009042003,G11000100009012017,110010009012017,0.5514748747,0.4105691057
G11000100009042004,110010009042004,G11000100009012016,110010009012016,1,1
G11000100009042005,110010009042005,G11000100009012009,110010009012009,1,1
G11000100009042006,110010009042006,G11000100009013003,110010009013003,1,1
G11000100009042007,110010009042007,G11000100009012010,110010009012010,1,1
G11000100009042008,110010009042008,G11000100009012008,110010009012008,1,1
G11000100009042009,110010009042009,G11000100009012019,110010009012019,1,1
G11000100009042010,110010009042010,G11000100009012020,110010009012020,1,1
G11000100009042011,110010009042011,G11000100009012021,110010009012021,1,1
G11000100009042012,110010009042012,G11000100009012014,110010009012014,1,1
G11000100009042013,110010009042013,G11000100009012013,110010009012013,1,1
G11000100009042014,110010009042014,G11000100009012012,110010009012012,1,1
G11000100009042015,110010009042015,G11000100009012015,110010009012015,1,1
G11000100009042016,110010009042016,G11000100009012022,110010009012022,1,1
G11000100009042017,110010009042017,G11000100009012003,110010009012003,0.004674177,0
G11000100009042017,110010009042017,G11000100009012004,110010009012004,0.8258777776,0
G11000100009042017,110010009042017,G11000100009012005,110010009012005,0,0
G11000100009042017,110010009042017,G11000100009012024,110010009012024,0.1694480454,1
G11000100009042018,110010009042018,G11000100009012023,110010009012023,1,1
G11000100009042019,110010009042019,G11000100009012025,110010009012025,1,1
G11000100009042020,110010009042020,G11000100009012026,110010009012026,1,1
G11000100009042021,110010009042021,G11000100009012018,110010009012018,1,1
G11000100010021000,110010010021000,G11000100010021000,110010010021000,0.8825583827,1
G11000100010021000,110010010021000,G11000100010021001,110010010021001,0.0038401269,0
G11000100010021000,110010010021000,G11000100010021002,110010010021002,0.0523088288,0
G11000100010021000,110010010021000,G11000100010023007,110010010023007,0.0612926617,0
G11000100010022000,110010010022000,G11000100010023001,110010010023001,1,1
G11000100010022001,110010010022001,G11000100010023000,110010010023000,1,1
G11000100010022002,110010010022002,G11000100010023003,110010010023003,1,1
G11000100010022003,110010010022003,G11000100010023002,110010010023002,1,1
G11000100010022004,110010010022004,G11000100010023004,110010010023004,1,1
G11000100010022005,110010010022005,G11000100010023006,110010010023006,1,1
G11000100010022006,110010010022006,G11000100010023005,110010010023005,1,1
G11000100010023000,110010010023000,G11000100010022000,110010010022000,0.9868255477,1
G11000100010023000,110010010023000,G11000100010022004,110010010022004,0.0131744523,0
G11000100010023001,110010010023001,G11000100010022001,110010010022001,1,1
G11000100010024000,110010010024000,G11000100010022000,110010010022000,0.0001013633,0.000066911
G11000100010024000,110010010024000,G11000100010022002,110010010022002,0.9998986367,0.999933089
G11000100010024001,110010010024001,G11000100010022003,110010010022003,1,1
G11000100010024002,110010010024002,G11000100010022005,110010010022005,1,1
G11000100010024003,110010010024003,G11000100010022006,110010010022006,1,1
G11000100010024004,110010010024004,G11000100010022007,110010010022007,1,1
G11000100010031000,110010010031000,G11000100010013000,110010010013000,1,1
G11000100010031001,110010010031001,G11000100010013001,110010010013001,1,1
G11000100010031002,110010010031002,G11000100010013002,110010010013002,1,1
G11000100010031003,110010010031003,G11000100010013003,110010010013003,1,1
G11000100010031004,110010010031004,G11000100010013004,110010010013004,1,1
G11000100010031005,110010010031005,G11000100010013005,110010010013005,1,1
G11000100010031006,110010010031006,G11000100010013006,110010010013006,1,1
G11000100010031007,110010010031007,G11000100010013007,110010010013007,1,1
G11000100010031008,110010010031008,G11000100010013008,110010010013008,1,1
G11000100010031009,110010010031009,G11000100010013009,110010010013009,1,1
G11000100010031010,110010010031010,G11000100010013010,110010010013010,1,1
G11000100010031011,110010010031011,G11000100010013011,110010010013011,1,1
G11000100010031012,110010010031012,G11000100010013012,110010010013012,1,1
G11000100010031013,110010010031013,G11000100010013013,110010010013013,1,1
G11000100010031014,110010010031014,G11000100010013014,110010010013014,1,1
G11000100010031015,110010010031015,G11000100010013015,110010010013015,1,1
G11000100010031016,110010010031016,G11000100010013016,110010010013016,1,1
G11000100010032000,110010010032000,G11000100010015000,110010010015000,1,1
G11000100010032001,110010010032001,G11000100010015001,110010010015001,1,1
G11000100010032002,110010010032002,G11000100010015002,110010010015002,1,1
G11000100010032003,110010010032003,G11000100010015003,110010010015003,1,1
G11000100010032004,110010010032004,G11000100010015004,110010010015004,1,1
G11000100010032005,110010010032005,G11000100010015005,110010010015005,1,1
G11000100010032006,110010010032006,G11000100010015006,110010010015006,1,1
G11000100010032007,110010010032007,G11000100010015007,110010010015007,1,1
G11000100010032008,110010010032008,G11000100010015008,110010010015008,1,1
G11000100010032009,110010010032009,G11000100010015009,110010010015009,1,1
G11000100010032010,110010010032010,G11000100010015010,110010010015010,1,1
G11000100010032011,110010010032011,G11000100010015011,110010010015011,1,1
G11000100010032012,110010010032012,G11000100010015012,110010010015012,1,1
G11000100010032013,110010010032013,G11000100010015013,110010010015013,1,1
G11000100010032014,110010010032014,G11000100010015014,110010010015014,1,1
G11000100010032015,110010010032015,G11000100010015015,110010010015015,1,1
G11000100010032016,110010010032016,G11000100010015016,110010010015016,1,1
G11000100010033000,110010010033000,G11000100010016000,110010010016000,1,1
G11000100010033001,110010010033001,G11000100010016001,110010010016001,1,1
G11000100010033002,110010010033002,G11000100010016002,110010010016002,1,1
G11000100010033003,110010010033003,G11000100010016003,110010010016003,1,1
G11000100010033004,110010010033004,G11000100010016004,110010010016004,0.9544109784,1
G11000100010033004,110010010033004,G11000100010016005,110010010016005,0.0455890216,0
G11000100010033005,110010010033005,G11000100010016011,110010010016011,1,1
G11000100010033006,110010010033006,G11000100010016010,110010010016010,1,1
G11000100010033007,110010010033007,G11000100010016008,110010010016008,1,1
G11000100010033008,110010010033008,G11000100010016009,110010010016009,1,1
G11000100010033009,110010010033009,G11000100010016006,110010010016006,1,1
G11000100010033010,110010010033010,G11000100010016007,110010010016007,1,1
G11000100010033011,110010010033011,G11000100010016013,110010010016013,1,1
G11000100010033012,110010010033012,G11000100010016012,110010010016012,1,1
G11000100010033013,110010010033013,G11000100010016015,110010010016015,1,1
G11000100010033014,110010010033014,G11000100010016014,110010010016014,1,1
G11000100010033015,110010010033015,G11000100010016019,110010010016019,1,1
G11000100010033016,110010010033016,G11000100010016018,110010010016018,1,1
G11000100010033017,110010010033017,G11000100010016017,110010010016017,1,1
G11000100010033018,110010010033018,G11000100010016016,110010010016016,1,1
G11000100010033019,110010010033019,G11000100010016020,110010010016020,1,1
G11000100010033020,110010010033020,G11000100010016021,110010010016021,1,1
G11000100010041000,110010010041000,G11000100010011000,110010010011000,1,1
G11000100010041001,110010010041001,G11000100010011001,110010010011001,1,1
G11000100010041002,110010010041002,G11000100010011002,110010010011002,0.9971981661,0.9941202014
G11000100010041002,110010010041002,G11000100010011003,110010010011003,0.0015494991,0.0019986432
G11000100010041002,110010010041002,G11000100010011005,110010010011005,0.0012523349,0.0038811555
G11000100010041003,110010010041003,G11000100010011003,110010010011003,1,1
G11000100010041004,110010010041004,G11000100010011004,110010010011004,1,1
G11000100010041005,110010010041005,G11000100010011005,110010010011005,0.0946958523,0.0947990364
G11000100010041005,110010010041005,G11000100010011006,110010010011006,0.9053041477,0.9052009636
G11000100010041006,110010010041006,G11000100010011005,110010010011005,0.8609271523,0.8610711302
G11000100010041006,110010010041006,G11000100010011006,110010010011006,0.1390728477,0.1389288698
G11000100010041007,110010010041007,G11000100010011007,110010010011007,0.0348162476,0.0530127474
G11000100010041007,110010010041007,G11000100010011009,110010010011009,0.9651837524,0.9469872526
G11000100010041008,110010010041008,G11000100010011007,110010010011007,0.8514558415,0.8989440495
G11000100010041008,110010010041008,G11000100010011009,110010010011009,0.1485441585,0.1010559505
G11000100010041009,110010010041009,G11000100010011012,110010010011012,1,1
G11000100010041010,110010010041010,G11000100010011011,110010010011011,1,1
G11000100010041011,110010010041011,G11000100010011010,110010010011010,1,1
G11000100010041012,110010010041012,G11000100010011013,110010010011013,1,1
G11000100010041013,110010010041013,G11000100010011008,110010010011008,1,1
G11000100010042000,110010010042000,G11000100010012000,110010010012000,1,1
G11000100010042001,110010010042001,G11000100010012001,110010010012001,1,1
G11000100010042002,110010010042002,G11000100010012002,110010010012002,1,1
G11000100010042003,110010010042003,G11000100010012003,110010010012003,1,1
G11000100010042004,110010010042004,G11000100010012004,110010010012004,1,1
G11000100010042005,110010010042005,G11000100010012005,110010010012005,1,1
G11000100010042006,110010010042006,G11000100010012006,110010010012006,1,1
G11000100010042007,110010010042007,G11000100010012007,110010010012007,1,1
G11000100010042008,110010010042008,G11000100010012008,110010010012008,0.9951090067,0.7125
G11000100010042008,110010010042008,G11000100010012009,110010010012009,0.0048909933,0.2875
G11000100010042009,110010010042009,G11000100010012010,110010010012010,1,1
G11000100010042010,110010010042010,G11000100010012011,110010010012011,0.9678584516,1
G11000100010042010,110010010042010,G11000100010012022,110010010012022,0.0321415484,0
G11000100010042011,110010010042011,G11000100010012012,110010010012012,1,1
G11000100010042012,110010010042012,G11000100010012013,110010010012013,1,1
G11000100010042013,110010010042013,G11000100010012014,110010010012014,1,1
G11000100010042014,110010010042014,G11000100010012015,110010010012015,1,1
G11000100010042015,110010010042015,G11000100010012016,110010010012016,1,1
G11000100010042016,110010010042016,G11000100010012017,110010010012017,1,1
G11000100010042017,110010010042017,G11000100010012018,110010010012018,1,1
G11000100010042018,110010010042018,G11000100010012019,110010010012019,1,1
G11000100010042019,110010010042019,G11000100010012020,110010010012020,1,1
G11000100010042020,110010010042020,G11000100010012021,110010010012021,1,1
G11000100010042021,110010010042021,G11000100010012030,110010010012030,1,1
G11000100010042022,110010010042022,G11000100010012029,110010010012029,1,1
G11000100010042023,110010010042023,G11000100010012024,110010010012024,1,1
G11000100010042024,110010010042024,G11000100010012025,110010010012025,1,1
G11000100010042025,110010010042025,G11000100010012026,110010010012026,1,1
G11000100010042026,110010010042026,G11000100010012027,110010010012027,1,1
G11000100010042027,110010010042027,G11000100010012028,110010010012028,1,1
G11000100010042028,110010010042028,G11000100010012023,110010010012023,1,1
G11000100010042029,110010010042029,G11000100010012031,110010010012031,1,1
G11000100010042030,110010010042030,G11000100010012032,110010010012032,1,1
G11000100010043000,110010010043000,G11000100010014000,110010010014000,1,1
G11000100010043001,110010010043001,G11000100010014001,110010010014001,1,1
G11000100010043002,110010010043002,G11000100010014002,110010010014002,1,1
G11000100010043003,110010010043003,G11000100010014003,110010010014003,1,1
G11000100010043004,110010010043004,G11000100010014004,110010010014004,1,1
G11000100010043005,110010010043005,G11000100010014005,110010010014005,1,1
G11000100010043006,110010010043006,G11000100010014006,110010010014006,1,1
G11000100010043007,110010010043007,G11000100010014007,110010010014007,1,1
G11000100010043008,110010010043008,G11000100010014008,110010010014008,1,1
G11000100010043009,110010010043009,G11000100010014009,110010010014009,1,1
G11000100010043010,110010010043010,G11000100010014010,110010010014010,1,1
G11000100010043011,110010010043011,G11000100010014011,110010010014011,0.7806076854,0.7806076854
G11000100010043011,110010010043011,G11000100010014012,110010010014012,0.2193923146,0.2193923146
G11000100010043012,110010010043012,G11000100010014017,110010010014017,1,1
G11000100010043013,110010010043013,G11000100010014018,110010010014018,1,1
G11000100010043014,110010010043014,G11000100010014019,110010010014019,1,1
G11000100010043015,110010010043015,G11000100010014016,110010010014016,1,1
G11000100010043016,110010010043016,G11000100010014015,110010010014015,1,1
G11000100010043017,110010010043017,G11000100010014014,110010010014014,1,1
G11000100010043018,110010010043018,G11000100010014013,110010010014013,1,1
G11000100010043019,110010010043019,G11000100010014020,110010010014020,0.0192856431,0
G11000100010043019,110010010043019,G11000100010014021,110010010014021,0.9807143569,1
G11000100010043020,110010010043020,G11000100010014024,110010010014024,1,1
G11000100010043021,110010010043021,G11000100010014025,110010010014025,0.9739100253,1
G11000100010043021,110010010043021,G11000100010014028,110010010014028,0.0260899747,0
G11000100010043022,110010010043022,G11000100010014026,110010010014026,0.9630664331,1
G11000100010043022,110010010043022,G11000100010014027,110010010014027,0.0369335669,0
G11000100010043023,110010010043023,G11000100010014023,110010010014023,1,1
G11000100010043024,110010010043024,G11000100010014022,110010010014022,1,1
G11000100010043025,110010010043025,G11000100010014021,110010010014021,1,1
G11000100010043026,110010010043026,G11000100010014021,110010010014021,1,1
G11000100011001000,110010011001000,G11000100011001000,110010011001000,1,1
G11000100011001001,110010011001001,G11000100011001001,110010011001001,1,1
G11000100011001002,110010011001002,G11000100011001002,110010011001002,1,1
G11000100011001003,110010011001003,G11000100011001003,110010011001003,1,1
G11000100011001004,110010011001004,G11000100011001004,110010011001004,1,1
G11000100011001005,110010011001005,G11000100011001005,110010011001005,1,1
G11000100011001006,110010011001006,G11000100011001006,110010011001006,1,1
G11000100011001007,110010011001007,G11000100011001007,110010011001007,1,1
G11000100011001008,110010011001008,G11000100011001008,110010011001008,1,1
G11000100011001009,110010011001009,G11000100011001009,110010011001009,1,1
G11000100011001010,110010011001010,G11000100011001010,110010011001010,1,1
G11000100011001011,110010011001011,G11000100011001011,110010011001011,1,1
G11000100011001012,110010011001012,G11000100011001012,110010011001012,0.9802635688,0.9225806452
G11000100011001012,110010011001012,G11000100011001015,110010011001015,0.0197364312,0.0774193548
G11000100011001013,110010011001013,G11000100011001013,110010011001013,1,1
G11000100011001014,110010011001014,G11000100011001014,110010011001014,1,1
G11000100011001015,110010011001015,G11000100011001016,110010011001016,1,1
G11000100011001016,110010011001016,G11000100011001017,110010011001017,1,1
G11000100011001017,110010011001017,G11000100011001018,110010011001018,1,1
G11000100011001018,110010011001018,G11000100011001019,110010011001019,1,1
G11000100011001019,110010011001019,G11000100011001020,110010011001020,1,1
G11000100011001020,110010011001020,G11000100011001021,110010011001021,1,1
G11000100011001021,110010011001021,G11000100011001022,110010011001022,1,1
G11000100011001022,110010011001022,G11000100011001023,110010011001023,1,1
G11000100011002000,110010011002000,G11000100011002000,110010011002000,1,1
G11000100011002001,110010011002001,G11000100011002002,110010011002002,1,1
G11000100011002002,110010011002002,G11000100011002001,110010011002001,1,1
G11000100011002003,110010011002003,G11000100011002019,110010011002019,1,1
G11000100011002004,110010011002004,G11000100011002009,110010011002009,0.0012225437,0.001642318
G11000100011002004,110010011002004,G11000100011002010,110010011002010,0.6683238926,0.9972590925
G11000100011002004,110010011002004,G11000100011002011,110010011002011,0.0011817922,0.0010985895
G11000100011002004,110010011002004,G11000100011002014,110010011002014,0.3292717715,0
G11000100011002005,110010011002005,G11000100011002011,110010011002011,0.7842414583,1
G11000100011002005,110010011002005,G11000100011002012,110010011002012,0.2157585417,0
G11000100011002006,110010011002006,G11000100011002003,110010011002003,1,1
G11000100011002007,110010011002007,G11000100011002004,110010011002004,1,1
G11000100011002008,110010011002008,G11000100011002005,110010011002005,1,1
G11000100011002009,110010011002009,G11000100011002006,110010011002006,1,1
G11000100011002010,110010011002010,G11000100011002007,110010011002007,1,1
G11000100011002011,110010011002011,G11000100011002008,110010011002008,1,1
G11000100011002012,110010011002012,G11000100011002015,110010011002015,1,1
G11000100011002013,110010011002013,G11000100011002009,110010011002009,1,1
G11000100011002014,110010011002014,G11000100011002013,110010011002013,1,1
G11000100011002015,110010011002015,G11000100011002020,110010011002020,1,1
G11000100011002016,110010011002016,G11000100011002021,110010011002021,1,1
G11000100011002017,110010011002017,G11000100011002021,110010011002021,1,1
G11000100011002018,110010011002018,G11000100011002022,110010011002022,1,1
G11000100011002019,110010011002019,G11000100011002018,110010011002018,1,1
G11000100011002020,110010011002020,G11000100011002017,110010011002017,1,1
G11000100011002021,110010011002021,G11000100011002016,110010011002016,1,1
G11000100011002022,110010011002022,G11000100011002027,110010011002027,1,1
G11000100011002023,110010011002023,G11000100011002028,110010011002028,1,1
G11000100011002024,110010011002024,G11000100011002026,110010011002026,1,1
G11000100011002025,110010011002025,G11000100011002025,110010011002025,1,1
G11000100011002026,110010011002026,G11000100011002023,110010011002023,0.0458977573,0.0747691225
G11000100011002026,110010011002026,G11000100011002024,110010011002024,0.9541022427,0.9252308775
G11000100011002027,110010011002027,G11000100011002023,110010011002023,0.7198990324,0.8119417903
G11000100011002027,110010011002027,G11000100011002024,110010011002024,0.2801009676,0.1880582097
G11000100011003000,110010011003000,G11000100011003000,110010011003000,1,1
G11000100011003001,110010011003001,G11000100011003001,110010011003001,1,1
G11000100011003002,110010011003002,G11000100011003002,110010011003002,1,1
G11000100011003003,110010011003003,G11000100011003003,110010011003003,1,1
G11000100011003004,110010011003004,G11000100011003004,110010011003004,1,1
G11000100011003005,110010011003005,G11000100011003005,110010011003005,1,1
G11000100011003006,110010011003006,G11000100011003006,110010011003006,1,1
G11000100011003007,110010011003007,G11000100011003007,110010011003007,1,1
G11000100011003008,110010011003008,G11000100011003008,110010011003008,1,1
G11000100011003009,110010011003009,G11000100011003009,110010011003009,1,1
G11000100011004000,110010011004000,G11000100011004000,110010011004000,1,1
G11000100011004001,110010011004001,G11000100011004001,110010011004001,1,1
G11000100011004002,110010011004002,G11000100011004002,110010011004002,1,1
G11000100011004003,110010011004003,G11000100011004003,110010011004003,0.9235350934,0.8872585963
G11000100011004003,110010011004003,G11000100011004007,110010011004007,0.0764649066,0.1127414037
G11000100011004004,110010011004004,G11000100011004003,110010011004003,1,1
G11000100011004005,110010011004005,G11000100011004004,110010011004004,1,1
G11000100011004006,110010011004006,G11000100011004005,110010011004005,1,1
G11000100011004007,110010011004007,G11000100011004006,110010011004006,0.575256003,1
G11000100011004007,110010011004007,G11000100011004008,110010011004008,0.0189022955,0
G11000100011004007,110010011004007,G11000100011004012,110010011004012,0.2045173842,0
G11000100011004007,110010011004007,G11000100011004013,110010011004013,0.2013243173,0
G11000100011004008,110010011004008,G11000100011004015,110010011004015,1,1
G11000100011004009,110010011004009,G11000100011004016,110010011004016,1,1
G11000100011004010,110010011004010,G11000100011004017,110010011004017,1,1
G11000100011004011,110010011004011,G11000100011004018,110010011004018,1,1
G11000100011004012,110010011004012,G11000100011004019,110010011004019,1,1
G11000100011004013,110010011004013,G11000100011004020,110010011004020,1,1
G11000100011004014,110010011004014,G11000100011004021,110010011004021,1,1
G11000100011004015,110010011004015,G11000100011004022,110010011004022,1,1
G11000100011004016,110010011004016,G11000100011004023,110010011004023,0.0573505769,0
G11000100011004016,110010011004016,G11000100011004024,110010011004024,0.9426494231,1
G11000100011004017,110010011004017,G11000100011004009,110010011004009,1,1
G11000100011004018,110010011004018,G11000100011004010,110010011004010,1,1
G11000100011004019,110010011004019,G11000100011004011,110010011004011,1,1
G11000100011004020,110010011004020,G11000100011004026,110010011004026,1,1
G11000100011004021,110010011004021,G11000100011004025,110010011004025,1,1
G11000100011004022,110010011004022,G11000100011004028,110010011004028,1,1
G11000100011004023,110010011004023,G11000100011004027,110010011004027,1,1
G11000100011004024,110010011004024,G11000100011004029,110010011004029,1,1
G11000100011004025,110010011004025,G11000100011004014,110010011004014,1,1
G11000100011004026,110010011004026,G11000100011004030,110010011004030,1,1
G11000100012001000,110010012001000,G11000100012001000,110010012001000,0.1300019146,0.1300019146
G11000100012001000,110010012001000,G11000100012001001,110010012001001,0.8699980854,0.8699980854
G11000100012001001,110010012001001,G11000100012001002,110010012001002,0.4428303068,0.2276490066
G11000100012001001,110010012001001,G11000100012001003,110010012001003,0.5571696932,0.7723509934
G11000100012001002,110010012001002,G11000100012001004,110010012001004,1,1
G11000100012001003,110010012001003,G11000100012001005,110010012001005,1,1
G11000100012001004,110010012001004,G11000100012001006,110010012001006,1,1
G11000100012001005,110010012001005,G11000100012001007,110010012001007,1,1
G11000100012001006,110010012001006,G11000100012001008,110010012001008,0.9686602634,1
G11000100012001006,110010012001006,G11000100012001015,110010012001015,0.0313397366,0
G11000100012001007,110010012001007,G11000100012001009,110010012001009,1,1
G11000100012001008,110010012001008,G11000100012001010,110010012001010,1,1
G11000100012001009,110010012001009,G11000100012001011,110010012001011,1,1
G11000100012001010,110010012001010,G11000100012001012,110010012001012,1,1
G11000100012001011,110010012001011,G11000100012001013,110010012001013,1,1
G11000100012001012,110010012001012,G11000100012001014,110010012001014,1,1
G11000100012002000,110010012002000,G11000100012002000,110010012002000,1,1
G11000100012002001,110010012002001,G11000100012002001,110010012002001,1,1
G11000100012002002,110010012002002,G11000100012002002,110010012002002,1,1
G11000100012002003,110010012002003,G11000100012002003,110010012002003,1,1
G11000100012002004,110010012002004,G11000100012002004,110010012002004,0.9491833031,1
G11000100012002004,110010012002004,G11000100012002005,110010012002005,0.0508166969,0
G11000100012002005,110010012002005,G11000100012002007,110010012002007,1,1
G11000100012002006,110010012002006,G11000100012002008,110010012002008,1,1
G11000100012002007,110010012002007,G11000100012002006,110010012002006,1,1
G11000100012003000,110010012003000,G11000100012003000,110010012003000,1,1
G11000100012003001,110010012003001,G11000100012003001,110010012003001,1,1
G11000100012003002,110010012003002,G11000100012003002,110010012003002,1,1
G11000100012003003,110010012003003,G11000100012003003,110010012003003,1,1
G11000100012003004,110010012003004,G11000100012003004,110010012003004,1,1
G11000100012003005,110010012003005,G11000100012003005,110010012003005,1,1
G11000100012003006,110010012003006,G11000100012003006,110010012003006,1,1
G11000100012003007,110010012003007,G11000100012003007,110010012003007,1,1
G11000100012003008,110010012003008,G11000100012003008,110010012003008,1,1
G11000100012003009,110010012003009,G11000100012003009,110010012003009,1,1
G11000100012003010,110010012003010,G11000100012003010,110010012003010,1,1
G11000100012004000,110010012004000,G11000100012004000,110010012004000,1,1
G11000100012004001,110010012004001,G11000100012004000,110010012004000,1,1
G11000100012004002,110010012004002,G11000100012004001,110010012004001,1,1
G11000100012004003,110010012004003,G11000100012004002,110010012004002,1,1
G11000100012004004,110010012004004,G11000100012004003,110010012004003,1,1
G11000100012004005,110010012004005,G11000100012004004,110010012004004,1,1
G11000100012004006,110010012004006,G11000100012004005,110010012004005,0.946386284,1
G11000100012004006,110010012004006,G11000100012004006,110010012004006,0.053613716,0
G11000100012004007,110010012004007,G11000100012004007,110010012004007,0.6751507033,0.6751507033
G11000100012004007,110010012004007,G11000100012004008,110010012004008,0.3248492967,0.3248492967
G11000100012004008,110010012004008,G11000100012004016,110010012004016,1,1
G11000100012004009,110010012004009,G11000100012004015,110010012004015,1,1
G11000100012004010,110010012004010,G11000100012004014,110010012004014,1,1
G11000100012004011,110010012004011,G11000100012004027,110010012004027,1,1
G11000100012004012,110010012004012,G11000100012004018,110010012004018,1,1
G11000100012004013,110010012004013,G11000100012004017,110010012004017,1,1
G11000100012004014,110010012004014,G11000100012004020,110010012004020,1,1
G11000100012004015,110010012004015,G11000100012004021,110010012004021,1,1
G11000100012004016,110010012004016,G11000100012004022,110010012004022,1,1
G11000100012004017,110010012004017,G11000100012004013,110010012004013,1,1
G11000100012004018,110010012004018,G11000100012004012,110010012004012,1,1
G11000100012004019,110010012004019,G11000100012004025,110010012004025,1,1
G11000100012004020,110010012004020,G11000100012004026,110010012004026,1,1
G11000100012004021,110010012004021,G11000100012004023,110010012004023,0.9183752794,1
G11000100012004021,110010012004021,G11000100012004024,110010012004024,0.0816247206,0
G11000100012004022,110010012004022,G11000100012004019,110010012004019,1,1
G11000100012004023,110010012004023,G11000100012004009,110010012004009,1,1
G11000100012004024,110010012004024,G11000100006001002,110010006001002,0.0085684673,0
G11000100012004024,110010012004024,G11000100012004010,110010012004010,0.9914315327,1
G11000100012004025,110010012004025,G11000100012004011,110010012004011,1,1
G11000100013011000,110010013011000,G11000100013011000,110010013011000,0.2174605473,0.2174605473
G11000100013011000,110010013011000,G11000100013011001,110010013011001,0.7825394527,0.7825394527
G11000100013011000,110010013011000,G11000100020012006,110010020012006,0,0
G11000100013011001,110010013011001,G11000100013011000,110010013011000,0.0178513789,0.0178513789
G11000100013011001,110010013011001,G11000100013011010,110010013011010,0.9802857081,0.9802857081
G11000100013011001,110010013011001,G11000100013011011,110010013011011,0.001862913,0.001862913
G11000100013011001,110010013011001,G11000100020012006,110010020012006,0,0
G11000100013011002,110010013011002,G11000100013011004,110010013011004,1,1
G11000100013011003,110010013011003,G11000100013011005,110010013011005,0.6510205438,0.6666666667
G11000100013011003,110010013011003,G11000100013011006,110010013011006,0.3489794562,0.3333333333
G11000100013011004,110010013011004,G11000100013011002,110010013011002,1,1
G11000100013011005,110010013011005,G11000100013011000,110010013011000,0.0043297769,0.0043297769
G11000100013011005,110010013011005,G11000100013011001,110010013011001,0.9956702231,0.9956702231
G11000100013011006,110010013011006,G11000100013011003,110010013011003,1,1
G11000100013011007,110010013011007,G11000100013011007,110010013011007,0.9883951908,0.9864253394
G11000100013011007,110010013011007,G11000100013012009,110010013012009,0.0116048092,0.0135746606
G11000100013011008,110010013011008,G11000100013011008,110010013011008,1,1
G11000100013011009,110010013011009,G11000100013011009,110010013011009,1,1
G11000100013011010,110010013011010,G11000100026002002,110010026002002,0.4906542056,0.4906542056
G11000100013011010,110010013011010,G11000100026002003,110010026002003,0,0
G11000100013011010,110010013011010,G11000100026002004,110010026002004,0.5093457944,0.5093457944
G11000100013011011,110010013011011,G11000100026002013,110010026002013,1,1
G11000100013011012,110010013011012,G11000100013011012,110010013011012,0.9774860846,0.9774860846
G11000100013011012,110010013011012,G11000100013011013,110010013011013,0.0225139154,0.0225139154
G11000100013011013,110010013011013,G11000100013011014,110010013011014,1,1
G11000100013011014,110010013011014,G11000100013011015,110010013011015,1,1
G11000100013011015,110010013011015,G11000100013011016,110010013011016,1,1
G11000100013011016,110010013011016,G11000100013011017,110010013011017,1,1
G11000100013011017,110010013011017,G11000100013011018,110010013011018,1,1
G11000100013011018,110010013011018,G11000100013011019,110010013011019,1,1
G11000100013012000,110010013012000,G11000100013012000,110010013012000,0.9802742964,0.9516129032
G11000100013012000,110010013012000,G11000100013012004,110010013012004,0.0197257036,0.0483870968
G11000100013012001,110010013012001,G11000100013012003,110010013012003,1,1
G11000100013012002,110010013012002,G11000100013012002,110010013012002,1,1
G11000100013012003,110010013012003,G11000100013012001,110010013012001,1,1
G11000100013012004,110010013012004,G11000100013012005,110010013012005,1,1
G11000100013012005,110010013012005,G11000100013012006,110010013012006,1,1
G11000100013012006,110010013012006,G11000100013012007,110010013012007,1,1
G11000100013012007,110010013012007,G11000100013012008,110010013012008,1,1
G11000100013012008,110010013012008,G11000100013012010,110010013012010,1,1
G11000100013012009,110010013012009,G11000100013012011,110010013012011,1,1
G11000100013012010,110010013012010,G11000100013012012,110010013012012,1,1
G11000100013012011,110010013012011,G11000100013012013,110010013012013,1,1
G11000100013013000,110010013013000,G11000100013013000,110010013013000,1,1
G11000100013013001,110010013013001,G11000100013013001,110010013013001,1,1
G11000100013013002,110010013013002,G11000100013013002,110010013013002,1,1
G11000100013014000,110010013014000,G11000100013013004,110010013013004,1,1
G11000100013014001,110010013014001,G11000100013013003,110010013013003,1,1
G11000100013014002,110010013014002,G11000100013013007,110010013013007,1,1
G11000100013014003,110010013014003,G11000100013013005,110010013013005,1,1
G11000100013014004,110010013014004,G11000100013013006,110010013013006,1,1
G11000100013031000,110010013031000,G11000100013021001,110010013021001,1,1
G11000100013032000,110010013032000,G11000100013021001,110010013021001,1,1
G11000100013033000,110010013033000,G11000100013023000,110010013023000,1,1
G11000100013033001,110010013033001,G11000100013023001,110010013023001,0.8848150302,1
G11000100013033001,110010013033001,G11000100013023004,110010013023004,0.1151849698,0
G11000100013033002,110010013033002,G11000100013023003,110010013023003,1,1
G11000100013033003,110010013033003,G11000100013023005,110010013023005,0.8630513928,0.8547008547
G11000100013033003,110010013033003,G11000100013023007,110010013023007,0.1369486072,0.1452991453
G11000100013033004,110010013033004,G11000100013023008,110010013023008,1,1
G11000100013033005,110010013033005,G11000100013023009,110010013023009,1,1
G11000100013033006,110010013033006,G11000100013023001,110010013023001,0.0333944474,1
G11000100013033006,110010013033006,G11000100013023004,110010013023004,0.9078924393,0
G11000100013033006,110010013033006,G11000100026001014,110010026001014,0.0276759211,0
G11000100013033006,110010013033006,G11000100026002014,110010026002014,0.0310371922,0
G11000100013033007,110010013033007,G11000100026001014,110010026001014,0.4893818733,0.4893818733
G11000100013033007,110010013033007,G11000100026001015,110010026001015,0.5106181267,0.5106181267
G11000100013034000,110010013034000,G11000100013021000,110010013021000,1,1
G11000100013034001,110010013034001,G11000100013021001,110010013021001,0.9806914506,1
G11000100013034001,110010013034001,G11000100013023006,110010013023006,0.0193085494,0
G11000100013041000,110010013041000,G11000100013022007,110010013022007,1,1
G11000100013041001,110010013041001,G11000100013022008,110010013022008,1,1
G11000100013041002,110010013041002,G11000100013022009,110010013022009,1,1
G11000100013042000,110010013042000,G11000100013022001,110010013022001,0.830813301,1
G11000100013042000,110010013042000,G11000100013023010,110010013023010,0.169186699,0
G11000100013043000,110010013043000,G11000100013022001,110010013022001,1,1
G11000100013044000,110010013044000,G11000100013022000,110010013022000,0.6905635487,1
G11000100013044000,110010013044000,G11000100013023002,110010013023002,0.3094364513,0
G11000100013044001,110010013044001,G11000100013022001,110010013022001,0.7563465676,0.9981655658
G11000100013044001,110010013044001,G11000100013022002,110010013022002,0.105574027,0.0018344342
G11000100013044001,110010013044001,G11000100013023011,110010013023011,0.1380794054,0
G11000100013044002,110010013044002,G11000100013022001,110010013022001,0.9736895924,1
G11000100013044002,110010013044002,G11000100013022010,110010013022010,0.02613146,0
G11000100013044002,110010013044002,G11000100026001020,110010026001020,0.0001789476,0
G11000100013044003,110010013044003,G11000100005011000,110010005011000,0.0187252747,0
G11000100013044003,110010013044003,G11000100013022001,110010013022001,0.7045004227,0.5816002883
G11000100013044003,110010013044003,G11000100013022003,110010013022003,0.0323110735,0.3957835111
G11000100013044003,110010013044003,G11000100013022004,110010013022004,0.1006525782,0.0017854895
G11000100013044003,110010013044003,G11000100013022005,110010013022005,0.1058461538,0.0208307111
G11000100013044003,110010013044003,G11000100013022006,110010013022006,0.0116923077,0
G11000100013044003,110010013044003,G11000100013022010,110010013022010,0.0189078614,0
G11000100013044003,110010013044003,G11000100013022011,110010013022011,0.007364328,0
G11000100014011000,110010014011000,G11000100014011000,110010014011000,0.02467208,0
G11000100014011000,110010014011000,G11000100014011001,110010014011001,0.9582292317,0.9870850177
G11000100014011000,110010014011000,G11000100014011006,110010014011006,0.0170986883,0.0129149823
G11000100014011001,110010014011001,G11000100014011002,110010014011002,1,1
G11000100014011002,110010014011002,G11000100014011003,110010014011003,1,1
G11000100014011003,110010014011003,G11000100014011004,110010014011004,1,1
G11000100014011004,110010014011004,G11000100014011005,110010014011005,1,1
G11000100014011005,110010014011005,G11000100014011006,110010014011006,1,1
G11000100014011006,110010014011006,G11000100014011007,110010014011007,0.0211095687,0
G11000100014011006,110010014011006,G11000100014011008,110010014011008,0.9788904313,1
G11000100014011007,110010014011007,G11000100014011009,110010014011009,1,1
G11000100014011008,110010014011008,G11000100014011010,110010014011010,1,1
G11000100014011009,110010014011009,G11000100014011011,110010014011011,1,1
G11000100014011010,110010014011010,G11000100014011012,110010014011012,1,1
G11000100014011011,110010014011011,G11000100014011013,110010014011013,1,1
G11000100014011012,110010014011012,G11000100014011014,110010014011014,1,1
G11000100014011013,110010014011013,G11000100014011015,110010014011015,1,1
G11000100014011014,110010014011014,G11000100014011016,110010014011016,1,1
G11000100014011015,110010014011015,G11000100014011017,110010014011017,1,1
G11000100014011016,110010014011016,G11000100014011018,110010014011018,1,1
G11000100014011017,110010014011017,G11000100014011019,110010014011019,1,1
G11000100014012000,110010014012000,G11000100014012000,110010014012000,1,1
G11000100014012001,110010014012001,G11000100014012002,110010014012002,0.952221413,0.72
G11000100014012001,110010014012001,G11000100014012003,110010014012003,0.047778587,0.28
G11000100014012002,110010014012002,G11000100014012004,110010014012004,1,1
G11000100014012003,110010014012003,G11000100014012005,110010014012005,1,1
G11000100014012004,110010014012004,G11000100014012001,110010014012001,1,1
G11000100014012005,110010014012005,G11000100014012006,110010014012006,1,1
G11000100014012006,110010014012006,G11000100014012007,110010014012007,1,1
G11000100014012007,110010014012007,G11000100014012008,110010014012008,0.9851377815,1
G11000100014012007,110010014012007,G11000100014012011,110010014012011,0.0148622185,0
G11000100014012008,110010014012008,G11000100014012009,110010014012009,0.6409618574,1
G11000100014012008,110010014012008,G11000100014012010,110010014012010,0.3590381426,0
G11000100014012009,110010014012009,G11000100014012014,110010014012014,1,1
G11000100014012010,110010014012010,G11000100014012013,110010014012013,1,1
G11000100014012011,110010014012011,G11000100014012012,110010014012012,1,1
G11000100014012012,110010014012012,G11000100014012020,110010014012020,1,1
G11000100014012013,110010014012013,G11000100014012019,110010014012019,1,1
G11000100014012014,110010014012014,G11000100014012018,110010014012018,1,1
G11000100014012015,110010014012015,G11000100014012017,110010014012017,1,1
G11000100014012016,110010014012016,G11000100014012016,110010014012016,1,1
G11000100014012017,110010014012017,G11000100014012015,110010014012015,1,1
G11000100014021000,110010014021000,G11000100014021000,110010014021000,1,1
G11000100014021001,110010014021001,G11000100014021001,110010014021001,1,1
G11000100014021002,110010014021002,G11000100014021002,110010014021002,1,1
G11000100014021003,110010014021003,G11000100014021003,110010014021003,1,1
G11000100014021004,110010014021004,G11000100014021004,110010014021004,1,1
G11000100014021005,110010014021005,G11000100014021005,110010014021005,1,1
G11000100014021006,110010014021006,G11000100014021006,110010014021006,1,1
G11000100014021007,110010014021007,G11000100014021007,110010014021007,1,1
G11000100014021008,110010014021008,G11000100014021008,110010014021008,1,1
G11000100014021009,110010014021009,G11000100014021009,110010014021009,1,1
G11000100014021010,110010014021010,G11000100014021010,110010014021010,1,1
G11000100014021011,110010014021011,G11000100014021011,110010014021011,1,1
G11000100014021012,110010014021012,G11000100014021012,110010014021012,1,1
G11000100014021013,110010014021013,G11000100014021013,110010014021013,1,1
G11000100014021014,110010014021014,G11000100014021014,110010014021014,1,1
G11000100014021015,110010014021015,G11000100014021013,110010014021013,1,1
G11000100014021016,110010014021016,G11000100014021015,110010014021015,1,1
G11000100014022000,110010014022000,G11000100014022000,110010014022000,1,1
G11000100014022001,110010014022001,G11000100014022001,110010014022001,1,1
G11000100014022002,110010014022002,G11000100014022002,110010014022002,1,1
G11000100014022003,110010014022003,G11000100014022003,110010014022003,1,1
G11000100014022004,110010014022004,G11000100014022004,110010014022004,1,1
G11000100014022005,110010014022005,G11000100014022005,110010014022005,1,1
G11000100014022006,110010014022006,G11000100014022006,110010014022006,1,1
G11000100014022007,110010014022007,G11000100014022007,110010014022007,1,1
G11000100014022008,110010014022008,G11000100014022000,110010014022000,1,1
G11000100014023000,110010014023000,G11000100014023000,110010014023000,1,1
G11000100014023001,110010014023001,G11000100014023001,110010014023001,1,1
G11000100014023002,110010014023002,G11000100014023002,110010014023002,1,1
G11000100014023003,110010014023003,G11000100014023003,110010014023003,1,1
G11000100014023004,110010014023004,G11000100014023004,110010014023004,1,1
G11000100014023005,110010014023005,G11000100014023005,110010014023005,1,1
G11000100014023006,110010014023006,G11000100014023006,110010014023006,1,1
G11000100014023007,110010014023007,G11000100014023007,110010014023007,1,1
G11000100014023008,110010014023008,G11000100014023008,110010014023008,1,1
G11000100014023009,110010014023009,G11000100014023008,110010014023008,1,1
G11000100014023010,110010014023010,G11000100014023009,110010014023009,0.972711,1
G11000100014023010,110010014023010,G11000100014023010,110010014023010,0.027289,0
G11000100015001000,110010015001000,G11000100016004031,110010016004031,1,1
G11000100015001001,110010015001001,G11000100015001002,110010015001002,0.9875679638,0.9875679638
G11000100015001001,110010015001001,G11000100016004030,110010016004030,0.0124320362,0.0124320362
G11000100015001002,110010015001002,G11000100015001004,110010015001004,1,1
G11000100015001003,110010015001003,G11000100015001001,110010015001001,0.0011198559,0.0011198559
G11000100015001003,110010015001003,G11000100015001005,110010015001005,0.9988801441,0.9988801441
G11000100015001004,110010015001004,G11000100015001006,110010015001006,1,1
G11000100015001005,110010015001005,G11000100015001007,110010015001007,1,1
G11000100015001006,110010015001006,G11000100015001008,110010015001008,1,1
G11000100015001007,110010015001007,G11000100015001009,110010015001009,1,1
G11000100015001008,110010015001008,G11000100015001010,110010015001010,1,1
G11000100015001009,110010015001009,G11000100015001011,110010015001011,1,1
G11000100015001010,110010015001010,G11000100015001012,110010015001012,1,1
G11000100015001011,110010015001011,G11000100015001013,110010015001013,1,1
G11000100015001012,110010015001012,G11000100015001014,110010015001014,1,1
G11000100015001013,110010015001013,G11000100015001015,110010015001015,1,1
G11000100015001014,110010015001014,G11000100015001000,110010015001000,1,1
G11000100015001015,110010015001015,G11000100015001018,110010015001018,1,1
G11000100015001016,110010015001016,G11000100015001017,110010015001017,1,1
G11000100015001017,110010015001017,G11000100015001019,110010015001019,0,0
G11000100015001017,110010015001017,G11000100015001020,110010015001020,1,1
G11000100015001018,110010015001018,G11000100015001021,110010015001021,1,1
G11000100015001019,110010015001019,G11000100015001022,110010015001022,0.1235935308,0.1235935308
G11000100015001019,110010015001019,G11000100015001029,110010015001029,0.8764064692,0.8764064692
G11000100015001020,110010015001020,G11000100015001030,110010015001030,1,1
G11000100015001021,110010015001021,G11000100015001023,110010015001023,1,1
G11000100015001022,110010015001022,G11000100015001024,110010015001024,1,1
G11000100015001023,110010015001023,G11000100015001025,110010015001025,1,1
G11000100015001024,110010015001024,G11000100015001026,110010015001026,1,1
G11000100015001025,110010015001025,G11000100015001027,110010015001027,1,1
G11000100015001026,110010015001026,G11000100015001028,110010015001028,1,1
G11000100015001027,110010015001027,G11000100015001035,110010015001035,1,1
G11000100015001028,110010015001028,G11000100015001016,110010015001016,1,1
G11000100015001028,110010015001028,G11000100015001019,110010015001019,0,0
G11000100015001029,110010015001029,G11000100015001033,110010015001033,1,1
G11000100015001030,110010015001030,G11000100015001031,110010015001031,0.5907600192,0.7442622951
G11000100015001030,110010015001030,G11000100015001032,110010015001032,0.089013656,0.2557377049
G11000100015001030,110010015001030,G11000100015001034,110010015001034,0.3202263248,0
G11000100015002000,110010015002000,G11000100015002000,110010015002000,0.8150701072,0.9436619718
G11000100015002000,110010015002000,G11000100015002001,110010015002001,0.1849298928,0.0563380282
G11000100015002001,110010015002001,G11000100015002002,110010015002002,1,1
G11000100015002002,110010015002002,G11000100015002003,110010015002003,0.6944415449,0.602484472
G11000100015002002,110010015002002,G11000100015002004,110010015002004,0.3055584551,0.397515528
G11000100015002003,110010015002003,G11000100015002005,110010015002005,1,1
G11000100015002004,110010015002004,G11000100015002006,110010015002006,1,1
G11000100015002005,110010015002005,G11000100015002007,110010015002007,1,1
G11000100015002006,110010015002006,G11000100015002008,110010015002008,1,1
G11000100015002007,110010015002007,G11000100015002009,110010015002009,1,1
G11000100015002008,110010015002008,G11000100015002010,110010015002010,1,1
G11000100015002009,110010015002009,G11000100015002011,110010015002011,1,1
G11000100015002010,110010015002010,G11000100015002012,110010015002012,1,1
G11000100015002011,110010015002011,G11000100015002013,110010015002013,1,1
G11000100015002012,110010015002012,G11000100015002014,110010015002014,1,1
G11000100015003000,110010015003000,G11000100015003000,110010015003000,0.3520799795,0.1656441718
G11000100015003000,110010015003000,G11000100015003009,110010015003009,0.6479200205,0.8343558282
G11000100015003001,110010015003001,G11000100015003010,110010015003010,1,1
G11000100015003002,110010015003002,G11000100015003001,110010015003001,1,1
G11000100015003003,110010015003003,G11000100015003002,110010015003002,1,1
G11000100015003004,110010015003004,G11000100015003003,110010015003003,1,1
G11000100015003005,110010015003005,G11000100015003004,110010015003004,0.9573939086,1
G11000100015003005,110010015003005,G11000100015003005,110010015003005,0.0426060914,0
G11000100015003006,110010015003006,G11000100015003006,110010015003006,1,1
G11000100015003007,110010015003007,G11000100015003007,110010015003007,1,1
G11000100015003008,110010015003008,G11000100015003008,110010015003008,1,1
G11000100015003009,110010015003009,G11000100015003011,110010015003011,1,1
G11000100015004000,110010015004000,G11000100015004000,110010015004000,0.4797102766,0.2134387352
G11000100015004000,110010015004000,G11000100015004002,110010015004002,0.0131868392,0.0177865613
G11000100015004000,110010015004000,G11000100015004010,110010015004010,0.5071028842,0.7687747036
G11000100015004001,110010015004001,G11000100015004009,110010015004009,1,1
G11000100015004002,110010015004002,G11000100015004003,110010015004003,1,1
G11000100015004003,110010015004003,G11000100015004001,110010015004001,1,1
G11000100015004004,110010015004004,G11000100015004011,110010015004011,1,1
G11000100015004005,110010015004005,G11000100015004007,110010015004007,1,1
G11000100015004006,110010015004006,G11000100015004004,110010015004004,1,1
G11000100015004007,110010015004007,G11000100015004005,110010015004005,1,1
G11000100015004008,110010015004008,G11000100015004006,110010015004006,1,1
G11000100015004009,110010015004009,G11000100015004014,110010015004014,1,1
G11000100015004010,110010015004010,G11000100015004013,110010015004013,1,1
G11000100015004011,110010015004011,G11000100015004012,110010015004012,1,1
G11000100015004012,110010015004012,G11000100015004008,110010015004008,1,1
G11000100015004013,110010015004013,G11000100015004015,110010015004015,1,1
G11000100015004014,110010015004014,G11000100015004016,110010015004016,1,1
G11000100015005000,110010015005000,G11000100015005000,110010015005000,1,1
G11000100015005001,110010015005001,G11000100015005001,110010015005001,1,1
G11000100015005002,110010015005002,G11000100015005002,110010015005002,1,1
G11000100015005003,110010015005003,G11000100015005003,110010015005003,1,1
G11000100015005004,110010015005004,G11000100015005004,110010015005004,1,1
G11000100015005005,110010015005005,G11000100015005005,110010015005005,1,1
G11000100015005006,110010015005006,G11000100015005006,110010015005006,1,1
G11000100015005007,110010015005007,G11000100015005007,110010015005007,1,1
G11000100015005008,110010015005008,G11000100015005008,110010015005008,1,1
G11000100015005009,110010015005009,G11000100015005009,110010015005009,1,1
G11000100015005010,110010015005010,G11000100015005010,110010015005010,1,1
G11000100016001000,110010016001000,G11000100016001000,110010016001000,1,1
G11000100016001001,110010016001001,G11000100016001000,110010016001000,1,1
G11000100016001002,110010016001002,G11000100016001001,110010016001001,1,1
G11000100016001003,110010016001003,G11000100016001002,110010016001002,1,1
G11000100016001004,110010016001004,G11000100016001003,110010016001003,1,1
G11000100016001005,110010016001005,G11000100016001004,110010016001004,1,1
G11000100016001006,110010016001006,G11000100016001005,110010016001005,1,1
G11000100016001007,110010016001007,G11000100016001006,110010016001006,1,1
G11000100016001008,110010016001008,G11000100016001007,110010016001007,1,1
G11000100016001009,110010016001009,G11000100016001008,110010016001008,1,1
G11000100016001010,110010016001010,G11000100016001009,110010016001009,1,1
G11000100016001011,110010016001011,G11000100016001010,110010016001010,1,1
G11000100016001012,110010016001012,G11000100016001011,110010016001011,1,1
G11000100016001013,110010016001013,G11000100016001012,110010016001012,1,1
G11000100016001014,110010016001014,G11000100016001013,110010016001013,1,1
G11000100016001015,110010016001015,G11000100016001014,110010016001014,1,1
G11000100016001016,110010016001016,G11000100016001015,110010016001015,1,1
G11000100016001017,110010016001017,G11000100016001016,110010016001016,1,1
G11000100016001018,110010016001018,G11000100016001017,110010016001017,1,1
G11000100016001019,110010016001019,G11000100016001018,110010016001018,1,1
G11000100016001020,110010016001020,G11000100016001019,110010016001019,1,1
G11000100016001021,110010016001021,G11000100016001020,110010016001020,1,1
G11000100016001022,110010016001022,G11000100016001021,110010016001021,1,1
G11000100016001023,110010016001023,G11000100016001022,110010016001022,1,1
G11000100016002000,110010016002000,G11000100016002000,110010016002000,0.0312975732,0
G11000100016002000,110010016002000,G11000100016002001,110010016002001,0.9687024268,1
G11000100016002001,110010016002001,G11000100016002002,110010016002002,1,1
G11000100016002002,110010016002002,G11000100016002003,110010016002003,1,1
G11000100016002003,110010016002003,G11000100016002004,110010016002004,1,1
G11000100016002004,110010016002004,G11000100016002005,110010016002005,1,1
G11000100016002005,110010016002005,G11000100016002006,110010016002006,1,1
G11000100016002006,110010016002006,G11000100016002007,110010016002007,1,1
G11000100016002007,110010016002007,G11000100016002008,110010016002008,1,1
G11000100016002008,110010016002008,G11000100016002009,110010016002009,1,1
G11000100016002009,110010016002009,G11000100016002010,110010016002010,1,1
G11000100016002010,110010016002010,G11000100016002011,110010016002011,1,1
G11000100016002011,110010016002011,G11000100016002012,110010016002012,1,1
G11000100016003000,110010016003000,G11000100016003000,110010016003000,1,1
G11000100016003001,110010016003001,G11000100016003001,110010016003001,1,1
G11000100016003002,110010016003002,G11000100016003002,110010016003002,1,1
G11000100016003003,110010016003003,G11000100016003003,110010016003003,1,1
G11000100016003004,110010016003004,G11000100016003004,110010016003004,1,1
G11000100016003005,110010016003005,G11000100016003005,110010016003005,1,1
G11000100016003006,110010016003006,G11000100016003006,110010016003006,1,1
G11000100016003007,110010016003007,G11000100016003007,110010016003007,1,1
G11000100016003008,110010016003008,G11000100016003008,110010016003008,1,1
G11000100016003009,110010016003009,G11000100016003009,110010016003009,1,1
G11000100016003010,110010016003010,G11000100016003010,110010016003010,1,1
G11000100016003011,110010016003011,G11000100016003011,110010016003011,1,1
G11000100016003012,110010016003012,G11000100016003012,110010016003012,1,1
G11000100016003013,110010016003013,G11000100016003013,110010016003013,1,1
G11000100016003014,110010016003014,G11000100016003015,110010016003015,1,1
G11000100016003015,110010016003015,G11000100016003014,110010016003014,1,1
G11000100016003016,110010016003016,G11000100016003014,110010016003014,1,1
G11000100016003017,110010016003017,G11000100016003014,110010016003014,1,1
G11000100016004000,110010016004000,G11000100016004000,110010016004000,1,1
G11000100016004001,110010016004001,G11000100016004005,110010016004005,1,1
G11000100016004002,110010016004002,G11000100016004036,110010016004036,1,1
G11000100016004003,110010016004003,G11000100016004006,110010016004006,1,1
G11000100016004004,110010016004004,G11000100016004000,110010016004000,1,1
G11000100016004005,110010016004005,G11000100016004003,110010016004003,1,1
G11000100016004006,110010016004006,G11000100016004000,110010016004000,0.2215622216,0.0747824272
G11000100016004006,110010016004006,G11000100016004010,110010016004010,0.7784377784,0.9252175728
G11000100016004007,110010016004007,G11000100016004002,110010016004002,0.9952706826,1
G11000100016004007,110010016004007,G11000100016004007,110010016004007,0.0047293174,0
G11000100016004008,110010016004008,G11000100016004018,110010016004018,1,1
G11000100016004009,110010016004009,G11000100016004017,110010016004017,1,1
G11000100016004010,110010016004010,G11000100016004019,110010016004019,1,1
G11000100016004011,110010016004011,G11000100016004004,110010016004004,1,1
G11000100016004012,110010016004012,G11000100016004001,110010016004001,1,1
G11000100016004013,110010016004013,G11000100016004024,110010016004024,1,1
G11000100016004014,110010016004014,G11000100016004025,110010016004025,1,1
G11000100016004015,110010016004015,G11000100015001003,110010015001003,0.0143526951,0
G11000100016004015,110010016004015,G11000100016004025,110010016004025,0.9856473049,1
G11000100016004016,110010016004016,G11000100016004027,110010016004027,0.9637366969,1
G11000100016004016,110010016004016,G11000100016004038,110010016004038,0.0362633031,0
G11000100016004017,110010016004017,G11000100016004026,110010016004026,1,1
G11000100016004018,110010016004018,G11000100016004032,110010016004032,1,1
G11000100016004019,110010016004019,G11000100016004028,110010016004028,0.9080480453,1
G11000100016004019,110010016004019,G11000100016004033,110010016004033,0.0450312655,0
G11000100016004019,110010016004019,G11000100016004035,110010016004035,0.0469206892,0
G11000100016004020,110010016004020,G11000100016004034,110010016004034,1,1
G11000100016004021,110010016004021,G11000100016004011,110010016004011,1,1
G11000100016004021,110010016004021,G11000100016004013,110010016004013,0,0
G11000100016004022,110010016004022,G11000100016004014,110010016004014,1,1
G11000100016004023,110010016004023,G11000100016004011,110010016004011,1,1
G11000100016004024,110010016004024,G11000100016004011,110010016004011,1,1
G11000100016004025,110010016004025,G11000100016004011,110010016004011,1,1
G11000100016004026,110010016004026,G11000100016004012,110010016004012,1,1
G11000100016004027,110010016004027,G11000100016004011,110010016004011,1,1
G11000100016004028,110010016004028,G11000100016004015,110010016004015,1,1
G11000100016004029,110010016004029,G11000100016004016,110010016004016,1,1
G11000100016004030,110010016004030,G11000100016004022,110010016004022,1,1
G11000100016004031,110010016004031,G11000100016004029,110010016004029,1,1
G11000100016004032,110010016004032,G11000100016004020,110010016004020,1,1
G11000100016004033,110010016004033,G11000100016004021,110010016004021,1,1
G11000100016004034,110010016004034,G11000100016004023,110010016004023,1,1
G11000100016004035,110010016004035,G11000100016004037,110010016004037,1,1
G11000100016004036,110010016004036,G11000100016004008,110010016004008,1,1
G11000100016004037,110010016004037,G11000100016004009,110010016004009,1,1
G11000100017021000,110010017021000,G11000100017021000,110010017021000,0.26960594,0.0438931298
G11000100017021000,110010017021000,G11000100017021001,110010017021001,0.73039406,0.9561068702
G11000100017021001,110010017021001,G11000100017021002,110010017021002,1,1
G11000100017021002,110010017021002,G11000100017021003,110010017021003,1,1
G11000100017021003,110010017021003,G11000100017021004,110010017021004,0.9424513204,1
G11000100017021003,110010017021003,G11000100017021007,110010017021007,0.0575486796,0
G11000100017021004,110010017021004,G11000100017021010,110010017021010,1,1
G11000100017021005,110010017021005,G11000100017021008,110010017021008,0.9861362554,1
G11000100017021005,110010017021005,G11000100017021009,110010017021009,0.0138637446,0
G11000100017021006,110010017021006,G11000100017021005,110010017021005,1,1
G11000100017021007,110010017021007,G11000100017021006,110010017021006,1,1
G11000100017021008,110010017021008,G11000100017021015,110010017021015,1,1
G11000100017021009,110010017021009,G11000100017021014,110010017021014,1,1
G11000100017021010,110010017021010,G11000100017021013,110010017021013,1,1
G11000100017021011,110010017021011,G11000100017021012,110010017021012,1,1
G11000100017021012,110010017021012,G11000100017021011,110010017021011,1,1
G11000100017021013,110010017021013,G11000100017021016,110010017021016,1,1
G11000100017021014,110010017021014,G11000100017021017,110010017021017,1,1
G11000100017021015,110010017021015,G11000100017021018,110010017021018,1,1
G11000100017021016,110010017021016,G11000100017021019,110010017021019,1,1
G11000100017021017,110010017021017,G11000100017021020,110010017021020,1,1
G11000100017021018,110010017021018,G11000100017021022,110010017021022,1,1
G11000100017021019,110010017021019,G11000100017021021,110010017021021,1,1
G11000100017021020,110010017021020,G11000100017021023,110010017021023,1,1
G11000100017021021,110010017021021,G11000100017021024,110010017021024,1,1
G11000100017021022,110010017021022,G11000100017021025,110010017021025,1,1
G11000100017021023,110010017021023,G11000100017021026,110010017021026,1,1
G11000100017021024,110010017021024,G11000100017021027,110010017021027,1,1
G11000100017021025,110010017021025,G11000100017021028,110010017021028,1,1
G11000100017021026,110010017021026,G11000100017021029,110010017021029,1,1
G11000100017022000,110010017022000,G11000100017022000,110010017022000,1,1
G11000100017022001,110010017022001,G11000100017022001,110010017022001,0.6763959788,1
G11000100017022001,110010017022001,G11000100017022010,110010017022010,0.3236040212,0
G11000100017022002,110010017022002,G11000100017022002,110010017022002,1,1
G11000100017022003,110010017022003,G11000100017022003,110010017022003,1,1
G11000100017022004,110010017022004,G11000100017022004,110010017022004,1,1
G11000100017022005,110010017022005,G11000100017022005,110010017022005,1,1
G11000100017022006,110010017022006,G11000100017022005,110010017022005,1,1
G11000100017022007,110010017022007,G11000100017022004,110010017022004,0.0136884191,1
G11000100017022007,110010017022007,G11000100017022009,110010017022009,0.9863115809,0
G11000100017022008,110010017022008,G11000100017022008,110010017022008,1,1
G11000100017022009,110010017022009,G11000100017022011,110010017022011,0.101392103,0
G11000100017022009,110010017022009,G11000100017022012,110010017022012,0.6997685824,0.8916022481
G11000100017022009,110010017022009,G11000100017022015,110010017022015,0.1988393146,0.1083977519
G11000100017022010,110010017022010,G11000100017022016,110010017022016,1,1
G11000100017022011,110010017022011,G11000100017022013,110010017022013,1,1
G11000100017022012,110010017022012,G11000100017022014,110010017022014,1,1
G11000100017022013,110010017022013,G11000100017022006,110010017022006,1,1
G11000100017022014,110010017022014,G11000100017022007,110010017022007,1,1
G11000100017022015,110010017022015,G11000100017022019,110010017022019,1,1
G11000100017022016,110010017022016,G11000100017022018,110010017022018,1,1
G11000100017022017,110010017022017,G11000100017022021,110010017022021,1,1
G11000100017022018,110010017022018,G11000100017022022,110010017022022,1,1
G11000100017022019,110010017022019,G11000100017022020,110010017022020,1,1
G11000100017022020,110010017022020,G11000100017022015,110010017022015,1,1
G11000100017022021,110010017022021,G11000100017022016,110010017022016,1,1
G11000100017022022,110010017022022,G11000100017022015,110010017022015,1,1
G11000100017022023,110010017022023,G11000100017022017,110010017022017,1,1
G11000100018031000,110010018031000,G11000100018031000,110010018031000,1,1
G11000100018031001,110010018031001,G11000100018031001,110010018031001,1,1
G11000100018031002,110010018031002,G11000100018031002,110010018031002,1,1
G11000100018031003,110010018031003,G11000100018031007,110010018031007,0.6695814968,0.2377604487
G11000100018031003,110010018031003,G11000100018031011,110010018031011,0.3304185032,0.7622395513
G11000100018031004,110010018031004,G11000100018031007,110010018031007,0.8614859448,0.6022513706
G11000100018031004,110010018031004,G11000100018031008,110010018031008,0.0401561975,0
G11000100018031004,110010018031004,G11000100018031009,110010018031009,0.0054126044,0
G11000100018031004,110010018031004,G11000100018031011,110010018031011,0.0875766118,0.3977486294
G11000100018031004,110010018031004,G11000100018031015,110010018031015,0.0053686415,0
G11000100018031005,110010018031005,G11000100018031011,110010018031011,1,1
G11000100018031006,110010018031006,G11000100018031010,110010018031010,1,1
G11000100018031006,110010018031006,G11000100018031012,110010018031012,0,0
G11000100018031007,110010018031007,G11000100018031013,110010018031013,1,1
G11000100018031008,110010018031008,G11000100018031014,110010018031014,1,1
G11000100018031009,110010018031009,G11000100018031003,110010018031003,1,1
G11000100018031010,110010018031010,G11000100018031004,110010018031004,1,1
G11000100018031011,110010018031011,G11000100018031005,110010018031005,1,1
G11000100018031012,110010018031012,G11000100018031005,110010018031005,1,1
G11000100018031013,110010018031013,G11000100018031006,110010018031006,1,1
G11000100018032000,110010018032000,G11000100018032003,110010018032003,1,1
G11000100018032001,110010018032001,G11000100018032005,110010018032005,0.8541907993,1
G11000100018032001,110010018032001,G11000100018032006,110010018032006,0.1458092007,0
G11000100018032002,110010018032002,G11000100018032004,110010018032004,1,1
G11000100018033000,110010018033000,G11000100018032000,110010018032000,1,1
G11000100018033001,110010018033001,G11000100018032001,110010018032001,1,1
G11000100018033002,110010018033002,G11000100018032002,110010018032002,1,1
G11000100018041000,110010018041000,G11000100018041000,110010018041000,1,1
G11000100018041001,110010018041001,G11000100018041001,110010018041001,1,1
G11000100018041002,110010018041002,G11000100018041002,110010018041002,1,1
G11000100018041003,110010018041003,G11000100018041003,110010018041003,1,1
G11000100018041004,110010018041004,G11000100018041004,110010018041004,1,1
G11000100018041005,110010018041005,G11000100018041005,110010018041005,1,1
G11000100018041006,110010018041006,G11000100018041006,110010018041006,1,1
G11000100018041007,110010018041007,G11000100018041007,110010018041007,1,1
G11000100018042000,110010018042000,G11000100018042000,110010018042000,1,1
G11000100018042001,110010018042001,G11000100018042001,110010018042001,1,1
G11000100018042002,110010018042002,G11000100018042002,110010018042002,1,1
G11000100018042003,110010018042003,G11000100018042003,110010018042003,1,1
G11000100018042004,110010018042004,G11000100018042004,110010018042004,1,1
G11000100018042005,110010018042005,G11000100018042005,110010018042005,0.0424453595,0.0424453595
G11000100018042005,110010018042005,G11000100018042006,110010018042006,0.9575546405,0.9575546405
G11000100018042006,110010018042006,G11000100018042009,110010018042009,0.1397161703,0
G11000100018042006,110010018042006,G11000100018042010,110010018042010,0.8602838297,1
G11000100018042007,110010018042007,G11000100018042008,110010018042008,1,1
G11000100018042008,110010018042008,G11000100018042007,110010018042007,1,1
G11000100018042009,110010018042009,G11000100018042011,110010018042011,1,1
G11000100018042010,110010018042010,G11000100018042012,110010018042012,1,1
G11000100018042011,110010018042011,G11000100018042013,110010018042013,1,1
G11000100018042012,110010018042012,G11000100018042014,110010018042014,1,1
G11000100018042013,110010018042013,G11000100018042015,110010018042015,0.8122162004,0.9607455335
G11000100018042013,110010018042013,G11000100018042016,110010018042016,0.1288999561,0
G11000100018042013,110010018042013,G11000100020022000,110010020022000,0.0588838436,0.0392544665
G11000100018043000,110010018043000,G11000100018043000,110010018043000,1,1
G11000100018043001,110010018043001,G11000100018043001,110010018043001,1,1
G11000100018043002,110010018043002,G11000100018043002,110010018043002,1,1
G11000100018043003,110010018043003,G11000100018043003,110010018043003,0.3612731025,0.2417815483
G11000100018043003,110010018043003,G11000100018043004,110010018043004,0.6387268975,0.7582184517
G11000100018043004,110010018043004,G11000100018043005,110010018043005,0.9423691227,0.9927184466
G11000100018043004,110010018043004,G11000100018043006,110010018043006,0.0576308773,0.0072815534
G11000100018043005,110010018043005,G11000100018043007,110010018043007,1,1
G11000100019011000,110010019011000,G11000100019011000,110010019011000,1,1
G11000100019011001,110010019011001,G11000100019011001,110010019011001,1,1
G11000100019011002,110010019011002,G11000100019011002,110010019011002,1,1
G11000100019011003,110010019011003,G11000100019011003,110010019011003,1,1
G11000100019011004,110010019011004,G11000100019011004,110010019011004,1,1
G11000100019011005,110010019011005,G11000100019011005,110010019011005,1,1
G11000100019011006,110010019011006,G11000100019011006,110010019011006,1,1
G11000100019011007,110010019011007,G11000100019011007,110010019011007,1,1
G11000100019011008,110010019011008,G11000100019011008,110010019011008,1,1
G11000100019011009,110010019011009,G11000100019011009,110010019011009,1,1
G11000100019011010,110010019011010,G11000100019011010,110010019011010,1,1
G11000100019011011,110010019011011,G11000100019011011,110010019011011,1,1
G11000100019011012,110010019011012,G11000100019011012,110010019011012,1,1
G11000100019011013,110010019011013,G11000100019011013,110010019011013,1,1
G11000100019012000,110010019012000,G11000100019012000,110010019012000,1,1
G11000100019012001,110010019012001,G11000100019012001,110010019012001,1,1
G11000100019012002,110010019012002,G11000100019012002,110010019012002,1,1
G11000100019012003,110010019012003,G11000100019012003,110010019012003,1,1
G11000100019012004,110010019012004,G11000100019012004,110010019012004,1,1
G11000100019012005,110010019012005,G11000100019012005,110010019012005,1,1
G11000100019012006,110010019012006,G11000100019012006,110010019012006,1,1
G11000100019012007,110010019012007,G11000100019012007,110010019012007,1,1
G11000100019012008,110010019012008,G11000100019012008,110010019012008,1,1
G11000100019012009,110010019012009,G11000100019012009,110010019012009,1,1
G11000100019012010,110010019012010,G11000100019012010,110010019012010,1,1
G11000100019012011,110010019012011,G11000100019012011,110010019012011,1,1
G11000100019013000,110010019013000,G11000100019013000,110010019013000,1,1
G11000100019013001,110010019013001,G11000100019013001,110010019013001,1,1
G11000100019013002,110010019013002,G11000100019013002,110010019013002,1,1
G11000100019013003,110010019013003,G11000100019013003,110010019013003,1,1
G11000100019013004,110010019013004,G11000100019013004,110010019013004,1,1
G11000100019013005,110010019013005,G11000100019013005,110010019013005,1,1
G11000100019013006,110010019013006,G11000100019013006,110010019013006,1,1
G11000100019013007,110010019013007,G11000100019013007,110010019013007,1,1
G11000100019013008,110010019013008,G11000100019013008,110010019013008,1,1
G11000100019013009,110010019013009,G11000100019013009,110010019013009,1,1
G11000100019013010,110010019013010,G11000100019013010,110010019013010,1,1
G11000100019013011,110010019013011,G11000100019013011,110010019013011,1,1
G11000100019013012,110010019013012,G11000100019013012,110010019013012,1,1
G11000100019014000,110010019014000,G11000100019014000,110010019014000,1,1
G11000100019014001,110010019014001,G11000100019014001,110010019014001,1,1
G11000100019014002,110010019014002,G11000100019014002,110010019014002,1,1
G11000100019014003,110010019014003,G11000100019014003,110010019014003,1,1
G11000100019014004,110010019014004,G11000100019014004,110010019014004,1,1
G11000100019014005,110010019014005,G11000100019014005,110010019014005,1,1
G11000100019014006,110010019014006,G11000100019014006,110010019014006,1,1
G11000100019014007,110010019014007,G11000100019014007,110010019014007,0.0641057211,0
G11000100019014007,110010019014007,G11000100019014008,110010019014008,0.9358942789,1
G11000100019014008,110010019014008,G11000100019014009,110010019014009,1,1
G11000100019014009,110010019014009,G11000100019014010,110010019014010,1,1
G11000100019014010,110010019014010,G11000100019014011,110010019014011,1,1
G11000100019014011,110010019014011,G11000100019014011,110010019014011,1,1
G11000100019014012,110010019014012,G11000100019014012,110010019014012,1,1
G11000100019014013,110010019014013,G11000100019014012,110010019014012,1,1
G11000100019014014,110010019014014,G11000100019014013,110010019014013,1,1
G11000100019014015,110010019014015,G11000100019014014,110010019014014,1,1
G11000100019014016,110010019014016,G11000100019014015,110010019014015,1,1
G11000100019014017,110010019014017,G11000100019014014,110010019014014,1,1
G11000100019014018,110010019014018,G11000100019014013,110010019014013,1,1
G11000100019021000,110010019021000,G11000100019021000,110010019021000,1,1
G11000100019021001,110010019021001,G11000100019021001,110010019021001,1,1
G11000100019021002,110010019021002,G11000100019021002,110010019021002,1,1
G11000100019021003,110010019021003,G11000100019021003,110010019021003,1,1
G11000100019021004,110010019021004,G11000100019021004,110010019021004,1,1
G11000100019021005,110010019021005,G11000100019021005,110010019021005,1,1
G11000100019021006,110010019021006,G11000100019021006,110010019021006,1,1
G11000100019021007,110010019021007,G11000100019021007,110010019021007,1,1
G11000100019021008,110010019021008,G11000100019021008,110010019021008,0.9921670196,0.9921670196
G11000100019021008,110010019021008,G11000100019021010,110010019021010,0.0078329804,0.0078329804
G11000100019021009,110010019021009,G11000100019021009,110010019021009,1,1
G11000100019021010,110010019021010,G11000100019021014,110010019021014,1,1
G11000100019021011,110010019021011,G11000100019021013,110010019021013,1,1
G11000100019021012,110010019021012,G11000100019021012,110010019021012,1,1
G11000100019021013,110010019021013,G11000100019021011,110010019021011,1,1
G11000100019021014,110010019021014,G11000100019021019,110010019021019,1,1
G11000100019021015,110010019021015,G11000100019021018,110010019021018,1,1
G11000100019021016,110010019021016,G11000100019021015,110010019021015,1,1
G11000100019021017,110010019021017,G11000100019021016,110010019021016,1,1
G11000100019021018,110010019021018,G11000100019021017,110010019021017,1,1
G11000100019022000,110010019022000,G11000100019022000,110010019022000,1,1
G11000100019022001,110010019022001,G11000100019022002,110010019022002,1,1
G11000100019022002,110010019022002,G11000100019022001,110010019022001,1,1
G11000100019022003,110010019022003,G11000100019022003,110010019022003,1,1
G11000100019022004,110010019022004,G11000100019022004,110010019022004,1,1
G11000100019022005,110010019022005,G11000100019022005,110010019022005,1,1
G11000100019022006,110010019022006,G11000100019022006,110010019022006,1,1
G11000100019022007,110010019022007,G11000100019022007,110010019022007,1,1
G11000100019022008,110010019022008,G11000100019022008,110010019022008,1,1
G11000100019022009,110010019022009,G11000100019022009,110010019022009,1,1
G11000100019022010,110010019022010,G11000100019022010,110010019022010,1,1
G11000100019022011,110010019022011,G11000100019022011,110010019022011,1,1
G11000100019022012,110010019022012,G11000100019022012,110010019022012,1,1
G11000100019022013,110010019022013,G11000100019022013,110010019022013,1,1
G11000100019022014,110010019022014,G11000100019022014,110010019022014,1,1
G11000100019022015,110010019022015,G11000100019022015,110010019022015,1,1
G11000100019022016,110010019022016,G11000100019022016,110010019022016,1,1
G11000100019022017,110010019022017,G11000100019022017,110010019022017,1,1
G11000100019022018,110010019022018,G11000100019022018,110010019022018,0.945838392,0.945838392
G11000100019022018,110010019022018,G11000100019022019,110010019022019,0.054161608,0.054161608
G11000100020011000,110010020011000,G11000100020011000,110010020011000,1,1
G11000100020011001,110010020011001,G11000100020011001,110010020011001,1,1
G11000100020011002,110010020011002,G11000100020011002,110010020011002,1,1
G11000100020011003,110010020011003,G11000100020011001,110010020011001,1,1
G11000100020011004,110010020011004,G11000100020011000,110010020011000,1,1
G11000100020011005,110010020011005,G11000100020011003,110010020011003,0.0229547204,0
G11000100020011005,110010020011005,G11000100020011004,110010020011004,0.9257820701,0.9865951743
G11000100020011005,110010020011005,G11000100020011005,110010020011005,0.0512632095,0.0134048257
G11000100020011006,110010020011006,G11000100020011006,110010020011006,1,1
G11000100020011007,110010020011007,G11000100020011007,110010020011007,1,1
G11000100020011008,110010020011008,G11000100020011008,110010020011008,1,1
G11000100020012000,110010020012000,G11000100020012000,110010020012000,1,1
G11000100020012001,110010020012001,G11000100020012001,110010020012001,1,1
G11000100020012002,110010020012002,G11000100020012001,110010020012001,1,1
G11000100020012003,110010020012003,G11000100020012000,110010020012000,1,1
G11000100020012004,110010020012004,G11000100020012004,110010020012004,1,1
G11000100020012005,110010020012005,G11000100020012001,110010020012001,1,1
G11000100020012006,110010020012006,G11000100020012003,110010020012003,0.0031558833,0
G11000100020012006,110010020012006,G11000100020012010,110010020012010,0.9968441167,1
G11000100020012007,110010020012007,G11000100020012010,110010020012010,1,1
G11000100020012008,110010020012008,G11000100020012002,110010020012002,1,1
G11000100020012009,110010020012009,G11000100020012002,110010020012002,1,1
G11000100020012010,110010020012010,G11000100018031013,110010018031013,0,0
G11000100020012010,110010020012010,G11000100020012006,110010020012006,1,1
G11000100020012011,110010020012011,G11000100020012011,110010020012011,1,1
G11000100020012012,110010020012012,G11000100020012012,110010020012012,1,1
G11000100020012013,110010020012013,G11000100020012013,110010020012013,1,1
G11000100020012014,110010020012014,G11000100020012010,110010020012010,1,1
G11000100020012015,110010020012015,G11000100020012009,110010020012009,1,1
G11000100020012016,110010020012016,G11000100020012005,110010020012005,1,1
G11000100020012017,110010020012017,G11000100020012007,110010020012007,1,1
G11000100020012018,110010020012018,G11000100020012008,110010020012008,1,1
G11000100020012019,110010020012019,G11000100020012014,110010020012014,0.9863280185,1
G11000100020012019,110010020012019,G11000100020012015,110010020012015,0.0136719815,0
G11000100020012020,110010020012020,G11000100020012010,110010020012010,1,1
G11000100020021000,110010020021000,G11000100020021000,110010020021000,1,1
G11000100020021001,110010020021001,G11000100020021001,110010020021001,1,1
G11000100020021002,110010020021002,G11000100020021002,110010020021002,1,1
G11000100020021003,110010020021003,G11000100020021003,110010020021003,1,1
G11000100020021004,110010020021004,G11000100020021004,110010020021004,1,1
G11000100020021005,110010020021005,G11000100020021005,110010020021005,1,1
G11000100020021006,110010020021006,G11000100020021006,110010020021006,1,1
G11000100020021007,110010020021007,G11000100020021007,110010020021007,1,1
G11000100020021008,110010020021008,G11000100020021008,110010020021008,1,1
G11000100020021009,110010020021009,G11000100020021009,110010020021009,1,1
G11000100020021010,110010020021010,G11000100020021010,110010020021010,1,1
G11000100020021011,110010020021011,G11000100020021011,110010020021011,1,1
G11000100020021012,110010020021012,G11000100020021012,110010020021012,0.9780986868,1
G11000100020021012,110010020021012,G11000100020021013,110010020021013,0.0219013132,0
G11000100020021013,110010020021013,G11000100020021014,110010020021014,0.9144211577,0
G11000100020021013,110010020021013,G11000100020021017,110010020021017,0.0855788423,1
G11000100020021014,110010020021014,G11000100020021015,110010020021015,1,1
G11000100020021015,110010020021015,G11000100020021016,110010020021016,1,1
G11000100020021016,110010020021016,G11000100020021018,110010020021018,0.0515475913,0
G11000100020021016,110010020021016,G11000100020021019,110010020021019,0.9484524087,1
G11000100020021017,110010020021017,G11000100020021020,110010020021020,1,1
G11000100020021018,110010020021018,G11000100020021021,110010020021021,1,1
G11000100020021019,110010020021019,G11000100020021022,110010020021022,1,1
G11000100020021020,110010020021020,G11000100020021023,110010020021023,1,1
G11000100020021021,110010020021021,G11000100020021024,110010020021024,1,1
G11000100020021022,110010020021022,G11000100020021025,110010020021025,1,1
G11000100020021023,110010020021023,G11000100020021026,110010020021026,1,1
G11000100020022000,110010020022000,G11000100020022000,110010020022000,1,1
G11000100020022001,110010020022001,G11000100020022001,110010020022001,1,1
G11000100020022002,110010020022002,G11000100020022002,110010020022002,1,1
G11000100020022003,110010020022003,G11000100020022003,110010020022003,1,1
G11000100020022004,110010020022004,G11000100020022004,110010020022004,1,1
G11000100020022005,110010020022005,G11000100020022005,110010020022005,1,1
G11000100020023000,110010020023000,G11000100020023000,110010020023000,1,1
G11000100020023001,110010020023001,G11000100020023001,110010020023001,1,1
G11000100020023002,110010020023002,G11000100020023002,110010020023002,1,1
G11000100020023003,110010020023003,G11000100020023003,110010020023003,1,1
G11000100020023004,110010020023004,G11000100020023004,110010020023004,1,1
G11000100020023005,110010020023005,G11000100020023005,110010020023005,1,1
G11000100020023006,110010020023006,G11000100020023006,110010020023006,1,1
G11000100020023007,110010020023007,G11000100020023007,110010020023007,1,1
G11000100020023008,110010020023008,G11000100020023008,110010020023008,1,1
G11000100020023009,110010020023009,G11000100020023009,110010020023009,1,1
G11000100020023010,110010020023010,G11000100020023010,110010020023010,1,1
G11000100020023011,110010020023011,G11000100020023011,110010020023011,1,1
G11000100020023012,110010020023012,G11000100020023012,110010020023012,1,1
G11000100020023013,110010020023013,G11000100020023013,110010020023013,1,1
G11000100021011000,110010021011000,G11000100021011000,110010021011000,1,1
G11000100021011001,110010021011001,G11000100021011001,110010021011001,0.0184767913,0
G11000100021011001,110010021011001,G11000100021011007,110010021011007,0.9815232087,1
G11000100021011002,110010021011002,G11000100021011001,110010021011001,1,1
G11000100021011003,110010021011003,G11000100021011002,110010021011002,1,1
G11000100021011004,110010021011004,G11000100021011003,110010021011003,1,1
G11000100021011005,110010021011005,G11000100021011004,110010021011004,1,1
G11000100021011006,110010021011006,G11000100021011005,110010021011005,1,1
G11000100021011007,110010021011007,G11000100021011006,110010021011006,1,1
G11000100021011008,110010021011008,G11000100021011009,110010021011009,1,1
G11000100021011009,110010021011009,G11000100021011010,110010021011010,1,1
G11000100021011010,110010021011010,G11000100021011011,110010021011011,1,1
G11000100021011011,110010021011011,G11000100021011008,110010021011008,1,1
G11000100021011012,110010021011012,G11000100021011012,110010021011012,1,1
G11000100021012000,110010021012000,G11000100021012000,110010021012000,1,1
G11000100021012001,110010021012001,G11000100021012001,110010021012001,1,1
G11000100021012002,110010021012002,G11000100021012002,110010021012002,1,1
G11000100021012003,110010021012003,G11000100021012003,110010021012003,1,1
G11000100021013000,110010021013000,G11000100021013000,110010021013000,1,1
G11000100021013001,110010021013001,G11000100021013001,110010021013001,1,1
G11000100021013002,110010021013002,G11000100021013002,110010021013002,1,1
G11000100021013003,110010021013003,G11000100021013003,110010021013003,1,1
G11000100021013004,110010021013004,G11000100021013004,110010021013004,1,1
G11000100021013005,110010021013005,G11000100021013005,110010021013005,1,1
G11000100021014000,110010021014000,G11000100021014000,110010021014000,1,1
G11000100021014001,110010021014001,G11000100021014001,110010021014001,1,1
G11000100021014002,110010021014002,G11000100021014002,110010021014002,1,1
G11000100021014003,110010021014003,G11000100021014003,110010021014003,1,1
G11000100021014004,110010021014004,G11000100021014004,110010021014004,1,1
G11000100021014005,110010021014005,G11000100021014005,110010021014005,0.9799000102,0
G11000100021014005,110010021014005,G11000100021014008,110010021014008,0.0200999898,1
G11000100021014006,110010021014006,G11000100021014007,110010021014007,1,1
G11000100021014007,110010021014007,G11000100021014006,110010021014006,1,1
G11000100021014008,110010021014008,G11000100021014009,110010021014009,1,1
G11000100021015000,110010021015000,G11000100021015000,110010021015000,1,1
G11000100021015001,110010021015001,G11000100021015001,110010021015001,1,1
G11000100021015002,110010021015002,G11000100021015002,110010021015002,1,1
G11000100021015003,110010021015003,G11000100021015003,110010021015003,1,1
G11000100021015004,110010021015004,G11000100021015004,110010021015004,1,1
G11000100021015005,110010021015005,G11000100021015005,110010021015005,1,1
G11000100021021000,110010021021000,G11000100021021000,110010021021000,1,1
G11000100021021001,110010021021001,G11000100021021001,110010021021001,1,1
G11000100021021002,110010021021002,G11000100021021002,110010021021002,1,1
G11000100021021003,110010021021003,G11000100021021003,110010021021003,1,1
G11000100021021004,110010021021004,G11000100021021004,110010021021004,1,1
G11000100021021005,110010021021005,G11000100021021005,110010021021005,1,1
G11000100021021006,110010021021006,G11000100021021006,110010021021006,0.0284296349,0
G11000100021021006,110010021021006,G11000100021021007,110010021021007,0.9715703651,1
G11000100021021007,110010021021007,G11000100021021016,110010021021016,1,1
G11000100021021008,110010021021008,G11000100021021008,110010021021008,1,1
G11000100021021009,110010021021009,G11000100021021009,110010021021009,1,1
G11000100021021010,110010021021010,G11000100021021010,110010021021010,1,1
G11000100021021011,110010021021011,G11000100021021011,110010021021011,1,1
G11000100021021012,110010021021012,G11000100021021012,110010021021012,1,1
G11000100021021013,110010021021013,G11000100021021013,110010021021013,1,1
G11000100021021014,110010021021014,G11000100021021014,110010021021014,1,1
G11000100021021015,110010021021015,G11000100021021015,110010021021015,1,1
G11000100021022000,110010021022000,G11000100021022000,110010021022000,0.9881033055,1
G11000100021022000,110010021022000,G11000100021022001,110010021022001,0.0118966945,0
G11000100021022001,110010021022001,G11000100021022002,110010021022002,1,1
G11000100021022002,110010021022002,G11000100021022003,110010021022003,1,1
G11000100021022003,110010021022003,G11000100021022004,110010021022004,1,1
G11000100021022004,110010021022004,G11000100021022005,110010021022005,1,1
G11000100021022005,110010021022005,G11000100021022006,110010021022006,1,1
G11000100021022006,110010021022006,G11000100021022007,110010021022007,1,1
G11000100021022007,110010021022007,G11000100021022008,110010021022008,1,1
G11000100021022008,110010021022008,G11000100021022009,110010021022009,1,1
G11000100021023000,110010021023000,G11000100021023000,110010021023000,1,1
G11000100021023001,110010021023001,G11000100021023001,110010021023001,1,1
G11000100021023002,110010021023002,G11000100021023002,110010021023002,1,1
G11000100021023003,110010021023003,G11000100021023003,110010021023003,1,1
G11000100021023004,110010021023004,G11000100021023004,110010021023004,1,1
G11000100021023005,110010021023005,G11000100021023005,110010021023005,1,1
G11000100021024000,110010021024000,G11000100021024000,110010021024000,1,1
G11000100021024001,110010021024001,G11000100021024001,110010021024001,1,1
G11000100021024002,110010021024002,G11000100021024002,110010021024002,1,1
G11000100021024003,110010021024003,G11000100021024004,110010021024004,1,1
G11000100021024004,110010021024004,G11000100021024003,110010021024003,0.9804622349,0.9691358025
G11000100021024004,110010021024004,G11000100021024006,110010021024006,0.0195377651,0.0308641975
G11000100021024005,110010021024005,G11000100021024005,110010021024005,0.9552175149,1
G11000100021024005,110010021024005,G11000100021026007,110010021026007,0.0447824851,0
G11000100021024006,110010021024006,G11000100021024007,110010021024007,1,1
G11000100021024007,110010021024007,G11000100021024008,110010021024008,1,1
G11000100021024008,110010021024008,G11000100021024009,110010021024009,1,1
G11000100021025000,110010021025000,G11000100021025000,110010021025000,1,1
G11000100021025001,110010021025001,G11000100021025001,110010021025001,1,1
G11000100021025002,110010021025002,G11000100021025002,110010021025002,1,1
G11000100021025003,110010021025003,G11000100021025003,110010021025003,1,1
G11000100021025004,110010021025004,G11000100021025004,110010021025004,1,1
G11000100021025005,110010021025005,G11000100021025005,110010021025005,1,1
G11000100021026000,110010021026000,G11000100021026000,110010021026000,1,1
G11000100021026001,110010021026001,G11000100021026001,110010021026001,0.0639664616,0
G11000100021026001,110010021026001,G11000100021026002,110010021026002,0.9360335384,1
G11000100021026002,110010021026002,G11000100021026003,110010021026003,1,1
G11000100021026003,110010021026003,G11000100021026004,110010021026004,1,1
G11000100021026004,110010021026004,G11000100021026005,110010021026005,1,1
G11000100021026005,110010021026005,G11000100021026006,110010021026006,1,1
G11000100021026006,110010021026006,G11000100021026009,110010021026009,1,1
G11000100021026007,110010021026007,G11000100021026008,110010021026008,1,1
G11000100022011000,110010022011000,G11000100022011000,110010022011000,1,1
G11000100022011001,110010022011001,G11000100022011001,110010022011001,1,1
G11000100022011002,110010022011002,G11000100022011002,110010022011002,1,1
G11000100022011003,110010022011003,G11000100022011003,110010022011003,0.9627922662,0.9835390947
G11000100022011003,110010022011003,G11000100022011010,110010022011010,0.0372077338,0.0164609053
G11000100022011004,110010022011004,G11000100022011004,110010022011004,0.9685257207,1
G11000100022011004,110010022011004,G11000100022011005,110010022011005,0.0314742793,0
G11000100022011005,110010022011005,G11000100022011006,110010022011006,1,1
G11000100022011006,110010022011006,G11000100022011007,110010022011007,1,1
G11000100022011007,110010022011007,G11000100022011008,110010022011008,1,1
G11000100022011008,110010022011008,G11000100022011009,110010022011009,1,1
G11000100022011009,110010022011009,G11000100022011011,110010022011011,1,1
G11000100022012000,110010022012000,G11000100022012000,110010022012000,1,1
G11000100022012001,110010022012001,G11000100022012001,110010022012001,1,1
G11000100022012002,110010022012002,G11000100022012002,110010022012002,1,1
G11000100022012003,110010022012003,G11000100022012003,110010022012003,1,1
G11000100022012004,110010022012004,G11000100022012004,110010022012004,1,1
G11000100022012005,110010022012005,G11000100022012005,110010022012005,1,1
G11000100022012006,110010022012006,G11000100022012006,110010022012006,1,1
G11000100022012007,110010022012007,G11000100022012007,110010022012007,1,1
G11000100022012008,110010022012008,G11000100022012008,110010022012008,1,1
G11000100022012009,110010022012009,G11000100022012009,110010022012009,1,1
G11000100022012010,110010022012010,G11000100022012010,110010022012010,1,1
G11000100022012011,110010022012011,G11000100022012011,110010022012011,1,1
G11000100022012012,110010022012012,G11000100022012012,110010022012012,1,1
G11000100022012013,110010022012013,G11000100022012013,110010022012013,1,1
G11000100022012014,110010022012014,G11000100022012014,110010022012014,1,1
G11000100022012015,110010022012015,G11000100022012015,110010022012015,1,1
G11000100022013000,110010022013000,G11000100022013000,110010022013000,1,1
G11000100022013001,110010022013001,G11000100022013001,110010022013001,1,1
G11000100022013002,110010022013002,G11000100022013002,110010022013002,1,1
G11000100022013003,110010022013003,G11000100022013003,110010022013003,1,1
G11000100022013004,110010022013004,G11000100022013004,110010022013004,0.9491974092,1
G11000100022013004,110010022013004,G11000100022013005,110010022013005,0.0508025908,0
G11000100022013005,110010022013005,G11000100022013007,110010022013007,1,1
G11000100022013006,110010022013006,G11000100022013006,110010022013006,1,1
G11000100022021000,110010022021000,G11000100022021000,110010022021000,1,1
G11000100022021001,110010022021001,G11000100022021001,110010022021001,0.98168912,0.9930651872
G11000100022021001,110010022021001,G11000100022021005,110010022021005,0.0055843154,0.0069348128
G11000100022021001,110010022021001,G11000100023012004,110010023012004,0.0127265646,0
G11000100022021002,110010022021002,G11000100022021004,110010022021004,1,1
G11000100022021003,110010022021003,G11000100022021003,110010022021003,1,1
G11000100022021004,110010022021004,G11000100022021002,110010022021002,1,1
G11000100022021005,110010022021005,G11000100022021006,110010022021006,1,1
G11000100022021006,110010022021006,G11000100022021007,110010022021007,1,1
G11000100022021007,110010022021007,G11000100022021008,110010022021008,1,1
G11000100022022000,110010022022000,G11000100022022000,110010022022000,1,1
G11000100022022001,110010022022001,G11000100022022001,110010022022001,1,1
G11000100022022002,110010022022002,G11000100022022002,110010022022002,1,1
G11000100022022003,110010022022003,G11000100022022003,110010022022003,1,1
G11000100022022004,110010022022004,G11000100022022004,110010022022004,1,1
G11000100022022005,110010022022005,G11000100022022005,110010022022005,1,1
G11000100022022006,110010022022006,G11000100022022006,110010022022006,1,1
G11000100022022007,110010022022007,G11000100022022007,110010022022007,1,1
G11000100022023000,110010022023000,G11000100022023000,110010022023000,1,1
G11000100022023001,110010022023001,G11000100022023001,110010022023001,1,1
G11000100022023002,110010022023002,G11000100022023002,110010022023002,1,1
G11000100022023003,110010022023003,G11000100022023003,110010022023003,1,1
G11000100022023004,110010022023004,G11000100022023004,110010022023004,1,1
G11000100022023005,110010022023005,G11000100022023005,110010022023005,1,1
G11000100022023006,110010022023006,G11000100022023006,110010022023006,1,1
G11000100022023007,110010022023007,G11000100022023007,110010022023007,1,1
G11000100023011000,110010023011000,G11000100023011000,110010023011000,0.9684722612,1
G11000100023011000,110010023011000,G11000100023011001,110010023011001,0.0315277388,0
G11000100023011001,110010023011001,G11000100023011002,110010023011002,1,1
G11000100023011002,110010023011002,G11000100023011003,110010023011003,1,1
G11000100023011003,110010023011003,G11000100023011004,110010023011004,1,1
G11000100023011004,110010023011004,G11000100023011005,110010023011005,1,1
G11000100023011005,110010023011005,G11000100023011006,110010023011006,1,1
G11000100023011006,110010023011006,G11000100023011007,110010023011007,1,1
G11000100023011007,110010023011007,G11000100023011008,110010023011008,1,1
G11000100023011008,110010023011008,G11000100023011009,110010023011009,1,1
G11000100023011009,110010023011009,G11000100023011010,110010023011010,1,1
G11000100023011010,110010023011010,G11000100023011011,110010023011011,1,1
G11000100023011011,110010023011011,G11000100023011012,110010023011012,1,1
G11000100023011012,110010023011012,G11000100023011013,110010023011013,0.9285045688,1
G11000100023011012,110010023011012,G11000100023011014,110010023011014,0.0272788054,0
G11000100023011012,110010023011012,G11000100023011015,110010023011015,0.0442166258,0
G11000100023011013,110010023011013,G11000100023011017,110010023011017,1,1
G11000100023011014,110010023011014,G11000100023011016,110010023011016,1,1
G11000100023011015,110010023011015,G11000100023011018,110010023011018,1,1
G11000100023012000,110010023012000,G11000100023012000,110010023012000,1,1
G11000100023012001,110010023012001,G11000100023012001,110010023012001,1,1
G11000100023012002,110010023012002,G11000100023012002,110010023012002,1,1
G11000100023012003,110010023012003,G11000100023012003,110010023012003,1,1
G11000100023012004,110010023012004,G11000100023012006,110010023012006,1,1
G11000100023012005,110010023012005,G11000100023012005,110010023012005,1,1
G11000100023012006,110010023012006,G11000100023012010,110010023012010,1,1
G11000100023012007,110010023012007,G11000100023012009,110010023012009,1,1
G11000100023012008,110010023012008,G11000100023012008,110010023012008,1,1
G11000100023012009,110010023012009,G11000100023012007,110010023012007,1,1
G11000100023012010,110010023012010,G11000100023012012,110010023012012,1,1
G11000100023012011,110010023012011,G11000100023012011,110010023012011,1,1
G11000100023012012,110010023012012,G11000100023012015,110010023012015,1,1
G11000100023012013,110010023012013,G11000100023012014,110010023012014,1,1
G11000100023012014,110010023012014,G11000100023012013,110010023012013,1,1
G11000100023012015,110010023012015,G11000100023012016,110010023012016,0.9433285509,1
G11000100023012015,110010023012015,G11000100023012017,110010023012017,0.0228837877,0
G11000100023012015,110010023012015,G11000100023012018,110010023012018,0.0337876614,0
G11000100023021000,110010023021000,G11000100023021024,110010023021024,0.9460910575,0.9460910575
G11000100023021000,110010023021000,G11000100023021027,110010023021027,0.0539089425,0.0539089425
G11000100023021001,110010023021001,G11000100023021027,110010023021027,1,1
G11000100023021002,110010023021002,G11000100032004009,110010032004009,0.0334703464,0
G11000100023021002,110010023021002,G11000100034002000,110010034002000,0.9665296536,1
G11000100023021003,110010023021003,G11000100023021028,110010023021028,0.6646644666,0.6646644666
G11000100023021003,110010023021003,G11000100023021029,110010023021029,0.3353355334,0.3353355334
G11000100023022000,110010023022000,G11000100023021007,110010023021007,0.9245010172,1
G11000100023022000,110010023022000,G11000100023021016,110010023021016,0.03265504,0
G11000100023022000,110010023022000,G11000100023021017,110010023021017,0.0428439428,0
G11000100023022001,110010023022001,G11000100023021016,110010023021016,0.2956142817,0
G11000100023022001,110010023022001,G11000100023021017,110010023021017,0.1474557211,0
G11000100023022001,110010023022001,G11000100023021018,110010023021018,0.5569299972,1
G11000100023022002,110010023022002,G11000100023021018,110010023021018,0.8874073976,1
G11000100023022002,110010023022002,G11000100023021020,110010023021020,0.0562996263,0
G11000100023022002,110010023022002,G11000100023021021,110010023021021,0.0562929762,0
G11000100023022003,110010023022003,G11000100023021019,110010023021019,1,1
G11000100023023000,110010023023000,G11000100023021000,110010023021000,0.0760417547,0
G11000100023023000,110010023023000,G11000100023021002,110010023021002,0.2604690104,0.9946320539
G11000100023023000,110010023023000,G11000100023021003,110010023021003,0.0336848735,0
G11000100023023000,110010023023000,G11000100023021004,110010023021004,0.0340059452,0.0011059983
G11000100023023000,110010023023000,G11000100023021005,110010023021005,0.0092250497,0
G11000100023023000,110010023023000,G11000100023021009,110010023021009,0.3339329744,0.0037292043
G11000100023023000,110010023023000,G11000100023021010,110010023021010,0.1974621512,0.0005327435
G11000100023023000,110010023023000,G11000100023021011,110010023021011,0.0551782409,0
G11000100023023001,110010023023001,G11000100023021001,110010023021001,1,1
G11000100023023002,110010023023002,G11000100023021004,110010023021004,1,1
G11000100023023003,110010023023003,G11000100023021004,110010023021004,0.6571777145,1
G11000100023023003,110010023023003,G11000100023021006,110010023021006,0.1628710858,0
G11000100023023003,110010023023003,G11000100023021014,110010023021014,0.1748678325,0
G11000100023023003,110010023023003,G11000100023021015,110010023021015,0.0050833672,0
G11000100023023004,110010023023004,G11000100023021004,110010023021004,0.1886432506,0.1784929124
G11000100023023004,110010023023004,G11000100023021006,110010023021006,0.0198682045,0
G11000100023023004,110010023023004,G11000100023021012,110010023021012,0.0177976305,0
G11000100023023004,110010023023004,G11000100023021013,110010023021013,0.6682544945,0.8215070876
G11000100023023004,110010023023004,G11000100023021014,110010023021014,0.0541082864,0
G11000100023023004,110010023023004,G11000100023021015,110010023021015,0.0513281336,0
G11000100023023005,110010023023005,G11000100023021004,110010023021004,0.7301779585,1
G11000100023023005,110010023023005,G11000100023021005,110010023021005,0.2698220415,0
G11000100023023006,110010023023006,G11000100023021022,110010023021022,0.1499264165,0
G11000100023023006,110010023023006,G11000100023021023,110010023021023,0.8500735835,1
G11000100023023007,110010023023007,G11000100023021022,110010023021022,0.0521205987,0
G11000100023023007,110010023023007,G11000100023021023,110010023021023,0.9478794013,1
G11000100023023008,110010023023008,G11000100023021025,110010023021025,1,1
G11000100023023009,110010023023009,G11000100023021026,110010023021026,1,1
G11000100024001000,110010024001000,G11000100024001000,110010024001000,1,1
G11000100024001001,110010024001001,G11000100024001001,110010024001001,1,1
G11000100024001002,110010024001002,G11000100024001001,110010024001001,0.7149390244,1
G11000100024001002,110010024001002,G11000100024001004,110010024001004,0.2850609756,0
G11000100024001003,110010024001003,G11000100024001002,110010024001002,1,1
G11000100024001004,110010024001004,G11000100024001003,110010024001003,1,1
G11000100024001005,110010024001005,G11000100024001005,110010024001005,1,1
G11000100024001006,110010024001006,G11000100024001006,110010024001006,0.9569961489,0.8265678242
G11000100024001006,110010024001006,G11000100032001002,110010032001002,0.0430038511,0.1734321758
G11000100024001007,110010024001007,G11000100024001006,110010024001006,0.984096024,0.9298338565
G11000100024001007,110010024001007,G11000100032001002,110010032001002,0.015903976,0.0701661435
G11000100024001008,110010024001008,G11000100024001007,110010024001007,1,1
G11000100024001009,110010024001009,G11000100024001008,110010024001008,1,1
G11000100024001010,110010024001010,G11000100024001008,110010024001008,1,1
G11000100024001011,110010024001011,G11000100024001007,110010024001007,1,1
G11000100024002000,110010024002000,G11000100024002000,110010024002000,1,1
G11000100024002001,110010024002001,G11000100024002001,110010024002001,1,1
G11000100024002002,110010024002002,G11000100024002002,110010024002002,1,1
G11000100024002003,110010024002003,G11000100024002003,110010024002003,1,1
G11000100024002004,110010024002004,G11000100024002004,110010024002004,1,1
G11000100024002005,110010024002005,G11000100024002005,110010024002005,1,1
G11000100024002006,110010024002006,G11000100024002006,110010024002006,1,1
G11000100024002007,110010024002007,G11000100024002007,110010024002007,1,1
G11000100024002008,110010024002008,G11000100024002008,110010024002008,1,1
G11000100024002009,110010024002009,G11000100024002009,110010024002009,1,1
G11000100024002010,110010024002010,G11000100024002010,110010024002010,1,1
G11000100024002011,110010024002011,G11000100024002011,110010024002011,1,1
G11000100024002012,110010024002012,G11000100024002012,110010024002012,1,1
G11000100024002013,110010024002013,G11000100024002013,110010024002013,1,1
G11000100024002014,110010024002014,G11000100024002014,110010024002014,1,1
G11000100024002015,110010024002015,G11000100024002015,110010024002015,1,1
G11000100024002016,110010024002016,G11000100024002016,110010024002016,1,1
G11000100024002017,110010024002017,G11000100024002017,110010024002017,1,1
G11000100024002018,110010024002018,G11000100024002018,110010024002018,1,1
G11000100024003000,110010024003000,G11000100024003000,110010024003000,0.9547363999,0.9564910155
G11000100024003000,110010024003000,G11000100024003006,110010024003006,0.0452636001,0.0435089845
G11000100024003001,110010024003001,G11000100024003001,110010024003001,1,1
G11000100024003002,110010024003002,G11000100024003002,110010024003002,1,1
G11000100024003003,110010024003003,G11000100024003003,110010024003003,1,1
G11000100024003004,110010024003004,G11000100024003004,110010024003004,1,1
G11000100024003005,110010024003005,G11000100024003005,110010024003005,1,1
G11000100024003006,110010024003006,G11000100024003007,110010024003007,1,1
G11000100024003007,110010024003007,G11000100024003006,110010024003006,1,1
G11000100024004000,110010024004000,G11000100024004000,110010024004000,1,1
G11000100024004001,110010024004001,G11000100024004000,110010024004000,1,1
G11000100024004002,110010024004002,G11000100024004001,110010024004001,1,1
G11000100024004003,110010024004003,G11000100024004001,110010024004001,1,1
G11000100024004004,110010024004004,G11000100024004007,110010024004007,1,1
G11000100024004005,110010024004005,G11000100024004006,110010024004006,1,1
G11000100024004006,110010024004006,G11000100024004001,110010024004001,0.0154372965,0.0096028064
G11000100024004006,110010024004006,G11000100024004003,110010024004003,0.9845627035,0.9903971936
G11000100024004007,110010024004007,G11000100024004002,110010024004002,1,1
G11000100024004008,110010024004008,G11000100024004009,110010024004009,1,1
G11000100024004009,110010024004009,G11000100024004008,110010024004008,1,1
G11000100024004010,110010024004010,G11000100024004004,110010024004004,0.9489925769,0.3230088496
G11000100024004010,110010024004010,G11000100024004005,110010024004005,0.0510074231,0.6769911504
G11000100024004011,110010024004011,G11000100024004006,110010024004006,1,1
G11000100025011000,110010025011000,G11000100025011000,110010025011000,1,1
G11000100025011001,110010025011001,G11000100025011001,110010025011001,1,1
G11000100025011002,110010025011002,G11000100025011002,110010025011002,1,1
G11000100025011003,110010025011003,G11000100025011003,110010025011003,1,1
G11000100025011004,110010025011004,G11000100025011004,110010025011004,1,1
G11000100025011005,110010025011005,G11000100025011005,110010025011005,1,1
G11000100025011006,110010025011006,G11000100025011006,110010025011006,1,1
G11000100025011007,110010025011007,G11000100025011007,110010025011007,1,1
G11000100025011008,110010025011008,G11000100025011008,110010025011008,1,1
G11000100025011009,110010025011009,G11000100025011009,110010025011009,0.990295179,0.990295179
G11000100025011009,110010025011009,G11000100025011012,110010025011012,0.009704821,0.009704821
G11000100025011010,110010025011010,G11000100025011010,110010025011010,1,1
G11000100025011011,110010025011011,G11000100025011011,110010025011011,1,1
G11000100025012000,110010025012000,G11000100025012000,110010025012000,1,1
G11000100025012001,110010025012001,G11000100025012001,110010025012001,1,1
G11000100025012002,110010025012002,G11000100025012002,110010025012002,1,1
G11000100025012003,110010025012003,G11000100025012003,110010025012003,1,1
G11000100025012004,110010025012004,G11000100025012004,110010025012004,1,1
G11000100025012005,110010025012005,G11000100025012005,110010025012005,1,1
G11000100025012006,110010025012006,G11000100025012006,110010025012006,1,1
G11000100025012007,110010025012007,G11000100025012007,110010025012007,1,1
G11000100025012008,110010025012008,G11000100025012008,110010025012008,1,1
G11000100025012009,110010025012009,G11000100025012009,110010025012009,1,1
G11000100025012010,110010025012010,G11000100025012010,110010025012010,0.9730127576,1
G11000100025012010,110010025012010,G11000100025012014,110010025012014,0.0269872424,0
G11000100025012011,110010025012011,G11000100025012011,110010025012011,1,1
G11000100025012012,110010025012012,G11000100025012012,110010025012012,1,1
G11000100025012013,110010025012013,G11000100025012013,110010025012013,1,1
G11000100025031000,110010025031000,G11000100025021000,110010025021000,1,1
G11000100025031001,110010025031001,G11000100025021001,110010025021001,1,1
G11000100025031002,110010025031002,G11000100025021002,110010025021002,1,1
G11000100025031003,110010025031003,G11000100025021003,110010025021003,1,1
G11000100025031004,110010025031004,G11000100025021004,110010025021004,1,1
G11000100025031005,110010025031005,G11000100025021005,110010025021005,1,1
G11000100025032000,110010025032000,G11000100025022000,110010025022000,1,1
G11000100025032001,110010025032001,G11000100025022001,110010025022001,1,1
G11000100025032002,110010025032002,G11000100025022002,110010025022002,1,1
G11000100025032003,110010025032003,G11000100025022003,110010025022003,1,1
G11000100025032004,110010025032004,G11000100025022004,110010025022004,1,1
G11000100025032005,110010025032005,G11000100025022005,110010025022005,1,1
G11000100025032006,110010025032006,G11000100025022005,110010025022005,0.0915504047,0.2165916276
G11000100025032006,110010025032006,G11000100025022008,110010025022008,0.9084495953,0.7834083724
G11000100025032007,110010025032007,G11000100025022004,110010025022004,1,1
G11000100025032008,110010025032008,G11000100025022007,110010025022007,1,1
G11000100025032009,110010025032009,G11000100025022009,110010025022009,1,1
G11000100025032010,110010025032010,G11000100025022006,110010025022006,0.9831553974,0.991612855
G11000100025032010,110010025032010,G11000100025022009,110010025022009,0.0097271649,0.0080579494
G11000100025032010,110010025032010,G11000100031001000,110010031001000,0.0071174377,0.0003291956
G11000100025041000,110010025041000,G11000100025023000,110010025023000,1,1
G11000100025041001,110010025041001,G11000100025023001,110010025023001,1,1
G11000100025041002,110010025041002,G11000100025023002,110010025023002,1,1
G11000100025041003,110010025041003,G11000100025023003,110010025023003,1,1
G11000100025041004,110010025041004,G11000100025023004,110010025023004,1,1
G11000100025041005,110010025041005,G11000100025023004,110010025023004,0.9560017555,1
G11000100025041005,110010025041005,G11000100025023005,110010025023005,0.0439982445,0
G11000100025042000,110010025042000,G11000100025024000,110010025024000,1,1
G11000100025042001,110010025042001,G11000100025024001,110010025024001,1,1
G11000100025042002,110010025042002,G11000100025024003,110010025024003,1,1
G11000100025042003,110010025042003,G11000100025024002,110010025024002,0.8857327569,0.8561635732
G11000100025042003,110010025042003,G11000100025024004,110010025024004,0.1142672431,0.1438364268
G11000100025042004,110010025042004,G11000100025024002,110010025024002,0.1137362959,0.0897066033
G11000100025042004,110010025042004,G11000100025024004,110010025024004,0.8862637041,0.9102933967
G11000100025042005,110010025042005,G11000100025024002,110010025024002,0.9754863813,0.9683120144
G11000100025042005,110010025042005,G11000100025024004,110010025024004,0.0245136187,0.0316879856
G11000100026001000,110010026001000,G11000100026001000,110010026001000,1,1
G11000100026001001,110010026001001,G11000100026001001,110010026001001,1,1
G11000100026001002,110010026001002,G11000100026001002,110010026001002,1,1
G11000100026001003,110010026001003,G11000100026001003,110010026001003,1,1
G11000100026001004,110010026001004,G11000100026001012,110010026001012,1,1
G11000100026001005,110010026001005,G11000100026001012,110010026001012,1,1
G11000100026001006,110010026001006,G11000100026001013,110010026001013,0.9655230126,0
G11000100026001006,110010026001006,G11000100026001014,110010026001014,0,0
G11000100026001006,110010026001006,G11000100026002006,110010026002006,0.0344769874,1
G11000100026001006,110010026001006,G11000100026002014,110010026002014,0,0
G11000100026001007,110010026001007,G11000100026001015,110010026001015,0,0
G11000100026001007,110010026001007,G11000100026001016,110010026001016,1,1
G11000100026001008,110010026001008,G11000100026001004,110010026001004,1,1
G11000100026001008,110010026001008,G11000100026001009,110010026001009,0,0
G11000100026001009,110010026001009,G11000100026001010,110010026001010,1,1
G11000100026001010,110010026001010,G11000100026001006,110010026001006,1,1
G11000100026001011,110010026001011,G11000100026001004,110010026001004,1,1
G11000100026001012,110010026001012,G11000100026001004,110010026001004,1,1
G11000100026001013,110010026001013,G11000100026001004,110010026001004,1,1
G11000100026001014,110010026001014,G11000100026001005,110010026001005,1,1
G11000100026001015,110010026001015,G11000100026001011,110010026001011,1,1
G11000100026001016,110010026001016,G11000100026001008,110010026001008,1,1
G11000100026001017,110010026001017,G11000100026001023,110010026001023,1,1
G11000100026001018,110010026001018,G11000100026001018,110010026001018,1,1
G11000100026001019,110010026001019,G11000100026001017,110010026001017,1,1
G11000100026001020,110010026001020,G11000100026001020,110010026001020,0,0
G11000100026001020,110010026001020,G11000100026001021,110010026001021,1,1
G11000100026001021,110010026001021,G11000100026001007,110010026001007,1,1
G11000100026001022,110010026001022,G11000100026001022,110010026001022,1,1
G11000100026001023,110010026001023,G11000100026001019,110010026001019,1,1
G11000100026002000,110010026002000,G11000100026002000,110010026002000,0.6538823867,0.6538823867
G11000100026002000,110010026002000,G11000100026002015,110010026002015,0.3461176133,0.3461176133
G11000100026002001,110010026002001,G11000100026002001,110010026002001,1,1
G11000100026002002,110010026002002,G11000100026002002,110010026002002,1,1
G11000100026002003,110010026002003,G11000100026002003,110010026002003,0,0
G11000100026002003,110010026002003,G11000100026002004,110010026002004,0.0036166365,0.0036166365
G11000100026002003,110010026002003,G11000100026002005,110010026002005,0.9963833635,0.9963833635
G11000100026002004,110010026002004,G11000100026002006,110010026002006,0.9731618529,1
G11000100026002004,110010026002004,G11000100026002011,110010026002011,0.0268381471,0
G11000100026002005,110010026002005,G11000100026002007,110010026002007,1,1
G11000100026002006,110010026002006,G11000100026002012,110010026002012,1,1
G11000100026002007,110010026002007,G11000100026002010,110010026002010,1,1
G11000100026002008,110010026002008,G11000100026002006,110010026002006,1,1
G11000100026002009,110010026002009,G11000100026002009,110010026002009,0.9553447647,1
G11000100026002009,110010026002009,G11000100026002025,110010026002025,0.0446552353,0
G11000100026002010,110010026002010,G11000100026002024,110010026002024,1,1
G11000100026002011,110010026002011,G11000100026002023,110010026002023,1,1
G11000100026002012,110010026002012,G11000100026002008,110010026002008,1,1
G11000100026002013,110010026002013,G11000100026002019,110010026002019,0.0165112125,0.0471698113
G11000100026002013,110010026002013,G11000100026002020,110010026002020,0.9834887875,0.9528301887
G11000100026002014,110010026002014,G11000100026002021,110010026002021,1,1
G11000100026002015,110010026002015,G11000100026002022,110010026002022,1,1
G11000100026002016,110010026002016,G11000100026002027,110010026002027,1,1
G11000100026002017,110010026002017,G11000100026002026,110010026002026,1,1
G11000100026002018,110010026002018,G11000100026002029,110010026002029,1,1
G11000100026002019,110010026002019,G11000100026002028,110010026002028,1,1
G11000100026002020,110010026002020,G11000100026002018,110010026002018,1,1
G11000100026002021,110010026002021,G11000100026002016,110010026002016,1,1
G11000100026002022,110010026002022,G11000100026002017,110010026002017,1,1
G11000100026002023,110010026002023,G11000100026002013,110010026002013,1,1
G11000100026002024,110010026002024,G11000100026002031,110010026002031,1,1
G11000100026002025,110010026002025,G11000100026002030,110010026002030,1,1
G11000100027021000,110010027021000,G11000100027021000,110010027021000,1,1
G11000100027021001,110010027021001,G11000100027021001,110010027021001,1,1
G11000100027021002,110010027021002,G11000100027021002,110010027021002,1,1
G11000100027021003,110010027021003,G11000100027021003,110010027021003,0.0474599969,0
G11000100027021003,110010027021003,G11000100027021004,110010027021004,0.9525400031,1
G11000100027021004,110010027021004,G11000100027021005,110010027021005,1,1
G11000100027021005,110010027021005,G11000100027021006,110010027021006,1,1
G11000100027022000,110010027022000,G11000100027023000,110010027023000,1,1
G11000100027022001,110010027022001,G11000100027023001,110010027023001,1,1
G11000100027022002,110010027022002,G11000100027023002,110010027023002,1,1
G11000100027022003,110010027022003,G11000100027023003,110010027023003,1,1
G11000100027022004,110010027022004,G11000100027023004,110010027023004,1,1
G11000100027022004,110010027022004,G11000100027023005,110010027023005,0,0
G11000100027022005,110010027022005,G11000100027023011,110010027023011,1,1
G11000100027022005,110010027022005,G11000100027023018,110010027023018,0,0
G11000100027022006,110010027022006,G11000100027023012,110010027023012,1,1
G11000100027022007,110010027022007,G11000100027023007,110010027023007,0.9746378234,1
G11000100027022007,110010027022007,G11000100027023013,110010027023013,0.0116995799,0
G11000100027022007,110010027022007,G11000100027023014,110010027023014,0.0136625967,0
G11000100027022008,110010027022008,G11000100027023008,110010027023008,1,1
G11000100027022009,110010027022009,G11000100027023009,110010027023009,1,1
G11000100027022010,110010027022010,G11000100027023010,110010027023010,1,1
G11000100027023000,110010027023000,G11000100027022000,110010027022000,1,1
G11000100027023001,110010027023001,G11000100027022001,110010027022001,1,1
G11000100027023002,110010027023002,G11000100027022002,110010027022002,1,1
G11000100027023003,110010027023003,G11000100027022003,110010027022003,1,1
G11000100027024000,110010027024000,G11000100027022008,110010027022008,1,1
G11000100027024001,110010027024001,G11000100027022004,110010027022004,0.072106736,0.0567448263
G11000100027024001,110010027024001,G11000100027022006,110010027022006,0.927893264,0.9432551737
G11000100027024002,110010027024002,G11000100027022005,110010027022005,0.3588286713,0.3976377953
G11000100027024002,110010027024002,G11000100027022007,110010027022007,0.6411713287,0.6023622047
G11000100027024003,110010027024003,G11000100027022004,110010027022004,0.8683886207,0.8362768377
G11000100027024003,110010027024003,G11000100027022006,110010027022006,0.1316113793,0.1637231623
G11000100027031000,110010027031000,G11000100027011000,110010027011000,1,1
G11000100027031001,110010027031001,G11000100027011001,110010027011001,1,1
G11000100027031002,110010027031002,G11000100027011002,110010027011002,1,1
G11000100027032000,110010027032000,G11000100027012000,110010027012000,1,1
G11000100027032001,110010027032001,G11000100027012001,110010027012001,1,1
G11000100027032002,110010027032002,G11000100027012002,110010027012002,1,1
G11000100027032003,110010027032003,G11000100027012003,110010027012003,1,1
G11000100027032004,110010027032004,G11000100027012004,110010027012004,1,1
G11000100027032005,110010027032005,G11000100027012005,110010027012005,1,1
G11000100027032006,110010027032006,G11000100027012006,110010027012006,1,1
G11000100027032007,110010027032007,G11000100027012007,110010027012007,1,1
G11000100027041000,110010027041000,G11000100027013000,110010027013000,1,1
G11000100027041001,110010027041001,G11000100027013002,110010027013002,1,1
G11000100027041002,110010027041002,G11000100026001020,110010026001020,0,0
G11000100027041002,110010027041002,G11000100026001021,110010026001021,1,1
G11000100027041003,110010027041003,G11000100027013002,110010027013002,1,1
G11000100027041004,110010027041004,G11000100027013002,110010027013002,1,1
G11000100027041005,110010027041005,G11000100027013000,110010027013000,1,1
G11000100027041006,110010027041006,G11000100027013001,110010027013001,1,1
G11000100027041007,110010027041007,G11000100027013000,110010027013000,1,1
G11000100027042000,110010027042000,G11000100027014000,110010027014000,1,1
G11000100027042001,110010027042001,G11000100027014000,110010027014000,1,1
G11000100028011000,110010028011000,G11000100028011000,110010028011000,1,1
G11000100028011001,110010028011001,G11000100028011001,110010028011001,1,1
G11000100028011002,110010028011002,G11000100028011002,110010028011002,1,1
G11000100028011003,110010028011003,G11000100028011003,110010028011003,1,1
G11000100028012000,110010028012000,G11000100028012000,110010028012000,1,1
G11000100028012001,110010028012001,G11000100028012001,110010028012001,1,1
G11000100028012002,110010028012002,G11000100028012002,110010028012002,1,1
G11000100028012003,110010028012003,G11000100028012003,110010028012003,1,1
G11000100028012004,110010028012004,G11000100028012004,110010028012004,1,1
G11000100028012005,110010028012005,G11000100028012005,110010028012005,1,1
G11000100028012006,110010028012006,G11000100028012006,110010028012006,1,1
G11000100028012007,110010028012007,G11000100028012007,110010028012007,1,1
G11000100028021000,110010028021000,G11000100028022000,110010028022000,1,1
G11000100028021001,110010028021001,G11000100028022001,110010028022001,1,1
G11000100028021002,110010028021002,G11000100028022002,110010028022002,1,1
G11000100028021003,110010028021003,G11000100028022003,110010028022003,1,1
G11000100028021004,110010028021004,G11000100028022004,110010028022004,0.9840505349,1
G11000100028021004,110010028021004,G11000100028022006,110010028022006,0.0159494651,0
G11000100028021005,110010028021005,G11000100028022005,110010028022005,1,1
G11000100028022000,110010028022000,G11000100028021005,110010028021005,1,1
G11000100028022001,110010028022001,G11000100028021004,110010028021004,1,1
G11000100028022002,110010028022002,G11000100028021003,110010028021003,1,1
G11000100028023000,110010028023000,G11000100028021000,110010028021000,0.0649869741,0.2014277195
G11000100028023000,110010028023000,G11000100028021001,110010028021001,0.9350130259,0.7985722805
G11000100028023001,110010028023001,G11000100028021000,110010028021000,0.6471598324,0.8693878229
G11000100028023001,110010028023001,G11000100028021001,110010028021001,0.3528401676,0.1306121771
G11000100028023002,110010028023002,G11000100028021002,110010028021002,0.94848601,1
G11000100028023002,110010028023002,G11000100028021006,110010028021006,0.05151399,0
G11000100029001000,110010029001000,G11000100029001000,110010029001000,1,1
G11000100029001001,110010029001001,G11000100029001001,110010029001001,1,1
G11000100029001002,110010029001002,G11000100029001002,110010029001002,1,1
G11000100029001003,110010029001003,G11000100029001003,110010029001003,1,1
G11000100029001004,110010029001004,G11000100029001004,110010029001004,1,1
G11000100029001005,110010029001005,G11000100029001005,110010029001005,1,1
G11000100029001006,110010029001006,G11000100029001006,110010029001006,1,1
G11000100029001007,110010029001007,G11000100029001007,110010029001007,1,1
G11000100029002000,110010029002000,G11000100029002000,110010029002000,1,1
G11000100029002001,110010029002001,G11000100029002001,110010029002001,1,1
G11000100029002002,110010029002002,G11000100029002002,110010029002002,1,1
G11000100029002003,110010029002003,G11000100029002003,110010029002003,1,1
G11000100029002004,110010029002004,G11000100029002004,110010029002004,1,1
G11000100029002005,110010029002005,G11000100029002005,110010029002005,1,1
G11000100029002006,110010029002006,G11000100029002006,110010029002006,1,1
G11000100029002007,110010029002007,G11000100029002007,110010029002007,1,1
G11000100029002008,110010029002008,G11000100029002008,110010029002008,1,1
G11000100029002009,110010029002009,G11000100029002009,110010029002009,1,1
G11000100029002010,110010029002010,G11000100029002010,110010029002010,1,1
G11000100030001000,110010030001000,G11000100030001000,110010030001000,1,1
G11000100030001001,110010030001001,G11000100030001001,110010030001001,1,1
G11000100030001002,110010030001002,G11000100030001003,110010030001003,1,1
G11000100030001003,110010030001003,G11000100030001004,110010030001004,1,1
G11000100030001004,110010030001004,G11000100030001002,110010030001002,0.0614974143,0
G11000100030001004,110010030001004,G11000100030001005,110010030001005,0.9385025857,1
G11000100030002000,110010030002000,G11000100030002000,110010030002000,0.8952295027,0.8803515881
G11000100030002000,110010030002000,G11000100030002004,110010030002004,0.1047704973,0.1196484119
G11000100030002001,110010030002001,G11000100030002001,110010030002001,1,1
G11000100030002002,110010030002002,G11000100030002002,110010030002002,1,1
G11000100030002003,110010030002003,G11000100030002003,110010030002003,1,1
G11000100030002004,110010030002004,G11000100030002000,110010030002000,0.0168091722,0.01450826
G11000100030002004,110010030002004,G11000100030002004,110010030002004,0.9831908278,0.98549174
G11000100030002005,110010030002005,G11000100030002000,110010030002000,0.1907810499,0.1687535206
G11000100030002005,110010030002005,G11000100030002004,110010030002004,0.8092189501,0.8312464794
G11000100031001000,110010031001000,G11000100031001011,110010031001011,1,1
G11000100031001001,110010031001001,G11000100031001010,110010031001010,1,1
G11000100031001002,110010031001002,G11000100031001012,110010031001012,1,1
G11000100031001003,110010031001003,G11000100031001013,110010031001013,0.5644574535,0.7613193731
G11000100031001003,110010031001003,G11000100031001014,110010031001014,0.4355425465,0.2386806269
G11000100031001004,110010031001004,G11000100031001013,110010031001013,0.0298234936,0.0703367823
G11000100031001004,110010031001004,G11000100031001014,110010031001014,0.9701765064,0.9296632177
G11000100031001005,110010031001005,G11000100031001016,110010031001016,1,1
G11000100031001006,110010031001006,G11000100031001015,110010031001015,1,1
G11000100031001007,110010031001007,G11000100031001017,110010031001017,1,1
G11000100031002000,110010031002000,G11000100031001000,110010031001000,1,1
G11000100031002001,110010031002001,G11000100031001000,110010031001000,1,1
G11000100031002002,110010031002002,G11000100031001001,110010031001001,1,1
G11000100031002003,110010031002003,G11000100031001001,110010031001001,1,1
G11000100031002004,110010031002004,G11000100031001002,110010031001002,1,1
G11000100031002005,110010031002005,G11000100031001003,110010031001003,1,1
G11000100031002006,110010031002006,G11000100031001004,110010031001004,1,1
G11000100031002007,110010031002007,G11000100031001005,110010031001005,1,1
G11000100031002008,110010031002008,G11000100031001006,110010031001006,1,1
G11000100031002009,110010031002009,G11000100031001007,110010031001007,1,1
G11000100031002010,110010031002010,G11000100031001008,110010031001008,1,1
G11000100031002011,110010031002011,G11000100031001009,110010031001009,1,1
G11000100032001000,110010032001000,G11000100032001000,110010032001000,0.1231835307,0
G11000100032001000,110010032001000,G11000100032001001,110010032001001,0.8768164693,1
G11000100032001001,110010032001001,G11000100032001004,110010032001004,1,1
G11000100032001002,110010032001002,G11000100032001003,110010032001003,1,1
G11000100032001003,110010032001003,G11000100032001002,110010032001002,1,1
G11000100032001004,110010032001004,G11000100032001006,110010032001006,1,1
G11000100032001005,110010032001005,G11000100032001005,110010032001005,1,1
G11000100032002000,110010032002000,G11000100032002000,110010032002000,1,1
G11000100032002001,110010032002001,G11000100032002001,110010032002001,1,1
G11000100032002002,110010032002002,G11000100032002002,110010032002002,1,1
G11000100032002003,110010032002003,G11000100032002003,110010032002003,1,1
G11000100032002004,110010032002004,G11000100032002004,110010032002004,1,1
G11000100032002005,110010032002005,G11000100032002005,110010032002005,1,1
G11000100032003000,110010032003000,G11000100032003000,110010032003000,1,1
G11000100032003001,110010032003001,G11000100032003001,110010032003001,1,1
G11000100032003002,110010032003002,G11000100032003002,110010032003002,1,1
G11000100032003003,110010032003003,G11000100032003003,110010032003003,1,1
G11000100032003004,110010032003004,G11000100032003004,110010032003004,1,1
G11000100032003005,110010032003005,G11000100032003005,110010032003005,1,1
G11000100032004000,110010032004000,G11000100032004000,110010032004000,1,1
G11000100032004001,110010032004001,G11000100032004001,110010032004001,1,1
G11000100032004002,110010032004002,G11000100032004002,110010032004002,0.784244814,0.885825972
G11000100032004002,110010032004002,G11000100032004004,110010032004004,0.215755186,0.114174028
G11000100032004003,110010032004003,G11000100032004003,110010032004003,1,1
G11000100032004004,110010032004004,G11000100032004003,110010032004003,1,1
G11000100032004005,110010032004005,G11000100032004002,110010032004002,0.0470934511,0.0954216792
G11000100032004005,110010032004005,G11000100032004004,110010032004004,0.9529065489,0.9045783208
G11000100032004006,110010032004006,G11000100032004005,110010032004005,1,1
G11000100032004007,110010032004007,G11000100032004006,110010032004006,0.8604351745,1
G11000100032004007,110010032004007,G11000100032004007,110010032004007,0.0486030642,0
G11000100032004007,110010032004007,G11000100034002002,110010034002002,0.0909617613,0
G11000100032004008,110010032004008,G11000100032004008,110010032004008,1,1
G11000100032004009,110010032004009,G11000100032004009,110010032004009,0.5903903904,0
G11000100032004009,110010032004009,G11000100034002000,110010034002000,0.4096096096,1
G11000100032004010,110010032004010,G11000100032004010,110010032004010,1,1
G11000100033011000,110010033011000,G11000100033011000,110010033011000,1,1
G11000100033011001,110010033011001,G11000100033011000,110010033011000,1,1
G11000100033011002,110010033011002,G11000100033011000,110010033011000,1,1
G11000100033011003,110010033011003,G11000100033011001,110010033011001,1,1
G11000100033011004,110010033011004,G11000100033011001,110010033011001,1,1
G11000100033011005,110010033011005,G11000100033011002,110010033011002,0.5242035581,0.4942215407
G11000100033011005,110010033011005,G11000100033011003,110010033011003,0.4757964419,0.5057784593
G11000100033011006,110010033011006,G11000100033011002,110010033011002,1,1
G11000100033011007,110010033011007,G11000100033011003,110010033011003,1,1
G11000100033011008,110010033011008,G11000100033011004,110010033011004,1,1
G11000100033011009,110010033011009,G11000100033011004,110010033011004,1,1
G11000100033012000,110010033012000,G11000100033012000,110010033012000,1,1
G11000100033012001,110010033012001,G11000100033012000,110010033012000,0.4023174706,0.4824441553
G11000100033012001,110010033012001,G11000100033012001,110010033012001,0.5976825294,0.5175558447
G11000100033012002,110010033012002,G11000100033012003,110010033012003,1,1
G11000100033012003,110010033012003,G11000100033012003,110010033012003,1,1
G11000100033012004,110010033012004,G11000100033012003,110010033012003,1,1
G11000100033012005,110010033012005,G11000100033012002,110010033012002,1,1
G11000100033012006,110010033012006,G11000100033012004,110010033012004,1,1
G11000100033012007,110010033012007,G11000100033012005,110010033012005,1,1
G11000100033013000,110010033013000,G11000100033013000,110010033013000,1,1
G11000100033013001,110010033013001,G11000100033013001,110010033013001,1,1
G11000100033013002,110010033013002,G11000100033013002,110010033013002,1,1
G11000100033013003,110010033013003,G11000100033013003,110010033013003,1,1
G11000100033013004,110010033013004,G11000100033013004,110010033013004,1,1
G11000100033013005,110010033013005,G11000100033013005,110010033013005,1,1
G11000100033021000,110010033021000,G11000100033021000,110010033021000,1,1
G11000100033021001,110010033021001,G11000100033021001,110010033021001,0.2618862042,0
G11000100033021001,110010033021001,G11000100033021002,110010033021002,0.721745908,0.9672512439
G11000100033021001,110010033021001,G11000100033021005,110010033021005,0.0163678878,0.0327487561
G11000100033021002,110010033021002,G11000100033021001,110010033021001,0.0426247897,0
G11000100033021002,110010033021002,G11000100033021002,110010033021002,0.9436343242,0.9787226348
G11000100033021002,110010033021002,G11000100033021005,110010033021005,0.0137408861,0.0212773652
G11000100033021003,110010033021003,G11000100033021000,110010033021000,1,1
G11000100033021004,110010033021004,G11000100033021000,110010033021000,1,1
G11000100033021005,110010033021005,G11000100033021003,110010033021003,0.5105633803,0.5057243092
G11000100033021005,110010033021005,G11000100033021004,110010033021004,0.4894366197,0.4942756908
G11000100033021006,110010033021006,G11000100033021003,110010033021003,0.4984196784,0.4935796331
G11000100033021006,110010033021006,G11000100033021004,110010033021004,0.5015803216,0.5064203669
G11000100033021007,110010033021007,G11000100033021005,110010033021005,1,1
G11000100033021008,110010033021008,G11000100033021006,110010033021006,1,1
G11000100033022000,110010033022000,G11000100033022000,110010033022000,1,1
G11000100033022001,110010033022001,G11000100033022001,110010033022001,1,1
G11000100033022002,110010033022002,G11000100033022002,110010033022002,1,1
G11000100033022003,110010033022003,G11000100033022003,110010033022003,1,1
G11000100033022004,110010033022004,G11000100033022004,110010033022004,1,1
G11000100033022005,110010033022005,G11000100033022005,110010033022005,0.397309417,1
G11000100033022005,110010033022005,G11000100033022006,110010033022006,0.602690583,0
G11000100033022006,110010033022006,G11000100033022005,110010033022005,0.9005104175,1
G11000100033022006,110010033022006,G11000100033022006,110010033022006,0.0994895825,0
G11000100034001000,110010034001000,G11000100034001000,110010034001000,1,1
G11000100034001001,110010034001001,G11000100034001001,110010034001001,1,1
G11000100034001002,110010034001002,G11000100034001002,110010034001002,1,1
G11000100034001003,110010034001003,G11000100034001003,110010034001003,0.9452328256,1
G11000100034001003,110010034001003,G11000100034001005,110010034001005,0.0547671744,0
G11000100034001004,110010034001004,G11000100034001004,110010034001004,1,1
G11000100034002000,110010034002000,G11000100034002003,110010034002003,1,1
G11000100034002001,110010034002001,G11000100034002006,110010034002006,1,1
G11000100034002002,110010034002002,G11000100034002007,110010034002007,1,1
G11000100034002003,110010034002003,G11000100034002008,110010034002008,1,1
G11000100034002004,110010034002004,G11000100034002009,110010034002009,1,1
G11000100034002005,110010034002005,G11000100034002010,110010034002010,1,1
G11000100034002006,110010034002006,G11000100034002013,110010034002013,1,1
G11000100034002007,110010034002007,G11000100034002012,110010034002012,1,1
G11000100034003000,110010034003000,G11000100034002014,110010034002014,1,1
G11000100034003001,110010034003001,G11000100034002015,110010034002015,1,1
G11000100034003002,110010034003002,G11000100034002016,110010034002016,1,1
G11000100034003003,110010034003003,G11000100034002017,110010034002017,1,1
G11000100034003004,110010034003004,G11000100034002018,110010034002018,1,1
G11000100034003005,110010034003005,G11000100034002019,110010034002019,1,1
G11000100034003006,110010034003006,G11000100034002012,110010034002012,1,1
G11000100034003007,110010034003007,G11000100034002020,110010034002020,0.9344126193,0.9772727273
G11000100034003007,110010034003007,G11000100034002021,110010034002021,0.0655873807,0.0227272727
G11000100034003008,110010034003008,G11000100034002012,110010034002012,1,1
G11000100034003009,110010034003009,G11000100034002023,110010034002023,1,1
G11000100034003010,110010034003010,G11000100034002024,110010034002024,1,1
G11000100034003011,110010034003011,G11000100034002025,110010034002025,1,1
G11000100034003012,110010034003012,G11000100034002026,110010034002026,1,1
G11000100034003013,110010034003013,G11000100034002026,110010034002026,1,1
G11000100034003014,110010034003014,G11000100034002027,110010034002027,1,1
G11000100034003015,110010034003015,G11000100034002027,110010034002027,1,1
G11000100034003016,110010034003016,G11000100034002022,110010034002022,1,1
G11000100034003017,110010034003017,G11000100034002028,110010034002028,1,1
G11000100034004000,110010034004000,G11000100034002005,110010034002005,1,1
G11000100034004001,110010034004001,G11000100034002005,110010034002005,1,1
G11000100034004002,110010034004002,G11000100034002003,110010034002003,1,1
G11000100034004003,110010034004003,G11000100034002004,110010034002004,1,1
G11000100034005000,110010034005000,G11000100034002000,110010034002000,1,1
G11000100034005001,110010034005001,G11000100034002001,110010034002001,1,1
G11000100034005002,110010034005002,G11000100034002000,110010034002000,1,1
G11000100034005003,110010034005003,G11000100034002000,110010034002000,1,1
G11000100034005004,110010034005004,G11000100034002000,110010034002000,1,1
G11000100034005005,110010034005005,G11000100034002011,110010034002011,1,1
G11000100035001000,110010035001000,G11000100035001000,110010035001000,1,1
G11000100035001001,110010035001001,G11000100035001001,110010035001001,1,1
G11000100035001002,110010035001002,G11000100035001002,110010035001002,1,1
G11000100035001003,110010035001003,G11000100035001003,110010035001003,1,1
G11000100035001004,110010035001004,G11000100035001004,110010035001004,1,1
G11000100035001005,110010035001005,G11000100035001005,110010035001005,1,1
G11000100035001006,110010035001006,G11000100035001006,110010035001006,1,1
G11000100035002000,110010035002000,G11000100035002001,110010035002001,1,1
G11000100035002001,110010035002001,G11000100035002002,110010035002002,1,1
G11000100035002002,110010035002002,G11000100035002003,110010035002003,1,1
G11000100035002003,110010035002003,G11000100035002004,110010035002004,1,1
G11000100035002004,110010035002004,G11000100035002004,110010035002004,1,1
G11000100035003000,110010035003000,G11000100035002000,110010035002000,1,1
G11000100035003001,110010035003001,G11000100035002006,110010035002006,1,1
G11000100035003002,110010035003002,G11000100035002005,110010035002005,1,1
G11000100035003003,110010035003003,G11000100035002005,110010035002005,1,1
G11000100035003004,110010035003004,G11000100035002008,110010035002008,1,1
G11000100035003005,110010035003005,G11000100035002007,110010035002007,1,1
G11000100036001000,110010036001000,G11000100036001000,110010036001000,1,1
G11000100036001001,110010036001001,G11000100036001001,110010036001001,1,1
G11000100036001002,110010036001002,G11000100036001002,110010036001002,1,1
G11000100036002000,110010036002000,G11000100036002000,110010036002000,1,1
G11000100036002001,110010036002001,G11000100036002001,110010036002001,1,1
G11000100036002002,110010036002002,G11000100036002002,110010036002002,1,1
G11000100036003000,110010036003000,G11000100036003000,110010036003000,1,1
G11000100036003001,110010036003001,G11000100036003001,110010036003001,1,1
G11000100036003002,110010036003002,G11000100036003002,110010036003002,1,1
G11000100036003003,110010036003003,G11000100036003003,110010036003003,1,1
G11000100036003004,110010036003004,G11000100036003004,110010036003004,1,1
G11000100036003005,110010036003005,G11000100036003005,110010036003005,1,1
G11000100037011000,110010037011000,G11000100037001000,110010037001000,1,1
G11000100037011001,110010037011001,G11000100037001001,110010037001001,0.1680634099,0.1200607903
G11000100037011001,110010037011001,G11000100037001002,110010037001002,0.6452726488,0.6747720365
G11000100037011001,110010037011001,G11000100037001003,110010037001003,0.1866639413,0.2051671733
G11000100037012000,110010037012000,G11000100037003000,110010037003000,1,1
G11000100037012001,110010037012001,G11000100037003001,110010037003001,0.4248109685,0.4299625468
G11000100037012001,110010037012001,G11000100037003002,110010037003002,0.5751890315,0.5700374532
G11000100037012002,110010037012002,G11000100037003003,110010037003003,1,1
G11000100037021000,110010037021000,G11000100037002001,110010037002001,1,1
G11000100037021001,110010037021001,G11000100037002004,110010037002004,1,1
G11000100037022000,110010037022000,G11000100037002000,110010037002000,1,1
G11000100037022001,110010037022001,G11000100037002002,110010037002002,1,1
G11000100037022002,110010037022002,G11000100037002003,110010037002003,1,1
G11000100038011000,110010038011000,G11000100038002000,110010038002000,1,1
G11000100038011001,110010038011001,G11000100038002001,110010038002001,1,1
G11000100038012000,110010038012000,G11000100038002002,110010038002002,1,1
G11000100038012001,110010038012001,G11000100038002003,110010038002003,1,1
G11000100038012002,110010038012002,G11000100038002004,110010038002004,1,1
G11000100038012003,110010038012003,G11000100038002005,110010038002005,1,1
G11000100038012004,110010038012004,G11000100038002004,110010038002004,1,1
G11000100038012005,110010038012005,G11000100038002006,110010038002006,0.9428943937,0.9428943937
G11000100038012005,110010038012005,G11000100038002007,110010038002007,0.0571056063,0.0571056063
G11000100038021000,110010038021000,G11000100038001002,110010038001002,1,1
G11000100038021001,110010038021001,G11000100038001003,110010038001003,1,1
G11000100038022000,110010038022000,G11000100038003000,110010038003000,0.0836412316,0.0836412316
G11000100038022000,110010038022000,G11000100038003001,110010038003001,0.9163587684,0.9163587684
G11000100038022001,110010038022001,G11000100038003002,110010038003002,1,1
G11000100038022002,110010038022002,G11000100038003003,110010038003003,1,1
G11000100038022003,110010038022003,G11000100038003004,110010038003004,1,1
G11000100038022004,110010038022004,G11000100038003005,110010038003005,1,1
G11000100038022005,110010038022005,G11000100038003006,110010038003006,1,1
G11000100038022006,110010038022006,G11000100038003007,110010038003007,1,1
G11000100038023000,110010038023000,G11000100038001000,110010038001000,1,1
G11000100038023001,110010038023001,G11000100038001001,110010038001001,1,1
G11000100039011000,110010039011000,G11000100039001000,110010039001000,1,1
G11000100039011001,110010039011001,G11000100039001001,110010039001001,1,1
G11000100039011002,110010039011002,G11000100039001002,110010039001002,1,1
G11000100039011003,110010039011003,G11000100039001003,110010039001003,1,1
G11000100039012000,110010039012000,G11000100039003000,110010039003000,1,1
G11000100039012001,110010039012001,G11000100039003001,110010039003001,1,1
G11000100039012002,110010039012002,G11000100039003002,110010039003002,1,1
G11000100039012003,110010039012003,G11000100039003003,110010039003003,0.9234559314,1
G11000100039012003,110010039012003,G11000100039003004,110010039003004,0.0765440686,0
G11000100039021000,110010039021000,G11000100039002000,110010039002000,1,1
G11000100039021001,110010039021001,G11000100039002001,110010039002001,0.7063376875,0.4794372294
G11000100039021001,110010039021001,G11000100039002003,110010039002003,0.2936623125,0.5205627706
G11000100039021002,110010039021002,G11000100027023015,110010027023015,0.0201333945,0
G11000100039021002,110010039021002,G11000100039002002,110010039002002,0.4909605168,0.1626506024
G11000100039021002,110010039021002,G11000100039002010,110010039002010,0.4889060888,0.8373493976
G11000100039021003,110010039021003,G11000100027023016,110010027023016,0.0727943091,0.0727943091
G11000100039021003,110010039021003,G11000100039002004,110010039002004,0.5874669335,0.5874669335
G11000100039021003,110010039021003,G11000100039002006,110010039002006,0.3397387574,0.3397387574
G11000100039021004,110010039021004,G11000100027023017,110010027023017,0.0631685166,0.0631685166
G11000100039021004,110010039021004,G11000100039002005,110010039002005,0.9368314834,0.9368314834
G11000100039021005,110010039021005,G11000100039002009,110010039002009,1,1
G11000100039021006,110010039021006,G11000100039002011,110010039002011,1,1
G11000100039022000,110010039022000,G11000100039004000,110010039004000,1,1
G11000100039022001,110010039022001,G11000100039004001,110010039004001,1,1
G11000100039022002,110010039022002,G11000100039004002,110010039004002,1,1
G11000100040011000,110010040011000,G11000100040011000,110010040011000,1,1
G11000100040011001,110010040011001,G11000100040011001,110010040011001,1,1
G11000100040011002,110010040011002,G11000100040011002,110010040011002,1,1
G11000100040011003,110010040011003,G11000100040011003,110010040011003,1,1
G11000100040011004,110010040011004,G11000100040011004,110010040011004,1,1
G11000100040012000,110010040012000,G11000100040012000,110010040012000,0.9238971537,1
G11000100040012000,110010040012000,G11000100040012003,110010040012003,0.0761028463,0
G11000100040012001,110010040012001,G11000100040012001,110010040012001,1,1
G11000100040012002,110010040012002,G11000100040012001,110010040012001,1,1
G11000100040012003,110010040012003,G11000100040012002,110010040012002,0.796744186,1
G11000100040012003,110010040012003,G11000100040012004,110010040012004,0.203255814,0
G11000100040012004,110010040012004,G11000100040012002,110010040012002,1,1
G11000100040013000,110010040013000,G11000100040013007,110010040013007,1,1
G11000100040013001,110010040013001,G11000100040013008,110010040013008,1,1
G11000100040013002,110010040013002,G11000100040013009,110010040013009,1,1
G11000100040014000,110010040014000,G11000100040013000,110010040013000,0.365518258,1
G11000100040014000,110010040014000,G11000100040013002,110010040013002,0.634481742,0
G11000100040014001,110010040014001,G11000100040013001,110010040013001,1,1
G11000100040014002,110010040014002,G11000100040013000,110010040013000,1,1
G11000100040014003,110010040014003,G11000100040013004,110010040013004,0.9363325441,0.8519855596
G11000100040014003,110010040014003,G11000100040013005,110010040013005,0.0636674559,0.1480144404
G11000100040014004,110010040014004,G11000100040013003,110010040013003,1,1
G11000100040014005,110010040014005,G11000100040013006,110010040013006,1,1
G11000100040021000,110010040021000,G11000100040021000,110010040021000,1,1
G11000100040021001,110010040021001,G11000100040021001,110010040021001,1,1
G11000100040022000,110010040022000,G11000100040022000,110010040022000,1,1
G11000100040022001,110010040022001,G11000100040022001,110010040022001,1,1
G11000100040022002,110010040022002,G11000100040022002,110010040022002,1,1
G11000100040022003,110010040022003,G11000100040022003,110010040022003,1,1
G11000100040023000,110010040023000,G11000100040023000,110010040023000,0.0218306053,0
G11000100040023000,110010040023000,G11000100040023001,110010040023001,0.9781693947,1
G11000100040023001,110010040023001,G11000100040023002,110010040023002,1,1
G11000100041001000,110010041001000,G11000100041001000,110010041001000,1,1
G11000100041001001,110010041001001,G11000100041001001,110010041001001,1,1
G11000100041001002,110010041001002,G11000100041001001,110010041001001,1,1
G11000100041001003,110010041001003,G11000100041001004,110010041001004,1,1
G11000100041001004,110010041001004,G11000100041001002,110010041001002,1,1
G11000100041001005,110010041001005,G11000100041001002,110010041001002,1,1
G11000100041001006,110010041001006,G11000100041001001,110010041001001,0.2263222632,0.4415776911
G11000100041001006,110010041001006,G11000100041001002,110010041001002,0.7736777368,0.5584223089
G11000100041001007,110010041001007,G11000100041001003,110010041001003,1,1
G11000100041001008,110010041001008,G11000100041001003,110010041001003,1,1
G11000100041002000,110010041002000,G11000100041002000,110010041002000,0,0
G11000100041002000,110010041002000,G11000100041002001,110010041002001,1,1
G11000100041002001,110010041002001,G11000100041002006,110010041002006,0.9951947395,0.9951947395
G11000100041002001,110010041002001,G11000100041002007,110010041002007,0.0048052605,0.0048052605
G11000100041002002,110010041002002,G11000100041002008,110010041002008,1,1
G11000100041002003,110010041002003,G11000100041002009,110010041002009,1,1
G11000100041002004,110010041002004,G11000100041002001,110010041002001,0.9437193911,1
G11000100041002004,110010041002004,G11000100041002011,110010041002011,0.0562806089,0
G11000100041002005,110010041002005,G11000100041002010,110010041002010,1,1
G11000100041002006,110010041002006,G11000100041002001,110010041002001,1,1
G11000100041002007,110010041002007,G11000100041002004,110010041002004,1,1
G11000100041002008,110010041002008,G11000100041002015,110010041002015,1,1
G11000100041002009,110010041002009,G11000100041002003,110010041002003,1,1
G11000100041002010,110010041002010,G11000100041002005,110010041002005,1,1
G11000100041002011,110010041002011,G11000100041002002,110010041002002,1,1
G11000100041002012,110010041002012,G11000100041002013,110010041002013,1,1
G11000100041002013,110010041002013,G11000100041002014,110010041002014,1,1
G11000100041002014,110010041002014,G11000100041002012,110010041002012,1,1
G11000100041003000,110010041003000,G11000100041003000,110010041003000,1,1
G11000100041003001,110010041003001,G11000100041003001,110010041003001,1,1
G11000100041003002,110010041003002,G11000100041003002,110010041003002,1,1
G11000100041003003,110010041003003,G11000100041003003,110010041003003,0.9418977392,1
G11000100041003003,110010041003003,G11000100041003005,110010041003005,0.0176888165,0
G11000100041003003,110010041003003,G11000100041003012,110010041003012,0.0404134443,0
G11000100041003004,110010041003004,G11000100041003004,110010041003004,0.2031884724,0.2031884724
G11000100041003004,110010041003004,G11000100041003006,110010041003006,0.7968115276,0.7968115276
G11000100041003005,110010041003005,G11000100041003007,110010041003007,0.6438082916,0.6438082916
G11000100041003005,110010041003005,G11000100041003009,110010041003009,0.3561917084,0.3561917084
G11000100041003006,110010041003006,G11000100041003008,110010041003008,1,1
G11000100041003007,110010041003007,G11000100041003017,110010041003017,1,1
G11000100041003007,110010041003007,G11000100041003025,110010041003025,0,0
G11000100041003008,110010041003008,G11000100041003018,110010041003018,1,1
G11000100041003008,110010041003008,G11000100041003019,110010041003019,0,0
G11000100041003009,110010041003009,G11000100041003020,110010041003020,1,1
G11000100041003010,110010041003010,G11000100041003021,110010041003021,0.9663421878,1
G11000100041003010,110010041003010,G11000100041003022,110010041003022,0.0336578122,0
G11000100041003011,110010041003011,G11000100041003011,110010041003011,1,1
G11000100041003012,110010041003012,G11000100041003013,110010041003013,1,1
G11000100041003013,110010041003013,G11000100041003014,110010041003014,1,1
G11000100041003014,110010041003014,G11000100041003015,110010041003015,1,1
G11000100041003015,110010041003015,G11000100041003016,110010041003016,1,1
G11000100041003016,110010041003016,G11000100041003028,110010041003028,1,1
G11000100041003017,110010041003017,G11000100041003029,110010041003029,1,1
G11000100041003018,110010041003018,G11000100041003030,110010041003030,1,1
G11000100041003019,110010041003019,G11000100041003023,110010041003023,0.4735902016,0
G11000100041003019,110010041003019,G11000100041003024,110010041003024,0.5264097984,1
G11000100041003020,110010041003020,G11000100041003031,110010041003031,1,1
G11000100042011000,110010042011000,G11000100042011000,110010042011000,1,1
G11000100042011001,110010042011001,G11000100042011001,110010042011001,1,1
G11000100042011002,110010042011002,G11000100042011002,110010042011002,1,1
G11000100042011003,110010042011003,G11000100042011003,110010042011003,1,1
G11000100042011004,110010042011004,G11000100042011004,110010042011004,1,1
G11000100042011005,110010042011005,G11000100042011005,110010042011005,1,1
G11000100042011006,110010042011006,G11000100042011006,110010042011006,1,1
G11000100042012000,110010042012000,G11000100042012000,110010042012000,1,1
G11000100042012001,110010042012001,G11000100042012001,110010042012001,1,1
G11000100042012002,110010042012002,G11000100042012002,110010042012002,1,1
G11000100042012003,110010042012003,G11000100042012003,110010042012003,1,1
G11000100042013000,110010042013000,G11000100042012004,110010042012004,1,1
G11000100042013001,110010042013001,G11000100042012005,110010042012005,1,1
G11000100042013002,110010042013002,G11000100042012006,110010042012006,1,1
G11000100042013003,110010042013003,G11000100042012007,110010042012007,1,1
G11000100042021000,110010042021000,G11000100042021000,110010042021000,1,1
G11000100042021001,110010042021001,G11000100042021001,110010042021001,1,1
G11000100042021002,110010042021002,G11000100042021002,110010042021002,1,1
G11000100042021003,110010042021003,G11000100042021003,110010042021003,1,1
G11000100042021004,110010042021004,G11000100042021004,110010042021004,0.9032631782,0.75
G11000100042021004,110010042021004,G11000100042021009,110010042021009,0.0967368218,0.25
G11000100042021005,110010042021005,G11000100042021005,110010042021005,1,1
G11000100042021006,110010042021006,G11000100042021006,110010042021006,0.9637398374,1
G11000100042021006,110010042021006,G11000100042021007,110010042021007,0.0362601626,0
G11000100042021007,110010042021007,G11000100042021010,110010042021010,1,1
G11000100042021008,110010042021008,G11000100042021011,110010042021011,1,1
G11000100042021009,110010042021009,G11000100042021008,110010042021008,1,1
G11000100042022000,110010042022000,G11000100042022000,110010042022000,1,1
G11000100042022001,110010042022001,G11000100042022001,110010042022001,1,1
G11000100042022002,110010042022002,G11000100042022002,110010042022002,0.9517641129,0.5089928058
G11000100042022002,110010042022002,G11000100042022003,110010042022003,0.0482358871,0.4910071942
G11000100042022003,110010042022003,G11000100042022006,110010042022006,1,1
G11000100042022004,110010042022004,G11000100042022005,110010042022005,1,1
G11000100042022005,110010042022005,G11000100042022004,110010042022004,1,1
G11000100042022006,110010042022006,G11000100042022007,110010042022007,1,1
G11000100043001000,110010043001000,G11000100043002002,110010043002002,1,1
G11000100043001001,110010043001001,G11000100043002003,110010043002003,1,1
G11000100043001002,110010043001002,G11000100043002006,110010043002006,1,1
G11000100043002000,110010043002000,G11000100043001000,110010043001000,1,1
G11000100043002001,110010043002001,G11000100043001001,110010043001001,1,1
G11000100043002002,110010043002002,G11000100043001006,110010043001006,1,1
G11000100043003000,110010043003000,G11000100043001003,110010043001003,1,1
G11000100043003001,110010043003001,G11000100043001004,110010043001004,1,1
G11000100043003002,110010043003002,G11000100043001005,110010043001005,1,1
G11000100043003003,110010043003003,G11000100043001002,110010043001002,1,1
G11000100043003004,110010043003004,G11000100043001007,110010043001007,1,1
G11000100043004000,110010043004000,G11000100043002000,110010043002000,1,1
G11000100043004001,110010043004001,G11000100043002000,110010043002000,0.2892352709,0.1274745352
G11000100043004001,110010043004001,G11000100043002001,110010043002001,0.7107647291,0.8725254648
G11000100043004002,110010043004002,G11000100043002004,110010043002004,1,1
G11000100043004003,110010043004003,G11000100043002005,110010043002005,1,1
G11000100044011000,110010044011000,G11000100044001002,110010044001002,1,1
G11000100044011001,110010044011001,G11000100044001003,110010044001003,1,1
G11000100044011002,110010044011002,G11000100044001004,110010044001004,1,1
G11000100044011003,110010044011003,G11000100044001007,110010044001007,1,1
G11000100044011004,110010044011004,G11000100044001008,110010044001008,1,1
G11000100044011005,110010044011005,G11000100044001009,110010044001009,1,1
G11000100044011006,110010044011006,G11000100044001009,110010044001009,1,1
G11000100044011007,110010044011007,G11000100044001002,110010044001002,1,1
G11000100044011008,110010044011008,G11000100044001016,110010044001016,1,1
G11000100044011009,110010044011009,G11000100044001015,110010044001015,1,1
G11000100044011010,110010044011010,G11000100044001015,110010044001015,1,1
G11000100044012000,110010044012000,G11000100044001005,110010044001005,1,1
G11000100044012001,110010044012001,G11000100044001006,110010044001006,1,1
G11000100044012002,110010044012002,G11000100044001017,110010044001017,1,1
G11000100044013000,110010044013000,G11000100044001001,110010044001001,1,1
G11000100044013001,110010044013001,G11000100044001000,110010044001000,1,1
G11000100044013002,110010044013002,G11000100044001011,110010044001011,1,1
G11000100044013003,110010044013003,G11000100044001010,110010044001010,1,1
G11000100044013004,110010044013004,G11000100044001018,110010044001018,1,1
G11000100044013005,110010044013005,G11000100044001013,110010044001013,1,1
G11000100044013006,110010044013006,G11000100044001014,110010044001014,1,1
G11000100044013007,110010044013007,G11000100044001012,110010044001012,1,1
G11000100044021000,110010044021000,G11000100044002005,110010044002005,1,1
G11000100044021001,110010044021001,G11000100044002005,110010044002005,1,1
G11000100044021002,110010044021002,G11000100044002006,110010044002006,1,1
G11000100044021003,110010044021003,G11000100044002007,110010044002007,1,1
G11000100044021004,110010044021004,G11000100044002008,110010044002008,1,1
G11000100044021005,110010044021005,G11000100044002009,110010044002009,1,1
G11000100044021006,110010044021006,G11000100044002010,110010044002010,1,1
G11000100044021007,110010044021007,G11000100044002011,110010044002011,1,1
G11000100044021008,110010044021008,G11000100044002011,110010044002011,1,1
G11000100044022000,110010044022000,G11000100044002000,110010044002000,1,1
G11000100044022001,110010044022001,G11000100044002001,110010044002001,1,1
G11000100044022002,110010044022002,G11000100044002002,110010044002002,1,1
G11000100044022003,110010044022003,G11000100044002003,110010044002003,0.1931792811,0
G11000100044022003,110010044022003,G11000100044002004,110010044002004,0.8068207189,1
G11000100044022004,110010044022004,G11000100044002012,110010044002012,1,1
G11000100044022005,110010044022005,G11000100044002013,110010044002013,0.9382948137,0.9453125
G11000100044022005,110010044022005,G11000100044002014,110010044002014,0.0617051863,0.0546875
G11000100044022006,110010044022006,G11000100044002015,110010044002015,1,1
G11000100044022007,110010044022007,G11000100044002016,110010044002016,1,1
G11000100044022008,110010044022008,G11000100044002017,110010044002017,1,1
G11000100044022009,110010044022009,G11000100044002018,110010044002018,1,1
G11000100046001000,110010046001000,G11000100046001000,110010046001000,1,1
G11000100046001001,110010046001001,G11000100046001001,110010046001001,1,1
G11000100046001002,110010046001002,G11000100046001002,110010046001002,1,1
G11000100046001003,110010046001003,G11000100046001002,110010046001002,1,1
G11000100046001004,110010046001004,G11000100046001003,110010046001003,0.5216936251,0.3783832525
G11000100046001004,110010046001004,G11000100046001004,110010046001004,0.4783063749,0.6216167475
G11000100046001005,110010046001005,G11000100046001003,110010046001003,1,1
G11000100046001006,110010046001006,G11000100046001004,110010046001004,1,1
G11000100046001007,110010046001007,G11000100046001004,110010046001004,0.0186011342,0.0154181158
G11000100046001007,110010046001007,G11000100046001005,110010046001005,0.9813988658,0.9845818842
G11000100046001008,110010046001008,G11000100046001003,110010046001003,0.473253012,0.333958476
G11000100046001008,110010046001008,G11000100046001004,110010046001004,0.526746988,0.666041524
G11000100046002000,110010046002000,G11000100046002000,110010046002000,1,1
G11000100046002001,110010046002001,G11000100046002001,110010046002001,1,1
G11000100046002002,110010046002002,G11000100046002002,110010046002002,1,1
G11000100046002003,110010046002003,G11000100046002003,110010046002003,1,1
G11000100046002004,110010046002004,G11000100046002003,110010046002003,1,1
G11000100046002005,110010046002005,G11000100046002004,110010046002004,1,1
G11000100046002006,110010046002006,G11000100046002005,110010046002005,1,1
G11000100046002007,110010046002007,G11000100046002006,110010046002006,1,1
G11000100046002008,110010046002008,G11000100046002007,110010046002007,1,1
G11000100046002009,110010046002009,G11000100046002008,110010046002008,1,1
G11000100046002010,110010046002010,G11000100046002009,110010046002009,1,1
G11000100046002011,110010046002011,G11000100046002010,110010046002010,1,1
G11000100046002012,110010046002012,G11000100046002011,110010046002011,1,1
G11000100046002013,110010046002013,G11000100046002013,110010046002013,0.9734952482,1
G11000100046002013,110010046002013,G11000100048011024,110010048011024,0.0265047518,0
G11000100046002014,110010046002014,G11000100046002014,110010046002014,1,1
G11000100046002015,110010046002015,G11000100046002015,110010046002015,1,1
G11000100046002016,110010046002016,G11000100046002012,110010046002012,1,1
G11000100046002017,110010046002017,G11000100046002014,110010046002014,1,1
G11000100046002018,110010046002018,G11000100046002019,110010046002019,1,1
G11000100046002019,110010046002019,G11000100046002016,110010046002016,1,1
G11000100046002020,110010046002020,G11000100046002017,110010046002017,1,1
G11000100046002021,110010046002021,G11000100046002018,110010046002018,0.9235471297,1
G11000100046002021,110010046002021,G11000100046002020,110010046002020,0.0764528703,0
G11000100047021000,110010047021000,G11000100047021000,110010047021000,1,1
G11000100047021001,110010047021001,G11000100047021001,110010047021001,1,1
G11000100047021002,110010047021002,G11000100047021002,110010047021002,1,1
G11000100047021003,110010047021003,G11000100047021019,110010047021019,1,1
G11000100047021004,110010047021004,G11000100047021020,110010047021020,1,1
G11000100047021005,110010047021005,G11000100047021021,110010047021021,1,1
G11000100047021006,110010047021006,G11000100047021022,110010047021022,0.2269643394,0.2269643394
G11000100047021006,110010047021006,G11000100047021023,110010047021023,0.7707630093,0.7707630093
G11000100047021006,110010047021006,G11000100059001000,110010059001000,0.0022726513,0.0022726513
G11000100047021007,110010047021007,G11000100047021017,110010047021017,1,1
G11000100047021008,110010047021008,G11000100047021018,110010047021018,1,1
G11000100047021009,110010047021009,G11000100047021017,110010047021017,1,1
G11000100047022000,110010047022000,G11000100047021003,110010047021003,0.9801988685,1
G11000100047022000,110010047022000,G11000100047021016,110010047021016,0.0198011315,0
G11000100047022001,110010047022001,G11000100047021004,110010047021004,1,1
G11000100047022002,110010047022002,G11000100047021005,110010047021005,1,1
G11000100047022003,110010047022003,G11000100047021006,110010047021006,1,1
G11000100047022004,110010047022004,G11000100047021012,110010047021012,1,1
G11000100047022005,110010047022005,G11000100047021013,110010047021013,0.9835916135,1
G11000100047022005,110010047022005,G11000100047021014,110010047021014,0.0164083865,0
G11000100047022006,110010047022006,G11000100047021014,110010047021014,1,1
G11000100047022007,110010047022007,G11000100047021015,110010047021015,1,1
G11000100047022008,110010047022008,G11000100047021016,110010047021016,1,1
G11000100047022009,110010047022009,G11000100047021014,110010047021014,1,1
G11000100047023000,110010047023000,G11000100047021007,110010047021007,1,1
G11000100047024000,110010047024000,G11000100047021007,110010047021007,1,1
G11000100047024001,110010047024001,G11000100047021008,110010047021008,0.9543300302,1
G11000100047024001,110010047024001,G11000100047021010,110010047021010,0.0456699698,0
G11000100047024002,110010047024002,G11000100047021009,110010047021009,1,1
G11000100047025000,110010047025000,G11000100047021011,110010047021011,1,1
G11000100047031000,110010047031000,G11000100047012010,110010047012010,1,1
G11000100047032000,110010047032000,G11000100047012010,110010047012010,1,1
G11000100047032001,110010047032001,G11000100047012008,110010047012008,1,1
G11000100047032002,110010047032002,G11000100047012007,110010047012007,1,1
G11000100047033000,110010047033000,G11000100047012009,110010047012009,1,1
G11000100047034000,110010047034000,G11000100047012004,110010047012004,1,1
G11000100047034001,110010047034001,G11000100047012005,110010047012005,1,1
G11000100047034002,110010047034002,G11000100047012006,110010047012006,1,1
G11000100047041000,110010047041000,G11000100047011000,110010047011000,1,1
G11000100047041001,110010047041001,G11000100047011000,110010047011000,0.4572516442,0.5493596183
G11000100047041001,110010047041001,G11000100047011002,110010047011002,0.5427483558,0.4506403817
G11000100047041002,110010047041002,G11000100047011001,110010047011001,1,1
G11000100047041003,110010047041003,G11000100047011003,110010047011003,1,1
G11000100047042000,110010047042000,G11000100047012000,110010047012000,1,1
G11000100047042001,110010047042001,G11000100047012000,110010047012000,1,1
G11000100047042002,110010047042002,G11000100047012000,110010047012000,1,1
G11000100047042003,110010047042003,G11000100047012001,110010047012001,1,1
G11000100047042004,110010047042004,G11000100047012001,110010047012001,0.4396793587,0
G11000100047042004,110010047042004,G11000100047012002,110010047012002,0.5603206413,1
G11000100047042005,110010047042005,G11000100047012002,110010047012002,1,1
G11000100047042006,110010047042006,G11000100047012003,110010047012003,1,1
G11000100047042007,110010047042007,G11000100047012003,110010047012003,1,1
G11000100048011000,110010048011000,G11000100048011006,110010048011006,1,1
G11000100048011001,110010048011001,G11000100048011006,110010048011006,1,1
G11000100048011002,110010048011002,G11000100048011017,110010048011017,1,1
G11000100048011003,110010048011003,G11000100048011018,110010048011018,1,1
G11000100048011004,110010048011004,G11000100048011018,110010048011018,1,1
G11000100048011005,110010048011005,G11000100048011020,110010048011020,1,1
G11000100048011006,110010048011006,G11000100048011016,110010048011016,1,1
G11000100048011007,110010048011007,G11000100048011021,110010048011021,1,1
G11000100048012000,110010048012000,G11000100048011000,110010048011000,1,1
G11000100048012001,110010048012001,G11000100048011001,110010048011001,1,1
G11000100048012002,110010048012002,G11000100048011002,110010048011002,1,1
G11000100048012003,110010048012003,G11000100048011003,110010048011003,1,1
G11000100048012004,110010048012004,G11000100048011004,110010048011004,1,1
G11000100048012005,110010048012005,G11000100048011005,110010048011005,0.9745358899,1
G11000100048012005,110010048012005,G11000100048011019,110010048011019,0.0254641101,0
G11000100048012006,110010048012006,G11000100048011007,110010048011007,1,1
G11000100048012007,110010048012007,G11000100048011008,110010048011008,1,1
G11000100048013000,110010048013000,G11000100048011009,110010048011009,1,1
G11000100048013001,110010048013001,G11000100048011010,110010048011010,1,1
G11000100048013002,110010048013002,G11000100048011010,110010048011010,1,1
G11000100048013003,110010048013003,G11000100048011009,110010048011009,1,1
G11000100048013004,110010048013004,G11000100048011012,110010048011012,1,1
G11000100048013005,110010048013005,G11000100048011011,110010048011011,1,1
G11000100048013006,110010048013006,G11000100048011013,110010048011013,1,1
G11000100048013007,110010048013007,G11000100048011014,110010048011014,1,1
G11000100048013008,110010048013008,G11000100048011015,110010048011015,1,1
G11000100048013009,110010048013009,G11000100048011022,110010048011022,1,1
G11000100048013010,110010048013010,G11000100048011023,110010048011023,0.9676277535,1
G11000100048013010,110010048013010,G11000100048011025,110010048011025,0.0323722465,0
G11000100048021000,110010048021000,G11000100048021000,110010048021000,1,1
G11000100048021001,110010048021001,G11000100048021001,110010048021001,1,1
G11000100048021002,110010048021002,G11000100048021002,110010048021002,1,1
G11000100048021003,110010048021003,G11000100048021003,110010048021003,1,1
G11000100048021004,110010048021004,G11000100048021004,110010048021004,1,1
G11000100048021005,110010048021005,G11000100048021005,110010048021005,1,1
G11000100048021006,110010048021006,G11000100047012009,110010047012009,0.0614786465,0.0016611811
G11000100048021006,110010048021006,G11000100048021006,110010048021006,0.9385213535,0.9983388189
G11000100048021007,110010048021007,G11000100048021007,110010048021007,1,1
G11000100048021008,110010048021008,G11000100048021008,110010048021008,1,1
G11000100048022000,110010048022000,G11000100048022000,110010048022000,1,1
G11000100048022001,110010048022001,G11000100048022001,110010048022001,1,1
G11000100048022002,110010048022002,G11000100048022002,110010048022002,1,1
G11000100048022003,110010048022003,G11000100048022003,110010048022003,1,1
G11000100048022004,110010048022004,G11000100048022004,110010048022004,1,1
G11000100048022005,110010048022005,G11000100048022005,110010048022005,1,1
G11000100048022006,110010048022006,G11000100048022006,110010048022006,1,1
G11000100048022007,110010048022007,G11000100048022007,110010048022007,1,1
G11000100049011000,110010049011000,G11000100049011000,110010049011000,1,1
G11000100049011001,110010049011001,G11000100049011001,110010049011001,1,1
G11000100049011002,110010049011002,G11000100049011002,110010049011002,1,1
G11000100049011003,110010049011003,G11000100049011003,110010049011003,1,1
G11000100049011004,110010049011004,G11000100049011004,110010049011004,1,1
G11000100049011005,110010049011005,G11000100049011005,110010049011005,1,1
G11000100049011006,110010049011006,G11000100049011006,110010049011006,1,1
G11000100049012000,110010049012000,G11000100049012000,110010049012000,1,1
G11000100049012001,110010049012001,G11000100049012001,110010049012001,1,1
G11000100049012002,110010049012002,G11000100049012001,110010049012001,1,1
G11000100049012003,110010049012003,G11000100049012000,110010049012000,1,1
G11000100049012004,110010049012004,G11000100049012006,110010049012006,1,1
G11000100049012005,110010049012005,G11000100049012005,110010049012005,1,1
G11000100049012006,110010049012006,G11000100049012008,110010049012008,1,1
G11000100049012007,110010049012007,G11000100049012007,110010049012007,1,1
G11000100049013000,110010049013000,G11000100049012003,110010049012003,1,1
G11000100049013001,110010049013001,G11000100049012002,110010049012002,0.5574712644,0.5574712644
G11000100049013001,110010049013001,G11000100049012010,110010049012010,0.4425287356,0.4425287356
G11000100049013002,110010049013002,G11000100049012012,110010049012012,1,1
G11000100049013003,110010049013003,G11000100049012011,110010049012011,1,1
G11000100049013004,110010049013004,G11000100049012011,110010049012011,1,1
G11000100049013005,110010049013005,G11000100049012004,110010049012004,0.3109873015,1
G11000100049013005,110010049013005,G11000100049012010,110010049012010,0.6890126985,0
G11000100049013006,110010049013006,G11000100049012002,110010049012002,1,1
G11000100049013007,110010049013007,G11000100049012009,110010049012009,1,1
G11000100049013008,110010049013008,G11000100049012013,110010049012013,1,1
G11000100049013009,110010049013009,G11000100049012014,110010049012014,1,1
G11000100049021000,110010049021000,G11000100049021000,110010049021000,1,1
G11000100049021001,110010049021001,G11000100049021001,110010049021001,1,1
G11000100049021002,110010049021002,G11000100049021002,110010049021002,1,1
G11000100049021003,110010049021003,G11000100049021003,110010049021003,1,1
G11000100049021004,110010049021004,G11000100049021004,110010049021004,1,1
G11000100049021005,110010049021005,G11000100049021005,110010049021005,1,1
G11000100049021006,110010049021006,G11000100049021006,110010049021006,1,1
G11000100049021007,110010049021007,G11000100049021007,110010049021007,1,1
G11000100049022000,110010049022000,G11000100049022000,110010049022000,1,1
G11000100049022001,110010049022001,G11000100049022000,110010049022000,1,1
G11000100049022002,110010049022002,G11000100049022001,110010049022001,1,1
G11000100049022003,110010049022003,G11000100049022002,110010049022002,1,1
G11000100049022004,110010049022004,G11000100049022004,110010049022004,1,1
G11000100049022005,110010049022005,G11000100049022006,110010049022006,1,1
G11000100049022006,110010049022006,G11000100049022003,110010049022003,0.1641632529,0.0113636364
G11000100049022006,110010049022006,G11000100049022005,110010049022005,0.8358367471,0.9886363636
G11000100049023000,110010049023000,G11000100049022009,110010049022009,1,1
G11000100049023001,110010049023001,G11000100049022007,110010049022007,0.5420715319,0.6368343195
G11000100049023001,110010049023001,G11000100049022008,110010049022008,0.4579284681,0.3631656805
G11000100049023002,110010049023002,G11000100049022013,110010049022013,1,1
G11000100049023003,110010049023003,G11000100049022012,110010049022012,1,1
G11000100049023004,110010049023004,G11000100049022011,110010049022011,1,1
G11000100049023005,110010049023005,G11000100049022010,110010049022010,1,1
G11000100050011000,110010050011000,G11000100050011000,110010050011000,0.3228218154,0
G11000100050011000,110010050011000,G11000100050011002,110010050011002,0.6771781846,1
G11000100050011001,110010050011001,G11000100050011001,110010050011001,1,1
G11000100050011002,110010050011002,G11000100050011003,110010050011003,0.9716323553,1
G11000100050011002,110010050011002,G11000100050011004,110010050011004,0.0283676447,0
G11000100050011003,110010050011003,G11000100050011006,110010050011006,1,1
G11000100050011004,110010050011004,G11000100050011005,110010050011005,1,1
G11000100050011005,110010050011005,G11000100050011005,110010050011005,1,1
G11000100050011006,110010050011006,G11000100050011009,110010050011009,1,1
G11000100050011007,110010050011007,G11000100050011009,110010050011009,1,1
G11000100050011008,110010050011008,G11000100050011009,110010050011009,1,1
G11000100050011009,110010050011009,G11000100050011007,110010050011007,1,1
G11000100050011010,110010050011010,G11000100050011008,110010050011008,1,1
G11000100050011011,110010050011011,G11000100050011010,110010050011010,1,1
G11000100050011012,110010050011012,G11000100050011010,110010050011010,1,1
G11000100050012000,110010050012000,G11000100050012000,110010050012000,1,1
G11000100050012001,110010050012001,G11000100050012001,110010050012001,1,1
G11000100050012002,110010050012002,G11000100050012002,110010050012002,1,1
G11000100050012003,110010050012003,G11000100050012003,110010050012003,1,1
G11000100050012004,110010050012004,G11000100050012005,110010050012005,1,1
G11000100050012005,110010050012005,G11000100050012004,110010050012004,1,1
G11000100050012006,110010050012006,G11000100050012004,110010050012004,1,1
G11000100050012007,110010050012007,G11000100050012005,110010050012005,1,1
G11000100050031000,110010050031000,G11000100050022000,110010050022000,1,1
G11000100050031001,110010050031001,G11000100050022001,110010050022001,1,1
G11000100050031002,110010050031002,G11000100050023008,110010050023008,1,1
G11000100050031003,110010050031003,G11000100050022002,110010050022002,1,1
G11000100050032000,110010050032000,G11000100050022003,110010050022003,1,1
G11000100050032001,110010050032001,G11000100050022004,110010050022004,1,1
G11000100050032002,110010050032002,G11000100050022005,110010050022005,1,1
G11000100050032003,110010050032003,G11000100050022006,110010050022006,1,1
G11000100050041000,110010050041000,G11000100050021000,110010050021000,1,1
G11000100050041001,110010050041001,G11000100050021000,110010050021000,1,1
G11000100050041002,110010050041002,G11000100050021001,110010050021001,0.5004451605,0.4778411584
G11000100050041002,110010050041002,G11000100050021002,110010050021002,0.4995548395,0.5221588416
G11000100050042000,110010050042000,G11000100050023000,110010050023000,1,1
G11000100050042001,110010050042001,G11000100050012007,110010050012007,0.2492931981,0
G11000100050042001,110010050042001,G11000100050023001,110010050023001,0.7507068019,1
G11000100050042002,110010050042002,G11000100050012006,110010050012006,0.3375534645,0
G11000100050042002,110010050042002,G11000100050023002,110010050023002,0.3709153122,1
G11000100050042002,110010050042002,G11000100050023003,110010050023003,0.2915312233,0
G11000100050042003,110010050042003,G11000100050023004,110010050023004,1,1
G11000100050042004,110010050042004,G11000100050023000,110010050023000,1,1
G11000100050042005,110010050042005,G11000100050023005,110010050023005,1,1
G11000100050042006,110010050042006,G11000100050023005,110010050023005,1,1
G11000100050042007,110010050042007,G11000100050023006,110010050023006,1,1
G11000100050042008,110010050042008,G11000100050023007,110010050023007,1,1
G11000100050043000,110010050043000,G11000100050024000,110010050024000,0.3252045564,0.4281105665
G11000100050043000,110010050043000,G11000100050024001,110010050024001,0.6747954436,0.5718894335
G11000100050043001,110010050043001,G11000100050024003,110010050024003,1,1
G11000100050043002,110010050043002,G11000100050024002,110010050024002,0.9180894989,0.9476637922
G11000100050043002,110010050043002,G11000100050024003,110010050024003,0.0819105011,0.0523362078
G11000100050043003,110010050043003,G11000100050024000,110010050024000,0.9372422249,1
G11000100050043003,110010050043003,G11000100050024004,110010050024004,0.0627577751,0
G11000100052021000,110010052021000,G11000100052014004,110010052014004,1,1
G11000100052021001,110010052021001,G11000100052014004,110010052014004,1,1
G11000100052021002,110010052021002,G11000100052014005,110010052014005,1,1
G11000100052022000,110010052022000,G11000100052012000,110010052012000,1,1
G11000100052022001,110010052022001,G11000100052012001,110010052012001,1,1
G11000100052022002,110010052022002,G11000100052012002,110010052012002,1,1
G11000100052022003,110010052022003,G11000100052012003,110010052012003,1,1
G11000100052022004,110010052022004,G11000100052012003,110010052012003,1,1
G11000100052022005,110010052022005,G11000100052012003,110010052012003,1,1
G11000100052022006,110010052022006,G11000100052012004,110010052012004,1,1
G11000100052022007,110010052022007,G11000100052012004,110010052012004,1,1
G11000100052022008,110010052022008,G11000100052012005,110010052012005,1,1
G11000100052022009,110010052022009,G11000100052012006,110010052012006,1,1
G11000100052022010,110010052022010,G11000100052012007,110010052012007,1,1
G11000100052022011,110010052022011,G11000100052012008,110010052012008,1,1
G11000100052022012,110010052022012,G11000100052012009,110010052012009,1,1
G11000100052023000,110010052023000,G11000100052014000,110010052014000,1,1
G11000100052023001,110010052023001,G11000100052014001,110010052014001,1,1
G11000100052023002,110010052023002,G11000100052014002,110010052014002,1,1
G11000100052023003,110010052023003,G11000100052014003,110010052014003,1,1
G11000100052031000,110010052031000,G11000100052011000,110010052011000,1,1
G11000100052032000,110010052032000,G11000100052013000,110010052013000,0.5213624141,0.1269424307
G11000100052032000,110010052032000,G11000100052013001,110010052013001,0.4786375859,0.8730575693
G11000100052032001,110010052032001,G11000100052013000,110010052013000,1,1
G11000100052032002,110010052032002,G11000100052013002,110010052013002,1,1
G11000100052033000,110010052033000,G11000100052011001,110010052011001,1,1
G11000100052033001,110010052033001,G11000100052011002,110010052011002,1,1
G11000100052033002,110010052033002,G11000100052011003,110010052011003,0.3428798727,0.3428798727
G11000100052033002,110010052033002,G11000100052011006,110010052011006,0.6571201273,0.6571201273
G11000100052033003,110010052033003,G11000100052011004,110010052011004,0.6232114467,0.6232114467
G11000100052033003,110010052033003,G11000100052011005,110010052011005,0.3767885533,0.3767885533
G11000100053021000,110010053021000,G11000100053011000,110010053011000,1,1
G11000100053021001,110010053021001,G11000100053011001,110010053011001,1,1
G11000100053021002,110010053021002,G11000100053011002,110010053011002,1,1
G11000100053022000,110010053022000,G11000100053014000,110010053014000,1,1
G11000100053022001,110010053022001,G11000100053014003,110010053014003,1,1
G11000100053022002,110010053022002,G11000100053014004,110010053014004,1,1
G11000100053023000,110010053023000,G11000100053014001,110010053014001,1,1
G11000100053023001,110010053023001,G11000100053014002,110010053014002,0.4314290863,0.2961460446
G11000100053023001,110010053023001,G11000100053014005,110010053014005,0.5685709137,0.7038539554
G11000100053031000,110010053031000,G11000100053013000,110010053013000,1,1
G11000100053031001,110010053031001,G11000100053013003,110010053013003,1,1
G11000100053031002,110010053031002,G11000100053013004,110010053013004,0.4887556222,0.4887556222
G11000100053031002,110010053031002,G11000100053013007,110010053013007,0.5112443778,0.5112443778
G11000100053031003,110010053031003,G11000100053013005,110010053013005,0.3489073097,0.3489073097
G11000100053031003,110010053031003,G11000100053013006,110010053013006,0.6510926903,0.6510926903
G11000100053032000,110010053032000,G11000100053012000,110010053012000,1,1
G11000100053032001,110010053032001,G11000100053012000,110010053012000,0.4025221541,0.9335538507
G11000100053032001,110010053032001,G11000100053012005,110010053012005,0.5974778459,0.0664461493
G11000100053032002,110010053032002,G11000100053012001,110010053012001,1,1
G11000100053032003,110010053032003,G11000100053012002,110010053012002,0.9465117947,1
G11000100053032003,110010053032003,G11000100053012003,110010053012003,0.0534882053,0
G11000100053032004,110010053032004,G11000100053012004,110010053012004,1,1
G11000100053033000,110010053033000,G11000100053013001,110010053013001,1,1
G11000100053033001,110010053033001,G11000100053013002,110010053013002,1,1
G11000100055011000,110010055011000,G11000100055003000,110010055003000,1,1
G11000100055011001,110010055011001,G11000100055003001,110010055003001,1,1
G11000100055011002,110010055011002,G11000100055003001,110010055003001,1,1
G11000100055011003,110010055011003,G11000100055003002,110010055003002,1,1
G11000100055011004,110010055011004,G11000100055003003,110010055003003,1,1
G11000100055011005,110010055011005,G11000100055003007,110010055003007,1,1
G11000100055012000,110010055012000,G11000100055003006,110010055003006,1,1
G11000100055012001,110010055012001,G11000100055003005,110010055003005,1,1
G11000100055012002,110010055012002,G11000100055003004,110010055003004,1,1
G11000100055012003,110010055012003,G11000100055003009,110010055003009,1,1
G11000100055012004,110010055012004,G11000100055003008,110010055003008,1,1
G11000100055012005,110010055012005,G11000100055003010,110010055003010,1,1
G11000100055012006,110010055012006,G11000100055003010,110010055003010,1,1
G11000100055012007,110010055012007,G11000100055003011,110010055003011,0.4992487658,0.4992487658
G11000100055012007,110010055012007,G11000100055003012,110010055003012,0.5007512342,0.5007512342
G11000100055021000,110010055021000,G11000100055001000,110010055001000,0.0671174245,0
G11000100055021000,110010055021000,G11000100055001001,110010055001001,0.9328825755,1
G11000100055021001,110010055021001,G11000100055001004,110010055001004,1,1
G11000100055021002,110010055021002,G11000100055001003,110010055001003,1,1
G11000100055021003,110010055021003,G11000100055001002,110010055001002,1,1
G11000100055021004,110010055021004,G11000100055001002,110010055001002,1,1
G11000100055021005,110010055021005,G11000100055001010,110010055001010,1,1
G11000100055021006,110010055021006,G11000100055001011,110010055001011,1,1
G11000100055021007,110010055021007,G11000100055001005,110010055001005,1,1
G11000100055021008,110010055021008,G11000100055001006,110010055001006,1,1
G11000100055021009,110010055021009,G11000100055001007,110010055001007,1,1
G11000100055021010,110010055021010,G11000100055001008,110010055001008,1,1
G11000100055021011,110010055021011,G11000100055001009,110010055001009,1,1
G11000100055021012,110010055021012,G11000100055001016,110010055001016,0.8288752173,0.9296454114
G11000100055021012,110010055021012,G11000100055001017,110010055001017,0.1711247827,0.0703545886
G11000100055021013,110010055021013,G11000100055001016,110010055001016,0.1547543076,0.3330971981
G11000100055021013,110010055021013,G11000100055001017,110010055001017,0.8452456924,0.6669028019
G11000100055021014,110010055021014,G11000100055001015,110010055001015,1,1
G11000100055021015,110010055021015,G11000100055001014,110010055001014,1,1
G11000100055021016,110010055021016,G11000100055001012,110010055001012,0.4996286544,0
G11000100055021016,110010055021016,G11000100055001013,110010055001013,0.5003713456,1
G11000100055021017,110010055021017,G11000100055001017,110010055001017,1,1
G11000100055022000,110010055022000,G11000100055004000,110010055004000,1,1
G11000100055022001,110010055022001,G11000100055004000,110010055004000,1,1
G11000100055022002,110010055022002,G11000100055004001,110010055004001,1,1
G11000100055022003,110010055022003,G11000100055004001,110010055004001,1,1
G11000100055022004,110010055022004,G11000100055004002,110010055004002,1,1
G11000100055022005,110010055022005,G11000100055004002,110010055004002,1,1
G11000100055023000,110010055023000,G11000100055005000,110010055005000,1,1
G11000100055023001,110010055023001,G11000100055005001,110010055005001,1,1
G11000100055023002,110010055023002,G11000100055005002,110010055005002,1,1
G11000100055023003,110010055023003,G11000100055005003,110010055005003,1,1
G11000100055023004,110010055023004,G11000100055005004,110010055005004,1,1
G11000100055031000,110010055031000,G11000100055002011,110010055002011,1,1
G11000100055031001,110010055031001,G11000100055002005,110010055002005,1,1
G11000100055031002,110010055031002,G11000100055002006,110010055002006,1,1
G11000100055031002,110010055031002,G11000100055002007,110010055002007,0,0
G11000100055031003,110010055031003,G11000100055002010,110010055002010,1,1
G11000100055031004,110010055031004,G11000100055002012,110010055002012,1,1
G11000100055032000,110010055032000,G11000100055002000,110010055002000,1,1
G11000100055032001,110010055032001,G11000100055002004,110010055002004,1,1
G11000100055032002,110010055032002,G11000100055002001,110010055002001,1,1
G11000100055032002,110010055032002,G11000100055002003,110010055002003,0,0
G11000100055032003,110010055032003,G11000100055002002,110010055002002,1,1
G11000100056011000,110010056011000,G11000100056001006,110010056001006,0.4179693315,0.4252441773
G11000100056011000,110010056011000,G11000100056001007,110010056001007,0.5820306685,0.5747558227
G11000100056011001,110010056011001,G11000100056001008,110010056001008,1,1
G11000100056012000,110010056012000,G11000100056001000,110010056001000,1,1
G11000100056012001,110010056012001,G11000100056001001,110010056001001,1,1
G11000100056012002,110010056012002,G11000100056001002,110010056001002,1,1
G11000100056012003,110010056012003,G11000100056001003,110010056001003,1,1
G11000100056012004,110010056012004,G11000100001004028,110010001004028,0,0
G11000100056012004,110010056012004,G11000100001004035,110010001004035,0,0
G11000100056012004,110010056012004,G11000100001004050,110010001004050,0.0105768921,0
G11000100056012004,110010056012004,G11000100056001004,110010056001004,0.7723066009,0.9953678164
G11000100056012004,110010056012004,G11000100056001005,110010056001005,0.1986714392,0
G11000100056012004,110010056012004,G11000100056001009,110010056001009,0.0184450679,0.0046321836
G11000100056012005,110010056012005,G11000100001004028,110010001004028,0,0
G11000100056012005,110010056012005,G11000100001004050,110010001004050,0.323458767,0
G11000100056012005,110010056012005,G11000100056001009,110010056001009,0.676541233,1
G11000100056012005,110010056012005,G11000100056001010,110010056001010,0,0
G11000100056012006,110010056012006,G11000100056001004,110010056001004,0.3142342342,1
G11000100056012006,110010056012006,G11000100056001005,110010056001005,0.1585585586,0
G11000100056012006,110010056012006,G11000100056001010,110010056001010,0,0
G11000100056012006,110010056012006,G11000100056001012,110010056001012,0.2583783784,0
G11000100056012006,110010056012006,G11000100056001013,110010056001013,0.2688288288,0
G11000100056012007,110010056012007,G11000100056001002,110010056001002,1,1
G11000100056012008,110010056012008,G11000100056001000,110010056001000,0.273605948,0
G11000100056012008,110010056012008,G11000100056001001,110010056001001,0.726394052,1
G11000100056013000,110010056013000,G11000100056004000,110010056004000,1,1
G11000100056013001,110010056013001,G11000100056004001,110010056004001,1,1
G11000100056013002,110010056013002,G11000100056004001,110010056004001,0.9738630084,0.8002136129
G11000100056013002,110010056013002,G11000100056004002,110010056004002,0.0261369916,0.1997863871
G11000100056013003,110010056013003,G11000100056004006,110010056004006,1,1
G11000100056013004,110010056013004,G11000100056004005,110010056004005,1,1
G11000100056013005,110010056013005,G11000100056004004,110010056004004,1,1
G11000100056013006,110010056013006,G11000100056004003,110010056004003,1,1
G11000100056021000,110010056021000,G11000100056002018,110010056002018,1,1
G11000100056021001,110010056021001,G11000100056002015,110010056002015,0.026687208,0
G11000100056021001,110010056021001,G11000100056002016,110010056002016,0.0461683729,0
G11000100056021001,110010056021001,G11000100056002017,110010056002017,0.927144419,1
G11000100056022000,110010056022000,G11000100056003000,110010056003000,0.9854998986,0.9874213196
G11000100056022000,110010056022000,G11000100056003005,110010056003005,0.0145001014,0.0125786804
G11000100056022001,110010056022001,G11000100056003001,110010056003001,1,1
G11000100056022002,110010056022002,G11000100056003002,110010056003002,0.5901149863,0.3223707853
G11000100056022002,110010056022002,G11000100056003003,110010056003003,0.0101857146,0
G11000100056022002,110010056022002,G11000100056003004,110010056003004,0.0085339771,0
G11000100056022002,110010056022002,G11000100056003005,110010056003005,0.391165322,0.6776292147
G11000100056022003,110010056022003,G11000100056003005,110010056003005,1,1
G11000100056022004,110010056022004,G11000100056003006,110010056003006,1,1
G11000100056023000,110010056023000,G11000100056002000,110010056002000,0.2933308187,0.4810795023
G11000100056023000,110010056023000,G11000100056002001,110010056002001,0.1121443804,0
G11000100056023000,110010056023000,G11000100056002002,110010056002002,0.2378099204,0.012528112
G11000100056023000,110010056023000,G11000100056002003,110010056002003,0.0107646999,0
G11000100056023000,110010056023000,G11000100056002006,110010056002006,0.0039025664,0.0050112448
G11000100056023000,110010056023000,G11000100056002007,110010056002007,0.011446561,0
G11000100056023000,110010056023000,G11000100056002008,110010056002008,0.1278126768,0.4961132367
G11000100056023000,110010056023000,G11000100056002009,110010056002009,0.007660056,0.0002566593
G11000100056023000,110010056023000,G11000100056002012,110010056002012,0.1824631142,0.0050112448
G11000100056023000,110010056023000,G11000100056002013,110010056002013,0.0044828737,0
G11000100056023000,110010056023000,G11000100056002014,110010056002014,0.0081823325,0
G11000100056023001,110010056023001,G11000100056002004,110010056002004,1,1
G11000100056023001,110010056023001,G11000100056002010,110010056002010,0,0
G11000100056023002,110010056023002,G11000100056002009,110010056002009,1,1
G11000100056023002,110010056023002,G11000100056002010,110010056002010,0,0
G11000100056023003,110010056023003,G11000100056002005,110010056002005,1,1
G11000100056023004,110010056023004,G11000100056002009,110010056002009,0.7401338971,1
G11000100056023004,110010056023004,G11000100062021058,110010062021058,0.2598661029,0
G11000100056023005,110010056023005,G11000100056002009,110010056002009,1,1
G11000100056023006,110010056023006,G11000100056002010,110010056002010,0.5525790349,0.5525790349
G11000100056023006,110010056023006,G11000100056002011,110010056002011,0.4474209651,0.4474209651
G11000100056023007,110010056023007,G11000100056002021,110010056002021,0.5418060201,0.5418060201
G11000100056023007,110010056023007,G11000100056002023,110010056002023,0.4581939799,0.4581939799
G11000100056023008,110010056023008,G11000100056002022,110010056002022,1,1
G11000100056023009,110010056023009,G11000100056002020,110010056002020,1,1
G11000100056023010,110010056023010,G11000100056002019,110010056002019,0.9643254342,0.9643254342
G11000100056023010,110010056023010,G11000100056002024,110010056002024,0.0356745658,0.0356745658
G11000100058011000,110010058011000,G11000100058002011,110010058002011,1,1
G11000100058011001,110010058011001,G11000100058002010,110010058002010,1,1
G11000100058011002,110010058011002,G11000100058002013,110010058002013,1,1
G11000100058011003,110010058011003,G11000100058002012,110010058002012,1,1
G11000100058011004,110010058011004,G11000100058002014,110010058002014,0.078216752,0
G11000100058011004,110010058011004,G11000100058002015,110010058002015,0.4281016583,0
G11000100058011004,110010058011004,G11000100058002016,110010058002016,0.4305914408,1
G11000100058011004,110010058011004,G11000100058002017,110010058002017,0.0630901489,0
G11000100058012000,110010058012000,G11000100058002000,110010058002000,1,1
G11000100058012001,110010058012001,G11000100058002001,110010058002001,1,1
G11000100058012002,110010058012002,G11000100058002002,110010058002002,1,1
G11000100058012003,110010058012003,G11000100058002003,110010058002003,1,1
G11000100058012004,110010058012004,G11000100058002004,110010058002004,1,1
G11000100058012005,110010058012005,G11000100058002005,110010058002005,0.6015571187,0.9928229665
G11000100058012005,110010058012005,G11000100058002006,110010058002006,0.3984428813,0.0071770335
G11000100058012006,110010058012006,G11000100058002007,110010058002007,1,1
G11000100058012007,110010058012007,G11000100058002008,110010058002008,1,1
G11000100058012008,110010058012008,G11000100058002009,110010058002009,1,1
G11000100058021000,110010058021000,G11000100058001006,110010058001006,0.918824164,0.918824164
G11000100058021000,110010058021000,G11000100101001022,110010101001022,0.081175836,0.081175836
G11000100058021001,110010058021001,G11000100058001007,110010058001007,1,1
G11000100058021002,110010058021002,G11000100058001010,110010058001010,1,1
G11000100058021003,110010058021003,G11000100058001011,110010058001011,1,1
G11000100058021004,110010058021004,G11000100058001032,110010058001032,1,1
G11000100058021005,110010058021005,G11000100058001019,110010058001019,1,1
G11000100058021006,110010058021006,G11000100058001034,110010058001034,1,1
G11000100058021007,110010058021007,G11000100058001033,110010058001033,1,1
G11000100058022000,110010058022000,G11000100058001008,110010058001008,1,1
G11000100058022001,110010058022001,G11000100058001009,110010058001009,1,1
G11000100058022002,110010058022002,G11000100058001022,110010058001022,1,1
G11000100058022003,110010058022003,G11000100058001021,110010058001021,1,1
G11000100058022004,110010058022004,G11000100058001020,110010058001020,1,1
G11000100058022005,110010058022005,G11000100058001035,110010058001035,1,1
G11000100058022006,110010058022006,G11000100058001036,110010058001036,1,1
G11000100058022007,110010058022007,G11000100058001041,110010058001041,0.2059895074,0.2059895074
G11000100058022007,110010058022007,G11000100058001042,110010058001042,0.494607986,0.494607986
G11000100058022007,110010058022007,G11000100062021253,110010062021253,0.2994025066,0.2994025066
G11000100058023000,110010058023000,G11000100058001028,110010058001028,0.6641711508,0
G11000100058023000,110010058023000,G11000100058001038,110010058001038,0.3358288492,1
G11000100058023001,110010058023001,G11000100058001029,110010058001029,0.8725427623,0.8725427623
G11000100058023001,110010058023001,G11000100058001037,110010058001037,0.1274572377,0.1274572377
G11000100058023002,110010058023002,G11000100058001044,110010058001044,1,1
G11000100058023003,110010058023003,G11000100058001043,110010058001043,1,1
G11000100058024000,110010058024000,G11000100058001026,110010058001026,1,1
G11000100058024001,110010058024001,G11000100058001027,110010058001027,1,1
G11000100058024002,110010058024002,G11000100058001039,110010058001039,0.425268998,0.5039577836
G11000100058024002,110010058024002,G11000100058001040,110010058001040,0.574731002,0.4960422164
G11000100058025000,110010058025000,G11000100058001000,110010058001000,1,1
G11000100058025001,110010058025001,G11000100058001001,110010058001001,0.5339670573,0.5339670573
G11000100058025001,110010058025001,G11000100058001002,110010058001002,0.4660329427,0.4660329427
G11000100058025002,110010058025002,G11000100058001005,110010058001005,1,1
G11000100058025003,110010058025003,G11000100058001005,110010058001005,1,1
G11000100058025004,110010058025004,G11000100058001005,110010058001005,1,1
G11000100058025005,110010058025005,G11000100058001005,110010058001005,1,1
G11000100058025006,110010058025006,G11000100058001004,110010058001004,1,1
G11000100058025007,110010058025007,G11000100058001003,110010058001003,1,1
G11000100058025008,110010058025008,G11000100058001015,110010058001015,1,1
G11000100058025009,110010058025009,G11000100058001014,110010058001014,1,1
G11000100058025010,110010058025010,G11000100058001013,110010058001013,1,1
G11000100058025011,110010058025011,G11000100058001012,110010058001012,1,1
G11000100058025012,110010058025012,G11000100058001018,110010058001018,1,1
G11000100058025013,110010058025013,G11000100058001017,110010058001017,1,1
G11000100058025014,110010058025014,G11000100058001016,110010058001016,1,1
G11000100058025015,110010058025015,G11000100058001031,110010058001031,1,1
G11000100058025016,110010058025016,G11000100058001030,110010058001030,1,1
G11000100058025017,110010058025017,G11000100058001023,110010058001023,1,1
G11000100058025018,110010058025018,G11000100058001017,110010058001017,1,1
G11000100058025019,110010058025019,G11000100058001025,110010058001025,1,1
G11000100058025020,110010058025020,G11000100058001024,110010058001024,1,1
G11000100059001000,110010059001000,G11000100059001009,110010059001009,1,1
G11000100059001001,110010059001001,G11000100059001010,110010059001010,0.9583649088,1
G11000100059001001,110010059001001,G11000100059001011,110010059001011,0.0416350912,0
G11000100059002000,110010059002000,G11000100059001000,110010059001000,0.2016319409,0.2016319409
G11000100059002000,110010059002000,G11000100059001001,110010059001001,0.7983680591,0.7983680591
G11000100059002001,110010059002001,G11000100059001002,110010059001002,1,1
G11000100059002002,110010059002002,G11000100059001003,110010059001003,0.9653109081,0.9653109081
G11000100059002002,110010059002002,G11000100059001020,110010059001020,0.0346890919,0.0346890919
G11000100059002003,110010059002003,G11000100059001004,110010059001004,1,1
G11000100059002004,110010059002004,G11000100059001005,110010059001005,0.3446337926,0.3446337926
G11000100059002004,110010059002004,G11000100059001036,110010059001036,0.6553662074,0.6553662074
G11000100059002005,110010059002005,G11000100059001006,110010059001006,0.206323687,0.206323687
G11000100059002005,110010059002005,G11000100059001007,110010059001007,0.3096904357,0.3096904357
G11000100059002005,110010059002005,G11000100059001012,110010059001012,0.2421032722,0.2421032722
G11000100059002005,110010059002005,G11000100059001030,110010059001030,0.2418826051,0.2418826051
G11000100059002006,110010059002006,G11000100059001008,110010059001008,1,1
G11000100059002007,110010059002007,G11000100059001015,110010059001015,1,1
G11000100059002008,110010059002008,G11000100059001014,110010059001014,1,1
G11000100059002009,110010059002009,G11000100059001013,110010059001013,1,1
G11000100059002010,110010059002010,G11000100059001025,110010059001025,1,1
G11000100059002011,110010059002011,G11000100059001026,110010059001026,1,1
G11000100059002012,110010059002012,G11000100059001027,110010059001027,1,1
G11000100059002013,110010059002013,G11000100059001028,110010059001028,1,1
G11000100059002014,110010059002014,G11000100059001029,110010059001029,1,1
G11000100059002015,110010059002015,G11000100059001035,110010059001035,1,1
G11000100059002016,110010059002016,G11000100059001016,110010059001016,1,1
G11000100059002017,110010059002017,G11000100059001017,110010059001017,1,1
G11000100059002018,110010059002018,G11000100059001018,110010059001018,1,1
G11000100059002019,110010059002019,G11000100059001019,110010059001019,1,1
G11000100059002020,110010059002020,G11000100059001024,110010059001024,1,1
G11000100059002021,110010059002021,G11000100059001023,110010059001023,1,1
G11000100059002022,110010059002022,G11000100059001022,110010059001022,1,1
G11000100059002023,110010059002023,G11000100059001021,110010059001021,1,1
G11000100059002024,110010059002024,G11000100059001031,110010059001031,0.9675747424,0.9675747424
G11000100059002024,110010059002024,G11000100059001037,110010059001037,0.0324252576,0.0324252576
G11000100059002025,110010059002025,G11000100059001032,110010059001032,0.6076104599,0.6076104599
G11000100059002025,110010059002025,G11000100059001033,110010059001033,0.3923895401,0.3923895401
G11000100059002026,110010059002026,G11000100059001039,110010059001039,1,1
G11000100059002027,110010059002027,G11000100059001034,110010059001034,1,1
G11000100059002028,110010059002028,G11000100059001040,110010059001040,1,1
G11000100059002029,110010059002029,G11000100059001041,110010059001041,1,1
G11000100059002030,110010059002030,G11000100059001038,110010059001038,1,1
G11000100064001000,110010064001000,G11000100064001000,110010064001000,1,1
G11000100064001001,110010064001001,G11000100064001001,110010064001001,1,1
G11000100064001002,110010064001002,G11000100064001002,110010064001002,0.4708715596,0.4432432432
G11000100064001002,110010064001002,G11000100064001003,110010064001003,0.5291284404,0.5567567568
G11000100064001003,110010064001003,G11000100064001004,110010064001004,0.9179855051,1
G11000100064001003,110010064001003,G11000100064001005,110010064001005,0.0820144949,0
G11000100064001004,110010064001004,G11000100064001006,110010064001006,1,1
G11000100064001005,110010064001005,G11000100064001007,110010064001007,1,1
G11000100064001006,110010064001006,G11000100064001008,110010064001008,1,1
G11000100064001007,110010064001007,G11000100064001009,110010064001009,1,1
G11000100064001008,110010064001008,G11000100064001009,110010064001009,1,1
G11000100064002000,110010064002000,G11000100064002000,110010064002000,1,1
G11000100064002001,110010064002001,G11000100064002000,110010064002000,1,1
G11000100064002002,110010064002002,G11000100064002001,110010064002001,1,1
G11000100064002003,110010064002003,G11000100064002002,110010064002002,1,1
G11000100064002004,110010064002004,G11000100064002003,110010064002003,1,1
G11000100064002005,110010064002005,G11000100064002004,110010064002004,1,1
G11000100064002006,110010064002006,G11000100064002009,110010064002009,1,1
G11000100064002007,110010064002007,G11000100064002010,110010064002010,0.7768811862,0.7768811862
G11000100064002007,110010064002007,G11000100064002018,110010064002018,0.0241682236,0.0241682236
G11000100064002007,110010064002007,G11000100064002033,110010064002033,0.1989505903,0.1989505903
G11000100064002008,110010064002008,G11000100064002008,110010064002008,1,1
G11000100064002009,110010064002009,G11000100064002007,110010064002007,1,1
G11000100064002010,110010064002010,G11000100064002005,110010064002005,0.1192490353,0.1192490353
G11000100064002010,110010064002010,G11000100064002006,110010064002006,0.3045732095,0.3045732095
G11000100064002010,110010064002010,G11000100064002030,110010064002030,0.4925687996,0.4925687996
G11000100064002010,110010064002010,G11000100064002032,110010064002032,0.0836089556,0.0836089556
G11000100064002011,110010064002011,G11000100064002012,110010064002012,0.0998277629,0.0998277629
G11000100064002011,110010064002011,G11000100064002013,110010064002013,0.5378538007,0.5378538007
G11000100064002011,110010064002011,G11000100064002015,110010064002015,0.0228580195,0.0228580195
G11000100064002011,110010064002011,G11000100064002016,110010064002016,0.0516920373,0.0516920373
G11000100064002011,110010064002011,G11000100064002021,110010064002021,0.1089695761,0.1089695761
G11000100064002011,110010064002011,G11000100064002022,110010064002022,0.0253683572,0.0253683572
G11000100064002011,110010064002011,G11000100064002028,110010064002028,0.0792708864,0.0792708864
G11000100064002011,110010064002011,G11000100064002029,110010064002029,0.0741595599,0.0741595599
G11000100064002012,110010064002012,G11000100064002027,110010064002027,1,1
G11000100064002013,110010064002013,G11000100064002017,110010064002017,1,1
G11000100064002014,110010064002014,G11000100064002011,110010064002011,0.0430688455,0.0430688455
G11000100064002014,110010064002014,G11000100064002014,110010064002014,0.3568969125,0.3568969125
G11000100064002014,110010064002014,G11000100064002023,110010064002023,0.1680426884,0.1680426884
G11000100064002014,110010064002014,G11000100064002024,110010064002024,0.170163791,0.170163791
G11000100064002014,110010064002014,G11000100064002025,110010064002025,0.1314512907,0.1314512907
G11000100064002014,110010064002014,G11000100064002026,110010064002026,0.1303764719,0.1303764719
G11000100064002015,110010064002015,G11000100064002019,110010064002019,0.3919835172,0.3919835172
G11000100064002015,110010064002015,G11000100064002020,110010064002020,0.385843512,0.385843512
G11000100064002015,110010064002015,G11000100064002031,110010064002031,0.2221729708,0.2221729708
G11000100065001000,110010065001000,G11000100066001013,110010066001013,1,1
G11000100065001001,110010065001001,G11000100065001005,110010065001005,1,1
G11000100065001002,110010065001002,G11000100065001005,110010065001005,1,1
G11000100065001003,110010065001003,G11000100065001004,110010065001004,1,1
G11000100065001004,110010065001004,G11000100065001004,110010065001004,1,1
G11000100065001005,110010065001005,G11000100065001003,110010065001003,1,1
G11000100065001006,110010065001006,G11000100065001003,110010065001003,1,1
G11000100065001007,110010065001007,G11000100065001007,110010065001007,1,1
G11000100065001008,110010065001008,G11000100065001006,110010065001006,1,1
G11000100065001009,110010065001009,G11000100065001010,110010065001010,1,1
G11000100065001010,110010065001010,G11000100065001011,110010065001011,1,1
G11000100065001011,110010065001011,G11000100065001012,110010065001012,1,1
G11000100065001012,110010065001012,G11000100065001002,110010065001002,1,1
G11000100065001013,110010065001013,G11000100065001001,110010065001001,0.0790300853,1
G11000100065001013,110010065001013,G11000100065001002,110010065001002,0.9209699147,0
G11000100065001014,110010065001014,G11000100065001009,110010065001009,1,1
G11000100065001015,110010065001015,G11000100065001008,110010065001008,1,1
G11000100065001016,110010065001016,G11000100065001000,110010065001000,1,1
G11000100065001017,110010065001017,G11000100065001000,110010065001000,1,1
G11000100065001018,110010065001018,G11000100065001001,110010065001001,1,1
G11000100065002000,110010065002000,G11000100065002000,110010065002000,1,1
G11000100065002001,110010065002001,G11000100065002001,110010065002001,1,1
G11000100065002002,110010065002002,G11000100065002002,110010065002002,1,1
G11000100065002003,110010065002003,G11000100065002003,110010065002003,1,1
G11000100065002004,110010065002004,G11000100065002004,110010065002004,1,1
G11000100065002005,110010065002005,G11000100065002005,110010065002005,1,1
G11000100065002006,110010065002006,G11000100065002006,110010065002006,1,1
G11000100065002007,110010065002007,G11000100065002007,110010065002007,0.9479212254,1
G11000100065002007,110010065002007,G11000100065002011,110010065002011,0.0520787746,0
G11000100065002008,110010065002008,G11000100065002008,110010065002008,0.5293692204,0.0519480519
G11000100065002008,110010065002008,G11000100065002009,110010065002009,0.4706307796,0.9480519481
G11000100065002009,110010065002009,G11000100065002014,110010065002014,1,1
G11000100065002010,110010065002010,G11000100065002015,110010065002015,1,1
G11000100065002011,110010065002011,G11000100065002016,110010065002016,1,1
G11000100065002012,110010065002012,G11000100065002017,110010065002017,1,1
G11000100065002013,110010065002013,G11000100065002018,110010065002018,1,1
G11000100065002014,110010065002014,G11000100065002019,110010065002019,0.9188424668,0.9188424668
G11000100065002014,110010065002014,G11000100065002022,110010065002022,0.0811575332,0.0811575332
G11000100065002015,110010065002015,G11000100065002020,110010065002020,1,1
G11000100065002016,110010065002016,G11000100065002013,110010065002013,1,1
G11000100065002017,110010065002017,G11000100065002012,110010065002012,1,1
G11000100065002018,110010065002018,G11000100065002023,110010065002023,1,1
G11000100065002019,110010065002019,G11000100065002024,110010065002024,1,1
G11000100065002020,110010065002020,G11000100065002010,110010065002010,1,1
G11000100065002021,110010065002021,G11000100065002021,110010065002021,0.2805555556,0.2805555556
G11000100065002021,110010065002021,G11000100072001003,110010072001003,0.7194444444,0.7194444444
G11000100065002022,110010065002022,G11000100065002028,110010065002028,1,1
G11000100065002023,110010065002023,G11000100065002027,110010065002027,1,1
G11000100065002024,110010065002024,G11000100065002025,110010065002025,0.3445883692,0.3445883692
G11000100065002024,110010065002024,G11000100065002026,110010065002026,0.6554116308,0.6554116308
G11000100066001000,110010066001000,G11000100066001000,110010066001000,1,1
G11000100066001001,110010066001001,G11000100066001001,110010066001001,1,1
G11000100066001002,110010066001002,G11000100066001002,110010066001002,1,1
G11000100066001003,110010066001003,G11000100066001003,110010066001003,1,1
G11000100066001004,110010066001004,G11000100066001004,110010066001004,1,1
G11000100066001005,110010066001005,G11000100066001005,110010066001005,1,1
G11000100066001006,110010066001006,G11000100066001006,110010066001006,1,1
G11000100066001007,110010066001007,G11000100066001007,110010066001007,1,1
G11000100066001008,110010066001008,G11000100066001008,110010066001008,1,1
G11000100066001009,110010066001009,G11000100066001009,110010066001009,1,1
G11000100066001010,110010066001010,G11000100066001010,110010066001010,1,1
G11000100066001011,110010066001011,G11000100066001011,110010066001011,1,1
G11000100066001012,110010066001012,G11000100066001019,110010066001019,1,1
G11000100066002000,110010066002000,G11000100066001018,110010066001018,1,1
G11000100066002001,110010066002001,G11000100066001016,110010066001016,0.9672174663,0.9948186528
G11000100066002001,110010066002001,G11000100066001017,110010066001017,0.0327825337,0.0051813472
G11000100066002002,110010066002002,G11000100066001015,110010066001015,1,1
G11000100066002003,110010066002003,G11000100066001014,110010066001014,1,1
G11000100066002004,110010066002004,G11000100066001012,110010066001012,1,1
G11000100066002005,110010066002005,G11000100066001020,110010066001020,1,1
G11000100066002006,110010066002006,G11000100066001023,110010066001023,1,1
G11000100066002007,110010066002007,G11000100066001022,110010066001022,1,1
G11000100066002008,110010066002008,G11000100066001021,110010066001021,1,1
G11000100066002009,110010066002009,G11000100066001024,110010066001024,1,1
G11000100067001000,110010067001000,G11000100067001000,110010067001000,1,1
G11000100067001001,110010067001001,G11000100067001001,110010067001001,1,1
G11000100067001002,110010067001002,G11000100067001002,110010067001002,1,1
G11000100067001003,110010067001003,G11000100067001003,110010067001003,1,1
G11000100067001004,110010067001004,G11000100067001004,110010067001004,1,1
G11000100067001005,110010067001005,G11000100067001004,110010067001004,1,1
G11000100067001006,110010067001006,G11000100067001008,110010067001008,0.6316184191,0.6084507042
G11000100067001006,110010067001006,G11000100067001010,110010067001010,0.3683815809,0.3915492958
G11000100067001007,110010067001007,G11000100067001006,110010067001006,1,1
G11000100067001008,110010067001008,G11000100067001005,110010067001005,1,1
G11000100067001009,110010067001009,G11000100067001006,110010067001006,0.8855901521,1
G11000100067001009,110010067001009,G11000100067001007,110010067001007,0.1144098479,0
G11000100067001010,110010067001010,G11000100067001007,110010067001007,1,1
G11000100067001011,110010067001011,G11000100067001009,110010067001009,1,1
G11000100067002000,110010067002000,G11000100067002000,110010067002000,0.0646298472,0.0426829268
G11000100067002000,110010067002000,G11000100067002001,110010067002001,0.9353701528,0.9573170732
G11000100067002001,110010067002001,G11000100067002002,110010067002002,1,1
G11000100067002002,110010067002002,G11000100067002003,110010067002003,1,1
G11000100067002003,110010067002003,G11000100067002004,110010067002004,1,1
G11000100067002004,110010067002004,G11000100067002005,110010067002005,1,1
G11000100067002005,110010067002005,G11000100067002006,110010067002006,1,1
G11000100067002006,110010067002006,G11000100067002007,110010067002007,1,1
G11000100067002007,110010067002007,G11000100067002008,110010067002008,1,1
G11000100067002008,110010067002008,G11000100067002009,110010067002009,1,1
G11000100067002009,110010067002009,G11000100067002010,110010067002010,1,1
G11000100067003000,110010067003000,G11000100067003000,110010067003000,1,1
G11000100067003001,110010067003001,G11000100067003001,110010067003001,1,1
G11000100067003002,110010067003002,G11000100067003002,110010067003002,1,1
G11000100067003003,110010067003003,G11000100067003003,110010067003003,1,1
G11000100067003004,110010067003004,G11000100067003004,110010067003004,1,1
G11000100067003005,110010067003005,G11000100067003005,110010067003005,1,1
G11000100067003006,110010067003006,G11000100067003006,110010067003006,1,1
G11000100067003007,110010067003007,G11000100067003007,110010067003007,1,1
G11000100067003008,110010067003008,G11000100067003008,110010067003008,1,1
G11000100067003009,110010067003009,G11000100067003009,110010067003009,1,1
G11000100067003010,110010067003010,G11000100067003010,110010067003010,1,1
G11000100067003011,110010067003011,G11000100067003011,110010067003011,1,1
G11000100067003012,110010067003012,G11000100067003012,110010067003012,1,1
G11000100067003013,110010067003013,G11000100067003013,110010067003013,1,1
G11000100068011000,110010068011000,G11000100068011000,110010068011000,1,1
G11000100068011001,110010068011001,G11000100068011001,110010068011001,1,1
G11000100068011002,110010068011002,G11000100068011002,110010068011002,1,1
G11000100068011003,110010068011003,G11000100068011003,110010068011003,1,1
G11000100068011004,110010068011004,G11000100068011004,110010068011004,1,1
G11000100068011005,110010068011005,G11000100068011005,110010068011005,1,1
G11000100068011006,110010068011006,G11000100068011006,110010068011006,0.9915839929,1
G11000100068011006,110010068011006,G11000100068011010,110010068011010,0.0084160071,0
G11000100068011007,110010068011007,G11000100068011007,110010068011007,1,1
G11000100068011008,110010068011008,G11000100068011008,110010068011008,1,1
G11000100068011009,110010068011009,G11000100068011009,110010068011009,1,1
G11000100068012000,110010068012000,G11000100068012000,110010068012000,1,1
G11000100068012001,110010068012001,G11000100068012001,110010068012001,1,1
G11000100068012002,110010068012002,G11000100068012002,110010068012002,1,1
G11000100068012003,110010068012003,G11000100068012003,110010068012003,1,1
G11000100068012004,110010068012004,G11000100068012004,110010068012004,1,1
G11000100068012005,110010068012005,G11000100068012005,110010068012005,1,1
G11000100068021000,110010068021000,G11000100068021000,110010068021000,1,1
G11000100068021001,110010068021001,G11000100068021001,110010068021001,1,1
G11000100068021002,110010068021002,G11000100068021002,110010068021002,1,1
G11000100068021003,110010068021003,G11000100068021003,110010068021003,1,1
G11000100068021004,110010068021004,G11000100068021004,110010068021004,1,1
G11000100068021005,110010068021005,G11000100068021005,110010068021005,1,1
G11000100068021006,110010068021006,G11000100068021006,110010068021006,1,1
G11000100068022000,110010068022000,G11000100068022000,110010068022000,1,1
G11000100068022001,110010068022001,G11000100068022001,110010068022001,1,1
G11000100068022002,110010068022002,G11000100068022002,110010068022002,1,1
G11000100068022003,110010068022003,G11000100068022003,110010068022003,1,1
G11000100068022004,110010068022004,G11000100068022004,110010068022004,1,1
G11000100068022005,110010068022005,G11000100068022005,110010068022005,1,1
G11000100068022006,110010068022006,G11000100068022006,110010068022006,1,1
G11000100068022007,110010068022007,G11000100068022007,110010068022007,1,1
G11000100068022008,110010068022008,G11000100068022008,110010068022008,1,1
G11000100068022009,110010068022009,G11000100068022009,110010068022009,1,1
G11000100068022010,110010068022010,G11000100068022010,110010068022010,1,1
G11000100068022011,110010068022011,G11000100068022011,110010068022011,0.2293131422,0
G11000100068022011,110010068022011,G11000100068022012,110010068022012,0.7706868578,1
G11000100068022012,110010068022012,G11000100068022013,110010068022013,1,1
G11000100068022013,110010068022013,G11000100068022014,110010068022014,1,1
G11000100068022014,110010068022014,G11000100068022015,110010068022015,1,1
G11000100068041000,110010068041000,G11000100068041000,110010068041000,0,0
G11000100068041000,110010068041000,G11000100068041001,110010068041001,0.4366045459,0.4366045459
G11000100068041000,110010068041000,G11000100068041002,110010068041002,0.5633954541,0.5633954541
G11000100068041001,110010068041001,G11000100068041001,110010068041001,0.6809220978,0.6809220978
G11000100068041001,110010068041001,G11000100068041002,110010068041002,0.3190779022,0.3190779022
G11000100068041002,110010068041002,G11000100068041019,110010068041019,0,0
G11000100068041002,110010068041002,G11000100068041020,110010068041020,1,1
G11000100068041003,110010068041003,G11000100068041000,110010068041000,1,1
G11000100068041004,110010068041004,G11000100068041016,110010068041016,1,1
G11000100068041005,110010068041005,G11000100068041015,110010068041015,0,0
G11000100068041005,110010068041005,G11000100068041017,110010068041017,1,1
G11000100068041006,110010068041006,G11000100068041005,110010068041005,0.5009489232,0.5009489232
G11000100068041006,110010068041006,G11000100068041010,110010068041010,0.4990510768,0.4990510768
G11000100068041007,110010068041007,G11000100068041003,110010068041003,0.1141045812,0.1141045812
G11000100068041007,110010068041007,G11000100068041004,110010068041004,0.2743081907,0.2743081907
G11000100068041007,110010068041007,G11000100068041006,110010068041006,0.2719990745,0.2719990745
G11000100068041007,110010068041007,G11000100068041007,110010068041007,0.0048819991,0.0048819991
G11000100068041007,110010068041007,G11000100068041008,110010068041008,0.0049930588,0.0049930588
G11000100068041007,110010068041007,G11000100068041009,110010068041009,0.0021101342,0.0021101342
G11000100068041007,110010068041007,G11000100068041012,110010068041012,0.0532299861,0.0532299861
G11000100068041007,110010068041007,G11000100068041022,110010068041022,0.0022859787,0.0022859787
G11000100068041007,110010068041007,G11000100068041023,110010068041023,0.0022211939,0.0022211939
G11000100068041007,110010068041007,G11000100068041024,110010068041024,0.2698658029,0.2698658029
G11000100068041008,110010068041008,G11000100068041021,110010068041021,0.502322495,0.502322495
G11000100068041008,110010068041008,G11000100068041025,110010068041025,0.497677505,0.497677505
G11000100068041009,110010068041009,G11000100068041017,110010068041017,1,1
G11000100068041010,110010068041010,G11000100068041016,110010068041016,1,1
G11000100068041011,110010068041011,G11000100068041015,110010068041015,1,1
G11000100068041012,110010068041012,G11000100068041011,110010068041011,1,1
G11000100068041013,110010068041013,G11000100068041011,110010068041011,1,1
G11000100068041014,110010068041014,G11000100068041014,110010068041014,1,1
G11000100068041015,110010068041015,G11000100068041011,110010068041011,1,1
G11000100068041016,110010068041016,G11000100068041011,110010068041011,1,1
G11000100068041017,110010068041017,G11000100068041016,110010068041016,1,1
G11000100068041018,110010068041018,G11000100068041018,110010068041018,1,1
G11000100068041019,110010068041019,G11000100068041011,110010068041011,1,1
G11000100069001000,110010069001000,G11000100069001000,110010069001000,1,1
G11000100069001001,110010069001001,G11000100069001001,110010069001001,1,1
G11000100069001002,110010069001002,G11000100069001002,110010069001002,1,1
G11000100069001003,110010069001003,G11000100069001003,110010069001003,1,1
G11000100069001004,110010069001004,G11000100069001004,110010069001004,1,1
G11000100069001005,110010069001005,G11000100069001017,110010069001017,1,1
G11000100069001006,110010069001006,G11000100069001016,110010069001016,1,1
G11000100069001007,110010069001007,G11000100069001015,110010069001015,1,1
G11000100069001008,110010069001008,G11000100069001014,110010069001014,1,1
G11000100069001009,110010069001009,G11000100069001011,110010069001011,1,1
G11000100069001010,110010069001010,G11000100069001004,110010069001004,1,1
G11000100069001011,110010069001011,G11000100069001005,110010069001005,1,1
G11000100069001012,110010069001012,G11000100069001006,110010069001006,1,1
G11000100069001013,110010069001013,G11000100069001007,110010069001007,1,1
G11000100069001014,110010069001014,G11000100069001008,110010069001008,1,1
G11000100069001015,110010069001015,G11000100069001009,110010069001009,1,1
G11000100069001016,110010069001016,G11000100069001010,110010069001010,1,1
G11000100069001017,110010069001017,G11000100069001013,110010069001013,1,1
G11000100069001018,110010069001018,G11000100069001012,110010069001012,1,1
G11000100069002000,110010069002000,G11000100069002000,110010069002000,1,1
G11000100069002001,110010069002001,G11000100069002001,110010069002001,1,1
G11000100069002002,110010069002002,G11000100069002002,110010069002002,1,1
G11000100069002003,110010069002003,G11000100069002003,110010069002003,1,1
G11000100069002004,110010069002004,G11000100069002004,110010069002004,0.4816566039,0.4246153846
G11000100069002004,110010069002004,G11000100069002005,110010069002005,0.5183433961,0.5753846154
G11000100069002005,110010069002005,G11000100069002006,110010069002006,1,1
G11000100069002006,110010069002006,G11000100069002007,110010069002007,1,1
G11000100069002007,110010069002007,G11000100069002008,110010069002008,1,1
G11000100069002008,110010069002008,G11000100069002009,110010069002009,1,1
G11000100069002009,110010069002009,G11000100069002010,110010069002010,1,1
G11000100069002010,110010069002010,G11000100069002011,110010069002011,1,1
G11000100070001000,110010070001000,G11000100070001000,110010070001000,1,1
G11000100070001001,110010070001001,G11000100070001002,110010070001002,1,1
G11000100070001002,110010070001002,G11000100070001003,110010070001003,1,1
G11000100070001003,110010070001003,G11000100070001004,110010070001004,1,1
G11000100070001004,110010070001004,G11000100070001005,110010070001005,1,1
G11000100070001005,110010070001005,G11000100070001006,110010070001006,1,1
G11000100070001006,110010070001006,G11000100070001007,110010070001007,1,1
G11000100070001007,110010070001007,G11000100070001008,110010070001008,1,1
G11000100070001008,110010070001008,G11000100070001009,110010070001009,1,1
G11000100070001009,110010070001009,G11000100070001001,110010070001001,1,1
G11000100070001010,110010070001010,G11000100070001013,110010070001013,0.4798057824,0.4798057824
G11000100070001010,110010070001010,G11000100070001014,110010070001014,0.5201942176,0.5201942176
G11000100070001011,110010070001011,G11000100070001015,110010070001015,1,1
G11000100070001012,110010070001012,G11000100072001002,110010072001002,1,1
G11000100070001013,110010070001013,G11000100072001000,110010072001000,0.2344661861,0.2344661861
G11000100070001013,110010070001013,G11000100072001001,110010072001001,0.7655338139,0.7655338139
G11000100070001014,110010070001014,G11000100072002002,110010072002002,1,1
G11000100070001015,110010070001015,G11000100070001012,110010070001012,0.9560548817,1
G11000100070001015,110010070001015,G11000100070001016,110010070001016,0.0439451183,0
G11000100070001016,110010070001016,G11000100070001011,110010070001011,1,1
G11000100070001017,110010070001017,G11000100070001010,110010070001010,1,1
G11000100070002000,110010070002000,G11000100070002000,110010070002000,1,1
G11000100070002001,110010070002001,G11000100070002001,110010070002001,1,1
G11000100070002002,110010070002002,G11000100070002002,110010070002002,0.2665324899,0.2665324899
G11000100070002002,110010070002002,G11000100070002003,110010070002003,0.7334675101,0.7334675101
G11000100070002003,110010070002003,G11000100070002005,110010070002005,0.4831661891,0
G11000100070002003,110010070002003,G11000100070002006,110010070002006,0.5168338109,1
G11000100070002004,110010070002004,G11000100070002004,110010070002004,1,1
G11000100070002005,110010070002005,G11000100070002003,110010070002003,1,1
G11000100070002006,110010070002006,G11000100070002005,110010070002005,1,1
G11000100070002007,110010070002007,G11000100070002006,110010070002006,1,1
G11000100070002008,110010070002008,G11000100070002013,110010070002013,1,1
G11000100070002009,110010070002009,G11000100070002012,110010070002012,1,1
G11000100070002010,110010070002010,G11000100070002011,110010070002011,1,1
G11000100070002011,110010070002011,G11000100070002010,110010070002010,1,1
G11000100070002012,110010070002012,G11000100070002007,110010070002007,1,1
G11000100070002013,110010070002013,G11000100070002007,110010070002007,1,1
G11000100070002014,110010070002014,G11000100070002008,110010070002008,1,1
G11000100070002015,110010070002015,G11000100070002008,110010070002008,1,1
G11000100070002016,110010070002016,G11000100070002009,110010070002009,1,1
G11000100070002017,110010070002017,G11000100070002017,110010070002017,1,1
G11000100070002018,110010070002018,G11000100070002016,110010070002016,1,1
G11000100070002019,110010070002019,G11000100070002015,110010070002015,1,1
G11000100070002020,110010070002020,G11000100070002014,110010070002014,1,1
G11000100070002021,110010070002021,G11000100070002021,110010070002021,0.6910454759,1
G11000100070002021,110010070002021,G11000100070002022,110010070002022,0.3089545241,0
G11000100070002022,110010070002022,G11000100070002019,110010070002019,0.5307727481,1
G11000100070002022,110010070002022,G11000100070002020,110010070002020,0.4692272519,0
G11000100070002023,110010070002023,G11000100070002018,110010070002018,0.6278190412,1
G11000100070002023,110010070002023,G11000100070002023,110010070002023,0.3721809588,0
G11000100070002024,110010070002024,G11000100072002000,110010072002000,1,1
G11000100070002025,110010070002025,G11000100072002001,110010072002001,1,1
G11000100070002026,110010070002026,G11000100070002023,110010070002023,1,1
G11000100071001000,110010071001000,G11000100071001000,110010071001000,0.8032554848,0.8032554848
G11000100071001000,110010071001000,G11000100071001002,110010071001002,0.1967445152,0.1967445152
G11000100071001001,110010071001001,G11000100071001000,110010071001000,0.1569458883,0
G11000100071001001,110010071001001,G11000100071001006,110010071001006,0.1533074356,0.2770780856
G11000100071001001,110010071001001,G11000100071001007,110010071001007,0.6537177874,0.7229219144
G11000100071001001,110010071001001,G11000100071001010,110010071001010,0.0360288888,0
G11000100071001002,110010071001002,G11000100071001001,110010071001001,1,1
G11000100071001003,110010071001003,G11000100071001009,110010071001009,1,1
G11000100071001004,110010071001004,G11000100071001008,110010071001008,1,1
G11000100071001005,110010071001005,G11000100071001000,110010071001000,0.1289546159,0.1289546159
G11000100071001005,110010071001005,G11000100071001002,110010071001002,0.174593256,0.174593256
G11000100071001005,110010071001005,G11000100071001003,110010071001003,0.6288273276,0.6288273276
G11000100071001005,110010071001005,G11000100071001005,110010071001005,0.0112245134,0.0112245134
G11000100071001005,110010071001005,G11000100071001011,110010071001011,0.056400287,0.056400287
G11000100071001006,110010071001006,G11000100071001011,110010071001011,0.9484240688,0.9484240688
G11000100071001006,110010071001006,G11000100071001012,110010071001012,0.0515759312,0.0515759312
G11000100071001007,110010071001007,G11000100071001002,110010071001002,0.3084425734,0.3084425734
G11000100071001007,110010071001007,G11000100071001004,110010071001004,0.0086697372,0.0086697372
G11000100071001007,110010071001007,G11000100071001013,110010071001013,0.0435362524,0.0435362524
G11000100071001007,110010071001007,G11000100071001014,110010071001014,0.0084821708,0.0084821708
G11000100071001007,110010071001007,G11000100071001015,110010071001015,0.0198612008,0.0198612008
G11000100071001007,110010071001007,G11000100071001016,110010071001016,0.5758289394,0.5758289394
G11000100071001007,110010071001007,G11000100071001024,110010071001024,0.0351791259,0.0351791259
G11000100071001008,110010071001008,G11000100068041013,110010068041013,0.3813987022,0.3813987022
G11000100071001008,110010071001008,G11000100071001002,110010071001002,0.6186012978,0.6186012978
G11000100071001009,110010071001009,G11000100068041013,110010068041013,0.0659340659,0.0659340659
G11000100071001009,110010071001009,G11000100071001017,110010071001017,0.9340659341,0.9340659341
G11000100071001009,110010071001009,G11000100071001019,110010071001019,0,0
G11000100071001010,110010071001010,G11000100071001019,110010071001019,1,1
G11000100071001011,110010071001011,G11000100071001017,110010071001017,1,1
G11000100071001012,110010071001012,G11000100071001018,110010071001018,1,1
G11000100071001013,110010071001013,G11000100071001022,110010071001022,0.1296824304,0.1296824304
G11000100071001013,110010071001013,G11000100071001023,110010071001023,0.344656376,0.344656376
G11000100071001013,110010071001013,G11000100071001032,110010071001032,0.3096549012,0.3096549012
G11000100071001013,110010071001013,G11000100071001033,110010071001033,0.2160062924,0.2160062924
G11000100071001014,110010071001014,G11000100071001022,110010071001022,0.2699329359,0.2699329359
G11000100071001014,110010071001014,G11000100071001023,110010071001023,0.7300670641,0.7300670641
G11000100071001015,110010071001015,G11000100071001013,110010071001013,0.7788521522,0.7788521522
G11000100071001015,110010071001015,G11000100071001024,110010071001024,0.2211478478,0.2211478478
G11000100071001016,110010071001016,G11000100071001013,110010071001013,0.1809033989,0.1809033989
G11000100071001016,110010071001016,G11000100071001025,110010071001025,0.8190966011,0.8190966011
G11000100071001017,110010071001017,G11000100071001026,110010071001026,0.2535420099,0.2535420099
G11000100071001017,110010071001017,G11000100071001027,110010071001027,0.3469522241,0.3469522241
G11000100071001017,110010071001017,G11000100071001028,110010071001028,0.2801482702,0.2801482702
G11000100071001017,110010071001017,G11000100071001029,110010071001029,0.1193574959,0.1193574959
G11000100071001018,110010071001018,G11000100071001021,110010071001021,0.3467499422,0.3467499422
G11000100071001018,110010071001018,G11000100071001030,110010071001030,0.4836918806,0.4836918806
G11000100071001018,110010071001018,G11000100071001031,110010071001031,0.1695581772,0.1695581772
G11000100071001019,110010071001019,G11000100071001021,110010071001021,1,1
G11000100071001020,110010071001020,G11000100071001020,110010071001020,1,1
G11000100071002000,110010071002000,G11000100071002005,110010071002005,1,1
G11000100071002001,110010071002001,G11000100071002006,110010071002006,1,1
G11000100071002002,110010071002002,G11000100071002006,110010071002006,1,1
G11000100071002003,110010071002003,G11000100071002005,110010071002005,1,1
G11000100071002004,110010071002004,G11000100071002004,110010071002004,1,1
G11000100071002005,110010071002005,G11000100071002007,110010071002007,1,1
G11000100071002006,110010071002006,G11000100071002008,110010071002008,1,1
G11000100071002007,110010071002007,G11000100071002009,110010071002009,1,1
G11000100071002008,110010071002008,G11000100071002010,110010071002010,1,1
G11000100071003000,110010071003000,G11000100071002000,110010071002000,1,1
G11000100071003001,110010071003001,G11000100071002001,110010071002001,1,1
G11000100071003002,110010071003002,G11000100071002002,110010071002002,1,1
G11000100071003003,110010071003003,G11000100071002003,110010071002003,1,1
G11000100071003004,110010071003004,G11000100071002003,110010071002003,1,1
G11000100071003005,110010071003005,G11000100071002002,110010071002002,1,1
G11000100071003006,110010071003006,G11000100071002000,110010071002000,1,1
G11000100071003007,110010071003007,G11000100071002001,110010071002001,1,1
G11000100071003008,110010071003008,G11000100071002012,110010071002012,1,1
G11000100071003009,110010071003009,G11000100071002011,110010071002011,1,1
G11000100071003010,110010071003010,G11000100071002013,110010071002013,1,1
G11000100072011000,110010072011000,G11000100072002030,110010072002030,1,1
G11000100072011001,110010072011001,G11000100072002059,110010072002059,1,1
G11000100072011002,110010072011002,G11000100072002058,110010072002058,1,1
G11000100072011003,110010072011003,G11000100072002058,110010072002058,1,1
G11000100072011004,110010072011004,G11000100072002057,110010072002057,1,1
G11000100072011005,110010072011005,G11000100072002057,110010072002057,1,1
G11000100072012000,110010072012000,G11000100072002034,110010072002034,0.9847873259,0.9847873259
G11000100072012000,110010072012000,G11000100072002035,110010072002035,0.0152126741,0.0152126741
G11000100072012001,110010072012001,G11000100072002033,110010072002033,1,1
G11000100072012002,110010072012002,G11000100072002062,110010072002062,1,1
G11000100072012003,110010072012003,G11000100072002062,110010072002062,1,1
G11000100072012004,110010072012004,G11000100072002048,110010072002048,1,1
G11000100072012005,110010072012005,G11000100072002061,110010072002061,1,1
G11000100072013000,110010072013000,G11000100072002042,110010072002042,0.4484997712,0.9444240754
G11000100072013000,110010072013000,G11000100072002043,110010072002043,0.2047806855,0.0555759246
G11000100072013000,110010072013000,G11000100072002045,110010072002045,0.3467195433,0
G11000100072013001,110010072013001,G11000100072002037,110010072002037,0.7827388701,1
G11000100072013001,110010072013001,G11000100072002048,110010072002048,0.2172611299,0
G11000100072013002,110010072013002,G11000100072002036,110010072002036,0.5618550492,1
G11000100072013002,110010072013002,G11000100072002052,110010072002052,0.2509937764,0
G11000100072013002,110010072013002,G11000100072002053,110010072002053,0.1871511745,0
G11000100072013003,110010072013003,G11000100072002054,110010072002054,0.8538494241,1
G11000100072013003,110010072013003,G11000100072002056,110010072002056,0.1461505759,0
G11000100072013004,110010072013004,G11000100072002038,110010072002038,0.4656479713,1
G11000100072013004,110010072013004,G11000100072002051,110010072002051,0.5343520287,0
G11000100072013005,110010072013005,G11000100072002046,110010072002046,0.3266250289,0.3266250289
G11000100072013005,110010072013005,G11000100072002047,110010072002047,0.1089929379,0.1089929379
G11000100072013005,110010072013005,G11000100072002048,110010072002048,0.3752432271,0.3752432271
G11000100072013005,110010072013005,G11000100072002049,110010072002049,0.1436230287,0.1436230287
G11000100072013005,110010072013005,G11000100072002050,110010072002050,0.0455157774,0.0455157774
G11000100072013006,110010072013006,G11000100072002047,110010072002047,1,1
G11000100072013007,110010072013007,G11000100072002043,110010072002043,0.4240928067,1
G11000100072013007,110010072013007,G11000100072002044,110010072002044,0.5759071933,0
G11000100072013008,110010072013008,G11000100072002060,110010072002060,1,1
G11000100072013009,110010072013009,G11000100072002061,110010072002061,0.634194738,0.634194738
G11000100072013009,110010072013009,G11000100072002064,110010072002064,0.105699123,0.105699123
G11000100072013009,110010072013009,G11000100072002065,110010072002065,0.260106139,0.260106139
G11000100072013010,110010072013010,G11000100072002055,110010072002055,1,1
G11000100072014000,110010072014000,G11000100072002032,110010072002032,1,1
G11000100072014001,110010072014001,G11000100072002031,110010072002031,1,1
G11000100072014002,110010072014002,G11000100072002062,110010072002062,0.8640700601,0.8640700601
G11000100072014002,110010072014002,G11000100072002063,110010072002063,0.1359299399,0.1359299399
G11000100072014003,110010072014003,G11000100072002061,110010072002061,1,1
G11000100072014004,110010072014004,G11000100072002061,110010072002061,1,1
G11000100072014005,110010072014005,G11000100072002062,110010072002062,1,1
G11000100072021000,110010072021000,G11000100072002026,110010072002026,1,1
G11000100072021001,110010072021001,G11000100072002027,110010072002027,1,1
G11000100072021002,110010072021002,G11000100072002028,110010072002028,1,1
G11000100072021003,110010072021003,G11000100072002029,110010072002029,1,1
G11000100072022000,110010072022000,G11000100072001023,110010072001023,1,1
G11000100072022001,110010072022001,G11000100072001024,110010072001024,1,1
G11000100072022002,110010072022002,G11000100072001025,110010072001025,1,1
G11000100072022003,110010072022003,G11000100072001026,110010072001026,1,1
G11000100072022004,110010072022004,G11000100072001027,110010072001027,1,1
G11000100072022005,110010072022005,G11000100072001022,110010072001022,1,1
G11000100072023000,110010072023000,G11000100072001010,110010072001010,1,1
G11000100072023001,110010072023001,G11000100072001010,110010072001010,1,1
G11000100072031000,110010072031000,G11000100072002021,110010072002021,1,1
G11000100072031001,110010072031001,G11000100072002022,110010072002022,1,1
G11000100072031002,110010072031002,G11000100072002023,110010072002023,1,1
G11000100072031003,110010072031003,G11000100072002024,110010072002024,1,1
G11000100072031004,110010072031004,G11000100072002025,110010072002025,1,1
G11000100072032000,110010072032000,G11000100072002015,110010072002015,1,1
G11000100072032001,110010072032001,G11000100072002008,110010072002008,0.6947408537,0.6947408537
G11000100072032001,110010072032001,G11000100072002009,110010072002009,0.3052591463,0.3052591463
G11000100072032002,110010072032002,G11000100072002003,110010072002003,1,1
G11000100072032003,110010072032003,G11000100072002004,110010072002004,1,1
G11000100072032004,110010072032004,G11000100072002005,110010072002005,0.3280599047,1
G11000100072032004,110010072032004,G11000100072002011,110010072002011,0.6719400953,0
G11000100072032005,110010072032005,G11000100072002010,110010072002010,1,1
G11000100072032006,110010072032006,G11000100072002020,110010072002020,1,1
G11000100072032007,110010072032007,G11000100072002019,110010072002019,0.7704439615,0.7704439615
G11000100072032007,110010072032007,G11000100072002039,110010072002039,0.2295560385,0.2295560385
G11000100072032008,110010072032008,G11000100072002006,110010072002006,0.0392294572,0
G11000100072032008,110010072032008,G11000100072002012,110010072002012,0.9607705428,1
G11000100072032009,110010072032009,G11000100072002007,110010072002007,1,1
G11000100072032010,110010072032010,G11000100072002014,110010072002014,0.1966200524,0.1966200524
G11000100072032010,110010072032010,G11000100072002016,110010072002016,0.0622127786,0.0622127786
G11000100072032010,110010072032010,G11000100072002017,110010072002017,0.741167169,0.741167169
G11000100072032011,110010072032011,G11000100072002013,110010072002013,1,1
G11000100072032012,110010072032012,G11000100072002040,110010072002040,1,1
G11000100072032013,110010072032013,G11000100072002041,110010072002041,1,1
G11000100072032014,110010072032014,G11000100072002018,110010072002018,1,1
G11000100072033000,110010072033000,G11000100072001008,110010072001008,0.5128465061,0.5128465061
G11000100072033000,110010072033000,G11000100072001009,110010072001009,0.4871534939,0.4871534939
G11000100072034000,110010072034000,G11000100072001017,110010072001017,1,1
G11000100072034001,110010072034001,G11000100072001005,110010072001005,1,1
G11000100072034002,110010072034002,G11000100072001004,110010072001004,1,1
G11000100072034003,110010072034003,G11000100072001007,110010072001007,1,1
G11000100072034004,110010072034004,G11000100072001006,110010072001006,1,1
G11000100072034005,110010072034005,G11000100072001018,110010072001018,1,1
G11000100072034006,110010072034006,G11000100072001016,110010072001016,1,1
G11000100072034007,110010072034007,G11000100072001015,110010072001015,1,1
G11000100072034008,110010072034008,G11000100072001015,110010072001015,1,1
G11000100072034009,110010072034009,G11000100072001014,110010072001014,1,1
G11000100072034010,110010072034010,G11000100072001013,110010072001013,1,1
G11000100072034011,110010072034011,G11000100072001009,110010072001009,1,1
G11000100072034012,110010072034012,G11000100072001011,110010072001011,1,1
G11000100072034013,110010072034013,G11000100072001012,110010072001012,1,1
G11000100072034014,110010072034014,G11000100072001019,110010072001019,1,1
G11000100072034015,110010072034015,G11000100072001020,110010072001020,1,1
G11000100072034016,110010072034016,G11000100072001020,110010072001020,1,1
G11000100072034017,110010072034017,G11000100072001021,110010072001021,1,1
G11000100073011000,110010073011000,G11000100073011039,110010073011039,0.9932263343,1
G11000100073011000,110010073011000,G11000100073011101,110010073011101,0.0067736657,0
G11000100073011001,110010073011001,G11000100073011044,110010073011044,1,1
G11000100073011002,110010073011002,G11000100073011041,110010073011041,1,1
G11000100073011003,110010073011003,G11000100073011042,110010073011042,1,1
G11000100073011004,110010073011004,G11000100073011043,110010073011043,1,1
G11000100073011005,110010073011005,G11000100073011086,110010073011086,0.3442826834,0.3442826834
G11000100073011005,110010073011005,G11000100073011089,110010073011089,0.5119430829,0.5119430829
G11000100073011005,110010073011005,G11000100073011090,110010073011090,0.1437742337,0.1437742337
G11000100073011006,110010073011006,G11000100073011082,110010073011082,1,1
G11000100073011007,110010073011007,G11000100073011070,110010073011070,1,1
G11000100073011008,110010073011008,G11000100073011069,110010073011069,1,1
G11000100073011009,110010073011009,G11000100073011066,110010073011066,1,1
G11000100073011010,110010073011010,G11000100073011066,110010073011066,1,1
G11000100073011011,110010073011011,G11000100073011066,110010073011066,1,1
G11000100073011012,110010073011012,G11000100073011066,110010073011066,1,1
G11000100073011013,110010073011013,G11000100073011066,110010073011066,1,1
G11000100073011014,110010073011014,G11000100073011013,110010073011013,0.0309973439,0
G11000100073011014,110010073011014,G11000100073011034,110010073011034,0.4726754424,0
G11000100073011014,110010073011014,G11000100073011066,110010073011066,0.4309759396,1
G11000100073011014,110010073011014,G11000100073011068,110010073011068,0.027446173,0
G11000100073011014,110010073011014,G11000100073011073,110010073011073,0.037905101,0
G11000100073011015,110010073011015,G11000100073011066,110010073011066,1,1
G11000100073011016,110010073011016,G11000100073011065,110010073011065,1,1
G11000100073011017,110010073011017,G11000100073011066,110010073011066,1,1
G11000100073011018,110010073011018,G11000100073011067,110010073011067,1,1
G11000100073011019,110010073011019,G11000100073011066,110010073011066,1,1
G11000100073011020,110010073011020,G11000100073011066,110010073011066,1,1
G11000100073011021,110010073011021,G11000100073011066,110010073011066,1,1
G11000100073011022,110010073011022,G11000100073011066,110010073011066,1,1
G11000100073011023,110010073011023,G11000100073011010,110010073011010,0.8974184282,0.8974184282
G11000100073011023,110010073011023,G11000100073011011,110010073011011,0.1025815718,0.1025815718
G11000100073011024,110010073011024,G11000100073011079,110010073011079,0.9147396571,0.9147396571
G11000100073011024,110010073011024,G11000100073011091,110010073011091,0.0852603429,0.0852603429
G11000100073011025,110010073011025,G11000100073011096,110010073011096,1,1
G11000100073011026,110010073011026,G11000100073011079,110010073011079,0.998392419,0.998392419
G11000100073011026,110010073011026,G11000100073011080,110010073011080,0.001607581,0.001607581
G11000100073011027,110010073011027,G11000100073011079,110010073011079,1,1
G11000100073011028,110010073011028,G11000100073011079,110010073011079,1,1
G11000100073011029,110010073011029,G11000100073011081,110010073011081,1,1
G11000100073011030,110010073011030,G11000100073011081,110010073011081,1,1
G11000100073011031,110010073011031,G11000100073011079,110010073011079,0.0660728474,0.0660728474
G11000100073011031,110010073011031,G11000100073011087,110010073011087,0.8515660938,0.8515660938
G11000100073011031,110010073011031,G11000100073011088,110010073011088,0.0043804625,0.0043804625
G11000100073011031,110010073011031,G11000100073011091,110010073011091,0.0779805963,0.0779805963
G11000100073011032,110010073011032,G11000100073011066,110010073011066,1,1
G11000100073011033,110010073011033,G11000100073011066,110010073011066,1,1
G11000100073012000,110010073012000,G11000100073011078,110010073011078,1,1
G11000100073012001,110010073012001,G11000100073011036,110010073011036,0.0890151171,0.115
G11000100073012001,110010073012001,G11000100073011063,110010073011063,0.9109848829,0.885
G11000100073012002,110010073012002,G11000100073011035,110010073011035,1,1
G11000100073012003,110010073012003,G11000100073011064,110010073011064,1,1
G11000100073012004,110010073012004,G11000100073011046,110010073011046,0.070695553,0.070695553
G11000100073012004,110010073012004,G11000100073011060,110010073011060,0.0228720907,0.0228720907
G11000100073012004,110010073012004,G11000100073011061,110010073011061,0.1409663067,0.1409663067
G11000100073012004,110010073012004,G11000100073011062,110010073011062,0.0576832786,0.0576832786
G11000100073012004,110010073012004,G11000100073011074,110010073011074,0.1265007713,0.1265007713
G11000100073012004,110010073012004,G11000100073011075,110010073011075,0.0101057527,0.0101057527
G11000100073012004,110010073012004,G11000100073011076,110010073011076,0.0441120576,0.0441120576
G11000100073012004,110010073012004,G11000100073011077,110010073011077,0.0903033962,0.0903033962
G11000100073012004,110010073012004,G11000100073011092,110010073011092,0.1020859883,0.1020859883
G11000100073012004,110010073012004,G11000100073011105,110010073011105,0.0463702014,0.0463702014
G11000100073012004,110010073012004,G11000100073011106,110010073011106,0.0931652022,0.0931652022
G11000100073012004,110010073012004,G11000100073011114,110010073011114,0.0920025935,0.0920025935
G11000100073012004,110010073012004,G11000100073011115,110010073011115,0.1031368077,0.1031368077
G11000100073012005,110010073012005,G11000100073011093,110010073011093,0.1505407445,0
G11000100073012005,110010073012005,G11000100073011097,110010073011097,0.4062122736,0.8591549296
G11000100073012005,110010073012005,G11000100073011098,110010073011098,0.032193159,0.1220657277
G11000100073012005,110010073012005,G11000100073011100,110010073011100,0.0197811871,0
G11000100073012005,110010073012005,G11000100073011108,110010073011108,0.0679325956,0.0187793427
G11000100073012005,110010073012005,G11000100073011113,110010073011113,0.271277666,0
G11000100073012005,110010073012005,G11000100073011130,110010073011130,0.0520623742,0
G11000100073012006,110010073012006,G11000100073011094,110010073011094,1,1
G11000100073012007,110010073012007,G11000100073011094,110010073011094,1,1
G11000100073012008,110010073012008,G11000100073011095,110010073011095,1,1
G11000100073012009,110010073012009,G11000100073011109,110010073011109,1,1
G11000100073012010,110010073012010,G11000100073011110,110010073011110,0.8698559671,0.8698559671
G11000100073012010,110010073012010,G11000100073011111,110010073011111,0.1301440329,0.1301440329
G11000100073012011,110010073012011,G11000100073011111,110010073011111,1,1
G11000100073012012,110010073012012,G11000100073011053,110010073011053,0.1977286081,0.1977286081
G11000100073012012,110010073012012,G11000100073011058,110010073011058,0.513486807,0.513486807
G11000100073012012,110010073012012,G11000100073011059,110010073011059,0.0096477406,0.0096477406
G11000100073012012,110010073012012,G11000100073011118,110010073011118,0.2791368444,0.2791368444
G11000100073012013,110010073012013,G11000100073011112,110010073011112,0.5908364662,0.5908364662
G11000100073012013,110010073012013,G11000100073011116,110010073011116,0.0903665414,0.0903665414
G11000100073012013,110010073012013,G11000100073011117,110010073011117,0.3187969925,0.3187969925
G11000100073012014,110010073012014,G11000100073011119,110010073011119,1,1
G11000100073012015,110010073012015,G11000100073011047,110010073011047,0.7835957814,0.7835957814
G11000100073012015,110010073012015,G11000100073011049,110010073011049,0.00342033,0.00342033
G11000100073012015,110010073012015,G11000100073011050,110010073011050,0.0336626084,0.0336626084
G11000100073012015,110010073012015,G11000100073011051,110010073011051,0.020552356,0.020552356
G11000100073012015,110010073012015,G11000100073011107,110010073011107,0.0051396078,0.0051396078
G11000100073012015,110010073012015,G11000100073011122,110010073011122,0.051432529,0.051432529
G11000100073012015,110010073012015,G11000100073011123,110010073011123,0.0972333601,0.0972333601
G11000100073012015,110010073012015,G11000100073011133,110010073011133,0.0049634274,0.0049634274
G11000100073012016,110010073012016,G11000100073011053,110010073011053,1,1
G11000100073012017,110010073012017,G11000100073011054,110010073011054,1,1
G11000100073012018,110010073012018,G11000100073011120,110010073011120,1,1
G11000100073012019,110010073012019,G11000100073011052,110010073011052,1,1
G11000100073012020,110010073012020,G11000100073011055,110010073011055,1,1
G11000100073012021,110010073012021,G11000100073011121,110010073011121,1,1
G11000100073012022,110010073012022,G11000100073011048,110010073011048,1,1
G11000100073012023,110010073012023,G11000100073011033,110010073011033,1,1
G11000100073012024,110010073012024,G11000100073011124,110010073011124,1,1
G11000100073012025,110010073012025,G11000100073011124,110010073011124,1,1
G11000100073012026,110010073012026,G11000100073011124,110010073011124,1,1
G11000100073012027,110010073012027,G11000100073011124,110010073011124,1,1
G11000100073012028,110010073012028,G11000100073011099,110010073011099,0.036781908,0.036781908
G11000100073012028,110010073012028,G11000100073011102,110010073011102,0.2937353782,0.2937353782
G11000100073012028,110010073012028,G11000100073011103,110010073011103,0.4303353262,0.4303353262
G11000100073012028,110010073012028,G11000100073011104,110010073011104,0.2391473876,0.2391473876
G11000100073012029,110010073012029,G11000100073011058,110010073011058,1,1
G11000100073012030,110010073012030,G11000100073011053,110010073011053,0.5203222263,0.5203222263
G11000100073012030,110010073012030,G11000100073011058,110010073011058,0.4796777737,0.4796777737
G11000100073012031,110010073012031,G11000100073011053,110010073011053,1,1
G11000100073012032,110010073012032,G11000100073011057,110010073011057,1,1
G11000100073012033,110010073012033,G11000100073011056,110010073011056,1,1
G11000100073013000,110010073013000,G11000100073011000,110010073011000,0.4162603536,0.4162603536
G11000100073013000,110010073013000,G11000100073011126,110010073011126,0.5837396464,0.5837396464
G11000100073013001,110010073013001,G11000100073011125,110010073011125,1,1
G11000100073013002,110010073013002,G11000100073011001,110010073011001,0.0807197364,0
G11000100073013002,110010073013002,G11000100073011002,110010073011002,0.0197107688,0
G11000100073013002,110010073013002,G11000100073011004,110010073011004,0.4247431733,0
G11000100073013002,110010073013002,G11000100073011007,110010073011007,0.4748263214,1
G11000100073013003,110010073013003,G11000100073011007,110010073011007,1,1
G11000100073013004,110010073013004,G11000100073011005,110010073011005,1,1
G11000100073013005,110010073013005,G11000100073011024,110010073011024,0.8290150631,0.8290150631
G11000100073013005,110010073013005,G11000100104002009,110010104002009,0.104082688,0.104082688
G11000100073013005,110010073013005,G11000100104002010,110010104002010,0.0669022489,0.0669022489
G11000100073013006,110010073013006,G11000100073011022,110010073011022,1,1
G11000100073013007,110010073013007,G11000100104002008,110010104002008,0.3497296662,0.3497296662
G11000100073013007,110010073013007,G11000100104002011,110010104002011,0.6502703338,0.6502703338
G11000100073013008,110010073013008,G11000100073011025,110010073011025,1,1
G11000100073013009,110010073013009,G11000100073011023,110010073011023,1,1
G11000100073013010,110010073013010,G11000100073011026,110010073011026,0.2461399619,0.2461399619
G11000100073013010,110010073013010,G11000100073011031,110010073011031,0.1494967727,0.1494967727
G11000100073013010,110010073013010,G11000100073011032,110010073011032,0.1645053069,0.1645053069
G11000100073013010,110010073013010,G11000100073011037,110010073011037,0.4398579584,0.4398579584
G11000100073013011,110010073013011,G11000100073011029,110010073011029,0.135792597,0
G11000100073013011,110010073013011,G11000100073011038,110010073011038,0.3273289703,0
G11000100073013011,110010073013011,G11000100073011131,110010073011131,0.3372824646,0
G11000100073013011,110010073013011,G11000100073011132,110010073011132,0.1995959681,1
G11000100073013012,110010073013012,G11000100104002011,110010104002011,1,1
G11000100073013013,110010073013013,G11000100104002008,110010104002008,1,1
G11000100073013014,110010073013014,G11000100073011006,110010073011006,0.7792567436,0
G11000100073013014,110010073013014,G11000100073011020,110010073011020,0.2207432564,1
G11000100073013015,110010073013015,G11000100073011128,110010073011128,1,1
G11000100073013016,110010073013016,G11000100073011127,110010073011127,1,1
G11000100073013017,110010073013017,G11000100073011129,110010073011129,1,1
G11000100073013018,110010073013018,G11000100073011008,110010073011008,0.0868179726,0.0868179726
G11000100073013018,110010073013018,G11000100073011010,110010073011010,0.9131820274,0.9131820274
G11000100073013019,110010073013019,G11000100073011003,110010073011003,0.4874137496,0.4874137496
G11000100073013019,110010073013019,G11000100073011009,110010073011009,0.5125862504,0.5125862504
G11000100073013020,110010073013020,G11000100073011022,110010073011022,1,1
G11000100073013021,110010073013021,G11000100073011022,110010073011022,1,1
G11000100073013022,110010073013022,G11000100073011012,110010073011012,0.1377699847,0.1377699847
G11000100073013022,110010073013022,G11000100073011013,110010073011013,0.835912312,0.835912312
G11000100073013022,110010073013022,G11000100073011034,110010073011034,0.0263177032,0.0263177032
G11000100073013023,110010073013023,G11000100073011018,110010073011018,1,1
G11000100073013024,110010073013024,G11000100073011019,110010073011019,1,1
G11000100073013025,110010073013025,G11000100073011015,110010073011015,1,1
G11000100073013026,110010073013026,G11000100073011016,110010073011016,1,1
G11000100073013027,110010073013027,G11000100073011017,110010073011017,1,1
G11000100073013028,110010073013028,G11000100073011027,110010073011027,0.0045186524,0.0045186524
G11000100073013028,110010073013028,G11000100073011028,110010073011028,0.914733276,0.914733276
G11000100073013028,110010073013028,G11000100073011072,110010073011072,0.0807480715,0.0807480715
G11000100073013029,110010073013029,G11000100073011021,110010073011021,1,1
G11000100073013030,110010073013030,G11000100073011014,110010073011014,0.9957828495,1
G11000100073013030,110010073013030,G11000100073011137,110010073011137,0.0018791448,0
G11000100073013030,110010073013030,G11000100073011139,110010073011139,0.0023380057,0
G11000100073013031,110010073013031,G11000100073011017,110010073011017,1,1
G11000100073013032,110010073013032,G11000100073011017,110010073011017,1,1
G11000100073013033,110010073013033,G11000100073011136,110010073011136,0.5796631123,0.5054945055
G11000100073013033,110010073013033,G11000100073011140,110010073011140,0.4203368877,0.4945054945
G11000100073013034,110010073013034,G11000100073011138,110010073011138,1,1
G11000100073013035,110010073013035,G11000100073011135,110010073011135,1,1
G11000100073013036,110010073013036,G11000100073011134,110010073011134,1,1
G11000100073013037,110010073013037,G11000100073011071,110010073011071,1,1
G11000100073013038,110010073013038,G11000100073011083,110010073011083,1,1
G11000100073013039,110010073013039,G11000100073011028,110010073011028,0.0225023722,0.0225023722
G11000100073013039,110010073013039,G11000100073011030,110010073011030,0.9774976278,0.9774976278
G11000100073013040,110010073013040,G11000100073011031,110010073011031,0.306122449,0.306122449
G11000100073013040,110010073013040,G11000100073011037,110010073011037,0.693877551,0.693877551
G11000100073013041,110010073013041,G11000100073011039,110010073011039,0.6088734038,1
G11000100073013041,110010073013041,G11000100073011040,110010073011040,0.1368665845,0
G11000100073013041,110010073013041,G11000100073011085,110010073011085,0.2542600118,0
G11000100073013042,110010073013042,G11000100073011045,110010073011045,1,1
G11000100073013043,110010073013043,G11000100073011084,110010073011084,1,1
G11000100073013044,110010073013044,G11000100073011142,110010073011142,1,1
G11000100073013045,110010073013045,G11000100073011141,110010073011141,1,1
G11000100073041000,110010073041000,G11000100073042000,110010073042000,1,1
G11000100073041001,110010073041001,G11000100073042001,110010073042001,1,1
G11000100073041002,110010073041002,G11000100073042002,110010073042002,1,1
G11000100073041003,110010073041003,G11000100073042003,110010073042003,1,1
G11000100073041004,110010073041004,G11000100073042004,110010073042004,1,1
G11000100073041005,110010073041005,G11000100073042005,110010073042005,1,1
G11000100073041006,110010073041006,G11000100073042006,110010073042006,1,1
G11000100073042000,110010073042000,G11000100073043000,110010073043000,1,1
G11000100073042001,110010073042001,G11000100073043001,110010073043001,1,1
G11000100073042002,110010073042002,G11000100073043002,110010073043002,1,1
G11000100073042003,110010073042003,G11000100073043003,110010073043003,1,1
G11000100073042004,110010073042004,G11000100073043004,110010073043004,1,1
G11000100073042005,110010073042005,G11000100073043005,110010073043005,1,1
G11000100073043000,110010073043000,G11000100073041004,110010073041004,1,1
G11000100073043001,110010073043001,G11000100073041005,110010073041005,1,1
G11000100073043002,110010073043002,G11000100073041006,110010073041006,1,1
G11000100073044000,110010073044000,G11000100073041011,110010073041011,0,0
G11000100073044000,110010073044000,G11000100073041012,110010073041012,1,1
G11000100073044001,110010073044001,G11000100073041013,110010073041013,1,1
G11000100073044002,110010073044002,G11000100073041009,110010073041009,1,1
G11000100073044002,110010073044002,G11000100073041010,110010073041010,0,0
G11000100073044002,110010073044002,G11000100097001000,110010097001000,0,0
G11000100073044003,110010073044003,G11000100073041003,110010073041003,1,1
G11000100073044004,110010073044004,G11000100073041003,110010073041003,1,1
G11000100073044005,110010073044005,G11000100073041003,110010073041003,1,1
G11000100073044006,110010073044006,G11000100073041008,110010073041008,1,1
G11000100073044007,110010073044007,G11000100073041007,110010073041007,1,1
G11000100073044008,110010073044008,G11000100073041003,110010073041003,1,1
G11000100074011000,110010074011000,G11000100074011000,110010074011000,0.2601203355,0.2601203355
G11000100074011000,110010074011000,G11000100074011001,110010074011001,0.1354118088,0.1354118088
G11000100074011000,110010074011000,G11000100074011005,110010074011005,0.6044678558,0.6044678558
G11000100074011001,110010074011001,G11000100074011005,110010074011005,1,1
G11000100074011002,110010074011002,G11000100074011002,110010074011002,1,1
G11000100074011003,110010074011003,G11000100074011003,110010074011003,0.8837877337,0.8837877337
G11000100074011003,110010074011003,G11000100074011004,110010074011004,0.1162122663,0.1162122663
G11000100074011004,110010074011004,G11000100074011005,110010074011005,1,1
G11000100074011005,110010074011005,G11000100074011003,110010074011003,0.0209874752,0
G11000100074011005,110010074011005,G11000100074011006,110010074011006,0.031723004,0
G11000100074011005,110010074011005,G11000100074011009,110010074011009,0.2988539098,0
G11000100074011005,110010074011005,G11000100074011014,110010074011014,0.4087721843,0
G11000100074011005,110010074011005,G11000100074011015,110010074011015,0.2396634267,1
G11000100074011006,110010074011006,G11000100074011004,110010074011004,0.3799315439,0.3799315439
G11000100074011006,110010074011006,G11000100074011007,110010074011007,0.6200684561,0.6200684561
G11000100074011007,110010074011007,G11000100074011015,110010074011015,0.7112751884,0.7176204856
G11000100074011007,110010074011007,G11000100074011017,110010074011017,0.0649329384,0
G11000100074011007,110010074011007,G11000100074011019,110010074011019,0.2237918732,0.2823795144
G11000100074011008,110010074011008,G11000100074011015,110010074011015,0.2844379658,1
G11000100074011008,110010074011008,G11000100074011016,110010074011016,0.7155620342,0
G11000100074011009,110010074011009,G11000100074011019,110010074011019,1,1
G11000100074011010,110010074011010,G11000100074011018,110010074011018,1,1
G11000100074011011,110010074011011,G11000100074011023,110010074011023,0.2948732719,0.2948732719
G11000100074011011,110010074011011,G11000100074011024,110010074011024,0.5070852535,0.5070852535
G11000100074011011,110010074011011,G11000100074011027,110010074011027,0.1980414747,0.1980414747
G11000100074011012,110010074011012,G11000100074011020,110010074011020,0.0456872785,0.0456872785
G11000100074011012,110010074011012,G11000100074011025,110010074011025,0.9543127215,0.9543127215
G11000100074011013,110010074011013,G11000100074011020,110010074011020,1,1
G11000100074011014,110010074011014,G11000100074011021,110010074011021,0.4734538902,0.4734538902
G11000100074011014,110010074011014,G11000100074011029,110010074011029,0.5265461098,0.5265461098
G11000100074011015,110010074011015,G11000100074011013,110010074011013,0.1119138941,0
G11000100074011015,110010074011015,G11000100074011022,110010074011022,0.1390301192,0
G11000100074011015,110010074011015,G11000100074011035,110010074011035,0.7490559867,1
G11000100074011016,110010074011016,G11000100074011036,110010074011036,1,1
G11000100074011017,110010074011017,G11000100074011034,110010074011034,1,1
G11000100074011018,110010074011018,G11000100074011033,110010074011033,0.1073735799,1
G11000100074011018,110010074011018,G11000100074011034,110010074011034,0.8926264201,0
G11000100074011019,110010074011019,G11000100074011021,110010074011021,0.5865051903,0.5865051903
G11000100074011019,110010074011019,G11000100074011029,110010074011029,0.4134948097,0.4134948097
G11000100074011020,110010074011020,G11000100074011026,110010074011026,0.326408471,0
G11000100074011020,110010074011020,G11000100074011028,110010074011028,0.1820797606,0
G11000100074011020,110010074011020,G11000100074011030,110010074011030,0.3346952869,0
G11000100074011020,110010074011020,G11000100074011031,110010074011031,0.0673879266,0
G11000100074011020,110010074011020,G11000100074011040,110010074011040,0.0191344881,0.9570049948
G11000100074011020,110010074011020,G11000100074011041,110010074011041,0.0079990792,0
G11000100074011020,110010074011020,G11000100104002000,110010104002000,0.0392185072,0
G11000100074011020,110010074011020,G11000100104002001,110010104002001,0.0230764804,0.0429950052
G11000100074011021,110010074011021,G11000100074011031,110010074011031,1,1
G11000100074011022,110010074011022,G11000100074011015,110010074011015,1,1
G11000100074011023,110010074011023,G11000100074011033,110010074011033,1,1
G11000100074011024,110010074011024,G11000100074011032,110010074011032,1,1
G11000100074011025,110010074011025,G11000100074011032,110010074011032,0.0855206743,0.0597822028
G11000100074011025,110010074011025,G11000100074011039,110010074011039,0.6377135925,0.9018483834
G11000100074011025,110010074011025,G11000100074011040,110010074011040,0.0267918767,0.0284730352
G11000100074011025,110010074011025,G11000100104002001,110010104002001,0.2499738565,0.0098963785
G11000100074011026,110010074011026,G11000100074011038,110010074011038,1,1
G11000100074011027,110010074011027,G11000100074011037,110010074011037,1,1
G11000100074012000,110010074012000,G11000100074012000,110010074012000,0.2931643625,0
G11000100074012000,110010074012000,G11000100074012001,110010074012001,0.6827956989,1
G11000100074012000,110010074012000,G11000100074043002,110010074043002,0.0240399386,0
G11000100074012001,110010074012001,G11000100074012000,110010074012000,0.2811143541,0
G11000100074012001,110010074012001,G11000100074012001,110010074012001,0.7069301003,0.97660302
G11000100074012001,110010074012001,G11000100074012002,110010074012002,0.0053509954,0.02339698
G11000100074012001,110010074012001,G11000100074043002,110010074043002,0.0066045502,0
G11000100074012002,110010074012002,G11000100074012002,110010074012002,1,1
G11000100074012003,110010074012003,G11000100074012003,110010074012003,1,1
G11000100074012004,110010074012004,G11000100074012004,110010074012004,1,1
G11000100074031000,110010074031000,G11000100074031004,110010074031004,1,1
G11000100074031001,110010074031001,G11000100074031005,110010074031005,1,1
G11000100074031002,110010074031002,G11000100074031006,110010074031006,1,1
G11000100074031003,110010074031003,G11000100073041002,110010073041002,0.0554323725,0.0454787077
G11000100074031003,110010074031003,G11000100074031007,110010074031007,0.9445676275,0.9545212923
G11000100074032000,110010074032000,G11000100074031000,110010074031000,0.4985891035,1
G11000100074032000,110010074032000,G11000100074031001,110010074031001,0.5014108965,0
G11000100074032001,110010074032001,G11000100074031000,110010074031000,0.8203361537,1
G11000100074032001,110010074032001,G11000100074031001,110010074031001,0.1796638463,0
G11000100074032002,110010074032002,G11000100074031002,110010074031002,0.845900978,0.8446866485
G11000100074032002,110010074032002,G11000100074031003,110010074031003,0.154099022,0.1553133515
G11000100074041000,110010074041000,G11000100074041000,110010074041000,1,1
G11000100074041001,110010074041001,G11000100074041000,110010074041000,1,1
G11000100074041002,110010074041002,G11000100074041002,110010074041002,1,1
G11000100074041003,110010074041003,G11000100074041001,110010074041001,1,1
G11000100074041004,110010074041004,G11000100074041003,110010074041003,1,1
G11000100074041005,110010074041005,G11000100074041005,110010074041005,1,1
G11000100074041006,110010074041006,G11000100074041004,110010074041004,1,1
G11000100074041007,110010074041007,G11000100074041008,110010074041008,1,1
G11000100074041008,110010074041008,G11000100074041007,110010074041007,1,1
G11000100074041009,110010074041009,G11000100074041006,110010074041006,1,1
G11000100074041010,110010074041010,G11000100074041010,110010074041010,1,1
G11000100074041011,110010074041011,G11000100074041011,110010074041011,1,1
G11000100074041012,110010074041012,G11000100074041009,110010074041009,1,1
G11000100074042000,110010074042000,G11000100074042000,110010074042000,1,1
G11000100074042001,110010074042001,G11000100074042001,110010074042001,1,1
G11000100074042002,110010074042002,G11000100074042003,110010074042003,1,1
G11000100074042003,110010074042003,G11000100074042002,110010074042002,1,1
G11000100074042004,110010074042004,G11000100074042006,110010074042006,1,1
G11000100074042005,110010074042005,G11000100074042007,110010074042007,1,1
G11000100074042006,110010074042006,G11000100074042004,110010074042004,1,1
G11000100074042007,110010074042007,G11000100074042005,110010074042005,1,1
G11000100074042008,110010074042008,G11000100074042008,110010074042008,0.4023426859,0.2719665272
G11000100074042008,110010074042008,G11000100074042009,110010074042009,0.5447017162,0.7071129707
G11000100074042008,110010074042008,G11000100074042011,110010074042011,0.0529555979,0.0209205021
G11000100074042009,110010074042009,G11000100074042010,110010074042010,1,1
G11000100074042010,110010074042010,G11000100074042010,110010074042010,1,1
G11000100074043000,110010074043000,G11000100074043000,110010074043000,1,1
G11000100074043001,110010074043001,G11000100074043000,110010074043000,0.9384139746,1
G11000100074043001,110010074043001,G11000100104002035,110010104002035,0.0615860254,0
G11000100074043002,110010074043002,G11000100074043001,110010074043001,1,1
G11000100074043003,110010074043003,G11000100074043003,110010074043003,0.5777281962,0.1590909091
G11000100074043003,110010074043003,G11000100074043004,110010074043004,0.4222718038,0.8409090909
G11000100074061000,110010074061000,G11000100074061000,110010074061000,1,1
G11000100074061001,110010074061001,G11000100074061001,110010074061001,1,1
G11000100074062000,110010074062000,G11000100074062000,110010074062000,1,1
G11000100074071000,110010074071000,G11000100074071000,110010074071000,0.9281136757,0.9281136757
G11000100074071000,110010074071000,G11000100074081002,110010074081002,0.0718863243,0.0718863243
G11000100074071001,110010074071001,G11000100074071001,110010074071001,0.2936211173,0.0723684211
G11000100074071001,110010074071001,G11000100074071010,110010074071010,0.7063788827,0.9276315789
G11000100074071002,110010074071002,G11000100074071002,110010074071002,1,1
G11000100074071003,110010074071003,G11000100074071003,110010074071003,0.503191391,0.6831683168
G11000100074071003,110010074071003,G11000100074071011,110010074071011,0.496808609,0.3168316832
G11000100074071004,110010074071004,G11000100074071006,110010074071006,1,1
G11000100074071005,110010074071005,G11000100074071007,110010074071007,1,1
G11000100074071006,110010074071006,G11000100074071008,110010074071008,1,1
G11000100074071007,110010074071007,G11000100074071005,110010074071005,1,1
G11000100074071008,110010074071008,G11000100074071004,110010074071004,1,1
G11000100074071009,110010074071009,G11000100074071012,110010074071012,1,1
G11000100074071010,110010074071010,G11000100074071009,110010074071009,1,1
G11000100074072000,110010074072000,G11000100074072000,110010074072000,1,1
G11000100074072001,110010074072001,G11000100074072001,110010074072001,1,1
G11000100074072002,110010074072002,G11000100074072002,110010074072002,1,1
G11000100074072003,110010074072003,G11000100074072003,110010074072003,1,1
G11000100074072004,110010074072004,G11000100074072008,110010074072008,1,1
G11000100074072005,110010074072005,G11000100074072009,110010074072009,1,1
G11000100074073000,110010074073000,G11000100074072006,110010074072006,1,1
G11000100074073001,110010074073001,G11000100074072007,110010074072007,1,1
G11000100074073002,110010074073002,G11000100074072004,110010074072004,1,1
G11000100074073003,110010074073003,G11000100074072005,110010074072005,1,1
G11000100074073004,110010074073004,G11000100074072011,110010074072011,1,1
G11000100074073005,110010074073005,G11000100074072010,110010074072010,1,1
G11000100074081000,110010074081000,G11000100074081010,110010074081010,0.9501895873,0.4488355681
G11000100074081000,110010074081000,G11000100074081012,110010074081012,0.0498104127,0.5511644319
G11000100074081001,110010074081001,G11000100074081011,110010074081011,1,1
G11000100074082000,110010074082000,G11000100074081000,110010074081000,0.9152790637,0.9612097304
G11000100074082000,110010074082000,G11000100074081008,110010074081008,0.0847209363,0.0387902696
G11000100074082001,110010074082001,G11000100074081001,110010074081001,1,1
G11000100074082002,110010074082002,G11000100074081006,110010074081006,1,1
G11000100074082003,110010074082003,G11000100074081003,110010074081003,1,1
G11000100074082004,110010074082004,G11000100074081004,110010074081004,1,1
G11000100074082005,110010074082005,G11000100074081005,110010074081005,1,1
G11000100074082006,110010074082006,G11000100074081009,110010074081009,1,1
G11000100074082007,110010074082007,G11000100074081007,110010074081007,1,1
G11000100074091000,110010074091000,G11000100074091000,110010074091000,1,1
G11000100074091001,110010074091001,G11000100074091001,110010074091001,1,1
G11000100074091002,110010074091002,G11000100074091002,110010074091002,1,1
G11000100074092000,110010074092000,G11000100074092000,110010074092000,1,1
G11000100074092001,110010074092001,G11000100074092001,110010074092001,1,1
G11000100074092002,110010074092002,G11000100074092002,110010074092002,1,1
G11000100074092003,110010074092003,G11000100074092003,110010074092003,1,1
G11000100074092004,110010074092004,G11000100074092004,110010074092004,1,1
G11000100074093000,110010074093000,G11000100074093000,110010074093000,1,1
G11000100074093001,110010074093001,G11000100074093001,110010074093001,1,1
G11000100074093002,110010074093002,G11000100073041002,110010073041002,0.1876526404,0.0999328573
G11000100074093002,110010074093002,G11000100074093002,110010074093002,0.8123473596,0.9000671427
G11000100074093003,110010074093003,G11000100074093003,110010074093003,1,1
G11000100074093004,110010074093004,G11000100074093004,110010074093004,1,1
G11000100074093005,110010074093005,G11000100073041001,110010073041001,0.0339167408,0.0339167408
G11000100074093005,110010074093005,G11000100074093005,110010074093005,0.9660832592,0.9660832592
G11000100074093006,110010074093006,G11000100073041000,110010073041000,1,1
G11000100075021000,110010075021000,G11000100075021000,110010075021000,0.8026306197,1
G11000100075021000,110010075021000,G11000100075041006,110010075041006,0.1973693803,0
G11000100075021001,110010075021001,G11000100075021000,110010075021000,1,1
G11000100075021002,110010075021002,G11000100075021001,110010075021001,1,1
G11000100075021003,110010075021003,G11000100075021002,110010075021002,1,1
G11000100075021004,110010075021004,G11000100075021003,110010075021003,1,1
G11000100075021005,110010075021005,G11000100075021004,110010075021004,1,1
G11000100075021006,110010075021006,G11000100075021005,110010075021005,1,1
G11000100075022000,110010075022000,G11000100075022000,110010075022000,1,1
G11000100075022001,110010075022001,G11000100075022001,110010075022001,1,1
G11000100075022002,110010075022002,G11000100075022003,110010075022003,1,1
G11000100075022003,110010075022003,G11000100075022004,110010075022004,1,1
G11000100075023000,110010075023000,G11000100075022002,110010075022002,1,1
G11000100075023001,110010075023001,G11000100075022009,110010075022009,1,1
G11000100075023002,110010075023002,G11000100075022005,110010075022005,1,1
G11000100075023003,110010075023003,G11000100075022006,110010075022006,1,1
G11000100075023004,110010075023004,G11000100075022007,110010075022007,1,1
G11000100075023005,110010075023005,G11000100075022008,110010075022008,1,1
G11000100075031000,110010075031000,G11000100075031000,110010075031000,0.5024023581,0.0795454545
G11000100075031000,110010075031000,G11000100075031012,110010075031012,0.4975976419,0.9204545455
G11000100075031001,110010075031001,G11000100075031001,110010075031001,1,1
G11000100075031002,110010075031002,G11000100075031002,110010075031002,1,1
G11000100075031003,110010075031003,G11000100074011010,110010074011010,0.0765301469,0.0765301469
G11000100075031003,110010075031003,G11000100074011011,110010074011011,0.2902490194,0.2902490194
G11000100075031003,110010075031003,G11000100075031003,110010075031003,0.6332208337,0.6332208337
G11000100075031004,110010075031004,G11000100075031004,110010075031004,1,1
G11000100075031005,110010075031005,G11000100075031011,110010075031011,1,1
G11000100075031006,110010075031006,G11000100075031010,110010075031010,1,1
G11000100075031007,110010075031007,G11000100075031009,110010075031009,1,1
G11000100075031008,110010075031008,G11000100075031008,110010075031008,1,1
G11000100075031009,110010075031009,G11000100075031007,110010075031007,1,1
G11000100075031010,110010075031010,G11000100075031006,110010075031006,1,1
G11000100075031011,110010075031011,G11000100074011013,110010074011013,0.4844501443,0
G11000100075031011,110010075031011,G11000100074011035,110010074011035,0.0440846425,1
G11000100075031011,110010075031011,G11000100075031005,110010075031005,0.4714652132,0
G11000100075031012,110010075031012,G11000100075031018,110010075031018,1,1
G11000100075031013,110010075031013,G11000100075031017,110010075031017,1,1
G11000100075031014,110010075031014,G11000100075031019,110010075031019,1,1
G11000100075031015,110010075031015,G11000100075031013,110010075031013,1,1
G11000100075031016,110010075031016,G11000100075031014,110010075031014,1,1
G11000100075031017,110010075031017,G11000100075031015,110010075031015,1,1
G11000100075031018,110010075031018,G11000100075031016,110010075031016,1,1
G11000100075032000,110010075032000,G11000100075032000,110010075032000,1,1
G11000100075032001,110010075032001,G11000100075032000,110010075032000,0.9888405079,0.9706718565
G11000100075032001,110010075032001,G11000100075032001,110010075032001,0.0111594921,0.0293281435
G11000100075032002,110010075032002,G11000100075032002,110010075032002,1,1
G11000100075032003,110010075032003,G11000100075032002,110010075032002,1,1
G11000100075032004,110010075032004,G11000100075032002,110010075032002,1,1
G11000100075032005,110010075032005,G11000100075032003,110010075032003,1,1
G11000100075032006,110010075032006,G11000100075032004,110010075032004,1,1
G11000100075032007,110010075032007,G11000100075032000,110010075032000,0.4421691027,0.3930600969
G11000100075032007,110010075032007,G11000100075032005,110010075032005,0.4890631344,0.518484536
G11000100075032007,110010075032007,G11000100075032006,110010075032006,0.0687677629,0.088455367
G11000100075032008,110010075032008,G11000100075032000,110010075032000,0.0165703696,0.0062541784
G11000100075032008,110010075032008,G11000100075032001,110010075032001,0.9834296304,0.9937458216
G11000100075041000,110010075041000,G11000100075041004,110010075041004,1,1
G11000100075041001,110010075041001,G11000100075041008,110010075041008,1,1
G11000100075041002,110010075041002,G11000100075041009,110010075041009,1,1
G11000100075041003,110010075041003,G11000100075041010,110010075041010,1,1
G11000100075042000,110010075042000,G11000100075041000,110010075041000,1,1
G11000100075042001,110010075042001,G11000100075041001,110010075041001,1,1
G11000100075042002,110010075042002,G11000100075041002,110010075041002,1,1
G11000100075042003,110010075042003,G11000100075041003,110010075041003,1,1
G11000100075042004,110010075042004,G11000100075041007,110010075041007,1,1
G11000100075042005,110010075042005,G11000100075041005,110010075041005,1,1
G11000100076011000,110010076011000,G11000100076011000,110010076011000,0.185141159,0.3989313156
G11000100076011000,110010076011000,G11000100076011006,110010076011006,0.814858841,0.6010686844
G11000100076011001,110010076011001,G11000100076011000,110010076011000,1,1
G11000100076011002,110010076011002,G11000100076011007,110010076011007,0.023977433,0.023977433
G11000100076011002,110010076011002,G11000100076011008,110010076011008,0.6558533145,0.6558533145
G11000100076011002,110010076011002,G11000100076012001,110010076012001,0.3201692525,0.3201692525
G11000100076011003,110010076011003,G11000100076011006,110010076011006,0.9454869906,1
G11000100076011003,110010076011003,G11000100076011007,110010076011007,0.0545130094,0
G11000100076011004,110010076011004,G11000100076011005,110010076011005,1,1
G11000100076011005,110010076011005,G11000100076011001,110010076011001,1,1
G11000100076011006,110010076011006,G11000100076011002,110010076011002,1,1
G11000100076011007,110010076011007,G11000100076011003,110010076011003,1,1
G11000100076011008,110010076011008,G11000100076011004,110010076011004,1,1
G11000100076012000,110010076012000,G11000100076012000,110010076012000,1,1
G11000100076012001,110010076012001,G11000100076012002,110010076012002,1,1
G11000100076012002,110010076012002,G11000100076012003,110010076012003,1,1
G11000100076012003,110010076012003,G11000100076012004,110010076012004,1,1
G11000100076012004,110010076012004,G11000100076012005,110010076012005,1,1
G11000100076012005,110010076012005,G11000100076012006,110010076012006,1,1
G11000100076012006,110010076012006,G11000100076012007,110010076012007,1,1
G11000100076012007,110010076012007,G11000100076012008,110010076012008,1,1
G11000100076012008,110010076012008,G11000100076012009,110010076012009,1,1
G11000100076012009,110010076012009,G11000100076012010,110010076012010,1,1
G11000100076012010,110010076012010,G11000100076012011,110010076012011,1,1
G11000100076012011,110010076012011,G11000100076012012,110010076012012,0.9413750422,1
G11000100076012011,110010076012011,G11000100076012014,110010076012014,0.0586249578,0
G11000100076012012,110010076012012,G11000100076012013,110010076012013,1,1
G11000100076013000,110010076013000,G11000100076013000,110010076013000,1,1
G11000100076013001,110010076013001,G11000100076013001,110010076013001,1,1
G11000100076013002,110010076013002,G11000100076013002,110010076013002,1,1
G11000100076013003,110010076013003,G11000100076013003,110010076013003,1,1
G11000100076013004,110010076013004,G11000100076013004,110010076013004,1,1
G11000100076013005,110010076013005,G11000100076013005,110010076013005,1,1
G11000100076013006,110010076013006,G11000100076013006,110010076013006,1,1
G11000100076013007,110010076013007,G11000100076013007,110010076013007,1,1
G11000100076013008,110010076013008,G11000100076013008,110010076013008,1,1
G11000100076013009,110010076013009,G11000100076013009,110010076013009,1,1
G11000100076013010,110010076013010,G11000100076013010,110010076013010,1,1
G11000100076013011,110010076013011,G11000100076013011,110010076013011,1,1
G11000100076013012,110010076013012,G11000100076013012,110010076013012,1,1
G11000100076013013,110010076013013,G11000100076013013,110010076013013,0.5599634883,0.5531914894
G11000100076013013,110010076013013,G11000100076013014,110010076013014,0.4400365117,0.4468085106
G11000100076014000,110010076014000,G11000100076014000,110010076014000,1,1
G11000100076014001,110010076014001,G11000100076014001,110010076014001,1,1
G11000100076014002,110010076014002,G11000100076014002,110010076014002,1,1
G11000100076014003,110010076014003,G11000100076014003,110010076014003,1,1
G11000100076014004,110010076014004,G11000100076014004,110010076014004,1,1
G11000100076014005,110010076014005,G11000100076014005,110010076014005,1,1
G11000100076014006,110010076014006,G11000100076014006,110010076014006,1,1
G11000100076014007,110010076014007,G11000100076014007,110010076014007,1,1
G11000100076014008,110010076014008,G11000100076014008,110010076014008,0.0355767621,0
G11000100076014008,110010076014008,G11000100076014010,110010076014010,0.9644232379,1
G11000100076014009,110010076014009,G11000100076014009,110010076014009,1,1
G11000100076015000,110010076015000,G11000100076015000,110010076015000,0,0
G11000100076015000,110010076015000,G11000100076015001,110010076015001,1,1
G11000100076015001,110010076015001,G11000100076015000,110010076015000,1,1
G11000100076015002,110010076015002,G11000100076015001,110010076015001,1,1
G11000100076015003,110010076015003,G11000100076015003,110010076015003,1,1
G11000100076015004,110010076015004,G11000100076015003,110010076015003,1,1
G11000100076015005,110010076015005,G11000100076015002,110010076015002,0.0148488255,0.0148488255
G11000100076015005,110010076015005,G11000100076015006,110010076015006,0.0030294589,0.0030294589
G11000100076015005,110010076015005,G11000100076015007,110010076015007,0.9821217156,0.9821217156
G11000100076015006,110010076015006,G11000100076015001,110010076015001,0.941613153,0.941613153
G11000100076015006,110010076015006,G11000100076015005,110010076015005,0.058386847,0.058386847
G11000100076015007,110010076015007,G11000100076015008,110010076015008,0.8952393022,0.8952393022
G11000100076015007,110010076015007,G11000100076015025,110010076015025,0.1047606978,0.1047606978
G11000100076015008,110010076015008,G11000100076015009,110010076015009,1,1
G11000100076015009,110010076015009,G11000100076015006,110010076015006,1,1
G11000100076015010,110010076015010,G11000100076015006,110010076015006,0.097391118,0.097391118
G11000100076015010,110010076015010,G11000100076015007,110010076015007,0.902608882,0.902608882
G11000100076015011,110010076015011,G11000100076015000,110010076015000,0.9547262248,0.9547262248
G11000100076015011,110010076015011,G11000100076015004,110010076015004,0.0452737752,0.0452737752
G11000100076015012,110010076015012,G11000100076015010,110010076015010,0.631092138,0.631092138
G11000100076015012,110010076015012,G11000100076015013,110010076015013,0.368907862,0.368907862
G11000100076015013,110010076015013,G11000100076015010,110010076015010,0.4215299353,0.4215299353
G11000100076015013,110010076015013,G11000100076015013,110010076015013,0.5784700647,0.5784700647
G11000100076015014,110010076015014,G11000100076015011,110010076015011,0.0716300232,0
G11000100076015014,110010076015014,G11000100076015012,110010076015012,0.3463078673,0
G11000100076015014,110010076015014,G11000100076015014,110010076015014,0.1303738099,0
G11000100076015014,110010076015014,G11000100076015015,110010076015015,0.4435077987,1
G11000100076015014,110010076015014,G11000100076015024,110010076015024,0.0081805008,0
G11000100076015015,110010076015015,G11000100076015016,110010076015016,1,1
G11000100076015016,110010076015016,G11000100076015017,110010076015017,1,1
G11000100076015017,110010076015017,G11000100076015018,110010076015018,1,1
G11000100076015018,110010076015018,G11000100076015019,110010076015019,1,1
G11000100076015019,110010076015019,G11000100076015020,110010076015020,1,1
G11000100076015020,110010076015020,G11000100076015021,110010076015021,1,1
G11000100076015021,110010076015021,G11000100076015022,110010076015022,1,1
G11000100076015022,110010076015022,G11000100074011008,110010074011008,0.3449470996,0.3449470996
G11000100076015022,110010076015022,G11000100074011012,110010074011012,0.3908245166,0.3908245166
G11000100076015022,110010076015022,G11000100076015023,110010076015023,0.2642283838,0.2642283838
G11000100076031000,110010076031000,G11000100076031000,110010076031000,1,1
G11000100076031001,110010076031001,G11000100076031001,110010076031001,1,1
G11000100076031002,110010076031002,G11000100076031002,110010076031002,1,1
G11000100076031003,110010076031003,G11000100076031003,110010076031003,1,1
G11000100076031004,110010076031004,G11000100076031004,110010076031004,1,1
G11000100076031005,110010076031005,G11000100076031005,110010076031005,1,1
G11000100076031006,110010076031006,G11000100076031006,110010076031006,1,1
G11000100076032000,110010076032000,G11000100076032000,110010076032000,1,1
G11000100076032001,110010076032001,G11000100076032001,110010076032001,1,1
G11000100076032002,110010076032002,G11000100076032002,110010076032002,1,1
G11000100076032003,110010076032003,G11000100076032003,110010076032003,1,1
G11000100076032004,110010076032004,G11000100076032004,110010076032004,1,1
G11000100076032005,110010076032005,G11000100076032005,110010076032005,1,1
G11000100076032006,110010076032006,G11000100076032006,110010076032006,1,1
G11000100076032007,110010076032007,G11000100076032007,110010076032007,1,1
G11000100076032008,110010076032008,G11000100076032008,110010076032008,1,1
G11000100076032009,110010076032009,G11000100076032009,110010076032009,1,1
G11000100076032010,110010076032010,G11000100076032010,110010076032010,1,1
G11000100076032011,110010076032011,G11000100076032011,110010076032011,1,1
G11000100076033000,110010076033000,G11000100076033000,110010076033000,1,1
G11000100076033001,110010076033001,G11000100076033001,110010076033001,1,1
G11000100076033002,110010076033002,G11000100076033002,110010076033002,1,1
G11000100076033003,110010076033003,G11000100076033003,110010076033003,1,1
G11000100076033004,110010076033004,G11000100076033004,110010076033004,1,1
G11000100076033005,110010076033005,G11000100076033005,110010076033005,1,1
G11000100076033006,110010076033006,G11000100076033006,110010076033006,1,1
G11000100076033007,110010076033007,G11000100076033007,110010076033007,1,1
G11000100076033008,110010076033008,G11000100076033008,110010076033008,1,1
G11000100076033009,110010076033009,G11000100076033009,110010076033009,1,1
G11000100076033010,110010076033010,G11000100076033010,110010076033010,1,1
G11000100076033011,110010076033011,G11000100076033011,110010076033011,1,1
G11000100076033012,110010076033012,G11000100076033012,110010076033012,1,1
G11000100076034000,110010076034000,G11000100076034000,110010076034000,1,1
G11000100076034001,110010076034001,G11000100076034001,110010076034001,1,1
G11000100076034002,110010076034002,G11000100076034002,110010076034002,1,1
G11000100076034003,110010076034003,G11000100076034003,110010076034003,1,1
G11000100076034004,110010076034004,G11000100076034004,110010076034004,1,1
G11000100076034005,110010076034005,G11000100076034005,110010076034005,1,1
G11000100076034006,110010076034006,G11000100076034006,110010076034006,1,1
G11000100076034007,110010076034007,G11000100076034007,110010076034007,1,1
G11000100076034008,110010076034008,G11000100076034008,110010076034008,0.6713782941,0.85
G11000100076034008,110010076034008,G11000100076034009,110010076034009,0.3286217059,0.15
G11000100076041000,110010076041000,G11000100076041002,110010076041002,1,1
G11000100076041001,110010076041001,G11000100076041001,110010076041001,0.5808375635,0.2761904762
G11000100076041001,110010076041001,G11000100076041006,110010076041006,0.4191624365,0.7238095238
G11000100076041002,110010076041002,G11000100076041000,110010076041000,1,1
G11000100076041003,110010076041003,G11000100076041003,110010076041003,1,1
G11000100076041004,110010076041004,G11000100076041004,110010076041004,0.528229824,0.6545454545
G11000100076041004,110010076041004,G11000100076041007,110010076041007,0.471770176,0.3454545455
G11000100076041005,110010076041005,G11000100076041005,110010076041005,1,1
G11000100076041006,110010076041006,G11000100076041008,110010076041008,1,1
G11000100076041007,110010076041007,G11000100076041009,110010076041009,1,1
G11000100076042000,110010076042000,G11000100076043000,110010076043000,1,1
G11000100076042001,110010076042001,G11000100076043001,110010076043001,1,1
G11000100076042002,110010076042002,G11000100076043002,110010076043002,1,1
G11000100076042003,110010076042003,G11000100076043003,110010076043003,1,1
G11000100076042004,110010076042004,G11000100076043004,110010076043004,1,1
G11000100076042005,110010076042005,G11000100076043005,110010076043005,1,1
G11000100076042006,110010076042006,G11000100076043006,110010076043006,1,1
G11000100076042007,110010076042007,G11000100076043007,110010076043007,1,1
G11000100076042008,110010076042008,G11000100076043008,110010076043008,1,1
G11000100076042009,110010076042009,G11000100076043009,110010076043009,1,1
G11000100076042010,110010076042010,G11000100076043010,110010076043010,1,1
G11000100076042011,110010076042011,G11000100076043011,110010076043011,1,1
G11000100076042012,110010076042012,G11000100076043012,110010076043012,1,1
G11000100076043000,110010076043000,G11000100076042017,110010076042017,1,1
G11000100076043001,110010076043001,G11000100076042016,110010076042016,0.0577966155,0.0868200837
G11000100076043001,110010076043001,G11000100076042018,110010076042018,0.8567202073,0.6443514644
G11000100076043001,110010076043001,G11000100076042020,110010076042020,0.0854831772,0.2688284519
G11000100076043002,110010076043002,G11000100076042033,110010076042033,1,1
G11000100076044000,110010076044000,G11000100076042000,110010076042000,1,1
G11000100076044001,110010076044001,G11000100076042001,110010076042001,0.4136652458,0.4136652458
G11000100076044001,110010076044001,G11000100076042002,110010076042002,0.4556085503,0.4556085503
G11000100076044001,110010076044001,G11000100076042008,110010076042008,0.1307262039,0.1307262039
G11000100076044002,110010076044002,G11000100076042003,110010076042003,0.7831127733,0.7831127733
G11000100076044002,110010076044002,G11000100076042007,110010076042007,0.2168872267,0.2168872267
G11000100076044003,110010076044003,G11000100076042004,110010076042004,1,1
G11000100076044004,110010076044004,G11000100076042005,110010076042005,1,1
G11000100076044005,110010076044005,G11000100076042006,110010076042006,1,1
G11000100076044006,110010076044006,G11000100076042009,110010076042009,1,1
G11000100076044007,110010076044007,G11000100076042010,110010076042010,1,1
G11000100076044008,110010076044008,G11000100076042011,110010076042011,1,1
G11000100076044009,110010076044009,G11000100076042012,110010076042012,1,1
G11000100076044010,110010076044010,G11000100076042013,110010076042013,1,1
G11000100076044011,110010076044011,G11000100076042014,110010076042014,1,1
G11000100076044012,110010076044012,G11000100076042015,110010076042015,1,1
G11000100076044013,110010076044013,G11000100076042024,110010076042024,1,1
G11000100076044014,110010076044014,G11000100076042021,110010076042021,1,1
G11000100076044015,110010076044015,G11000100076042022,110010076042022,1,1
G11000100076044016,110010076044016,G11000100076042023,110010076042023,1,1
G11000100076044017,110010076044017,G11000100076042026,110010076042026,1,1
G11000100076044018,110010076044018,G11000100076042027,110010076042027,1,1
G11000100076044019,110010076044019,G11000100076042028,110010076042028,1,1
G11000100076044020,110010076044020,G11000100076042029,110010076042029,1,1
G11000100076044021,110010076044021,G11000100076042030,110010076042030,1,1
G11000100076044022,110010076044022,G11000100076042031,110010076042031,1,1
G11000100076044023,110010076044023,G11000100076042019,110010076042019,1,1
G11000100076044024,110010076044024,G11000100076042032,110010076042032,1,1
G11000100076044025,110010076044025,G11000100076042025,110010076042025,1,1
G11000100076051000,110010076051000,G11000100076051000,110010076051000,1,1
G11000100076051001,110010076051001,G11000100076051001,110010076051001,1,1
G11000100076051002,110010076051002,G11000100076051002,110010076051002,1,1
G11000100076051003,110010076051003,G11000100076051003,110010076051003,0.2380130655,0.0476190476
G11000100076051003,110010076051003,G11000100076051004,110010076051004,0.7619869345,0.9523809524
G11000100076051004,110010076051004,G11000100076051005,110010076051005,1,1
G11000100076051005,110010076051005,G11000100076051006,110010076051006,0.8784190914,0.8431372549
G11000100076051005,110010076051005,G11000100076051007,110010076051007,0.1215809086,0.1568627451
G11000100076051006,110010076051006,G11000100076051008,110010076051008,1,1
G11000100076051007,110010076051007,G11000100076051009,110010076051009,1,1
G11000100076052000,110010076052000,G11000100076053000,110010076053000,1,1
G11000100076052001,110010076052001,G11000100076053001,110010076053001,1,1
G11000100076052002,110010076052002,G11000100076053002,110010076053002,1,1
G11000100076052003,110010076052003,G11000100076053003,110010076053003,1,1
G11000100076052004,110010076052004,G11000100076053004,110010076053004,1,1
G11000100076052005,110010076052005,G11000100076053005,110010076053005,1,1
G11000100076053000,110010076053000,G11000100076052002,110010076052002,1,1
G11000100076054000,110010076054000,G11000100076052000,110010076052000,1,1
G11000100076054001,110010076054001,G11000100076052001,110010076052001,1,1
G11000100076054002,110010076054002,G11000100076052003,110010076052003,1,1
G11000100076054003,110010076054003,G11000100076052004,110010076052004,1,1
G11000100077031000,110010077031000,G11000100077031000,110010077031000,0.3037699184,0.9890777898
G11000100077031000,110010077031000,G11000100077031001,110010077031001,0.6962300816,0.0109222102
G11000100077031001,110010077031001,G11000100077031000,110010077031000,0.0779512804,0.9460822724
G11000100077031001,110010077031001,G11000100077031001,110010077031001,0.9220487196,0.0539177276
G11000100077031002,110010077031002,G11000100077031002,110010077031002,1,1
G11000100077031003,110010077031003,G11000100077031003,110010077031003,1,1
G11000100077031004,110010077031004,G11000100077031004,110010077031004,1,1
G11000100077031005,110010077031005,G11000100077031005,110010077031005,1,1
G11000100077031006,110010077031006,G11000100077031006,110010077031006,1,1
G11000100077032000,110010077032000,G11000100077032000,110010077032000,0.7064455862,0.6404226737
G11000100077032000,110010077032000,G11000100077032001,110010077032001,0.2767398412,0.3286772496
G11000100077032000,110010077032000,G11000100077034000,110010077034000,0.0168145726,0.0309000767
G11000100077032001,110010077032001,G11000100077032000,110010077032000,0.1213920554,0.0944824054
G11000100077032001,110010077032001,G11000100077032001,110010077032001,0.8613977709,0.8783637286
G11000100077032001,110010077032001,G11000100077034000,110010077034000,0.0172101737,0.027153866
G11000100077032002,110010077032002,G11000100077032002,110010077032002,0.7821709846,0.6582278481
G11000100077032002,110010077032002,G11000100077032004,110010077032004,0.2178290154,0.3417721519
G11000100077032003,110010077032003,G11000100077032003,110010077032003,1,1
G11000100077032004,110010077032004,G11000100077032006,110010077032006,1,1
G11000100077032005,110010077032005,G11000100077032005,110010077032005,1,1
G11000100077032006,110010077032006,G11000100077032007,110010077032007,1,1
G11000100077032007,110010077032007,G11000100077032008,110010077032008,1,1
G11000100077032008,110010077032008,G11000100077032009,110010077032009,1,1
G11000100077033000,110010077033000,G11000100077033000,110010077033000,1,1
G11000100077033001,110010077033001,G11000100077033001,110010077033001,1,1
G11000100077033002,110010077033002,G11000100077033002,110010077033002,0.5341655149,0.4247954688
G11000100077033002,110010077033002,G11000100077033003,110010077033003,0.4658344851,0.5752045312
G11000100077033003,110010077033003,G11000100077033004,110010077033004,0.6920870627,0.6164079823
G11000100077033003,110010077033003,G11000100077033005,110010077033005,0.3079129373,0.3835920177
G11000100077034000,110010077034000,G11000100077034000,110010077034000,1,1
G11000100077034001,110010077034001,G11000100077034001,110010077034001,0.1310046948,0.0590500642
G11000100077034001,110010077034001,G11000100077034003,110010077034003,0.8689953052,0.9409499358
G11000100077034002,110010077034002,G11000100077034002,110010077034002,1,1
G11000100077071000,110010077071000,G11000100077072000,110010077072000,1,1
G11000100077071001,110010077071001,G11000100077072001,110010077072001,1,1
G11000100077071002,110010077071002,G11000100077072002,110010077072002,1,1
G11000100077071003,110010077071003,G11000100077072003,110010077072003,1,1
G11000100077071004,110010077071004,G11000100077072004,110010077072004,1,1
G11000100077071005,110010077071005,G11000100077072005,110010077072005,0.803444062,0.9892086331
G11000100077071005,110010077071005,G11000100077072010,110010077072010,0.196555938,0.0107913669
G11000100077071006,110010077071006,G11000100077072006,110010077072006,1,1
G11000100077071007,110010077071007,G11000100077072007,110010077072007,1,1
G11000100077071008,110010077071008,G11000100077072008,110010077072008,1,1
G11000100077071009,110010077071009,G11000100077072009,110010077072009,1,1
G11000100077071010,110010077071010,G11000100077072015,110010077072015,1,1
G11000100077071011,110010077071011,G11000100077072016,110010077072016,0.9755462615,1
G11000100077071011,110010077071011,G11000100077072017,110010077072017,0.0244537385,0
G11000100077071012,110010077071012,G11000100077072020,110010077072020,1,1
G11000100077071013,110010077071013,G11000100077072019,110010077072019,1,1
G11000100077071014,110010077071014,G11000100077072018,110010077072018,1,1
G11000100077071015,110010077071015,G11000100077072014,110010077072014,1,1
G11000100077071016,110010077071016,G11000100077072013,110010077072013,1,1
G11000100077071017,110010077071017,G11000100077072012,110010077072012,0.836841233,0.8165137615
G11000100077071017,110010077071017,G11000100077072024,110010077072024,0.163158767,0.1834862385
G11000100077071018,110010077071018,G11000100077072011,110010077072011,1,1
G11000100077071019,110010077071019,G11000100077072022,110010077072022,1,1
G11000100077071020,110010077071020,G11000100077072021,110010077072021,1,1
G11000100077071021,110010077071021,G11000100077072025,110010077072025,1,1
G11000100077071022,110010077071022,G11000100077072023,110010077072023,1,1
G11000100077072000,110010077072000,G11000100077071004,110010077071004,1,1
G11000100077072001,110010077072001,G11000100077071005,110010077071005,1,1
G11000100077072002,110010077072002,G11000100077071006,110010077071006,1,1
G11000100077072003,110010077072003,G11000100077071007,110010077071007,1,1
G11000100077072004,110010077072004,G11000100077071011,110010077071011,1,1
G11000100077072005,110010077072005,G11000100077071012,110010077071012,1,1
G11000100077072006,110010077072006,G11000100077071013,110010077071013,1,1
G11000100077073000,110010077073000,G11000100077071000,110010077071000,1,1
G11000100077073001,110010077073001,G11000100077071001,110010077071001,1,1
G11000100077073002,110010077073002,G11000100077071002,110010077071002,1,1
G11000100077073003,110010077073003,G11000100077071003,110010077071003,1,1
G11000100077073004,110010077073004,G11000100077071002,110010077071002,0.5618860511,1
G11000100077073004,110010077073004,G11000100077071010,110010077071010,0.4381139489,0
G11000100077073005,110010077073005,G11000100077071009,110010077071009,1,1
G11000100077073006,110010077073006,G11000100077071008,110010077071008,0.9788570608,0.9759258305
G11000100077073006,110010077073006,G11000100077071011,110010077071011,0.0211429392,0.0240741695
G11000100077081000,110010077081000,G11000100077081000,110010077081000,1,1
G11000100077081001,110010077081001,G11000100077081003,110010077081003,1,1
G11000100077081002,110010077081002,G11000100077081004,110010077081004,1,1
G11000100077081003,110010077081003,G11000100077081002,110010077081002,1,1
G11000100077081004,110010077081004,G11000100077081000,110010077081000,1,1
G11000100077081005,110010077081005,G11000100077081001,110010077081001,1,1
G11000100077081006,110010077081006,G11000100077081005,110010077081005,1,1
G11000100077082000,110010077082000,G11000100077082000,110010077082000,0.3674121406,0.3674121406
G11000100077082000,110010077082000,G11000100077082001,110010077082001,0.6325878594,0.6325878594
G11000100077082001,110010077082001,G11000100077082002,110010077082002,1,1
G11000100077082002,110010077082002,G11000100077082005,110010077082005,1,1
G11000100077082003,110010077082003,G11000100077082020,110010077082020,1,1
G11000100077082004,110010077082004,G11000100077082020,110010077082020,0.9971564277,0.9971564277
G11000100077082004,110010077082004,G11000100077091009,110010077091009,0.0028435723,0.0028435723
G11000100077082005,110010077082005,G11000100077082003,110010077082003,0.0372683864,0.0372683864
G11000100077082005,110010077082005,G11000100077082005,110010077082005,0.0475239497,0.0475239497
G11000100077082005,110010077082005,G11000100077082018,110010077082018,0.9116940449,0.9116940449
G11000100077082005,110010077082005,G11000100077091006,110010077091006,0.003513619,0.003513619
G11000100077082006,110010077082006,G11000100077082019,110010077082019,1,1
G11000100077082007,110010077082007,G11000100077082002,110010077082002,1,1
G11000100077082008,110010077082008,G11000100077082004,110010077082004,1,1
G11000100077082009,110010077082009,G11000100077082000,110010077082000,0.1883834394,0.1883834394
G11000100077082009,110010077082009,G11000100077082001,110010077082001,0.721973886,0.721973886
G11000100077082009,110010077082009,G11000100077082004,110010077082004,0.0896426746,0.0896426746
G11000100077082010,110010077082010,G11000100077082006,110010077082006,0.5656017003,0.8630393996
G11000100077082010,110010077082010,G11000100077082017,110010077082017,0.4343982997,0.1369606004
G11000100077082011,110010077082011,G11000100077082010,110010077082010,1,1
G11000100077082012,110010077082012,G11000100077082008,110010077082008,1,1
G11000100077082013,110010077082013,G11000100077082016,110010077082016,1,1
G11000100077082014,110010077082014,G11000100077082007,110010077082007,1,1
G11000100077082015,110010077082015,G11000100077082009,110010077082009,1,1
G11000100077082016,110010077082016,G11000100077082011,110010077082011,1,1
G11000100077082017,110010077082017,G11000100077082012,110010077082012,1,1
G11000100077082018,110010077082018,G11000100077082013,110010077082013,1,1
G11000100077082019,110010077082019,G11000100077082014,110010077082014,1,1
G11000100077082020,110010077082020,G11000100077082015,110010077082015,1,1
G11000100077082021,110010077082021,G11000100077082021,110010077082021,1,1
G11000100077091000,110010077091000,G11000100077091000,110010077091000,0.2425908982,0.2424242424
G11000100077091000,110010077091000,G11000100077091001,110010077091001,0.376451985,0.2171717172
G11000100077091000,110010077091000,G11000100077091002,110010077091002,0.031953616,0
G11000100077091000,110010077091000,G11000100077091003,110010077091003,0.1320610232,0
G11000100077091000,110010077091000,G11000100077091004,110010077091004,0.1062037553,0.2777777778
G11000100077091000,110010077091000,G11000100077091015,110010077091015,0.1107387223,0.2626262626
G11000100077091001,110010077091001,G11000100077091014,110010077091014,1,1
G11000100077091002,110010077091002,G11000100077091010,110010077091010,1,1
G11000100077091003,110010077091003,G11000100077091012,110010077091012,1,1
G11000100077091004,110010077091004,G11000100077091011,110010077091011,1,1
G11000100077091005,110010077091005,G11000100077091013,110010077091013,1,1
G11000100077091006,110010077091006,G11000100077091005,110010077091005,0.3180011727,0.3180011727
G11000100077091006,110010077091006,G11000100077091026,110010077091026,0.6819988273,0.6819988273
G11000100077091007,110010077091007,G11000100077091006,110010077091006,0.9497167738,0.9497167738
G11000100077091007,110010077091007,G11000100077091007,110010077091007,0.0480797683,0.0480797683
G11000100077091007,110010077091007,G11000100077091008,110010077091008,0.0022034579,0.0022034579
G11000100077091008,110010077091008,G11000100077091008,110010077091008,1,1
G11000100077091009,110010077091009,G11000100077091009,110010077091009,1,1
G11000100077091010,110010077091010,G11000100077091020,110010077091020,1,1
G11000100077091011,110010077091011,G11000100077091019,110010077091019,1,1
G11000100077091012,110010077091012,G11000100077091017,110010077091017,1,1
G11000100077091013,110010077091013,G11000100077091018,110010077091018,1,1
G11000100077091014,110010077091014,G11000100077091022,110010077091022,0.2464753828,0
G11000100077091014,110010077091014,G11000100077091027,110010077091027,0.3882035466,0
G11000100077091014,110010077091014,G11000100077091028,110010077091028,0.093003084,0
G11000100077091014,110010077091014,G11000100077091030,110010077091030,0.2381594889,0.9662921348
G11000100077091014,110010077091014,G11000100077091031,110010077091031,0.0341584976,0.0337078652
G11000100077091015,110010077091015,G11000100077091029,110010077091029,1,1
G11000100077091016,110010077091016,G11000100077091029,110010077091029,1,1
G11000100077091017,110010077091017,G11000100077091023,110010077091023,1,1
G11000100077091018,110010077091018,G11000100077091021,110010077091021,1,1
G11000100077091019,110010077091019,G11000100077091025,110010077091025,1,1
G11000100077091020,110010077091020,G11000100077091024,110010077091024,1,1
G11000100077091021,110010077091021,G11000100077091016,110010077091016,1,1
G11000100077091022,110010077091022,G11000100077091032,110010077091032,1,1
G11000100077092000,110010077092000,G11000100077092000,110010077092000,1,1
G11000100077092001,110010077092001,G11000100077092001,110010077092001,1,1
G11000100077092002,110010077092002,G11000100077092002,110010077092002,1,1
G11000100077092003,110010077092003,G11000100077092003,110010077092003,1,1
G11000100077092004,110010077092004,G11000100077092004,110010077092004,1,1
G11000100077092005,110010077092005,G11000100077092004,110010077092004,1,1
G11000100077092006,110010077092006,G11000100077092005,110010077092005,1,1
G11000100077092007,110010077092007,G11000100077092006,110010077092006,1,1
G11000100077092008,110010077092008,G11000100077092007,110010077092007,1,1
G11000100077092009,110010077092009,G11000100077092008,110010077092008,0.9769338496,1
G11000100077092009,110010077092009,G11000100077092009,110010077092009,0.0230661504,0
G11000100077092010,110010077092010,G11000100077092010,110010077092010,1,1
G11000100077092011,110010077092011,G11000100077092011,110010077092011,0.9495165569,1
G11000100077092011,110010077092011,G11000100077092014,110010077092014,0.0504834431,0
G11000100077092012,110010077092012,G11000100077092012,110010077092012,1,1
G11000100077092013,110010077092013,G11000100077092013,110010077092013,1,1
G11000100077092014,110010077092014,G11000100077092013,110010077092013,1,1
G11000100077092015,110010077092015,G11000100077092015,110010077092015,1,1
G11000100078031000,110010078031000,G11000100078031002,110010078031002,1,1
G11000100078031000,110010078031000,G11000100078031005,110010078031005,0,0
G11000100078031001,110010078031001,G11000100078031003,110010078031003,1,1
G11000100078031001,110010078031001,G11000100078031004,110010078031004,0,0
G11000100078031002,110010078031002,G11000100078031004,110010078031004,0.5769723156,0.5769723156
G11000100078031002,110010078031002,G11000100078031014,110010078031014,0.4230276844,0.4230276844
G11000100078031003,110010078031003,G11000100078031005,110010078031005,1,1
G11000100078031004,110010078031004,G11000100078031006,110010078031006,1,1
G11000100078031005,110010078031005,G11000100078031007,110010078031007,1,1
G11000100078031006,110010078031006,G11000100078031008,110010078031008,1,1
G11000100078031007,110010078031007,G11000100078031009,110010078031009,1,1
G11000100078031008,110010078031008,G11000100078031010,110010078031010,1,1
G11000100078031008,110010078031008,G11000100078031011,110010078031011,0,0
G11000100078031009,110010078031009,G11000100078031000,110010078031000,0.9248344124,1
G11000100078031009,110010078031009,G11000100078031001,110010078031001,0,0
G11000100078031009,110010078031009,G11000100078031006,110010078031006,0,0
G11000100078031009,110010078031009,G11000100078031012,110010078031012,0.0751655876,0
G11000100078031010,110010078031010,G11000100078031013,110010078031013,1,1
G11000100078032000,110010078032000,G11000100078032000,110010078032000,1,1
G11000100078032001,110010078032001,G11000100078032001,110010078032001,1,1
G11000100078032002,110010078032002,G11000100078032002,110010078032002,1,1
G11000100078032003,110010078032003,G11000100078032003,110010078032003,1,1
G11000100078032004,110010078032004,G11000100078032004,110010078032004,1,1
G11000100078032005,110010078032005,G11000100078032005,110010078032005,1,1
G11000100078032006,110010078032006,G11000100078032006,110010078032006,1,1
G11000100078032007,110010078032007,G11000100078032007,110010078032007,1,1
G11000100078033000,110010078033000,G11000100078033000,110010078033000,1,1
G11000100078033001,110010078033001,G11000100078033001,110010078033001,1,1
G11000100078033002,110010078033002,G11000100078033002,110010078033002,1,1
G11000100078033003,110010078033003,G11000100078033003,110010078033003,1,1
G11000100078033004,110010078033004,G11000100078033004,110010078033004,1,1
G11000100078033005,110010078033005,G11000100078033005,110010078033005,1,1
G11000100078033006,110010078033006,G11000100078033006,110010078033006,1,1
G11000100078033007,110010078033007,G11000100078033007,110010078033007,1,1
G11000100078033008,110010078033008,G11000100078033008,110010078033008,1,1
G11000100078033009,110010078033009,G11000100078033009,110010078033009,1,1
G11000100078033010,110010078033010,G11000100078033010,110010078033010,1,1
G11000100078033011,110010078033011,G11000100078033011,110010078033011,1,1
G11000100078034000,110010078034000,G11000100078034000,110010078034000,1,1
G11000100078034001,110010078034001,G11000100078034001,110010078034001,1,1
G11000100078034002,110010078034002,G11000100078034002,110010078034002,1,1
G11000100078034003,110010078034003,G11000100078034003,110010078034003,1,1
G11000100078034004,110010078034004,G11000100078034004,110010078034004,1,1
G11000100078034005,110010078034005,G11000100078034005,110010078034005,1,1
G11000100078034006,110010078034006,G11000100078034006,110010078034006,1,1
G11000100078041000,110010078041000,G11000100078041000,110010078041000,1,1
G11000100078041001,110010078041001,G11000100078041001,110010078041001,1,1
G11000100078041002,110010078041002,G11000100078041002,110010078041002,1,1
G11000100078041003,110010078041003,G11000100078041004,110010078041004,1,1
G11000100078041004,110010078041004,G11000100078041003,110010078041003,1,1
G11000100078041005,110010078041005,G11000100078041005,110010078041005,1,1
G11000100078041006,110010078041006,G11000100078041006,110010078041006,0.528651002,0.9287833828
G11000100078041006,110010078041006,G11000100078041007,110010078041007,0,0
G11000100078041006,110010078041006,G11000100078041010,110010078041010,0.0072774612,0
G11000100078041006,110010078041006,G11000100078041011,110010078041011,0.2690526496,0
G11000100078041006,110010078041006,G11000100078041012,110010078041012,0,0
G11000100078041006,110010078041006,G11000100078041013,110010078041013,0.1423159827,0.0712166172
G11000100078041006,110010078041006,G11000100078041014,110010078041014,0.0527029046,0
G11000100078041007,110010078041007,G11000100078041008,110010078041008,1,1
G11000100078041008,110010078041008,G11000100078041009,110010078041009,1,1
G11000100078041009,110010078041009,G11000100078041017,110010078041017,1,1
G11000100078041010,110010078041010,G11000100078041016,110010078041016,1,1
G11000100078041011,110010078041011,G11000100078041015,110010078041015,1,1
G11000100078042000,110010078042000,G11000100078042000,110010078042000,1,1
G11000100078042001,110010078042001,G11000100078042001,110010078042001,0.0418404026,0.024691358
G11000100078042001,110010078042001,G11000100078042002,110010078042002,0.9581595974,0.975308642
G11000100078042002,110010078042002,G11000100078042003,110010078042003,0.9348551698,0.813253012
G11000100078042002,110010078042002,G11000100078042004,110010078042004,0.0651448302,0.186746988
G11000100078042003,110010078042003,G11000100078042005,110010078042005,1,1
G11000100078042004,110010078042004,G11000100078042006,110010078042006,1,1
G11000100078042005,110010078042005,G11000100078042007,110010078042007,1,1
G11000100078042006,110010078042006,G11000100078042008,110010078042008,1,1
G11000100078042007,110010078042007,G11000100078042009,110010078042009,1,1
G11000100078042008,110010078042008,G11000100078042010,110010078042010,1,1
G11000100078042009,110010078042009,G11000100078042011,110010078042011,1,1
G11000100078043000,110010078043000,G11000100078043000,110010078043000,1,1
G11000100078043001,110010078043001,G11000100078043001,110010078043001,1,1
G11000100078043002,110010078043002,G11000100078043002,110010078043002,1,1
G11000100078043003,110010078043003,G11000100078043003,110010078043003,1,1
G11000100078043004,110010078043004,G11000100078043004,110010078043004,1,1
G11000100078043005,110010078043005,G11000100078043005,110010078043005,1,1
G11000100078043006,110010078043006,G11000100078043006,110010078043006,1,1
G11000100078043007,110010078043007,G11000100078043007,110010078043007,1,1
G11000100078043008,110010078043008,G11000100078043008,110010078043008,1,1
G11000100078043009,110010078043009,G11000100078043009,110010078043009,1,1
G11000100078043010,110010078043010,G11000100078043010,110010078043010,1,1
G11000100078043011,110010078043011,G11000100078043011,110010078043011,1,1
G11000100078043012,110010078043012,G11000100078043012,110010078043012,1,1
G11000100078043013,110010078043013,G11000100078043013,110010078043013,1,1
G11000100078043014,110010078043014,G11000100078043014,110010078043014,1,1
G11000100078043015,110010078043015,G11000100078043015,110010078043015,1,1
G11000100078043016,110010078043016,G11000100078043016,110010078043016,1,1
G11000100078043017,110010078043017,G11000100078043017,110010078043017,1,1
G11000100078043018,110010078043018,G11000100078043018,110010078043018,0.964023057,1
G11000100078043018,110010078043018,G11000100078043021,110010078043021,0.035976943,0
G11000100078043019,110010078043019,G11000100078043019,110010078043019,1,1
G11000100078043020,110010078043020,G11000100078043020,110010078043020,1,1
G11000100078061000,110010078061000,G11000100078061000,110010078061000,1,1
G11000100078061001,110010078061001,G11000100078061001,110010078061001,1,1
G11000100078061002,110010078061002,G11000100078061002,110010078061002,1,1
G11000100078061003,110010078061003,G11000100078061003,110010078061003,1,1
G11000100078061004,110010078061004,G11000100078061004,110010078061004,1,1
G11000100078061005,110010078061005,G11000100078061005,110010078061005,1,1
G11000100078061006,110010078061006,G11000100078061006,110010078061006,1,1
G11000100078061007,110010078061007,G11000100078061007,110010078061007,1,1
G11000100078061008,110010078061008,G11000100078061008,110010078061008,1,1
G11000100078061009,110010078061009,G11000100078061009,110010078061009,1,1
G11000100078061010,110010078061010,G11000100078061010,110010078061010,1,1
G11000100078061011,110010078061011,G11000100078061011,110010078061011,1,1
G11000100078061012,110010078061012,G11000100078061012,110010078061012,1,1
G11000100078061013,110010078061013,G11000100078061013,110010078061013,1,1
G11000100078061014,110010078061014,G11000100078061014,110010078061014,1,1
G11000100078061015,110010078061015,G11000100078061015,110010078061015,1,1
G11000100078061016,110010078061016,G11000100078061016,110010078061016,1,1
G11000100078061017,110010078061017,G11000100078061017,110010078061017,1,1
G11000100078062000,110010078062000,G11000100078062000,110010078062000,0.4184211812,0.2756612659
G11000100078062000,110010078062000,G11000100078062001,110010078062001,0.0306897562,0
G11000100078062000,110010078062000,G11000100078062011,110010078062011,0.5031141615,0.6781798932
G11000100078062000,110010078062000,G11000100078062021,110010078062021,0.0477749011,0.0461588409
G11000100078062001,110010078062001,G11000100078062003,110010078062003,1,1
G11000100078062002,110010078062002,G11000100078062002,110010078062002,1,1
G11000100078062003,110010078062003,G11000100078062000,110010078062000,1,1
G11000100078062004,110010078062004,G11000100078062004,110010078062004,0.5869891094,1
G11000100078062004,110010078062004,G11000100078062005,110010078062005,0.4130108906,0
G11000100078062005,110010078062005,G11000100078062016,110010078062016,1,1
G11000100078062006,110010078062006,G11000100078062007,110010078062007,1,1
G11000100078062007,110010078062007,G11000100078062006,110010078062006,1,1
G11000100078062008,110010078062008,G11000100078062019,110010078062019,1,1
G11000100078062009,110010078062009,G11000100078062008,110010078062008,1,1
G11000100078062010,110010078062010,G11000100078062020,110010078062020,1,1
G11000100078062011,110010078062011,G11000100078062009,110010078062009,1,1
G11000100078062012,110010078062012,G11000100078062010,110010078062010,0.379273361,0.5535714286
G11000100078062012,110010078062012,G11000100078062012,110010078062012,0.620726639,0.4464285714
G11000100078062013,110010078062013,G11000100078062022,110010078062022,1,1
G11000100078062014,110010078062014,G11000100078062015,110010078062015,1,1
G11000100078062015,110010078062015,G11000100078062018,110010078062018,1,1
G11000100078062016,110010078062016,G11000100078062017,110010078062017,1,1
G11000100078062017,110010078062017,G11000100078062014,110010078062014,1,1
G11000100078062018,110010078062018,G11000100078062013,110010078062013,1,1
G11000100078071000,110010078071000,G11000100078071000,110010078071000,0.6747207122,0.8023255814
G11000100078071000,110010078071000,G11000100078071004,110010078071004,0.3252792878,0.1976744186
G11000100078071001,110010078071001,G11000100078071001,110010078071001,1,1
G11000100078071002,110010078071002,G11000100078071002,110010078071002,1,1
G11000100078071003,110010078071003,G11000100078071003,110010078071003,1,1
G11000100078071004,110010078071004,G11000100078071006,110010078071006,1,1
G11000100078071005,110010078071005,G11000100078071005,110010078071005,1,1
G11000100078071006,110010078071006,G11000100078071009,110010078071009,1,1
G11000100078071007,110010078071007,G11000100078071010,110010078071010,1,1
G11000100078071008,110010078071008,G11000100078071011,110010078071011,1,1
G11000100078071009,110010078071009,G11000100078071007,110010078071007,1,1
G11000100078071010,110010078071010,G11000100078071008,110010078071008,1,1
G11000100078071011,110010078071011,G11000100078071012,110010078071012,1,1
G11000100078071012,110010078071012,G11000100078071013,110010078071013,1,1
G11000100078072000,110010078072000,G11000100078072000,110010078072000,1,1
G11000100078072001,110010078072001,G11000100078072001,110010078072001,1,1
G11000100078072002,110010078072002,G11000100078072002,110010078072002,1,1
G11000100078072003,110010078072003,G11000100078072003,110010078072003,1,1
G11000100078072004,110010078072004,G11000100078072005,110010078072005,1,1
G11000100078072005,110010078072005,G11000100078072006,110010078072006,1,1
G11000100078072006,110010078072006,G11000100078072004,110010078072004,1,1
G11000100078072007,110010078072007,G11000100078072007,110010078072007,1,1
G11000100078072008,110010078072008,G11000100078072008,110010078072008,1,1
G11000100078081000,110010078081000,G11000100078081000,110010078081000,1,1
G11000100078081001,110010078081001,G11000100078081001,110010078081001,0.3528499418,0.3528499418
G11000100078081001,110010078081001,G11000100078081003,110010078081003,0.6471500582,0.6471500582
G11000100078081002,110010078081002,G11000100078081001,110010078081001,0.1748886605,0
G11000100078081002,110010078081002,G11000100078081002,110010078081002,0.8251113395,1
G11000100078081003,110010078081003,G11000100078081004,110010078081004,1,1
G11000100078081004,110010078081004,G11000100078081005,110010078081005,1,1
G11000100078081005,110010078081005,G11000100078081006,110010078081006,1,1
G11000100078081006,110010078081006,G11000100078081007,110010078081007,1,1
G11000100078081007,110010078081007,G11000100078081008,110010078081008,1,1
G11000100078081008,110010078081008,G11000100078081009,110010078081009,1,1
G11000100078081009,110010078081009,G11000100078081010,110010078081010,1,1
G11000100078081010,110010078081010,G11000100078081011,110010078081011,1,1
G11000100078081011,110010078081011,G11000100078081012,110010078081012,1,1
G11000100078081012,110010078081012,G11000100078081013,110010078081013,1,1
G11000100078081013,110010078081013,G11000100078081015,110010078081015,1,1
G11000100078081014,110010078081014,G11000100078081014,110010078081014,1,1
G11000100078082000,110010078082000,G11000100078071014,110010078071014,0.0528664947,0
G11000100078082000,110010078082000,G11000100078082000,110010078082000,0.9471335053,1
G11000100078082001,110010078082001,G11000100078082007,110010078082007,1,1
G11000100078082002,110010078082002,G11000100078082006,110010078082006,1,1
G11000100078082003,110010078082003,G11000100078082001,110010078082001,1,1
G11000100078082004,110010078082004,G11000100078082002,110010078082002,1,1
G11000100078082005,110010078082005,G11000100078082003,110010078082003,1,1
G11000100078082006,110010078082006,G11000100078082004,110010078082004,1,1
G11000100078082007,110010078082007,G11000100078082005,110010078082005,1,1
G11000100078082008,110010078082008,G11000100078082012,110010078082012,1,1
G11000100078082009,110010078082009,G11000100078082011,110010078082011,1,1
G11000100078082010,110010078082010,G11000100078082010,110010078082010,1,1
G11000100078082011,110010078082011,G11000100078082008,110010078082008,1,1
G11000100078082012,110010078082012,G11000100078082009,110010078082009,0.9595971157,0.88141488
G11000100078082012,110010078082012,G11000100078082018,110010078082018,0.0404028843,0.11858512
G11000100078082013,110010078082013,G11000100078082015,110010078082015,0.6120936639,0.8143672167
G11000100078082013,110010078082013,G11000100078082016,110010078082016,0.365785124,0
G11000100078082013,110010078082013,G11000100078082017,110010078082017,0.0123140496,0
G11000100078082013,110010078082013,G11000100078082018,110010078082018,0.0098071625,0.1856327833
G11000100078082014,110010078082014,G11000100078082013,110010078082013,0,0
G11000100078082014,110010078082014,G11000100078082014,110010078082014,1,1
G11000100078082015,110010078082015,G11000100078082019,110010078082019,1,1
G11000100078082016,110010078082016,G11000100078082019,110010078082019,1,1
G11000100078083000,110010078083000,G11000100078083000,110010078083000,1,1
G11000100078083001,110010078083001,G11000100078083001,110010078083001,0.4899391985,0.8791208791
G11000100078083001,110010078083001,G11000100078083002,110010078083002,0.5100608015,0.1208791209
G11000100078083001,110010078083001,G11000100078083003,110010078083003,0,0
G11000100078083002,110010078083002,G11000100078083004,110010078083004,1,1
G11000100078083003,110010078083003,G11000100078083014,110010078083014,1,1
G11000100078083004,110010078083004,G11000100078083005,110010078083005,0,0
G11000100078083004,110010078083004,G11000100078083006,110010078083006,1,1
G11000100078083005,110010078083005,G11000100078083012,110010078083012,0.9938164251,0.9974756533
G11000100078083005,110010078083005,G11000100078083013,110010078083013,0.0061835749,0.0025243467
G11000100078083006,110010078083006,G11000100078083011,110010078083011,1,1
G11000100078083007,110010078083007,G11000100078083007,110010078083007,1,1
G11000100078083008,110010078083008,G11000100078083008,110010078083008,1,1
G11000100078083009,110010078083009,G11000100078083009,110010078083009,1,1
G11000100078083010,110010078083010,G11000100078083010,110010078083010,1,1
G11000100078083011,110010078083011,G11000100078083013,110010078083013,1,1
G11000100078091000,110010078091000,G11000100078091000,110010078091000,1,1
G11000100078091001,110010078091001,G11000100078091001,110010078091001,1,1
G11000100078091002,110010078091002,G11000100078091002,110010078091002,1,1
G11000100078091003,110010078091003,G11000100078091003,110010078091003,1,1
G11000100078091004,110010078091004,G11000100078091004,110010078091004,1,1
G11000100078091005,110010078091005,G11000100078091005,110010078091005,1,1
G11000100078091006,110010078091006,G11000100078091006,110010078091006,1,1
G11000100078091007,110010078091007,G11000100078091007,110010078091007,1,1
G11000100078092000,110010078092000,G11000100078092000,110010078092000,1,1
G11000100078092001,110010078092001,G11000100078092001,110010078092001,1,1
G11000100078092002,110010078092002,G11000100078092002,110010078092002,1,1
G11000100078092003,110010078092003,G11000100078092003,110010078092003,1,1
G11000100078092004,110010078092004,G11000100078092004,110010078092004,1,1
G11000100078092005,110010078092005,G11000100078092005,110010078092005,1,1
G11000100078092006,110010078092006,G11000100078092006,110010078092006,1,1
G11000100078092007,110010078092007,G11000100078092007,110010078092007,1,1
G11000100078092008,110010078092008,G11000100078092008,110010078092008,1,1
G11000100078092009,110010078092009,G11000100078092009,110010078092009,1,1
G11000100078092010,110010078092010,G11000100078092010,110010078092010,1,1
G11000100078092011,110010078092011,G11000100078092011,110010078092011,1,1
G11000100078092012,110010078092012,G11000100078092012,110010078092012,1,1
G11000100078092013,110010078092013,G11000100078092013,110010078092013,1,1
G11000100078092014,110010078092014,G11000100078092014,110010078092014,1,1
G11000100078092015,110010078092015,G11000100078092015,110010078092015,1,1
G11000100079011000,110010079011000,G11000100079011000,110010079011000,1,1
G11000100079011001,110010079011001,G11000100079011001,110010079011001,1,1
G11000100079011002,110010079011002,G11000100079011001,110010079011001,1,1
G11000100079011003,110010079011003,G11000100079011000,110010079011000,1,1
G11000100079011004,110010079011004,G11000100079011002,110010079011002,1,1
G11000100079011005,110010079011005,G11000100079011003,110010079011003,1,1
G11000100079011006,110010079011006,G11000100079011004,110010079011004,1,1
G11000100079011007,110010079011007,G11000100079011005,110010079011005,1,1
G11000100079012000,110010079012000,G11000100079012000,110010079012000,1,1
G11000100079012001,110010079012001,G11000100079012001,110010079012001,1,1
G11000100079012002,110010079012002,G11000100079012002,110010079012002,1,1
G11000100079012003,110010079012003,G11000100079012003,110010079012003,1,1
G11000100079012004,110010079012004,G11000100079012004,110010079012004,1,1
G11000100079012005,110010079012005,G11000100079012005,110010079012005,1,1
G11000100079013000,110010079013000,G11000100079013000,110010079013000,1,1
G11000100079013001,110010079013001,G11000100079013001,110010079013001,1,1
G11000100079013002,110010079013002,G11000100079013002,110010079013002,1,1
G11000100079013003,110010079013003,G11000100079013003,110010079013003,1,1
G11000100079013004,110010079013004,G11000100079013004,110010079013004,1,1
G11000100079013005,110010079013005,G11000100079013005,110010079013005,1,1
G11000100079013006,110010079013006,G11000100079013006,110010079013006,1,1
G11000100079014000,110010079014000,G11000100079014000,110010079014000,1,1
G11000100079014001,110010079014001,G11000100079014001,110010079014001,1,1
G11000100079014002,110010079014002,G11000100079014001,110010079014001,1,1
G11000100079014003,110010079014003,G11000100079014000,110010079014000,1,1
G11000100079014004,110010079014004,G11000100079014003,110010079014003,1,1
G11000100079014005,110010079014005,G11000100079014002,110010079014002,1,1
G11000100079014006,110010079014006,G11000100079014004,110010079014004,1,1
G11000100079014007,110010079014007,G11000100079014005,110010079014005,1,1
G11000100079014008,110010079014008,G11000100079014006,110010079014006,1,1
G11000100079031000,110010079031000,G11000100079031000,110010079031000,1,1
G11000100079031001,110010079031001,G11000100079031000,110010079031000,1,1
G11000100079031002,110010079031002,G11000100079031001,110010079031001,1,1
G11000100079031003,110010079031003,G11000100079031002,110010079031002,1,1
G11000100079031004,110010079031004,G11000100079031003,110010079031003,1,1
G11000100079031005,110010079031005,G11000100079031004,110010079031004,1,1
G11000100079031006,110010079031006,G11000100079031005,110010079031005,1,1
G11000100079031007,110010079031007,G11000100079031005,110010079031005,0.4892421323,0.1047001082
G11000100079031007,110010079031007,G11000100079031006,110010079031006,0.5107578677,0.8952998918
G11000100079031008,110010079031008,G11000100079031004,110010079031004,1,1
G11000100079031009,110010079031009,G11000100079031003,110010079031003,1,1
G11000100079031010,110010079031010,G11000100079031002,110010079031002,1,1
G11000100079031011,110010079031011,G11000100079031001,110010079031001,1,1
G11000100079031012,110010079031012,G11000100079031000,110010079031000,1,1
G11000100079031013,110010079031013,G11000100079031014,110010079031014,1,1
G11000100079031014,110010079031014,G11000100079031013,110010079031013,1,1
G11000100079031015,110010079031015,G11000100079031012,110010079031012,1,1
G11000100079031016,110010079031016,G11000100079031011,110010079031011,1,1
G11000100079031017,110010079031017,G11000100079031007,110010079031007,1,1
G11000100079031018,110010079031018,G11000100079031008,110010079031008,1,1
G11000100079031019,110010079031019,G11000100079031009,110010079031009,1,1
G11000100079031020,110010079031020,G11000100079031010,110010079031010,1,1
G11000100079031021,110010079031021,G11000100079031018,110010079031018,1,1
G11000100079031022,110010079031022,G11000100079031017,110010079031017,1,1
G11000100079031023,110010079031023,G11000100079031016,110010079031016,1,1
G11000100079031024,110010079031024,G11000100079031015,110010079031015,1,1
G11000100080011000,110010080011000,G11000100080011000,110010080011000,1,1
G11000100080011001,110010080011001,G11000100080011001,110010080011001,1,1
G11000100080011002,110010080011002,G11000100080011001,110010080011001,1,1
G11000100080011003,110010080011003,G11000100080011003,110010080011003,1,1
G11000100080011004,110010080011004,G11000100080011002,110010080011002,0.9590563602,1
G11000100080011004,110010080011004,G11000100080011004,110010080011004,0.0409436398,0
G11000100080011005,110010080011005,G11000100080011005,110010080011005,1,1
G11000100080011006,110010080011006,G11000100080011006,110010080011006,1,1
G11000100080012000,110010080012000,G11000100080012000,110010080012000,1,1
G11000100080012001,110010080012001,G11000100080012001,110010080012001,1,1
G11000100080012002,110010080012002,G11000100080012002,110010080012002,1,1
G11000100080012003,110010080012003,G11000100080012003,110010080012003,1,1
G11000100080012004,110010080012004,G11000100080012013,110010080012013,1,1
G11000100080012005,110010080012005,G11000100080012004,110010080012004,0.4538138246,0.3373493976
G11000100080012005,110010080012005,G11000100080012005,110010080012005,0.5461861754,0.6626506024
G11000100080012006,110010080012006,G11000100080012006,110010080012006,0.4824410942,0.535
G11000100080012006,110010080012006,G11000100080012007,110010080012007,0.5175589058,0.465
G11000100080012007,110010080012007,G11000100080012008,110010080012008,1,1
G11000100080012008,110010080012008,G11000100080012009,110010080012009,1,1
G11000100080012009,110010080012009,G11000100080012010,110010080012010,1,1
G11000100080012010,110010080012010,G11000100080012011,110010080012011,1,1
G11000100080012011,110010080012011,G11000100080012012,110010080012012,1,1
G11000100080013000,110010080013000,G11000100080013000,110010080013000,1,1
G11000100080013001,110010080013001,G11000100080013001,110010080013001,1,1
G11000100080013002,110010080013002,G11000100080013002,110010080013002,1,1
G11000100080013003,110010080013003,G11000100080013003,110010080013003,1,1
G11000100080013004,110010080013004,G11000100080013004,110010080013004,1,1
G11000100080013005,110010080013005,G11000100080013005,110010080013005,1,1
G11000100080021000,110010080021000,G11000100080021000,110010080021000,1,1
G11000100080021001,110010080021001,G11000100080021001,110010080021001,1,1
G11000100080021002,110010080021002,G11000100080021002,110010080021002,0.6103976221,0.5535714286
G11000100080021002,110010080021002,G11000100080021009,110010080021009,0.3896023779,0.4464285714
G11000100080021003,110010080021003,G11000100080021003,110010080021003,0.4949197072,0.4949197072
G11000100080021003,110010080021003,G11000100080021008,110010080021008,0.5050802928,0.5050802928
G11000100080021004,110010080021004,G11000100080021004,110010080021004,1,1
G11000100080021005,110010080021005,G11000100080021005,110010080021005,1,1
G11000100080021006,110010080021006,G11000100080021006,110010080021006,1,1
G11000100080021007,110010080021007,G11000100080021007,110010080021007,1,1
G11000100080021008,110010080021008,G11000100080021010,110010080021010,1,1
G11000100080021009,110010080021009,G11000100080021011,110010080021011,1,1
G11000100080021010,110010080021010,G11000100080021012,110010080021012,1,1
G11000100080021011,110010080021011,G11000100080021013,110010080021013,1,1
G11000100080021012,110010080021012,G11000100080021012,110010080021012,1,1
G11000100080022000,110010080022000,G11000100080022000,110010080022000,1,1
G11000100080022001,110010080022001,G11000100080022001,110010080022001,1,1
G11000100080022002,110010080022002,G11000100080022002,110010080022002,0.9498054895,1
G11000100080022002,110010080022002,G11000100080022003,110010080022003,0.0501945105,0
G11000100080022003,110010080022003,G11000100080022004,110010080022004,1,1
G11000100080022004,110010080022004,G11000100080022005,110010080022005,1,1
G11000100080022005,110010080022005,G11000100080022006,110010080022006,1,1
G11000100080022006,110010080022006,G11000100080022007,110010080022007,1,1
G11000100080022007,110010080022007,G11000100080022008,110010080022008,1,1
G11000100080022008,110010080022008,G11000100080022009,110010080022009,1,1
G11000100080022009,110010080022009,G11000100080022010,110010080022010,1,1
G11000100080022010,110010080022010,G11000100080022011,110010080022011,1,1
G11000100080022011,110010080022011,G11000100080022012,110010080022012,1,1
G11000100080022012,110010080022012,G11000100080022013,110010080022013,0.9474232588,1
G11000100080022012,110010080022012,G11000100080022023,110010080022023,0.0525767412,0
G11000100080022013,110010080022013,G11000100080022014,110010080022014,1,1
G11000100080022014,110010080022014,G11000100080022015,110010080022015,1,1
G11000100080022015,110010080022015,G11000100080022016,110010080022016,0.9420414165,0.9298772845
G11000100080022015,110010080022015,G11000100080022019,110010080022019,0.0579585835,0.0701227155
G11000100080022016,110010080022016,G11000100080022016,110010080022016,0.1845298677,0.1558457919
G11000100080022016,110010080022016,G11000100080022019,110010080022019,0.8154701323,0.8441542081
G11000100080022017,110010080022017,G11000100080022020,110010080022020,1,1
G11000100080022018,110010080022018,G11000100080022021,110010080022021,1,1
G11000100080022019,110010080022019,G11000100080022022,110010080022022,1,1
G11000100080022020,110010080022020,G11000100080022017,110010080022017,1,1
G11000100080022021,110010080022021,G11000100080022018,110010080022018,1,1
G11000100081001000,110010081001000,G11000100081001000,110010081001000,1,1
G11000100081001001,110010081001001,G11000100081001001,110010081001001,1,1
G11000100081001002,110010081001002,G11000100081001004,110010081001004,1,1
G11000100081001003,110010081001003,G11000100081001002,110010081001002,0.0336752741,0.0837988827
G11000100081001003,110010081001003,G11000100081001003,110010081001003,0.9663247259,0.9162011173
G11000100081001004,110010081001004,G11000100081001006,110010081001006,1,1
G11000100081001005,110010081001005,G11000100081001005,110010081001005,1,1
G11000100081002000,110010081002000,G11000100081002000,110010081002000,1,1
G11000100081002001,110010081002001,G11000100081002001,110010081002001,1,1
G11000100081002002,110010081002002,G11000100081002002,110010081002002,1,1
G11000100081002003,110010081002003,G11000100081002003,110010081002003,1,1
G11000100081002004,110010081002004,G11000100081002004,110010081002004,1,1
G11000100081002005,110010081002005,G11000100081002005,110010081002005,1,1
G11000100081002006,110010081002006,G11000100081002006,110010081002006,1,1
G11000100081002007,110010081002007,G11000100081002007,110010081002007,1,1
G11000100081002008,110010081002008,G11000100081002008,110010081002008,1,1
G11000100081003000,110010081003000,G11000100081003000,110010081003000,1,1
G11000100081003001,110010081003001,G11000100081003001,110010081003001,1,1
G11000100081003002,110010081003002,G11000100081003002,110010081003002,0.9687326035,1
G11000100081003002,110010081003002,G11000100081003005,110010081003005,0.0312673965,0
G11000100081003003,110010081003003,G11000100081003003,110010081003003,1,1
G11000100081003004,110010081003004,G11000100081003004,110010081003004,1,1
G11000100081003005,110010081003005,G11000100081003006,110010081003006,1,1
G11000100081003006,110010081003006,G11000100081003007,110010081003007,1,1
G11000100081003007,110010081003007,G11000100081003010,110010081003010,1,1
G11000100081003008,110010081003008,G11000100081003010,110010081003010,1,1
G11000100081003009,110010081003009,G11000100081003006,110010081003006,1,1
G11000100081003010,110010081003010,G11000100081003008,110010081003008,1,1
G11000100081003011,110010081003011,G11000100081003008,110010081003008,1,1
G11000100081003012,110010081003012,G11000100081003009,110010081003009,1,1
G11000100082001000,110010082001000,G11000100082001000,110010082001000,1,1
G11000100082001001,110010082001001,G11000100082001001,110010082001001,0.0317915223,0.0798122066
G11000100082001001,110010082001001,G11000100082001002,110010082001002,0.9682084777,0.9201877934
G11000100082001002,110010082001002,G11000100082001003,110010082001003,1,1
G11000100082001003,110010082001003,G11000100082001004,110010082001004,1,1
G11000100082001004,110010082001004,G11000100082001005,110010082001005,1,1
G11000100082001005,110010082001005,G11000100082001005,110010082001005,1,1
G11000100082001006,110010082001006,G11000100082001004,110010082001004,1,1
G11000100082002000,110010082002000,G11000100082002013,110010082002013,1,1
G11000100082002001,110010082002001,G11000100082002014,110010082002014,1,1
G11000100082002002,110010082002002,G11000100082002015,110010082002015,0.6344773331,0.751659339
G11000100082002002,110010082002002,G11000100082002016,110010082002016,0.3655226669,0.248340661
G11000100082002003,110010082002003,G11000100082002015,110010082002015,0.6220821264,0.7416196378
G11000100082002003,110010082002003,G11000100082002016,110010082002016,0.3779178736,0.2583803622
G11000100082002004,110010082002004,G11000100082002017,110010082002017,1,1
G11000100082002005,110010082002005,G11000100082002017,110010082002017,1,1
G11000100082003000,110010082003000,G11000100082002010,110010082002010,1,1
G11000100082003001,110010082003001,G11000100082002009,110010082002009,1,1
G11000100082003002,110010082003002,G11000100082002012,110010082002012,1,1
G11000100082003003,110010082003003,G11000100082002011,110010082002011,1,1
G11000100082003004,110010082003004,G11000100082002019,110010082002019,1,1
G11000100082003005,110010082003005,G11000100082002018,110010082002018,1,1
G11000100082003006,110010082003006,G11000100082002018,110010082002018,1,1
G11000100082003007,110010082003007,G11000100082002019,110010082002019,1,1
G11000100082004000,110010082004000,G11000100082002000,110010082002000,1,1
G11000100082004001,110010082004001,G11000100082002001,110010082002001,1,1
G11000100082004002,110010082004002,G11000100082002002,110010082002002,1,1
G11000100082004003,110010082004003,G11000100082002003,110010082002003,1,1
G11000100082004004,110010082004004,G11000100082002004,110010082002004,1,1
G11000100082004005,110010082004005,G11000100082002006,110010082002006,1,1
G11000100082004006,110010082004006,G11000100082002006,110010082002006,1,1
G11000100082004007,110010082004007,G11000100082002004,110010082002004,1,1
G11000100082004008,110010082004008,G11000100082002003,110010082002003,1,1
G11000100082004009,110010082004009,G11000100082002008,110010082002008,1,1
G11000100082004010,110010082004010,G11000100082002005,110010082002005,1,1
G11000100082004011,110010082004011,G11000100082002007,110010082002007,1,1
G11000100082004012,110010082004012,G11000100082002006,110010082002006,0.1610320285,0
G11000100082004012,110010082004012,G11000100082002007,110010082002007,0.8389679715,1
G11000100083011000,110010083011000,G11000100083011000,110010083011000,1,1
G11000100083011001,110010083011001,G11000100083011001,110010083011001,1,1
G11000100083011002,110010083011002,G11000100083011002,110010083011002,1,1
G11000100083011003,110010083011003,G11000100083011003,110010083011003,1,1
G11000100083011004,110010083011004,G11000100083011004,110010083011004,1,1
G11000100083011005,110010083011005,G11000100083011005,110010083011005,1,1
G11000100083011006,110010083011006,G11000100083011006,110010083011006,1,1
G11000100083011007,110010083011007,G11000100083011007,110010083011007,1,1
G11000100083012000,110010083012000,G11000100083012000,110010083012000,1,1
G11000100083012001,110010083012001,G11000100083012001,110010083012001,1,1
G11000100083012002,110010083012002,G11000100083012002,110010083012002,1,1
G11000100083012003,110010083012003,G11000100083012003,110010083012003,1,1
G11000100083012004,110010083012004,G11000100083012002,110010083012002,1,1
G11000100083012005,110010083012005,G11000100083012002,110010083012002,1,1
G11000100083012006,110010083012006,G11000100083012002,110010083012002,1,1
G11000100083012007,110010083012007,G11000100083012002,110010083012002,1,1
G11000100083012008,110010083012008,G11000100083012003,110010083012003,1,1
G11000100083012009,110010083012009,G11000100083012004,110010083012004,0.9778422274,1
G11000100083012009,110010083012009,G11000100083012012,110010083012012,0.0221577726,0
G11000100083012010,110010083012010,G11000100083012005,110010083012005,1,1
G11000100083012011,110010083012011,G11000100083012006,110010083012006,1,1
G11000100083012012,110010083012012,G11000100083012007,110010083012007,1,1
G11000100083012013,110010083012013,G11000100083012008,110010083012008,1,1
G11000100083012014,110010083012014,G11000100083012009,110010083012009,1,1
G11000100083012015,110010083012015,G11000100083012010,110010083012010,1,1
G11000100083012016,110010083012016,G11000100083012011,110010083012011,1,1
G11000100083012017,110010083012017,G11000100083012013,110010083012013,1,1
G11000100083012018,110010083012018,G11000100083012014,110010083012014,1,1
G11000100083021000,110010083021000,G11000100083021006,110010083021006,1,1
G11000100083021001,110010083021001,G11000100083021005,110010083021005,1,1
G11000100083021002,110010083021002,G11000100083021009,110010083021009,1,1
G11000100083021003,110010083021003,G11000100083021008,110010083021008,1,1
G11000100083021004,110010083021004,G11000100083021007,110010083021007,1,1
G11000100083021005,110010083021005,G11000100083021011,110010083021011,1,1
G11000100083021006,110010083021006,G11000100083021013,110010083021013,1,1
G11000100083021007,110010083021007,G11000100083021011,110010083021011,0.2009756098,0.2623146228
G11000100083021007,110010083021007,G11000100083021013,110010083021013,0.5936585366,0.5324631399
G11000100083021007,110010083021007,G11000100083021014,110010083021014,0.2053658537,0.2052222374
G11000100083021008,110010083021008,G11000100083021007,110010083021007,1,1
G11000100083022000,110010083022000,G11000100083021000,110010083021000,1,1
G11000100083022001,110010083022001,G11000100083021001,110010083021001,1,1
G11000100083022002,110010083022002,G11000100083021002,110010083021002,1,1
G11000100083022003,110010083022003,G11000100083021003,110010083021003,1,1
G11000100083022004,110010083022004,G11000100083021004,110010083021004,1,1
G11000100083023000,110010083023000,G11000100083021010,110010083021010,1,1
G11000100083023001,110010083023001,G11000100083021012,110010083021012,0.0059269543,0
G11000100083023001,110010083023001,G11000100083021014,110010083021014,0.9940730457,1
G11000100083023002,110010083023002,G11000100083021015,110010083021015,1,1
G11000100083023003,110010083023003,G11000100083021016,110010083021016,1,1
G11000100083023004,110010083023004,G11000100083021017,110010083021017,1,1
G11000100083023005,110010083023005,G11000100083021018,110010083021018,1,1
G11000100084021000,110010084021000,G11000100084021000,110010084021000,0.6933809215,0.2838551898
G11000100084021000,110010084021000,G11000100084021001,110010084021001,0.3066190785,0.7161448102
G11000100084021001,110010084021001,G11000100084021000,110010084021000,1,1
G11000100084021002,110010084021002,G11000100084021001,110010084021001,1,1
G11000100084021003,110010084021003,G11000100084021002,110010084021002,1,1
G11000100084021004,110010084021004,G11000100084021003,110010084021003,1,1
G11000100084021005,110010084021005,G11000100084021004,110010084021004,1,1
G11000100084021006,110010084021006,G11000100084021005,110010084021005,1,1
G11000100084021007,110010084021007,G11000100084021006,110010084021006,1,1
G11000100084021008,110010084021008,G11000100084021007,110010084021007,1,1
G11000100084021009,110010084021009,G11000100084021009,110010084021009,1,1
G11000100084021010,110010084021010,G11000100084021009,110010084021009,1,1
G11000100084021011,110010084021011,G11000100084021008,110010084021008,1,1
G11000100084021012,110010084021012,G11000100084021005,110010084021005,0.0924630925,0.6541466094
G11000100084021012,110010084021012,G11000100084021008,110010084021008,0.9075369075,0.3458533906
G11000100084021013,110010084021013,G11000100084021006,110010084021006,1,1
G11000100084022000,110010084022000,G11000100084022000,110010084022000,1,1
G11000100084022001,110010084022001,G11000100084022001,110010084022001,1,1
G11000100084022002,110010084022002,G11000100084022002,110010084022002,1,1
G11000100084022003,110010084022003,G11000100084022003,110010084022003,1,1
G11000100084022004,110010084022004,G11000100084022004,110010084022004,1,1
G11000100084022005,110010084022005,G11000100084022005,110010084022005,1,1
G11000100084022006,110010084022006,G11000100084022006,110010084022006,1,1
G11000100084022007,110010084022007,G11000100084022007,110010084022007,0.9593714379,0.9461327832
G11000100084022007,110010084022007,G11000100084022010,110010084022010,0.0406285621,0.0538672168
G11000100084022008,110010084022008,G11000100084022008,110010084022008,1,1
G11000100084022009,110010084022009,G11000100084022007,110010084022007,0.1589901058,0.2098671419
G11000100084022009,110010084022009,G11000100084022008,110010084022008,0.3705220061,0.3599493815
G11000100084022009,110010084022009,G11000100084022009,110010084022009,0.3364039577,0.1922372289
G11000100084022009,110010084022009,G11000100084022010,110010084022010,0.1340839304,0.2379462476
G11000100084022010,110010084022010,G11000100084022009,110010084022009,1,1
G11000100084101000,110010084101000,G11000100084101000,110010084101000,1,1
G11000100084101001,110010084101001,G11000100084101001,110010084101001,1,1
G11000100084101002,110010084101002,G11000100084101002,110010084101002,1,1
G11000100084101003,110010084101003,G11000100084101003,110010084101003,0.958432304,0.99375
G11000100084101003,110010084101003,G11000100084101004,110010084101004,0.041567696,0.00625
G11000100084101004,110010084101004,G11000100084101005,110010084101005,1,1
G11000100084101005,110010084101005,G11000100084101006,110010084101006,1,1
G11000100084101006,110010084101006,G11000100084101007,110010084101007,0.8229512735,1
G11000100084101006,110010084101006,G11000100084101008,110010084101008,0.1770487265,0
G11000100084101007,110010084101007,G11000100084101010,110010084101010,1,1
G11000100084101008,110010084101008,G11000100084101009,110010084101009,1,1
G11000100084101009,110010084101009,G11000100084101012,110010084101012,1,1
G11000100084101010,110010084101010,G11000100084101011,110010084101011,1,1
G11000100084101011,110010084101011,G11000100084101018,110010084101018,1,1
G11000100084101012,110010084101012,G11000100084101017,110010084101017,1,1
G11000100084101013,110010084101013,G11000100084101016,110010084101016,1,1
G11000100084101014,110010084101014,G11000100084101013,110010084101013,1,1
G11000100084101015,110010084101015,G11000100084101014,110010084101014,1,1
G11000100084101016,110010084101016,G11000100084101015,110010084101015,1,1
G11000100084101017,110010084101017,G11000100084101015,110010084101015,1,1
G11000100084101018,110010084101018,G11000100084101020,110010084101020,1,1
G11000100084101019,110010084101019,G11000100084101019,110010084101019,1,1
G11000100087011000,110010087011000,G11000100087011000,110010087011000,1,1
G11000100087011001,110010087011001,G11000100087011001,110010087011001,0.5452368952,0.504
G11000100087011001,110010087011001,G11000100087011002,110010087011002,0.4547631048,0.496
G11000100087011002,110010087011002,G11000100087011003,110010087011003,1,1
G11000100087011003,110010087011003,G11000100087011004,110010087011004,1,1
G11000100087011004,110010087011004,G11000100087011005,110010087011005,1,1
G11000100087011005,110010087011005,G11000100087011006,110010087011006,1,1
G11000100087011006,110010087011006,G11000100087011007,110010087011007,1,1
G11000100087011007,110010087011007,G11000100087011008,110010087011008,1,1
G11000100087011008,110010087011008,G11000100087011009,110010087011009,1,1
G11000100087011009,110010087011009,G11000100087011010,110010087011010,1,1
G11000100087011010,110010087011010,G11000100087011011,110010087011011,1,1
G11000100087012000,110010087012000,G11000100087012000,110010087012000,0.4183601962,0.3786627331
G11000100087012000,110010087012000,G11000100087012001,110010087012001,0.0143658024,0.0273282159
G11000100087012000,110010087012000,G11000100087012002,110010087012002,0.2638402242,0.3710418357
G11000100087012000,110010087012000,G11000100087012003,110010087012003,0.1716888577,0
G11000100087012000,110010087012000,G11000100087012004,110010087012004,0.1317449194,0.2229672153
G11000100087012001,110010087012001,G11000100087012003,110010087012003,1,1
G11000100087012002,110010087012002,G11000100087012001,110010087012001,0.0355417091,0.0474818504
G11000100087012002,110010087012002,G11000100087012002,110010087012002,0.9644582909,0.9525181496
G11000100087012003,110010087012003,G11000100087012000,110010087012000,1,1
G11000100087012004,110010087012004,G11000100087012001,110010087012001,1,1
G11000100087012005,110010087012005,G11000100087012008,110010087012008,1,1
G11000100087012006,110010087012006,G11000100087012007,110010087012007,1,1
G11000100087012007,110010087012007,G11000100087012006,110010087012006,1,1
G11000100087012008,110010087012008,G11000100087012005,110010087012005,1,1
G11000100087012009,110010087012009,G11000100087012004,110010087012004,1,1
G11000100087012010,110010087012010,G11000100087012009,110010087012009,0.4444509244,1
G11000100087012010,110010087012010,G11000100087012010,110010087012010,0.5555490756,0
G11000100087012011,110010087012011,G11000100087012011,110010087012011,1,1
G11000100087021000,110010087021000,G11000100087021000,110010087021000,1,1
G11000100087021001,110010087021001,G11000100087021001,110010087021001,0.4062334918,0.1992930842
G11000100087021001,110010087021001,G11000100087021002,110010087021002,0.5430533545,0.4147948863
G11000100087021001,110010087021001,G11000100087021003,110010087021003,0.0507131537,0.3859120295
G11000100087021002,110010087021002,G11000100087021002,110010087021002,1,1
G11000100087021003,110010087021003,G11000100087021001,110010087021001,1,1
G11000100087021004,110010087021004,G11000100087021000,110010087021000,0.6690089654,0.6690089654
G11000100087021004,110010087021004,G11000100087021008,110010087021008,0.3309910346,0.3309910346
G11000100087021005,110010087021005,G11000100087021011,110010087021011,1,1
G11000100087021006,110010087021006,G11000100087021003,110010087021003,1,1
G11000100087021007,110010087021007,G11000100087021004,110010087021004,1,1
G11000100087021008,110010087021008,G11000100087021004,110010087021004,1,1
G11000100087021009,110010087021009,G11000100087021006,110010087021006,1,1
G11000100087021010,110010087021010,G11000100087021007,110010087021007,0.9661174756,1
G11000100087021010,110010087021010,G11000100087021008,110010087021008,0.0338825244,0
G11000100087021011,110010087021011,G11000100087021009,110010087021009,1,1
G11000100087021012,110010087021012,G11000100087021005,110010087021005,1,1
G11000100087021013,110010087021013,G11000100087021010,110010087021010,1,1
G11000100087022000,110010087022000,G11000100087022002,110010087022002,1,1
G11000100087022001,110010087022001,G11000100087022002,110010087022002,1,1
G11000100087023000,110010087023000,G11000100087022000,110010087022000,1,1
G11000100087023001,110010087023001,G11000100087022003,110010087022003,1,1
G11000100087023002,110010087023002,G11000100087022004,110010087022004,1,1
G11000100087023003,110010087023003,G11000100087022005,110010087022005,1,1
G11000100087023004,110010087023004,G11000100087022001,110010087022001,1,1
G11000100087023005,110010087023005,G11000100087022006,110010087022006,1,1
G11000100087023006,110010087023006,G11000100087022006,110010087022006,1,1
G11000100087023007,110010087023007,G11000100087022007,110010087022007,1,1
G11000100087023008,110010087023008,G11000100087022008,110010087022008,1,1
G11000100088021000,110010088021000,G11000100088021000,110010088021000,1,1
G11000100088021001,110010088021001,G11000100088021001,110010088021001,1,1
G11000100088021002,110010088021002,G11000100088021002,110010088021002,1,1
G11000100088021003,110010088021003,G11000100088021003,110010088021003,1,1
G11000100088021004,110010088021004,G11000100088021004,110010088021004,1,1
G11000100088021005,110010088021005,G11000100088021005,110010088021005,1,1
G11000100088022000,110010088022000,G11000100088022000,110010088022000,1,1
G11000100088022001,110010088022001,G11000100088022001,110010088022001,1,1
G11000100088022002,110010088022002,G11000100088022002,110010088022002,1,1
G11000100088022003,110010088022003,G11000100088022003,110010088022003,1,1
G11000100088022004,110010088022004,G11000100088022004,110010088022004,1,1
G11000100088022005,110010088022005,G11000100088022005,110010088022005,1,1
G11000100088022006,110010088022006,G11000100088022006,110010088022006,1,1
G11000100088022007,110010088022007,G11000100088022007,110010088022007,1,1
G11000100088022008,110010088022008,G11000100088022008,110010088022008,1,1
G11000100088022009,110010088022009,G11000100088022009,110010088022009,1,1
G11000100088022010,110010088022010,G11000100088022010,110010088022010,1,1
G11000100088022011,110010088022011,G11000100088022011,110010088022011,1,1
G11000100088023000,110010088023000,G11000100088023000,110010088023000,1,1
G11000100088023001,110010088023001,G11000100088023001,110010088023001,1,1
G11000100088023002,110010088023002,G11000100088023002,110010088023002,1,1
G11000100088023003,110010088023003,G11000100088023003,110010088023003,1,1
G11000100088023004,110010088023004,G11000100088023004,110010088023004,1,1
G11000100088023005,110010088023005,G11000100088023005,110010088023005,1,1
G11000100088024000,110010088024000,G11000100088024000,110010088024000,1,1
G11000100088024001,110010088024001,G11000100088024001,110010088024001,1,1
G11000100088024002,110010088024002,G11000100088024002,110010088024002,1,1
G11000100088024003,110010088024003,G11000100088024003,110010088024003,1,1
G11000100088024004,110010088024004,G11000100088024004,110010088024004,1,1
G11000100088024005,110010088024005,G11000100088024005,110010088024005,1,1
G11000100088031000,110010088031000,G11000100088031000,110010088031000,1,1
G11000100088031001,110010088031001,G11000100088031000,110010088031000,1,1
G11000100088031002,110010088031002,G11000100088031003,110010088031003,1,1
G11000100088031003,110010088031003,G11000100088031001,110010088031001,1,1
G11000100088031004,110010088031004,G11000100088031001,110010088031001,1,1
G11000100088031005,110010088031005,G11000100088031002,110010088031002,1,1
G11000100088031006,110010088031006,G11000100088031002,110010088031002,1,1
G11000100088031007,110010088031007,G11000100088031001,110010088031001,1,1
G11000100088031008,110010088031008,G11000100088031001,110010088031001,1,1
G11000100088031009,110010088031009,G11000100088031004,110010088031004,1,1
G11000100088031010,110010088031010,G11000100088031004,110010088031004,1,1
G11000100088031011,110010088031011,G11000100088031005,110010088031005,0.5285235113,0.131443299
G11000100088031011,110010088031011,G11000100088031006,110010088031006,0.4385083345,0.868556701
G11000100088031011,110010088031011,G11000100088031020,110010088031020,0.022650461,0
G11000100088031011,110010088031011,G11000100088031022,110010088031022,0.0103176931,0
G11000100088031012,110010088031012,G11000100088031008,110010088031008,0.2036962433,0.5688622754
G11000100088031012,110010088031012,G11000100088031016,110010088031016,0.7963037567,0.4311377246
G11000100088031013,110010088031013,G11000100088031009,110010088031009,1,1
G11000100088031014,110010088031014,G11000100088031010,110010088031010,1,1
G11000100088031015,110010088031015,G11000100088031011,110010088031011,1,1
G11000100088031016,110010088031016,G11000100088031012,110010088031012,1,1
G11000100088031017,110010088031017,G11000100088031013,110010088031013,1,1
G11000100088031018,110010088031018,G11000100088031014,110010088031014,1,1
G11000100088032000,110010088032000,G11000100088031018,110010088031018,1,1
G11000100088032001,110010088032001,G11000100088031018,110010088031018,1,1
G11000100088032002,110010088032002,G11000100088031021,110010088031021,0.4162031147,0.4162031147
G11000100088032002,110010088032002,G11000100088031022,110010088031022,0.3920117382,0.3920117382
G11000100088032002,110010088032002,G11000100088031026,110010088031026,0.1917851471,0.1917851471
G11000100088032003,110010088032003,G11000100088031025,110010088031025,0.8287616543,0.8287616543
G11000100088032003,110010088032003,G11000100088031028,110010088031028,0.1712383457,0.1712383457
G11000100088032004,110010088032004,G11000100088031024,110010088031024,1,1
G11000100088032005,110010088032005,G11000100088031027,110010088031027,1,1
G11000100088032006,110010088032006,G11000100088031019,110010088031019,1,1
G11000100088032007,110010088032007,G11000100088031018,110010088031018,1,1
G11000100088032008,110010088032008,G11000100088031018,110010088031018,1,1
G11000100088032009,110010088032009,G11000100088031015,110010088031015,1,1
G11000100088032010,110010088032010,G11000100088031007,110010088031007,0.0181066439,0
G11000100088032010,110010088032010,G11000100088031017,110010088031017,0.9818933561,1
G11000100088032011,110010088032011,G11000100088031029,110010088031029,1,1
G11000100088032012,110010088032012,G11000100088031030,110010088031030,1,1
G11000100088032013,110010088032013,G11000100088031023,110010088031023,1,1
G11000100088032014,110010088032014,G11000100088031018,110010088031018,1,1
G11000100088032015,110010088032015,G11000100088031018,110010088031018,1,1
G11000100088032016,110010088032016,G11000100088031018,110010088031018,1,1
G11000100088032017,110010088032017,G11000100088031018,110010088031018,1,1
G11000100088032018,110010088032018,G11000100088031018,110010088031018,1,1
G11000100088032019,110010088032019,G11000100088031018,110010088031018,1,1
G11000100088041000,110010088041000,G11000100088041000,110010088041000,1,1
G11000100088041001,110010088041001,G11000100088041001,110010088041001,1,1
G11000100088041002,110010088041002,G11000100088041002,110010088041002,1,1
G11000100088041003,110010088041003,G11000100088041003,110010088041003,1,1
G11000100088041004,110010088041004,G11000100088041004,110010088041004,1,1
G11000100088041005,110010088041005,G11000100088041005,110010088041005,1,1
G11000100088041006,110010088041006,G11000100088041006,110010088041006,1,1
G11000100088042000,110010088042000,G11000100088042000,110010088042000,1,1
G11000100088042001,110010088042001,G11000100088042001,110010088042001,1,1
G11000100088042002,110010088042002,G11000100088042004,110010088042004,1,1
G11000100088042003,110010088042003,G11000100088042002,110010088042002,1,1
G11000100088042004,110010088042004,G11000100088042003,110010088042003,1,1
G11000100088042005,110010088042005,G11000100088042007,110010088042007,1,1
G11000100088042006,110010088042006,G11000100088042005,110010088042005,0.4710908697,0.4710908697
G11000100088042006,110010088042006,G11000100088042009,110010088042009,0.5289091303,0.5289091303
G11000100088042007,110010088042007,G11000100088042010,110010088042010,1,1
G11000100088042008,110010088042008,G11000100088042011,110010088042011,1,1
G11000100088042009,110010088042009,G11000100088042012,110010088042012,1,1
G11000100088042010,110010088042010,G11000100088042013,110010088042013,1,1
G11000100088042011,110010088042011,G11000100088042014,110010088042014,1,1
G11000100088042012,110010088042012,G11000100088042008,110010088042008,1,1
G11000100088042013,110010088042013,G11000100088042006,110010088042006,1,1
G11000100088042014,110010088042014,G11000100088042001,110010088042001,0.5693069307,0.5693069307
G11000100088042014,110010088042014,G11000100088042017,110010088042017,0.4306930693,0.4306930693
G11000100088042015,110010088042015,G11000100088042001,110010088042001,0.4006514658,0.4006514658
G11000100088042015,110010088042015,G11000100088042017,110010088042017,0.5993485342,0.5993485342
G11000100088042016,110010088042016,G11000100088042015,110010088042015,1,1
G11000100088042017,110010088042017,G11000100088042016,110010088042016,1,1
G11000100089031000,110010089031000,G11000100089032000,110010089032000,1,1
G11000100089031001,110010089031001,G11000100089032001,110010089032001,1,1
G11000100089031002,110010089031002,G11000100089032002,110010089032002,1,1
G11000100089031003,110010089031003,G11000100089032003,110010089032003,1,1
G11000100089031004,110010089031004,G11000100089032004,110010089032004,1,1
G11000100089032000,110010089032000,G11000100089031002,110010089031002,1,1
G11000100089032001,110010089032001,G11000100089031002,110010089031002,1,1
G11000100089032002,110010089032002,G11000100089031001,110010089031001,1,1
G11000100089032003,110010089032003,G11000100089031000,110010089031000,1,1
G11000100089032004,110010089032004,G11000100089031005,110010089031005,1,1
G11000100089032005,110010089032005,G11000100089031006,110010089031006,1,1
G11000100089032006,110010089032006,G11000100089031009,110010089031009,1,1
G11000100089032007,110010089032007,G11000100089031010,110010089031010,1,1
G11000100089032008,110010089032008,G11000100089031011,110010089031011,1,1
G11000100089032009,110010089032009,G11000100089031015,110010089031015,0.8803418803,0.8803418803
G11000100089032009,110010089032009,G11000100089031016,110010089031016,0.1196581197,0.1196581197
G11000100089033000,110010089033000,G11000100089031003,110010089031003,0.6462668299,0
G11000100089033000,110010089033000,G11000100089031004,110010089031004,0.3537331701,1
G11000100089033001,110010089033001,G11000100089031003,110010089031003,1,1
G11000100089033002,110010089033002,G11000100089031004,110010089031004,1,1
G11000100089033003,110010089033003,G11000100089031007,110010089031007,1,1
G11000100089033004,110010089033004,G11000100089031007,110010089031007,0.4624098867,0.6148541552
G11000100089033004,110010089033004,G11000100089031008,110010089031008,0.5375901133,0.3851458448
G11000100089033005,110010089033005,G11000100089031008,110010089031008,1,1
G11000100089033006,110010089033006,G11000100089031013,110010089031013,1,1
G11000100089033007,110010089033007,G11000100089031013,110010089031013,1,1
G11000100089033008,110010089033008,G11000100089031014,110010089031014,1,1
G11000100089033009,110010089033009,G11000100089031014,110010089031014,1,1
G11000100089033010,110010089033010,G11000100089031012,110010089031012,1,1
G11000100089033011,110010089033011,G11000100089031017,110010089031017,1,1
G11000100089033012,110010089033012,G11000100089031017,110010089031017,1,1
G11000100089041000,110010089041000,G11000100089042000,110010089042000,0.49369112,0.593625498
G11000100089041000,110010089041000,G11000100089042002,110010089042002,0.50630888,0.406374502
G11000100089041001,110010089041001,G11000100089042003,110010089042003,1,1
G11000100089041002,110010089041002,G11000100089042001,110010089042001,1,1
G11000100089041003,110010089041003,G11000100089031017,110010089031017,1,1
G11000100089041004,110010089041004,G11000100089042009,110010089042009,1,1
G11000100089041005,110010089041005,G11000100089042004,110010089042004,1,1
G11000100089041006,110010089041006,G11000100089042005,110010089042005,1,1
G11000100089041007,110010089041007,G11000100089042006,110010089042006,1,1
G11000100089041008,110010089041008,G11000100089042007,110010089042007,1,1
G11000100089041009,110010089041009,G11000100089042008,110010089042008,1,1
G11000100089042000,110010089042000,G11000100089041000,110010089041000,1,1
G11000100089042001,110010089042001,G11000100089041001,110010089041001,1,1
G11000100089042002,110010089042002,G11000100089041002,110010089041002,1,1
G11000100089042003,110010089042003,G11000100089041003,110010089041003,1,1
G11000100089043000,110010089043000,G11000100089041004,110010089041004,1,1
G11000100089043001,110010089043001,G11000100089041005,110010089041005,0.4305045255,0.561461794
G11000100089043001,110010089043001,G11000100089041006,110010089041006,0.5694954745,0.438538206
G11000100090001000,110010090001000,G11000100090001000,110010090001000,0.0630066787,0
G11000100090001000,110010090001000,G11000100090002000,110010090002000,0.4963456126,0.8599429998
G11000100090001000,110010090001000,G11000100090002001,110010090002001,0.4406477087,0.1400570002
G11000100090001001,110010090001001,G11000100090002001,110010090002001,0.2761627907,0.0264154768
G11000100090001001,110010090001001,G11000100090002002,110010090002002,0.6504360465,0.759466608
G11000100090001001,110010090001001,G11000100090002003,110010090002003,0.0734011628,0.2141179152
G11000100090001002,110010090001002,G11000100090002002,110010090002002,1,1
G11000100090001003,110010090001003,G11000100090002003,110010090002003,0.1623619107,0.2615412517
G11000100090001003,110010090001003,G11000100090002004,110010090002004,0.8376380893,0.7384587483
G11000100090001004,110010090001004,G11000100090002003,110010090002003,0.8527696793,0.913668745
G11000100090001004,110010090001004,G11000100090002004,110010090002004,0.1472303207,0.086331255
G11000100090001005,110010090001005,G11000100090002004,110010090002004,1,1
G11000100090002000,110010090002000,G11000100090001001,110010090001001,1,1
G11000100090002001,110010090002001,G11000100090001001,110010090001001,1,1
G11000100090002002,110010090002002,G11000100090001001,110010090001001,1,1
G11000100090002003,110010090002003,G11000100090001001,110010090001001,1,1
G11000100090002004,110010090002004,G11000100090001001,110010090001001,1,1
G11000100090002005,110010090002005,G11000100090001004,110010090001004,1,1
G11000100090002006,110010090002006,G11000100090001001,110010090001001,1,1
G11000100090002007,110010090002007,G11000100090001001,110010090001001,1,1
G11000100090002008,110010090002008,G11000100090001001,110010090001001,1,1
G11000100090002009,110010090002009,G11000100090001001,110010090001001,1,1
G11000100090003000,110010090003000,G11000100090001003,110010090001003,1,1
G11000100090003001,110010090003001,G11000100090001003,110010090001003,1,1
G11000100090003002,110010090003002,G11000100090001010,110010090001010,1,1
G11000100090003003,110010090003003,G11000100090001010,110010090001010,1,1
G11000100090003004,110010090003004,G11000100090001010,110010090001010,1,1
G11000100090003005,110010090003005,G11000100090001002,110010090001002,1,1
G11000100090003006,110010090003006,G11000100090001006,110010090001006,0.4814691817,0.4814691817
G11000100090003006,110010090003006,G11000100090001007,110010090001007,0.4815356004,0.4815356004
G11000100090003006,110010090003006,G11000100090001008,110010090001008,0.0369952179,0.0369952179
G11000100090003007,110010090003007,G11000100090001006,110010090001006,0.6992823515,0.6992823515
G11000100090003007,110010090003007,G11000100090001007,110010090001007,0.300110615,0.300110615
G11000100090003007,110010090003007,G11000100090001008,110010090001008,0.0006070335,0.0006070335
G11000100090003008,110010090003008,G11000100090001009,110010090001009,1,1
G11000100090003009,110010090003009,G11000100090001009,110010090001009,1,1
G11000100090003010,110010090003010,G11000100090001005,110010090001005,1,1
G11000100090003011,110010090003011,G11000100090001005,110010090001005,1,1
G11000100091021000,110010091021000,G11000100091021000,110010091021000,1,1
G11000100091021001,110010091021001,G11000100091021000,110010091021000,1,1
G11000100091021002,110010091021002,G11000100091021001,110010091021001,0.3868217054,0
G11000100091021002,110010091021002,G11000100091021002,110010091021002,0.6131782946,1
G11000100091021003,110010091021003,G11000100091021001,110010091021001,0.0299388346,0
G11000100091021003,110010091021003,G11000100091021002,110010091021002,0.9700611654,1
G11000100091021004,110010091021004,G11000100091021005,110010091021005,0.3481840194,0.6119815951
G11000100091021004,110010091021004,G11000100091021006,110010091021006,0.6518159806,0.3880184049
G11000100091021005,110010091021005,G11000100091021006,110010091021006,1,1
G11000100091021006,110010091021006,G11000100091021005,110010091021005,1,1
G11000100091021007,110010091021007,G11000100091021005,110010091021005,0.9481149683,1
G11000100091021007,110010091021007,G11000100091021008,110010091021008,0.0518850317,0
G11000100091021008,110010091021008,G11000100091021008,110010091021008,1,1
G11000100091021009,110010091021009,G11000100091021007,110010091021007,1,1
G11000100091021010,110010091021010,G11000100091021013,110010091021013,1,1
G11000100091021011,110010091021011,G11000100091021004,110010091021004,1,1
G11000100091021012,110010091021012,G11000100091021003,110010091021003,1,1
G11000100091021013,110010091021013,G11000100091021011,110010091021011,1,1
G11000100091021014,110010091021014,G11000100091021012,110010091021012,1,1
G11000100091021015,110010091021015,G11000100091021009,110010091021009,1,1
G11000100091021016,110010091021016,G11000100091021010,110010091021010,1,1
G11000100091021017,110010091021017,G11000100091021014,110010091021014,0.9559720363,1
G11000100091021017,110010091021017,G11000100091021015,110010091021015,0.0440279637,0
G11000100091022000,110010091022000,G11000100091023000,110010091023000,1,1
G11000100091022001,110010091022001,G11000100091023001,110010091023001,1,1
G11000100091022002,110010091022002,G11000100091021014,110010091021014,0.001963009,0.0020329809
G11000100091022002,110010091022002,G11000100091023002,110010091023002,0.998036991,0.9979670191
G11000100091022003,110010091022003,G11000100091023003,110010091023003,1,1
G11000100091022004,110010091022004,G11000100091023004,110010091023004,1,1
G11000100091023000,110010091023000,G11000100091022000,110010091022000,1,1
G11000100091023001,110010091023001,G11000100091022000,110010091022000,1,1
G11000100091023002,110010091023002,G11000100091022005,110010091022005,1,1
G11000100091023003,110010091023003,G11000100091022009,110010091022009,1,1
G11000100091023004,110010091023004,G11000100091022010,110010091022010,1,1
G11000100091023005,110010091023005,G11000100091022011,110010091022011,1,1
G11000100091023006,110010091023006,G11000100091022006,110010091022006,0.3907232676,0.2626931567
G11000100091023006,110010091023006,G11000100091022007,110010091022007,0.0471630062,0.7373068433
G11000100091023006,110010091023006,G11000100091022012,110010091022012,0.0179104153,0
G11000100091023006,110010091023006,G11000100091022013,110010091022013,0.1776614602,0
G11000100091023006,110010091023006,G11000100091022024,110010091022024,0.3665418508,0
G11000100091023007,110010091023007,G11000100091022008,110010091022008,1,1
G11000100091023008,110010091023008,G11000100091022014,110010091022014,0.9875529539,0.9875529539
G11000100091023008,110010091023008,G11000100091022015,110010091022015,0.0124470461,0.0124470461
G11000100091024000,110010091024000,G11000100091022001,110010091022001,0.9108053007,0
G11000100091024000,110010091024000,G11000100091022002,110010091022002,0.0846075433,0.961716054
G11000100091024000,110010091024000,G11000100091022003,110010091022003,0.004587156,0.038283946
G11000100091024001,110010091024001,G11000100091022001,110010091022001,1,1
G11000100091024002,110010091024002,G11000100091022002,110010091022002,0.9980162153,0.9985426664
G11000100091024002,110010091024002,G11000100091022003,110010091022003,0.0019837847,0.0014573336
G11000100091024003,110010091024003,G11000100091022003,110010091022003,0.1943301232,1
G11000100091024003,110010091024003,G11000100091022022,110010091022022,0.2504229722,0
G11000100091024003,110010091024003,G11000100091022023,110010091022023,0.3192108421,0
G11000100091024003,110010091024003,G11000100091022025,110010091022025,0.0359189767,0
G11000100091024003,110010091024003,G11000100091022026,110010091022026,0.0738254837,0
G11000100091024003,110010091024003,G11000100091022028,110010091022028,0.126291602,0
G11000100091024004,110010091024004,G11000100091022003,110010091022003,0.420919015,1
G11000100091024004,110010091024004,G11000100091022021,110010091022021,0.0157400355,0
G11000100091024004,110010091024004,G11000100091022022,110010091022022,0.5633409495,0
G11000100091024005,110010091024005,G11000100091022022,110010091022022,1,1
G11000100091024006,110010091024006,G11000100091022004,110010091022004,1,1
G11000100091024007,110010091024007,G11000100091022027,110010091022027,1,1
G11000100091024008,110010091024008,G11000100091022003,110010091022003,0.0329985653,0.0064452367
G11000100091024008,110010091024008,G11000100091022004,110010091022004,0.9670014347,0.9935547633
G11000100091024009,110010091024009,G11000100091022018,110010091022018,0.7871676271,0.7871676271
G11000100091024009,110010091024009,G11000100091022021,110010091022021,0.2128323729,0.2128323729
G11000100091024010,110010091024010,G11000100091022017,110010091022017,0.8805503584,0.8805503584
G11000100091024010,110010091024010,G11000100091022019,110010091022019,0.052956983,0.052956983
G11000100091024010,110010091024010,G11000100091022020,110010091022020,0.0664926586,0.0664926586
G11000100091024011,110010091024011,G11000100091022016,110010091022016,1,1
G11000100092011000,110010092011000,G11000100092011001,110010092011001,1,1
G11000100092011001,110010092011001,G11000100092011013,110010092011013,1,1
G11000100092011002,110010092011002,G11000100092011012,110010092011012,1,1
G11000100092011003,110010092011003,G11000100092011011,110010092011011,1,1
G11000100092011004,110010092011004,G11000100092011010,110010092011010,1,1
G11000100092011005,110010092011005,G11000100092011009,110010092011009,1,1
G11000100092011006,110010092011006,G11000100092011016,110010092011016,1,1
G11000100092011007,110010092011007,G11000100092011015,110010092011015,1,1
G11000100092012000,110010092012000,G11000100092011002,110010092011002,1,1
G11000100092012001,110010092012001,G11000100092011002,110010092011002,0.0054539163,0
G11000100092012001,110010092012001,G11000100092011003,110010092011003,0.1275840279,0.2951742591
G11000100092012001,110010092012001,G11000100092011004,110010092011004,0.8669620558,0.7048257409
G11000100092012002,110010092012002,G11000100092011004,110010092011004,1,1
G11000100092012003,110010092012003,G11000100092011004,110010092011004,1,1
G11000100092012004,110010092012004,G11000100092011004,110010092011004,1,1
G11000100092012005,110010092012005,G11000100092011003,110010092011003,1,1
G11000100092012006,110010092012006,G11000100092011004,110010092011004,1,1
G11000100092012007,110010092012007,G11000100092011004,110010092011004,1,1
G11000100092012008,110010092012008,G11000100092011014,110010092011014,1,1
G11000100092012009,110010092012009,G11000100092011006,110010092011006,0.961787213,0.9164200758
G11000100092012009,110010092012009,G11000100092011007,110010092011007,0.038212787,0.0835799242
G11000100092012010,110010092012010,G11000100092011006,110010092011006,1,1
G11000100092012011,110010092012011,G11000100092011005,110010092011005,1,1
G11000100092012012,110010092012012,G11000100092011008,110010092011008,1,1
G11000100092031000,110010092031000,G11000100092031000,110010092031000,0.9231079762,0.9664082687
G11000100092031000,110010092031000,G11000100092031003,110010092031003,0.0768920238,0.0335917313
G11000100092031001,110010092031001,G11000100092031001,110010092031001,1,1
G11000100092031002,110010092031002,G11000100092031002,110010092031002,1,1
G11000100092031003,110010092031003,G11000100092031004,110010092031004,1,1
G11000100092031004,110010092031004,G11000100092031005,110010092031005,1,1
G11000100092032000,110010092032000,G11000100092032000,110010092032000,1,1
G11000100092032001,110010092032001,G11000100092032001,110010092032001,1,1
G11000100092032002,110010092032002,G11000100092032002,110010092032002,1,1
G11000100092032003,110010092032003,G11000100092032003,110010092032003,1,1
G11000100092032004,110010092032004,G11000100092032004,110010092032004,1,1
G11000100092032005,110010092032005,G11000100092032005,110010092032005,1,1
G11000100092032006,110010092032006,G11000100092032006,110010092032006,1,1
G11000100092032007,110010092032007,G11000100092032008,110010092032008,1,1
G11000100092032008,110010092032008,G11000100092032007,110010092032007,1,1
G11000100092032009,110010092032009,G11000100092032009,110010092032009,1,1
G11000100092032010,110010092032010,G11000100092032010,110010092032010,1,1
G11000100092032011,110010092032011,G11000100092032011,110010092032011,1,1
G11000100092032012,110010092032012,G11000100092032012,110010092032012,1,1
G11000100092032013,110010092032013,G11000100092032013,110010092032013,1,1
G11000100092041000,110010092041000,G11000100092041000,110010092041000,1,1
G11000100092041001,110010092041001,G11000100092041001,110010092041001,1,1
G11000100092041002,110010092041002,G11000100092041002,110010092041002,1,1
G11000100092041003,110010092041003,G11000100092041003,110010092041003,1,1
G11000100092041004,110010092041004,G11000100092041004,110010092041004,1,1
G11000100092041005,110010092041005,G11000100092041006,110010092041006,1,1
G11000100092041006,110010092041006,G11000100092041006,110010092041006,1,1
G11000100092041007,110010092041007,G11000100092041005,110010092041005,1,1
G11000100092041008,110010092041008,G11000100092041007,110010092041007,1,1
G11000100092042000,110010092042000,G11000100092042000,110010092042000,0.0890992238,0.1609327217
G11000100092042000,110010092042000,G11000100092042001,110010092042001,0.5404603343,0
G11000100092042000,110010092042000,G11000100092042002,110010092042002,0.0828828731,0.1475535168
G11000100092042000,110010092042000,G11000100092042003,110010092042003,0.2875575688,0.6915137615
G11000100093011000,110010093011000,G11000100093011000,110010093011000,1,1
G11000100093011001,110010093011001,G11000100093011001,110010093011001,1,1
G11000100093011002,110010093011002,G11000100093011002,110010093011002,1,1
G11000100093011003,110010093011003,G11000100093011003,110010093011003,1,1
G11000100093011004,110010093011004,G11000100093011004,110010093011004,1,1
G11000100093011005,110010093011005,G11000100093011005,110010093011005,1,1
G11000100093011006,110010093011006,G11000100093011006,110010093011006,1,1
G11000100093011007,110010093011007,G11000100093011007,110010093011007,1,1
G11000100093011008,110010093011008,G11000100093011008,110010093011008,1,1
G11000100093011009,110010093011009,G11000100093011009,110010093011009,1,1
G11000100093011010,110010093011010,G11000100093011010,110010093011010,1,1
G11000100093011011,110010093011011,G11000100093011011,110010093011011,1,1
G11000100093011012,110010093011012,G11000100093011012,110010093011012,1,1
G11000100093011013,110010093011013,G11000100093011013,110010093011013,1,1
G11000100093011014,110010093011014,G11000100093011014,110010093011014,1,1
G11000100093012000,110010093012000,G11000100093012000,110010093012000,1,1
G11000100093012001,110010093012001,G11000100093012001,110010093012001,1,1
G11000100093012002,110010093012002,G11000100093012002,110010093012002,0.3318058252,0.3318058252
G11000100093012002,110010093012002,G11000100093012003,110010093012003,0.4231456311,0.4231456311
G11000100093012002,110010093012002,G11000100093012004,110010093012004,0.2450485437,0.2450485437
G11000100093012003,110010093012003,G11000100092011000,110010092011000,0.0688436885,0.0688436885
G11000100093012003,110010093012003,G11000100092011017,110010092011017,0.1053853531,0.1053853531
G11000100093012003,110010093012003,G11000100093012005,110010093012005,0.2924847322,0.2924847322
G11000100093012003,110010093012003,G11000100093012006,110010093012006,0.1671125019,0.1671125019
G11000100093012003,110010093012003,G11000100093012007,110010093012007,0.3661737243,0.3661737243
G11000100093012004,110010093012004,G11000100093012008,110010093012008,1,1
G11000100093012005,110010093012005,G11000100093012009,110010093012009,1,1
G11000100093012006,110010093012006,G11000100093012010,110010093012010,1,1
G11000100093012007,110010093012007,G11000100093012011,110010093012011,1,1
G11000100093012008,110010093012008,G11000100093012012,110010093012012,1,1
G11000100093012009,110010093012009,G11000100093012013,110010093012013,0.2787954537,1
G11000100093012009,110010093012009,G11000100093012014,110010093012014,0.7212045463,0
G11000100093012010,110010093012010,G11000100093012026,110010093012026,1,1
G11000100093012011,110010093012011,G11000100093012021,110010093012021,1,1
G11000100093012012,110010093012012,G11000100093012020,110010093012020,1,1
G11000100093012013,110010093012013,G11000100093012015,110010093012015,1,1
G11000100093012014,110010093012014,G11000100093012016,110010093012016,1,1
G11000100093012015,110010093012015,G11000100093012017,110010093012017,1,1
G11000100093012016,110010093012016,G11000100093012018,110010093012018,1,1
G11000100093012017,110010093012017,G11000100093012019,110010093012019,1,1
G11000100093012018,110010093012018,G11000100093012022,110010093012022,1,1
G11000100093012019,110010093012019,G11000100093012023,110010093012023,1,1
G11000100093012020,110010093012020,G11000100093012024,110010093012024,1,1
G11000100093012021,110010093012021,G11000100093012025,110010093012025,1,1
G11000100093013000,110010093013000,G11000100093013000,110010093013000,1,1
G11000100093013001,110010093013001,G11000100093013001,110010093013001,0.369080208,0.2272727273
G11000100093013001,110010093013001,G11000100093013002,110010093013002,0.630919792,0.7727272727
G11000100093013002,110010093013002,G11000100093013003,110010093013003,1,1
G11000100093013003,110010093013003,G11000100093013004,110010093013004,1,1
G11000100093013004,110010093013004,G11000100093013005,110010093013005,1,1
G11000100093013005,110010093013005,G11000100093013006,110010093013006,1,1
G11000100093013006,110010093013006,G11000100093013007,110010093013007,1,1
G11000100093013007,110010093013007,G11000100093013008,110010093013008,1,1
G11000100093013008,110010093013008,G11000100093013009,110010093013009,1,1
G11000100093013009,110010093013009,G11000100093013010,110010093013010,1,1
G11000100093013010,110010093013010,G11000100093013011,110010093013011,1,1
G11000100093013011,110010093013011,G11000100093013012,110010093013012,1,1
G11000100093013012,110010093013012,G11000100093013013,110010093013013,1,1
G11000100093013013,110010093013013,G11000100093013014,110010093013014,1,1
G11000100093013014,110010093013014,G11000100093013015,110010093013015,0.9347321984,1
G11000100093013014,110010093013014,G11000100093013019,110010093013019,0.0652678016,0
G11000100093013015,110010093013015,G11000100093013016,110010093013016,1,1
G11000100093013016,110010093013016,G11000100093013017,110010093013017,0.9557228916,1
G11000100093013016,110010093013016,G11000100093013024,110010093013024,0.0442771084,0
G11000100093013017,110010093013017,G11000100093013018,110010093013018,1,1
G11000100093013018,110010093013018,G11000100093013023,110010093013023,1,1
G11000100093013019,110010093013019,G11000100093013020,110010093013020,1,1
G11000100093013020,110010093013020,G11000100093013021,110010093013021,1,1
G11000100093013021,110010093013021,G11000100093013022,110010093013022,1,1
G11000100093014000,110010093014000,G11000100093014000,110010093014000,1,1
G11000100093014001,110010093014001,G11000100093014001,110010093014001,1,1
G11000100093014002,110010093014002,G11000100093014002,110010093014002,1,1
G11000100093014003,110010093014003,G11000100093014003,110010093014003,1,1
G11000100093014004,110010093014004,G11000100093014004,110010093014004,1,1
G11000100093014005,110010093014005,G11000100093014005,110010093014005,1,1
G11000100093014006,110010093014006,G11000100093014006,110010093014006,1,1
G11000100093014007,110010093014007,G11000100093014007,110010093014007,1,1
G11000100093014008,110010093014008,G11000100093014008,110010093014008,1,1
G11000100093014009,110010093014009,G11000100093014009,110010093014009,1,1
G11000100093021000,110010093021000,G11000100093021000,110010093021000,1,1
G11000100093021001,110010093021001,G11000100093021001,110010093021001,1,1
G11000100093021002,110010093021002,G11000100093021002,110010093021002,1,1
G11000100093021003,110010093021003,G11000100093021003,110010093021003,1,1
G11000100093021004,110010093021004,G11000100093021004,110010093021004,1,1
G11000100093021005,110010093021005,G11000100093021005,110010093021005,1,1
G11000100093021006,110010093021006,G11000100093021006,110010093021006,1,1
G11000100093021007,110010093021007,G11000100093021007,110010093021007,1,1
G11000100093021008,110010093021008,G11000100093021008,110010093021008,1,1
G11000100093021009,110010093021009,G11000100093021009,110010093021009,1,1
G11000100093021010,110010093021010,G11000100093021010,110010093021010,1,1
G11000100093021011,110010093021011,G11000100093021011,110010093021011,0.7033089302,1
G11000100093021011,110010093021011,G11000100093021015,110010093021015,0.2966910698,0
G11000100093021012,110010093021012,G11000100093021014,110010093021014,1,1
G11000100093021013,110010093021013,G11000100093021013,110010093021013,1,1
G11000100093021014,110010093021014,G11000100093021012,110010093021012,1,1
G11000100093021015,110010093021015,G11000100093021017,110010093021017,1,1
G11000100093021016,110010093021016,G11000100093021016,110010093021016,1,1
G11000100094001000,110010094001000,G11000100094001000,110010094001000,1,1
G11000100094001001,110010094001001,G11000100094001001,110010094001001,1,1
G11000100094001002,110010094001002,G11000100094001002,110010094001002,1,1
G11000100094001003,110010094001003,G11000100094001003,110010094001003,1,1
G11000100094001004,110010094001004,G11000100094001004,110010094001004,1,1
G11000100094001005,110010094001005,G11000100094001005,110010094001005,1,1
G11000100094001006,110010094001006,G11000100094001006,110010094001006,1,1
G11000100094001007,110010094001007,G11000100094001005,110010094001005,1,1
G11000100094001008,110010094001008,G11000100094001007,110010094001007,1,1
G11000100094001009,110010094001009,G11000100094001008,110010094001008,1,1
G11000100094001010,110010094001010,G11000100094001009,110010094001009,1,1
G11000100094001011,110010094001011,G11000100094001010,110010094001010,1,1
G11000100094001012,110010094001012,G11000100094001011,110010094001011,1,1
G11000100094001013,110010094001013,G11000100094001012,110010094001012,1,1
G11000100094001014,110010094001014,G11000100094001013,110010094001013,1,1
G11000100094001015,110010094001015,G11000100094001014,110010094001014,1,1
G11000100094001016,110010094001016,G11000100094001015,110010094001015,1,1
G11000100094001017,110010094001017,G11000100094001016,110010094001016,1,1
G11000100094001018,110010094001018,G11000100094001017,110010094001017,1,1
G11000100094001019,110010094001019,G11000100094001005,110010094001005,1,1
G11000100094001020,110010094001020,G11000100094001018,110010094001018,1,1
G11000100094002000,110010094002000,G11000100094002000,110010094002000,1,1
G11000100094002001,110010094002001,G11000100094002001,110010094002001,1,1
G11000100094002002,110010094002002,G11000100094002002,110010094002002,1,1
G11000100094002003,110010094002003,G11000100094002003,110010094002003,1,1
G11000100094002004,110010094002004,G11000100094002004,110010094002004,1,1
G11000100094002005,110010094002005,G11000100094002005,110010094002005,1,1
G11000100094002006,110010094002006,G11000100094002006,110010094002006,1,1
G11000100094002007,110010094002007,G11000100094002007,110010094002007,1,1
G11000100094002008,110010094002008,G11000100094002008,110010094002008,1,1
G11000100094002009,110010094002009,G11000100094002009,110010094002009,1,1
G11000100094002010,110010094002010,G11000100094002010,110010094002010,1,1
G11000100094002011,110010094002011,G11000100094002011,110010094002011,1,1
G11000100094002012,110010094002012,G11000100094002012,110010094002012,1,1
G11000100094002013,110010094002013,G11000100094002013,110010094002013,1,1
G11000100094002014,110010094002014,G11000100094002014,110010094002014,1,1
G11000100094002015,110010094002015,G11000100094002015,110010094002015,1,1
G11000100094002016,110010094002016,G11000100094002017,110010094002017,1,1
G11000100094002017,110010094002017,G11000100094002016,110010094002016,0.9960436216,0.9968866985
G11000100094002017,110010094002017,G11000100094002019,110010094002019,0.0039563784,0.0031133015
G11000100094002018,110010094002018,G11000100094002025,110010094002025,1,1
G11000100094002019,110010094002019,G11000100094002019,110010094002019,1,1
G11000100094002020,110010094002020,G11000100094002018,110010094002018,1,1
G11000100094002021,110010094002021,G11000100094002020,110010094002020,0.9614280171,1
G11000100094002021,110010094002021,G11000100094002024,110010094002024,0.0385719829,0
G11000100094002022,110010094002022,G11000100094002021,110010094002021,0.4155803849,0.4155803849
G11000100094002022,110010094002022,G11000100094002022,110010094002022,0.5844196151,0.5844196151
G11000100094002023,110010094002023,G11000100094002023,110010094002023,1,1
G11000100094003000,110010094003000,G11000100094003000,110010094003000,1,1
G11000100094003001,110010094003001,G11000100094003001,110010094003001,1,1
G11000100094003002,110010094003002,G11000100094003002,110010094003002,0.9856590724,1
G11000100094003002,110010094003002,G11000100094003003,110010094003003,0.0143409276,0
G11000100094003003,110010094003003,G11000100094003004,110010094003004,0.9697890295,1
G11000100094003003,110010094003003,G11000100094003005,110010094003005,0.0302109705,0
G11000100094003004,110010094003004,G11000100094003015,110010094003015,1,1
G11000100094003005,110010094003005,G11000100094003014,110010094003014,1,1
G11000100094003006,110010094003006,G11000100094003013,110010094003013,1,1
G11000100094003007,110010094003007,G11000100094003012,110010094003012,1,1
G11000100094003008,110010094003008,G11000100094003011,110010094003011,1,1
G11000100094003009,110010094003009,G11000100094003016,110010094003016,1,1
G11000100094003010,110010094003010,G11000100094003017,110010094003017,0.9726337807,1
G11000100094003010,110010094003010,G11000100094004019,110010094004019,0.0273662193,0
G11000100094003011,110010094003011,G11000100094003008,110010094003008,1,1
G11000100094003012,110010094003012,G11000100094003006,110010094003006,1,1
G11000100094003013,110010094003013,G11000100094003007,110010094003007,1,1
G11000100094003014,110010094003014,G11000100094003009,110010094003009,1,1
G11000100094003015,110010094003015,G11000100094003010,110010094003010,1,1
G11000100094003016,110010094003016,G11000100094003019,110010094003019,1,1
G11000100094003017,110010094003017,G11000100094003018,110010094003018,1,1
G11000100094003018,110010094003018,G11000100094003025,110010094003025,1,1
G11000100094003019,110010094003019,G11000100094003021,110010094003021,1,1
G11000100094003020,110010094003020,G11000100094003022,110010094003022,1,1
G11000100094003021,110010094003021,G11000100094003023,110010094003023,0.0465289873,0
G11000100094003021,110010094003021,G11000100094003024,110010094003024,0.9534710127,1
G11000100094003022,110010094003022,G11000100094003020,110010094003020,1,1
G11000100094004000,110010094004000,G11000100094004000,110010094004000,1,1
G11000100094004001,110010094004001,G11000100094004001,110010094004001,1,1
G11000100094004002,110010094004002,G11000100094004002,110010094004002,1,1
G11000100094004003,110010094004003,G11000100094004003,110010094004003,1,1
G11000100094004004,110010094004004,G11000100094004004,110010094004004,1,1
G11000100094004005,110010094004005,G11000100094004005,110010094004005,1,1
G11000100094004006,110010094004006,G11000100094004006,110010094004006,1,1
G11000100094004007,110010094004007,G11000100094004007,110010094004007,0.4905165083,0.4158415842
G11000100094004007,110010094004007,G11000100094004008,110010094004008,0.5094834917,0.5841584158
G11000100094004008,110010094004008,G11000100094004009,110010094004009,1,1
G11000100094004009,110010094004009,G11000100094004010,110010094004010,1,1
G11000100094004010,110010094004010,G11000100094004011,110010094004011,1,1
G11000100094004011,110010094004011,G11000100094004012,110010094004012,1,1
G11000100094004012,110010094004012,G11000100094004013,110010094004013,0.9361230428,0.9745762712
G11000100094004012,110010094004012,G11000100094004014,110010094004014,0.0638769572,0.0254237288
G11000100094004013,110010094004013,G11000100094004015,110010094004015,1,1
G11000100094004014,110010094004014,G11000100094004016,110010094004016,1,1
G11000100094004015,110010094004015,G11000100094004017,110010094004017,1,1
G11000100094004016,110010094004016,G11000100094004018,110010094004018,1,1
G11000100095031000,110010095031000,G11000100095031000,110010095031000,1,1
G11000100095031001,110010095031001,G11000100095031002,110010095031002,1,1
G11000100095031002,110010095031002,G11000100095031003,110010095031003,1,1
G11000100095031003,110010095031003,G11000100095031017,110010095031017,1,1
G11000100095031004,110010095031004,G11000100095031000,110010095031000,1,1
G11000100095031005,110010095031005,G11000100095031005,110010095031005,1,1
G11000100095031006,110010095031006,G11000100095031010,110010095031010,1,1
G11000100095031007,110010095031007,G11000100095031008,110010095031008,1,1
G11000100095031008,110010095031008,G11000100095031006,110010095031006,1,1
G11000100095031009,110010095031009,G11000100095031009,110010095031009,1,1
G11000100095031010,110010095031010,G11000100095031007,110010095031007,1,1
G11000100095031011,110010095031011,G11000100095031001,110010095031001,1,1
G11000100095031012,110010095031012,G11000100095031004,110010095031004,1,1
G11000100095031013,110010095031013,G11000100095031011,110010095031011,1,1
G11000100095031014,110010095031014,G11000100095031012,110010095031012,1,1
G11000100095031015,110010095031015,G11000100095031013,110010095031013,1,1
G11000100095031016,110010095031016,G11000100095031014,110010095031014,1,1
G11000100095031017,110010095031017,G11000100095031015,110010095031015,1,1
G11000100095031018,110010095031018,G11000100095031016,110010095031016,1,1
G11000100095031019,110010095031019,G11000100095031016,110010095031016,1,1
G11000100095032000,110010095032000,G11000100095032000,110010095032000,1,1
G11000100095032001,110010095032001,G11000100095032001,110010095032001,1,1
G11000100095032002,110010095032002,G11000100095032002,110010095032002,0.9751359751,1
G11000100095032002,110010095032002,G11000100095032004,110010095032004,0.0248640249,0
G11000100095032003,110010095032003,G11000100095032003,110010095032003,1,1
G11000100095032004,110010095032004,G11000100095032014,110010095032014,1,1
G11000100095032005,110010095032005,G11000100095032005,110010095032005,0.9803889985,1
G11000100095032005,110010095032005,G11000100095032006,110010095032006,0.0196110015,0
G11000100095032006,110010095032006,G11000100095032015,110010095032015,1,1
G11000100095032007,110010095032007,G11000100095032007,110010095032007,0.3990319404,0.62589238
G11000100095032007,110010095032007,G11000100095032010,110010095032010,0.6009680596,0.37410762
G11000100095032008,110010095032008,G11000100095032009,110010095032009,1,1
G11000100095032009,110010095032009,G11000100095032007,110010095032007,0.2555248883,0.3449246284
G11000100095032009,110010095032009,G11000100095032011,110010095032011,0.7444751117,0.6550753716
G11000100095032010,110010095032010,G11000100095032007,110010095032007,1,1
G11000100095032011,110010095032011,G11000100095032008,110010095032008,1,1
G11000100095032012,110010095032012,G11000100095032013,110010095032013,1,1
G11000100095032013,110010095032013,G11000100095032012,110010095032012,1,1
G11000100095033000,110010095033000,G11000100095033000,110010095033000,1,1
G11000100095033001,110010095033001,G11000100095033001,110010095033001,1,1
G11000100095033002,110010095033002,G11000100095033002,110010095033002,1,1
G11000100095033003,110010095033003,G11000100095033003,110010095033003,1,1
G11000100095033004,110010095033004,G11000100095033004,110010095033004,1,1
G11000100095033005,110010095033005,G11000100095033005,110010095033005,1,1
G11000100095033006,110010095033006,G11000100095033006,110010095033006,1,1
G11000100095033007,110010095033007,G11000100095033007,110010095033007,0.0468209501,0
G11000100095033007,110010095033007,G11000100095033008,110010095033008,0.9531790499,1
G11000100095033008,110010095033008,G11000100095033009,110010095033009,0.0336437621,0
G11000100095033008,110010095033008,G11000100095033010,110010095033010,0.9663562379,1
G11000100095033009,110010095033009,G11000100095033011,110010095033011,1,1
G11000100095033010,110010095033010,G11000100095033012,110010095033012,1,1
G11000100095033011,110010095033011,G11000100095033013,110010095033013,1,1
G11000100095033012,110010095033012,G11000100095033014,110010095033014,1,1
G11000100095033013,110010095033013,G11000100095033015,110010095033015,1,1
G11000100095033014,110010095033014,G11000100095033016,110010095033016,1,1
G11000100095033015,110010095033015,G11000100095033017,110010095033017,1,1
G11000100095041000,110010095041000,G11000100095041000,110010095041000,1,1
G11000100095041001,110010095041001,G11000100095041001,110010095041001,1,1
G11000100095041002,110010095041002,G11000100095041002,110010095041002,1,1
G11000100095041003,110010095041003,G11000100095041003,110010095041003,1,1
G11000100095041004,110010095041004,G11000100095041004,110010095041004,1,1
G11000100095041005,110010095041005,G11000100095013012,110010095013012,0.013681087,0
G11000100095041005,110010095041005,G11000100095041005,110010095041005,0.5051304076,0.885032538
G11000100095041005,110010095041005,G11000100095041015,110010095041015,0.4731063564,0.114967462
G11000100095041005,110010095041005,G11000100095041016,110010095041016,0.0075277214,0
G11000100095041005,110010095041005,G11000100095041026,110010095041026,0.0005544276,0
G11000100095041006,110010095041006,G11000100095041006,110010095041006,1,1
G11000100095041007,110010095041007,G11000100095041026,110010095041026,1,1
G11000100095041008,110010095041008,G11000100095041014,110010095041014,1,1
G11000100095041009,110010095041009,G11000100095041010,110010095041010,1,1
G11000100095041010,110010095041010,G11000100095041012,110010095041012,1,1
G11000100095041011,110010095041011,G11000100095041013,110010095041013,1,1
G11000100095041012,110010095041012,G11000100095041011,110010095041011,1,1
G11000100095041013,110010095041013,G11000100095041009,110010095041009,1,1
G11000100095041014,110010095041014,G11000100095041008,110010095041008,1,1
G11000100095041015,110010095041015,G11000100095041007,110010095041007,1,1
G11000100095041016,110010095041016,G11000100095041017,110010095041017,1,1
G11000100095041017,110010095041017,G11000100095041018,110010095041018,1,1
G11000100095041018,110010095041018,G11000100095041019,110010095041019,1,1
G11000100095041019,110010095041019,G11000100095041020,110010095041020,1,1
G11000100095041020,110010095041020,G11000100095041021,110010095041021,1,1
G11000100095041021,110010095041021,G11000100095041022,110010095041022,1,1
G11000100095041022,110010095041022,G11000100095041023,110010095041023,0.9445638161,0.9445638161
G11000100095041022,110010095041022,G11000100095041025,110010095041025,0.0554361839,0.0554361839
G11000100095041023,110010095041023,G11000100095041024,110010095041024,1,1
G11000100095042000,110010095042000,G11000100095042000,110010095042000,1,1
G11000100095042001,110010095042001,G11000100095042001,110010095042001,1,1
G11000100095042002,110010095042002,G11000100095042004,110010095042004,1,1
G11000100095042003,110010095042003,G11000100095042002,110010095042002,1,1
G11000100095042004,110010095042004,G11000100095042005,110010095042005,1,1
G11000100095042005,110010095042005,G11000100095042015,110010095042015,1,1
G11000100095042006,110010095042006,G11000100095042010,110010095042010,1,1
G11000100095042007,110010095042007,G11000100095042011,110010095042011,1,1
G11000100095042008,110010095042008,G11000100095042012,110010095042012,1,1
G11000100095042009,110010095042009,G11000100095042013,110010095042013,0.2054227514,0
G11000100095042009,110010095042009,G11000100095042014,110010095042014,0.7945772486,1
G11000100095042010,110010095042010,G11000100095042016,110010095042016,1,1
G11000100095042011,110010095042011,G11000100095042017,110010095042017,1,1
G11000100095042012,110010095042012,G11000100095042006,110010095042006,1,1
G11000100095042013,110010095042013,G11000100095042007,110010095042007,1,1
G11000100095042014,110010095042014,G11000100095042008,110010095042008,1,1
G11000100095042015,110010095042015,G11000100095042003,110010095042003,0.040233439,0.040233439
G11000100095042015,110010095042015,G11000100095042009,110010095042009,0.959766561,0.959766561
G11000100095042016,110010095042016,G11000100095042018,110010095042018,1,1
G11000100095051000,110010095051000,G11000100095051000,110010095051000,0.9559712774,0
G11000100095051000,110010095051000,G11000100095051001,110010095051001,0.0440287226,1
G11000100095051001,110010095051001,G11000100095051001,110010095051001,1,1
G11000100095051002,110010095051002,G11000100095051002,110010095051002,1,1
G11000100095051003,110010095051003,G11000100095051003,110010095051003,1,1
G11000100095051004,110010095051004,G11000100095051004,110010095051004,1,1
G11000100095051005,110010095051005,G11000100095051005,110010095051005,1,1
G11000100095051006,110010095051006,G11000100095051006,110010095051006,1,1
G11000100095051007,110010095051007,G11000100095051007,110010095051007,1,1
G11000100095051008,110010095051008,G11000100095051008,110010095051008,1,1
G11000100095051009,110010095051009,G11000100095051009,110010095051009,1,1
G11000100095052000,110010095052000,G11000100095052000,110010095052000,1,1
G11000100095052001,110010095052001,G11000100095052002,110010095052002,1,1
G11000100095052002,110010095052002,G11000100095052003,110010095052003,1,1
G11000100095052003,110010095052003,G11000100095052004,110010095052004,1,1
G11000100095052004,110010095052004,G11000100095052005,110010095052005,1,1
G11000100095052005,110010095052005,G11000100095052001,110010095052001,1,1
G11000100095052006,110010095052006,G11000100095052001,110010095052001,1,1
G11000100095052007,110010095052007,G11000100095052006,110010095052006,1,1
G11000100095052008,110010095052008,G11000100095052007,110010095052007,1,1
G11000100095052009,110010095052009,G11000100095052008,110010095052008,0.9825086156,0.9076923077
G11000100095052009,110010095052009,G11000100095052009,110010095052009,0.0174913844,0.0923076923
G11000100095052010,110010095052010,G11000100095052012,110010095052012,1,1
G11000100095052011,110010095052011,G11000100095052011,110010095052011,1,1
G11000100095052012,110010095052012,G11000100095052010,110010095052010,1,1
G11000100095052013,110010095052013,G11000100095052010,110010095052010,1,1
G11000100095052014,110010095052014,G11000100095052010,110010095052010,1,1
G11000100095052015,110010095052015,G11000100095052010,110010095052010,1,1
G11000100095052016,110010095052016,G11000100095052010,110010095052010,1,1
G11000100095052017,110010095052017,G11000100095052015,110010095052015,1,1
G11000100095052018,110010095052018,G11000100095052013,110010095052013,0.5174122815,0
G11000100095052018,110010095052018,G11000100095052016,110010095052016,0.4825877185,1
G11000100095052019,110010095052019,G11000100095052014,110010095052014,0.514778094,0
G11000100095052019,110010095052019,G11000100095052017,110010095052017,0.485221906,1
G11000100095052020,110010095052020,G11000100095052018,110010095052018,1,1
G11000100095052021,110010095052021,G11000100095052019,110010095052019,1,1
G11000100095052022,110010095052022,G11000100095052020,110010095052020,1,1
G11000100095052023,110010095052023,G11000100095052021,110010095052021,1,1
G11000100095052024,110010095052024,G11000100095052022,110010095052022,1,1
G11000100095053000,110010095053000,G11000100095053000,110010095053000,0.0874160834,0
G11000100095053000,110010095053000,G11000100095053001,110010095053001,0.9125839166,1
G11000100095053001,110010095053001,G11000100095053002,110010095053002,1,1
G11000100095053002,110010095053002,G11000100095053003,110010095053003,1,1
G11000100095053003,110010095053003,G11000100095053004,110010095053004,1,1
G11000100095053004,110010095053004,G11000100095053005,110010095053005,1,1
G11000100095053005,110010095053005,G11000100095053008,110010095053008,0.997508238,1
G11000100095053005,110010095053005,G11000100095053013,110010095053013,0.002491762,0
G11000100095053006,110010095053006,G11000100095053007,110010095053007,1,1
G11000100095053007,110010095053007,G11000100095053009,110010095053009,1,1
G11000100095053008,110010095053008,G11000100095053010,110010095053010,0.4304883053,0.3522735993
G11000100095053008,110010095053008,G11000100095053015,110010095053015,0.2972917522,0.296651452
G11000100095053008,110010095053008,G11000100095053020,110010095053020,0.2722199426,0.3510749487
G11000100095053009,110010095053009,G11000100095053011,110010095053011,1,1
G11000100095053010,110010095053010,G11000100095053012,110010095053012,0.982170037,1
G11000100095053010,110010095053010,G11000100095053018,110010095053018,0.017829963,0
G11000100095053011,110010095053011,G11000100095053013,110010095053013,1,1
G11000100095053012,110010095053012,G11000100095053013,110010095053013,1,1
G11000100095053013,110010095053013,G11000100095053006,110010095053006,1,1
G11000100095053014,110010095053014,G11000100095053014,110010095053014,1,1
G11000100095053015,110010095053015,G11000100095053016,110010095053016,1,1
G11000100095053016,110010095053016,G11000100095053017,110010095053017,1,1
G11000100095053017,110010095053017,G11000100095053022,110010095053022,1,1
G11000100095053018,110010095053018,G11000100095053019,110010095053019,1,1
G11000100095053019,110010095053019,G11000100095053021,110010095053021,1,1
G11000100095053020,110010095053020,G11000100095053008,110010095053008,0.3417999373,0.7695628855
G11000100095053020,110010095053020,G11000100095053020,110010095053020,0.3508936971,0.2304371145
G11000100095053020,110010095053020,G11000100095081001,110010095081001,0.3073063656,0
G11000100095071000,110010095071000,G11000100095071000,110010095071000,1,1
G11000100095071001,110010095071001,G11000100095071001,110010095071001,1,1
G11000100095071002,110010095071002,G11000100095071002,110010095071002,1,1
G11000100095071003,110010095071003,G11000100095071003,110010095071003,1,1
G11000100095071004,110010095071004,G11000100095071004,110010095071004,1,1
G11000100095071005,110010095071005,G11000100095071005,110010095071005,1,1
G11000100095071006,110010095071006,G11000100095071006,110010095071006,1,1
G11000100095071007,110010095071007,G11000100095071007,110010095071007,1,1
G11000100095071008,110010095071008,G11000100095071008,110010095071008,1,1
G11000100095071009,110010095071009,G11000100095071009,110010095071009,1,1
G11000100095071010,110010095071010,G11000100095071010,110010095071010,1,1
G11000100095081000,110010095081000,G11000100095082000,110010095082000,1,1
G11000100095081001,110010095081001,G11000100095082001,110010095082001,1,1
G11000100095081002,110010095081002,G11000100095082002,110010095082002,1,1
G11000100095081003,110010095081003,G11000100095082003,110010095082003,1,1
G11000100095081004,110010095081004,G11000100095082004,110010095082004,1,1
G11000100095081005,110010095081005,G11000100095082005,110010095082005,1,1
G11000100095081006,110010095081006,G11000100095082006,110010095082006,1,1
G11000100095081007,110010095081007,G11000100095082007,110010095082007,1,1
G11000100095081008,110010095081008,G11000100095082008,110010095082008,1,1
G11000100095082000,110010095082000,G11000100095083000,110010095083000,1,1
G11000100095082001,110010095082001,G11000100095083001,110010095083001,1,1
G11000100095082002,110010095082002,G11000100095083002,110010095083002,1,1
G11000100095082003,110010095082003,G11000100095083003,110010095083003,1,1
G11000100095082004,110010095082004,G11000100095083004,110010095083004,1,1
G11000100095082005,110010095082005,G11000100095081005,110010095081005,0.0534123223,0.1251028372
G11000100095082005,110010095082005,G11000100095083005,110010095083005,0.9465876777,0.8748971628
G11000100095082006,110010095082006,G11000100095083007,110010095083007,1,1
G11000100095082007,110010095082007,G11000100095083000,110010095083000,1,1
G11000100095082008,110010095082008,G11000100095083006,110010095083006,1,1
G11000100095083000,110010095083000,G11000100095081000,110010095081000,0.3661911789,0
G11000100095083000,110010095083000,G11000100095081003,110010095081003,0.3120620867,0.3661428196
G11000100095083000,110010095083000,G11000100095081004,110010095081004,0.2642837624,0.570474135
G11000100095083000,110010095083000,G11000100095081011,110010095081011,0.0574629721,0.0633830454
G11000100095083001,110010095083001,G11000100095081005,110010095081005,1,1
G11000100095084000,110010095084000,G11000100095081002,110010095081002,0.6825955869,1
G11000100095084000,110010095084000,G11000100095081006,110010095081006,0.3174044131,0
G11000100095084001,110010095084001,G11000100095081007,110010095081007,1,1
G11000100095084002,110010095084002,G11000100095081007,110010095081007,1,1
G11000100095084003,110010095084003,G11000100095081007,110010095081007,1,1
G11000100095084004,110010095084004,G11000100095081008,110010095081008,1,1
G11000100095084005,110010095084005,G11000100095081009,110010095081009,1,1
G11000100095084006,110010095084006,G11000100095081012,110010095081012,1,1
G11000100095084007,110010095084007,G11000100095081011,110010095081011,0.5590892664,0.9923135721
G11000100095084007,110010095084007,G11000100095081012,110010095081012,0.4409107336,0.0076864279
G11000100095084008,110010095084008,G11000100095011000,110010095011000,0.3714129111,0.3714129111
G11000100095084008,110010095084008,G11000100095081007,110010095081007,0.6285870889,0.6285870889
G11000100095091000,110010095091000,G11000100095091000,110010095091000,1,1
G11000100095091001,110010095091001,G11000100095091001,110010095091001,1,1
G11000100095091002,110010095091002,G11000100095091002,110010095091002,1,1
G11000100095091003,110010095091003,G11000100095091003,110010095091003,1,1
G11000100095091004,110010095091004,G11000100095091004,110010095091004,1,1
G11000100095091005,110010095091005,G11000100095091005,110010095091005,1,1
G11000100095091006,110010095091006,G11000100095091006,110010095091006,0.9502274921,1
G11000100095091006,110010095091006,G11000100095091009,110010095091009,0.0497725079,0
G11000100095091007,110010095091007,G11000100095091007,110010095091007,1,1
G11000100095091008,110010095091008,G11000100095091008,110010095091008,1,1
G11000100095092000,110010095092000,G11000100095092000,110010095092000,1,1
G11000100095092001,110010095092001,G11000100095092001,110010095092001,1,1
G11000100095092002,110010095092002,G11000100095092002,110010095092002,1,1
G11000100095092003,110010095092003,G11000100095092003,110010095092003,1,1
G11000100095092004,110010095092004,G11000100095092004,110010095092004,1,1
G11000100095092005,110010095092005,G11000100095092005,110010095092005,1,1
G11000100095092006,110010095092006,G11000100095092006,110010095092006,1,1
G11000100095092007,110010095092007,G11000100095092007,110010095092007,1,1
G11000100095092008,110010095092008,G11000100095092008,110010095092008,0.0698218463,0
G11000100095092008,110010095092008,G11000100095092009,110010095092009,0.9301781537,1
G11000100095092009,110010095092009,G11000100095092010,110010095092010,1,1
G11000100095092010,110010095092010,G11000100095092011,110010095092011,1,1
G11000100095092011,110010095092011,G11000100095092012,110010095092012,1,1
G11000100095093000,110010095093000,G11000100095093000,110010095093000,1,1
G11000100095093001,110010095093001,G11000100095093001,110010095093001,1,1
G11000100095093002,110010095093002,G11000100095093001,110010095093001,1,1
G11000100095093003,110010095093003,G11000100095093004,110010095093004,1,1
G11000100095093004,110010095093004,G11000100095093005,110010095093005,1,1
G11000100095093005,110010095093005,G11000100095093004,110010095093004,1,1
G11000100095093006,110010095093006,G11000100095093003,110010095093003,1,1
G11000100095093007,110010095093007,G11000100095093002,110010095093002,1,1
G11000100095101000,110010095101000,G11000100095011000,110010095011000,1,1
G11000100095101001,110010095101001,G11000100095011001,110010095011001,1,1
G11000100095101002,110010095101002,G11000100095011002,110010095011002,1,1
G11000100095101003,110010095101003,G11000100095011003,110010095011003,1,1
G11000100095101004,110010095101004,G11000100095011006,110010095011006,1,1
G11000100095101005,110010095101005,G11000100095011005,110010095011005,1,1
G11000100095101006,110010095101006,G11000100095011004,110010095011004,1,1
G11000100095101007,110010095101007,G11000100095011007,110010095011007,1,1
G11000100095101008,110010095101008,G11000100095011008,110010095011008,0.0360340525,0.0360340525
G11000100095101008,110010095101008,G11000100095011009,110010095011009,0.9277851167,0.9277851167
G11000100095101008,110010095101008,G11000100095081010,110010095081010,0.0361808308,0.0361808308
G11000100095102000,110010095102000,G11000100095012000,110010095012000,1,1
G11000100095102001,110010095102001,G11000100095012000,110010095012000,1,1
G11000100095102002,110010095102002,G11000100095012001,110010095012001,1,1
G11000100095102003,110010095102003,G11000100095012001,110010095012001,1,1
G11000100095102004,110010095102004,G11000100095012002,110010095012002,1,1
G11000100095102005,110010095102005,G11000100095012003,110010095012003,1,1
G11000100095102006,110010095102006,G11000100095012001,110010095012001,1,1
G11000100095102007,110010095102007,G11000100095012004,110010095012004,1,1
G11000100095102008,110010095102008,G11000100095012005,110010095012005,1,1
G11000100095102009,110010095102009,G11000100095012006,110010095012006,1,1
G11000100095103000,110010095103000,G11000100095013000,110010095013000,1,1
G11000100095103001,110010095103001,G11000100095013001,110010095013001,1,1
G11000100095103002,110010095103002,G11000100095013002,110010095013002,1,1
G11000100095103003,110010095103003,G11000100095013003,110010095013003,1,1
G11000100095103004,110010095103004,G11000100095013004,110010095013004,1,1
G11000100095103005,110010095103005,G11000100095013005,110010095013005,1,1
G11000100095103006,110010095103006,G11000100095013006,110010095013006,1,1
G11000100095103007,110010095103007,G11000100095013007,110010095013007,1,1
G11000100095103008,110010095103008,G11000100095013008,110010095013008,1,1
G11000100095111000,110010095111000,G11000100095013012,110010095013012,1,1
G11000100095111001,110010095111001,G11000100095013010,110010095013010,0.9967016812,1
G11000100095111001,110010095111001,G11000100095013011,110010095013011,0.0032983188,0
G11000100095111002,110010095111002,G11000100023021008,110010023021008,0.0128345335,0
G11000100095111002,110010095111002,G11000100095013009,110010095013009,0.9871654665,1
G11000100095111003,110010095111003,G11000100095013009,110010095013009,1,1
G11000100096011000,110010096011000,G11000100096011000,110010096011000,0,0
G11000100096011000,110010096011000,G11000100096011003,110010096011003,1,1
G11000100096011001,110010096011001,G11000100096011001,110010096011001,0,0
G11000100096011001,110010096011001,G11000100096011002,110010096011002,0.8792710706,0.8792710706
G11000100096011001,110010096011001,G11000100096011003,110010096011003,0.1207289294,0.1207289294
G11000100096011002,110010096011002,G11000100096011002,110010096011002,1,1
G11000100096011003,110010096011003,G11000100096011001,110010096011001,1,1
G11000100096011004,110010096011004,G11000100096011004,110010096011004,1,1
G11000100096011005,110010096011005,G11000100096011005,110010096011005,0.2829187487,0
G11000100096011005,110010096011005,G11000100096011006,110010096011006,0.7152426262,1
G11000100096011005,110010096011005,G11000100096011007,110010096011007,0.0018386251,0
G11000100096011006,110010096011006,G11000100096011008,110010096011008,1,1
G11000100096011007,110010096011007,G11000100096011009,110010096011009,0.4451326639,0.3399014778
G11000100096011007,110010096011007,G11000100096011015,110010096011015,0.4231139153,0.3596059113
G11000100096011007,110010096011007,G11000100096011016,110010096011016,0.1317534208,0.3004926108
G11000100096011008,110010096011008,G11000100096011012,110010096011012,0.5030293615,0.9371486683
G11000100096011008,110010096011008,G11000100096011033,110010096011033,0.4969706385,0.0628513317
G11000100096011009,110010096011009,G11000100096011035,110010096011035,1,1
G11000100096011010,110010096011010,G11000100096011011,110010096011011,0.6129159921,0.9269406393
G11000100096011010,110010096011010,G11000100096011013,110010096011013,0.3870840079,0.0730593607
G11000100096011011,110010096011011,G11000100096011028,110010096011028,1,1
G11000100096011012,110010096011012,G11000100096011030,110010096011030,0.964755874,1
G11000100096011012,110010096011012,G11000100096011034,110010096011034,0.035244126,0
G11000100096011013,110010096011013,G11000100096011032,110010096011032,1,1
G11000100096011014,110010096011014,G11000100096011014,110010096011014,1,1
G11000100096011015,110010096011015,G11000100096011006,110010096011006,1,1
G11000100096011016,110010096011016,G11000100096011012,110010096011012,0.0051264127,0.2307969622
G11000100096011016,110010096011016,G11000100096011036,110010096011036,0.9948735873,0.7692030378
G11000100096011017,110010096011017,G11000100096011036,110010096011036,0.0007960171,0.0001762352
G11000100096011017,110010096011017,G11000100096011037,110010096011037,0.6599959501,0.2290760307
G11000100096011017,110010096011017,G11000100096011038,110010096011038,0.1398825526,0.4518176372
G11000100096011017,110010096011017,G11000100096011039,110010096011039,0.1297926864,0.2790638348
G11000100096011017,110010096011017,G11000100096011040,110010096011040,0.0695327938,0.0398662621
G11000100096011018,110010096011018,G11000100096011006,110010096011006,0,0
G11000100096011018,110010096011018,G11000100096011023,110010096011023,0,0
G11000100096011018,110010096011018,G11000100096011024,110010096011024,1,1
G11000100096011019,110010096011019,G11000100096011017,110010096011017,1,1
G11000100096011020,110010096011020,G11000100096011019,110010096011019,1,1
G11000100096011021,110010096011021,G11000100096011018,110010096011018,1,1
G11000100096011022,110010096011022,G11000100096011022,110010096011022,1,1
G11000100096011023,110010096011023,G11000100096011020,110010096011020,0.455374053,0
G11000100096011023,110010096011023,G11000100096011033,110010096011033,0.544625947,1
G11000100096011024,110010096011024,G11000100096011021,110010096011021,1,1
G11000100096011025,110010096011025,G11000100096011025,110010096011025,1,1
G11000100096011026,110010096011026,G11000100096011026,110010096011026,1,1
G11000100096011027,110010096011027,G11000100096011027,110010096011027,1,1
G11000100096011028,110010096011028,G11000100096011041,110010096011041,1,1
G11000100096011029,110010096011029,G11000100096011042,110010096011042,1,1
G11000100096011030,110010096011030,G11000100096011037,110010096011037,0.1842848373,1
G11000100096011030,110010096011030,G11000100096011043,110010096011043,0.7789748312,0
G11000100096011030,110010096011030,G11000100096011044,110010096011044,0.0367403315,0
G11000100096011031,110010096011031,G11000100096011043,110010096011043,1,1
G11000100096011032,110010096011032,G11000100096011048,110010096011048,0.0980014447,0.0980014447
G11000100096011032,110010096011032,G11000100096011049,110010096011049,0.9019985553,0.9019985553
G11000100096011033,110010096011033,G11000100096011047,110010096011047,1,1
G11000100096011034,110010096011034,G11000100096011046,110010096011046,1,1
G11000100096011034,110010096011034,G11000100096021013,110010096021013,0,0
G11000100096011035,110010096011035,G11000100096011045,110010096011045,1,1
G11000100096011035,110010096011035,G11000100096021013,110010096021013,0,0
G11000100096011036,110010096011036,G11000100096022000,110010096022000,1,1
G11000100096011037,110010096011037,G11000100096011010,110010096011010,1,1
G11000100096011038,110010096011038,G11000100096011029,110010096011029,1,1
G11000100096011039,110010096011039,G11000100096011031,110010096011031,1,1
G11000100096021000,110010096021000,G11000100096011004,110010096011004,0,0
G11000100096021000,110010096021000,G11000100096022001,110010096022001,0.8428253443,0.8428253443
G11000100096021000,110010096021000,G11000100096022005,110010096022005,0.1521521113,0.1521521113
G11000100096021000,110010096021000,G11000100096022006,110010096022006,0.0050225444,0.0050225444
G11000100096021001,110010096021001,G11000100096022001,110010096022001,0.3662220739,0.3662220739
G11000100096021001,110010096021001,G11000100096022005,110010096022005,0.6337779261,0.6337779261
G11000100096021002,110010096021002,G11000100096022001,110010096022001,0.2247038917,0.2247038917
G11000100096021002,110010096021002,G11000100096022002,110010096022002,0.6489340102,0.6489340102
G11000100096021002,110010096021002,G11000100096022005,110010096022005,0.1263620981,0.1263620981
G11000100096021003,110010096021003,G11000100096022005,110010096022005,1,1
G11000100096021004,110010096021004,G11000100096022005,110010096022005,1,1
G11000100096021005,110010096021005,G11000100096022007,110010096022007,0.9813774043,0.9813774043
G11000100096021005,110010096021005,G11000100096022008,110010096022008,0.0186225957,0.0186225957
G11000100096022000,110010096022000,G11000100096021000,110010096021000,0.1753610303,0.1694343539
G11000100096022000,110010096022000,G11000100096021001,110010096021001,0.0465194512,0.0142708874
G11000100096022000,110010096022000,G11000100096021002,110010096021002,0.1937333301,0.2381940841
G11000100096022000,110010096022000,G11000100096022003,110010096022003,0.3400773722,0.2592112091
G11000100096022000,110010096022000,G11000100096022004,110010096022004,0.2443088161,0.3188894655
G11000100096022001,110010096022001,G11000100096021011,110010096021011,1,1
G11000100096022002,110010096022002,G11000100096021012,110010096021012,1,1
G11000100096022003,110010096022003,G11000100096021016,110010096021016,1,1
G11000100096022004,110010096022004,G11000100096021014,110010096021014,1,1
G11000100096022005,110010096022005,G11000100096021020,110010096021020,0.9376557253,0.9376557253
G11000100096022005,110010096022005,G11000100096021021,110010096021021,0.0623442747,0.0623442747
G11000100096023000,110010096023000,G11000100096022001,110010096022001,1,1
G11000100096023001,110010096023001,G11000100096022001,110010096022001,1,1
G11000100096023002,110010096023002,G11000100096021004,110010096021004,1,1
G11000100096023003,110010096023003,G11000100096021004,110010096021004,1,1
G11000100096023004,110010096023004,G11000100096022001,110010096022001,1,1
G11000100096023005,110010096023005,G11000100096021003,110010096021003,1,1
G11000100096023006,110010096023006,G11000100096021005,110010096021005,1,1
G11000100096023007,110010096023007,G11000100096021006,110010096021006,1,1
G11000100096023008,110010096023008,G11000100096021007,110010096021007,1,1
G11000100096023009,110010096023009,G11000100096021008,110010096021008,1,1
G11000100096023010,110010096023010,G11000100096021010,110010096021010,1,1
G11000100096023011,110010096023011,G11000100096021009,110010096021009,1,1
G11000100096023012,110010096023012,G11000100096021015,110010096021015,0.0801267622,0.0801267622
G11000100096023012,110010096023012,G11000100096021023,110010096021023,0.4667072729,0.4667072729
G11000100096023012,110010096023012,G11000100096021024,110010096021024,0.3671071564,0.3671071564
G11000100096023012,110010096023012,G11000100096021026,110010096021026,0.0860588085,0.0860588085
G11000100096023013,110010096023013,G11000100096021025,110010096021025,1,1
G11000100096023014,110010096023014,G11000100096021027,110010096021027,1,1
G11000100096023015,110010096023015,G11000100096021019,110010096021019,1,1
G11000100096023016,110010096023016,G11000100096021018,110010096021018,1,1
G11000100096023017,110010096023017,G11000100096021017,110010096021017,1,1
G11000100096023018,110010096023018,G11000100096021029,110010096021029,1,1
G11000100096023019,110010096023019,G11000100096021020,110010096021020,0.7670387651,0.7670387651
G11000100096023019,110010096023019,G11000100096021028,110010096021028,0.2329612349,0.2329612349
G11000100096023020,110010096023020,G11000100096021015,110010096021015,0.0139991855,0.0139991855
G11000100096023020,110010096023020,G11000100096021022,110010096021022,0.8330788027,0.8330788027
G11000100096023020,110010096023020,G11000100096042000,110010096042000,0.1529220118,0.1529220118
G11000100096031000,110010096031000,G11000100096031000,110010096031000,0.8262385774,0.8568818514
G11000100096031000,110010096031000,G11000100096031007,110010096031007,0.1737614226,0.1431181486
G11000100096031001,110010096031001,G11000100096031001,110010096031001,0.197559878,0.7277882798
G11000100096031001,110010096031001,G11000100096031002,110010096031002,0.2412420621,0
G11000100096031001,110010096031001,G11000100096031005,110010096031005,0.0299714986,0
G11000100096031001,110010096031001,G11000100096031006,110010096031006,0.5312265613,0.2722117202
G11000100096031002,110010096031002,G11000100096031004,110010096031004,1,1
G11000100096031003,110010096031003,G11000100096031003,110010096031003,1,1
G11000100096031004,110010096031004,G11000100096031008,110010096031008,1,1
G11000100096032000,110010096032000,G11000100096032000,110010096032000,0.4628639053,0.4628639053
G11000100096032000,110010096032000,G11000100096032001,110010096032001,0.5371360947,0.5371360947
G11000100096032001,110010096032001,G11000100096032002,110010096032002,1,1
G11000100096032002,110010096032002,G11000100096032003,110010096032003,1,1
G11000100096032003,110010096032003,G11000100096032004,110010096032004,0.2806290434,0.1578947368
G11000100096032003,110010096032003,G11000100096032005,110010096032005,0.1482208872,0.2675438596
G11000100096032003,110010096032003,G11000100096032006,110010096032006,0.2386061691,0.2807017544
G11000100096032003,110010096032003,G11000100096032008,110010096032008,0.0924792052,0
G11000100096032003,110010096032003,G11000100096032009,110010096032009,0.240064695,0.2938596491
G11000100096032004,110010096032004,G11000100096032007,110010096032007,1,1
G11000100096033000,110010096033000,G11000100096033000,110010096033000,1,1
G11000100096033001,110010096033001,G11000100096033003,110010096033003,1,1
G11000100096033002,110010096033002,G11000100096033002,110010096033002,1,1
G11000100096033003,110010096033003,G11000100096033001,110010096033001,1,1
G11000100096033004,110010096033004,G11000100096033004,110010096033004,1,1
G11000100096033005,110010096033005,G11000100096033005,110010096033005,1,1
G11000100096033006,110010096033006,G11000100096033004,110010096033004,0.361240969,0.1947609696
G11000100096033006,110010096033006,G11000100096033005,110010096033005,0.638759031,0.8052390304
G11000100096041000,110010096041000,G11000100096041000,110010096041000,1,1
G11000100096041001,110010096041001,G11000100096041007,110010096041007,1,1
G11000100096041002,110010096041002,G11000100096041007,110010096041007,1,1
G11000100096041003,110010096041003,G11000100096041000,110010096041000,1,1
G11000100096041004,110010096041004,G11000100096041002,110010096041002,1,1
G11000100096041005,110010096041005,G11000100096041005,110010096041005,1,1
G11000100096041006,110010096041006,G11000100096041011,110010096041011,1,1
G11000100096041007,110010096041007,G11000100096041010,110010096041010,1,1
G11000100096041008,110010096041008,G11000100096041004,110010096041004,1,1
G11000100096041009,110010096041009,G11000100096041000,110010096041000,1,1
G11000100096041010,110010096041010,G11000100096041006,110010096041006,1,1
G11000100096041011,110010096041011,G11000100096041001,110010096041001,1,1
G11000100096041012,110010096041012,G11000100096041003,110010096041003,1,1
G11000100096041013,110010096041013,G11000100096041008,110010096041008,1,1
G11000100096041014,110010096041014,G11000100096041009,110010096041009,1,1
G11000100096041015,110010096041015,G11000100096041012,110010096041012,1,1
G11000100096042000,110010096042000,G11000100096042011,110010096042011,1,1
G11000100096042001,110010096042001,G11000100096042010,110010096042010,1,1
G11000100096042002,110010096042002,G11000100096042001,110010096042001,0.4397537379,0.4113309427
G11000100096042002,110010096042002,G11000100096042003,110010096042003,0.5602462621,0.5886690573
G11000100096042003,110010096042003,G11000100096042004,110010096042004,1,1
G11000100096042004,110010096042004,G11000100096042004,110010096042004,1,1
G11000100096042005,110010096042005,G11000100096042003,110010096042003,1,1
G11000100096042006,110010096042006,G11000100096042008,110010096042008,1,1
G11000100096042007,110010096042007,G11000100096042007,110010096042007,1,1
G11000100096042008,110010096042008,G11000100096042005,110010096042005,1,1
G11000100096042009,110010096042009,G11000100096042001,110010096042001,1,1
G11000100096042010,110010096042010,G11000100096042002,110010096042002,1,1
G11000100096042011,110010096042011,G11000100096042009,110010096042009,1,1
G11000100096042012,110010096042012,G11000100096042006,110010096042006,1,1
G11000100097001000,110010097001000,G11000100097002000,110010097002000,0.980618005,0.9903448276
G11000100097001000,110010097001000,G11000100097002001,110010097002001,0.019381995,0.0096551724
G11000100097001001,110010097001001,G11000100097002002,110010097002002,1,1
G11000100097002000,110010097002000,G11000100097001012,110010097001012,0.8659042855,0.8853721129
G11000100097002000,110010097002000,G11000100097001014,110010097001014,0.1340957145,0.1146278871
G11000100097002001,110010097002001,G11000100097001013,110010097001013,1,1
G11000100097002002,110010097002002,G11000100097001015,110010097001015,1,1
G11000100097002003,110010097002003,G11000100097001016,110010097001016,1,1
G11000100097002004,110010097002004,G11000100097001017,110010097001017,1,1
G11000100097003000,110010097003000,G11000100097001001,110010097001001,0,0
G11000100097003000,110010097003000,G11000100097001002,110010097001002,1,1
G11000100097003001,110010097003001,G11000100097001003,110010097001003,1,1
G11000100097003002,110010097003002,G11000100097001005,110010097001005,1,1
G11000100097003003,110010097003003,G11000100097001004,110010097001004,1,1
G11000100097003004,110010097003004,G11000100097001009,110010097001009,0.9662765,0.9281045752
G11000100097003004,110010097003004,G11000100097001010,110010097001010,0.0337235,0.0718954248
G11000100097003005,110010097003005,G11000100097001011,110010097001011,1,1
G11000100097003006,110010097003006,G11000100097001006,110010097001006,1,1
G11000100097003007,110010097003007,G11000100097001007,110010097001007,1,1
G11000100097003008,110010097003008,G11000100097001008,110010097001008,1,1
G11000100098011000,110010098011000,G11000100098011001,110010098011001,0,0
G11000100098011000,110010098011000,G11000100098011002,110010098011002,0.5105840914,0.5105840914
G11000100098011000,110010098011000,G11000100098011006,110010098011006,0.0253231653,0.0253231653
G11000100098011000,110010098011000,G11000100098011007,110010098011007,0.4640927433,0.4640927433
G11000100098011000,110010098011000,G11000100098011008,110010098011008,0,0
G11000100098011001,110010098011001,G11000100098011003,110010098011003,1,1
G11000100098011002,110010098011002,G11000100098011004,110010098011004,1,1
G11000100098011003,110010098011003,G11000100098011005,110010098011005,1,1
G11000100098011004,110010098011004,G11000100098011009,110010098011009,1,1
G11000100098011004,110010098011004,G11000100098011010,110010098011010,0,0
G11000100098011005,110010098011005,G11000100098011014,110010098011014,1,1
G11000100098011006,110010098011006,G11000100098011013,110010098011013,1,1
G11000100098011007,110010098011007,G11000100098011012,110010098011012,1,1
G11000100098021000,110010098021000,G11000100098021000,110010098021000,1,1
G11000100098021001,110010098021001,G11000100098021001,110010098021001,1,1
G11000100098022000,110010098022000,G11000100098022000,110010098022000,1,1
G11000100098022001,110010098022001,G11000100098022001,110010098022001,1,1
G11000100098022002,110010098022002,G11000100098022002,110010098022002,1,1
G11000100098022003,110010098022003,G11000100098022003,110010098022003,1,1
G11000100098031000,110010098031000,G11000100098031000,110010098031000,1,1
G11000100098031001,110010098031001,G11000100098031001,110010098031001,0.978449437,1
G11000100098031001,110010098031001,G11000100098031006,110010098031006,0.021550563,0
G11000100098031002,110010098031002,G11000100098031002,110010098031002,1,1
G11000100098031003,110010098031003,G11000100098031003,110010098031003,1,1
G11000100098031004,110010098031004,G11000100098031004,110010098031004,1,1
G11000100098031005,110010098031005,G11000100098031005,110010098031005,1,1
G11000100098032000,110010098032000,G11000100098032000,110010098032000,0.0343466425,0.0028901734
G11000100098032000,110010098032000,G11000100098032001,110010098032001,0.9656533575,0.9971098266
G11000100098032001,110010098032001,G11000100098032002,110010098032002,1,1
G11000100098032002,110010098032002,G11000100098032003,110010098032003,1,1
G11000100098032003,110010098032003,G11000100098011011,110010098011011,0,0
G11000100098032003,110010098032003,G11000100098032004,110010098032004,0.3199537566,0
G11000100098032003,110010098032003,G11000100098032005,110010098032005,0.6800462434,1
G11000100098032004,110010098032004,G11000100098032006,110010098032006,1,1
G11000100098033000,110010098033000,G11000100098033000,110010098033000,1,1
G11000100098033001,110010098033001,G11000100098033001,110010098033001,1,1
G11000100098033002,110010098033002,G11000100098033002,110010098033002,1,1
G11000100098033003,110010098033003,G11000100098033003,110010098033003,1,1
G11000100098033004,110010098033004,G11000100098033004,110010098033004,1,1
G11000100098033005,110010098033005,G11000100098033005,110010098033005,1,1
G11000100098041000,110010098041000,G11000100098041000,110010098041000,0.0878606296,0.112244898
G11000100098041000,110010098041000,G11000100098041001,110010098041001,0.9121393704,0.887755102
G11000100098041001,110010098041001,G11000100098041002,110010098041002,1,1
G11000100098041002,110010098041002,G11000100098041003,110010098041003,1,1
G11000100098041003,110010098041003,G11000100098041006,110010098041006,1,1
G11000100098041004,110010098041004,G11000100098041004,110010098041004,1,1
G11000100098041005,110010098041005,G11000100098041005,110010098041005,1,1
G11000100098041006,110010098041006,G11000100098011000,110010098011000,1,1
G11000100098042000,110010098042000,G11000100098042000,110010098042000,1,1
G11000100098042001,110010098042001,G11000100098042001,110010098042001,1,1
G11000100098042002,110010098042002,G11000100098042002,110010098042002,1,1
G11000100098042003,110010098042003,G11000100098042003,110010098042003,1,1
G11000100098042004,110010098042004,G11000100098042004,110010098042004,0.2056048273,0.177818267
G11000100098042004,110010098042004,G11000100098042005,110010098042005,0.7943951727,0.822181733
G11000100098042005,110010098042005,G11000100098042005,110010098042005,1,1
G11000100098071000,110010098071000,G11000100098071000,110010098071000,0.7394116488,0.7394116488
G11000100098071000,110010098071000,G11000100098071001,110010098071001,0.2605883512,0.2605883512
G11000100098071001,110010098071001,G11000100098071008,110010098071008,1,1
G11000100098071002,110010098071002,G11000100098071002,110010098071002,1,1
G11000100098071003,110010098071003,G11000100098071003,110010098071003,1,1
G11000100098071004,110010098071004,G11000100098071005,110010098071005,1,1
G11000100098071005,110010098071005,G11000100098071004,110010098071004,1,1
G11000100098071006,110010098071006,G11000100098071006,110010098071006,1,1
G11000100098071007,110010098071007,G11000100098071007,110010098071007,1,1
G11000100098071008,110010098071008,G11000100098071013,110010098071013,1,1
G11000100098071009,110010098071009,G11000100098071011,110010098071011,1,1
G11000100098071010,110010098071010,G11000100098071009,110010098071009,1,1
G11000100098071011,110010098071011,G11000100098071010,110010098071010,1,1
G11000100098071012,110010098071012,G11000100098071014,110010098071014,1,1
G11000100098071013,110010098071013,G11000100098071012,110010098071012,1,1
G11000100098072000,110010098072000,G11000100098072008,110010098072008,1,1
G11000100098072001,110010098072001,G11000100098072009,110010098072009,1,1
G11000100098072002,110010098072002,G11000100098072010,110010098072010,1,1
G11000100098073000,110010098073000,G11000100098072000,110010098072000,1,1
G11000100098073001,110010098073001,G11000100098072006,110010098072006,1,1
G11000100098073002,110010098073002,G11000100098072005,110010098072005,1,1
G11000100098073003,110010098073003,G11000100098072001,110010098072001,0.9755837372,1
G11000100098073003,110010098073003,G11000100098072002,110010098072002,0.0244162628,0
G11000100098073004,110010098073004,G11000100098072003,110010098072003,1,1
G11000100098073005,110010098073005,G11000100098072004,110010098072004,1,1
G11000100098073006,110010098073006,G11000100098072007,110010098072007,1,1
G11000100098101000,110010098101000,G11000100098101000,110010098101000,0.9537690384,0.8887218045
G11000100098101000,110010098101000,G11000100098101001,110010098101001,0.0462309616,0.1112781955
G11000100098101001,110010098101001,G11000100098101002,110010098101002,1,1
G11000100098101001,110010098101001,G11000100098101003,110010098101003,0,0
G11000100098101002,110010098101002,G11000100098101004,110010098101004,0,0
G11000100098101002,110010098101002,G11000100098101005,110010098101005,1,1
G11000100098101003,110010098101003,G11000100098101006,110010098101006,1,1
G11000100098101003,110010098101003,G11000100098101007,110010098101007,0,0
G11000100098102000,110010098102000,G11000100098102000,110010098102000,1,1
G11000100098102001,110010098102001,G11000100098102001,110010098102001,1,1
G11000100098102002,110010098102002,G11000100098102002,110010098102002,1,1
G11000100098102003,110010098102003,G11000100098102003,110010098102003,1,1
G11000100098102004,110010098102004,G11000100098102004,110010098102004,1,1
G11000100098102005,110010098102005,G11000100098102005,110010098102005,1,1
G11000100098102006,110010098102006,G11000100098102006,110010098102006,1,1
G11000100098111000,110010098111000,G11000100098111000,110010098111000,1,1
G11000100098111001,110010098111001,G11000100098111002,110010098111002,0.0044580579,0
G11000100098111001,110010098111001,G11000100098111003,110010098111003,0.9955419421,1
G11000100098111002,110010098111002,G11000100098111001,110010098111001,1,1
G11000100098112000,110010098112000,G11000100098112000,110010098112000,1,1
G11000100098112001,110010098112001,G11000100098112004,110010098112004,1,1
G11000100098113000,110010098113000,G11000100098112001,110010098112001,1,1
G11000100098113001,110010098113001,G11000100098112002,110010098112002,1,1
G11000100098113002,110010098113002,G11000100098112003,110010098112003,1,1
G11000100098113003,110010098113003,G11000100098112005,110010098112005,1,1
G11000100098113004,110010098113004,G11000100098112006,110010098112006,1,1
G11000100098113005,110010098113005,G11000100098112007,110010098112007,1,1
G11000100098113006,110010098113006,G11000100098112008,110010098112008,1,1
G11000100099011000,110010099011000,G11000100099011000,110010099011000,1,1
G11000100099011001,110010099011001,G11000100099011001,110010099011001,1,1
G11000100099011002,110010099011002,G11000100099011002,110010099011002,1,1
G11000100099011003,110010099011003,G11000100099011003,110010099011003,1,1
G11000100099011004,110010099011004,G11000100099011004,110010099011004,1,1
G11000100099011005,110010099011005,G11000100099011005,110010099011005,1,1
G11000100099011006,110010099011006,G11000100099011006,110010099011006,0.8712890069,0.8818419035
G11000100099011006,110010099011006,G11000100099011013,110010099011013,0.1287109931,0.1181580965
G11000100099011007,110010099011007,G11000100099011013,110010099011013,1,1
G11000100099011008,110010099011008,G11000100099011008,110010099011008,1,1
G11000100099011009,110010099011009,G11000100099011007,110010099011007,1,1
G11000100099011010,110010099011010,G11000100099011009,110010099011009,1,1
G11000100099011011,110010099011011,G11000100099011010,110010099011010,1,1
G11000100099011012,110010099011012,G11000100099011011,110010099011011,1,1
G11000100099011013,110010099011013,G11000100099011012,110010099011012,1,1
G11000100099012000,110010099012000,G11000100099012000,110010099012000,1,1
G11000100099012001,110010099012001,G11000100099012000,110010099012000,1,1
G11000100099012002,110010099012002,G11000100099012001,110010099012001,0.4452246616,0.4452246616
G11000100099012002,110010099012002,G11000100099012002,110010099012002,0.5547753384,0.5547753384
G11000100099012003,110010099012003,G11000100099012003,110010099012003,1,1
G11000100099012004,110010099012004,G11000100099012004,110010099012004,1,1
G11000100099012005,110010099012005,G11000100099012005,110010099012005,1,1
G11000100099012006,110010099012006,G11000100099012006,110010099012006,0.4180016515,0
G11000100099012006,110010099012006,G11000100099012007,110010099012007,0.5819983485,1
G11000100099012007,110010099012007,G11000100099012008,110010099012008,1,1
G11000100099012008,110010099012008,G11000100099012009,110010099012009,1,1
G11000100099012009,110010099012009,G11000100099012010,110010099012010,1,1
G11000100099012010,110010099012010,G11000100099012011,110010099012011,1,1
G11000100099012011,110010099012011,G11000100099012012,110010099012012,1,1
G11000100099012012,110010099012012,G11000100099012013,110010099012013,0.1779253112,0.1349206349
G11000100099012012,110010099012012,G11000100099012014,110010099012014,0.6543870238,0.6693121693
G11000100099012012,110010099012012,G11000100099012018,110010099012018,0.167687665,0.1957671958
G11000100099012013,110010099012013,G11000100099012017,110010099012017,1,1
G11000100099012014,110010099012014,G11000100099012015,110010099012015,1,1
G11000100099012015,110010099012015,G11000100099012016,110010099012016,1,1
G11000100099012016,110010099012016,G11000100099012025,110010099012025,1,1
G11000100099012017,110010099012017,G11000100099012024,110010099012024,1,1
G11000100099012018,110010099012018,G11000100099012023,110010099012023,1,1
G11000100099012019,110010099012019,G11000100099012026,110010099012026,1,1
G11000100099012020,110010099012020,G11000100099012019,110010099012019,1,1
G11000100099012021,110010099012021,G11000100099012020,110010099012020,1,1
G11000100099012022,110010099012022,G11000100099012021,110010099012021,1,1
G11000100099012023,110010099012023,G11000100099012022,110010099012022,1,1
G11000100099012024,110010099012024,G11000100099012028,110010099012028,1,1
G11000100099012025,110010099012025,G11000100099012027,110010099012027,1,1
G11000100099021000,110010099021000,G11000100099021000,110010099021000,1,1
G11000100099021001,110010099021001,G11000100099021002,110010099021002,0.8568462858,1
G11000100099021001,110010099021001,G11000100099021006,110010099021006,0.1431537142,0
G11000100099021002,110010099021002,G11000100099021001,110010099021001,1,1
G11000100099021003,110010099021003,G11000100099021007,110010099021007,1,1
G11000100099021004,110010099021004,G11000100099021013,110010099021013,1,1
G11000100099021005,110010099021005,G11000100099021013,110010099021013,1,1
G11000100099021006,110010099021006,G11000100099021012,110010099021012,1,1
G11000100099021007,110010099021007,G11000100099021008,110010099021008,0.5872084274,0.8691372897
G11000100099021007,110010099021007,G11000100099021017,110010099021017,0.4127915726,0.1308627103
G11000100099021008,110010099021008,G11000100099021008,110010099021008,1,1
G11000100099021009,110010099021009,G11000100099021009,110010099021009,1,1
G11000100099021010,110010099021010,G11000100099021005,110010099021005,1,1
G11000100099021011,110010099021011,G11000100099021003,110010099021003,0.0231066231,0
G11000100099021011,110010099021011,G11000100099021004,110010099021004,0.9768933769,1
G11000100099021012,110010099021012,G11000100099021010,110010099021010,0.9303022733,0.928226447
G11000100099021012,110010099021012,G11000100099021016,110010099021016,0.0696977267,0.071773553
G11000100099021013,110010099021013,G11000100099021011,110010099021011,1,1
G11000100099021014,110010099021014,G11000100099021011,110010099021011,1,1
G11000100099021015,110010099021015,G11000100099021012,110010099021012,1,1
G11000100099021016,110010099021016,G11000100099021014,110010099021014,1,1
G11000100099021017,110010099021017,G11000100099021015,110010099021015,1,1
G11000100099021018,110010099021018,G11000100099021010,110010099021010,0.0533493783,0.0517766907
G11000100099021018,110010099021018,G11000100099021016,110010099021016,0.9466506217,0.9482233093
G11000100099022000,110010099022000,G11000100099022000,110010099022000,1,1
G11000100099022001,110010099022001,G11000100099022001,110010099022001,1,1
G11000100099022002,110010099022002,G11000100099022002,110010099022002,1,1
G11000100099022003,110010099022003,G11000100099022003,110010099022003,1,1
G11000100099022004,110010099022004,G11000100099022004,110010099022004,1,1
G11000100099022005,110010099022005,G11000100099022005,110010099022005,1,1
G11000100099022006,110010099022006,G11000100099022006,110010099022006,1,1
G11000100099022007,110010099022007,G11000100099022007,110010099022007,1,1
G11000100099022008,110010099022008,G11000100099022008,110010099022008,1,1
G11000100099022009,110010099022009,G11000100099022009,110010099022009,1,1
G11000100099031000,110010099031000,G11000100099031000,110010099031000,1,1
G11000100099031001,110010099031001,G11000100099031000,110010099031000,1,1
G11000100099031002,110010099031002,G11000100099031001,110010099031001,0.5151759334,0.5390040067
G11000100099031002,110010099031002,G11000100099031002,110010099031002,0.4848240666,0.4609959933
G11000100099031003,110010099031003,G11000100099031001,110010099031001,1,1
G11000100099031004,110010099031004,G11000100099031002,110010099031002,1,1
G11000100099031005,110010099031005,G11000100099031003,110010099031003,1,1
G11000100099031006,110010099031006,G11000100099031003,110010099031003,1,1
G11000100099031007,110010099031007,G11000100099031001,110010099031001,1,1
G11000100099031008,110010099031008,G11000100099031000,110010099031000,1,1
G11000100099032000,110010099032000,G11000100099032000,110010099032000,1,1
G11000100099032001,110010099032001,G11000100099032001,110010099032001,0.3041322314,0.3774713939
G11000100099032001,110010099032001,G11000100099032002,110010099032002,0.3421487603,0.3366062045
G11000100099032001,110010099032001,G11000100099032003,110010099032003,0.3537190083,0.2859224016
G11000100099032002,110010099032002,G11000100099032004,110010099032004,0.585443038,0.6254282831
G11000100099032002,110010099032002,G11000100099032005,110010099032005,0.414556962,0.3745717169
G11000100099032003,110010099032003,G11000100099032005,110010099032005,1,1
G11000100099032004,110010099032004,G11000100099032005,110010099032005,1,1
G11000100099032005,110010099032005,G11000100099032004,110010099032004,1,1
G11000100099032006,110010099032006,G11000100099032003,110010099032003,1,1
G11000100099032007,110010099032007,G11000100099032002,110010099032002,1,1
G11000100099032008,110010099032008,G11000100099032001,110010099032001,1,1
G11000100099032009,110010099032009,G11000100099032000,110010099032000,1,1
G11000100099032010,110010099032010,G11000100099032008,110010099032008,1,1
G11000100099032011,110010099032011,G11000100099032007,110010099032007,1,1
G11000100099032012,110010099032012,G11000100099032006,110010099032006,1,1
G11000100099041000,110010099041000,G11000100099041000,110010099041000,0.1297432166,0
G11000100099041000,110010099041000,G11000100099041001,110010099041001,0.8702567834,1
G11000100099041001,110010099041001,G11000100099041000,110010099041000,1,1
G11000100099041002,110010099041002,G11000100099041002,110010099041002,1,1
G11000100099041003,110010099041003,G11000100099041003,110010099041003,1,1
G11000100099041004,110010099041004,G11000100099041004,110010099041004,1,1
G11000100099041005,110010099041005,G11000100099041005,110010099041005,1,1
G11000100099041006,110010099041006,G11000100099041006,110010099041006,1,1
G11000100099041007,110010099041007,G11000100099041007,110010099041007,0.9197301236,0.9267857143
G11000100099041007,110010099041007,G11000100099041008,110010099041008,0.0802698764,0.0732142857
G11000100099041008,110010099041008,G11000100099041009,110010099041009,1,1
G11000100099042000,110010099042000,G11000100099042000,110010099042000,1,1
G11000100099042001,110010099042001,G11000100099042001,110010099042001,1,1
G11000100099042002,110010099042002,G11000100099042002,110010099042002,1,1
G11000100099042003,110010099042003,G11000100099042003,110010099042003,1,1
G11000100099042004,110010099042004,G11000100099042004,110010099042004,1,1
G11000100099042005,110010099042005,G11000100099042005,110010099042005,1,1
G11000100099042006,110010099042006,G11000100099042006,110010099042006,1,1
G11000100099042007,110010099042007,G11000100099042007,110010099042007,1,1
G11000100099043000,110010099043000,G11000100099042008,110010099042008,1,1
G11000100099043001,110010099043001,G11000100099042009,110010099042009,1,1
G11000100099043002,110010099043002,G11000100099042009,110010099042009,1,1
G11000100099043003,110010099043003,G11000100099042009,110010099042009,1,1
G11000100099051000,110010099051000,G11000100099051000,110010099051000,1,1
G11000100099051001,110010099051001,G11000100099051001,110010099051001,1,1
G11000100099051002,110010099051002,G11000100099051002,110010099051002,1,1
G11000100099051003,110010099051003,G11000100099051003,110010099051003,1,1
G11000100099051004,110010099051004,G11000100099051004,110010099051004,1,1
G11000100099051005,110010099051005,G11000100099051005,110010099051005,1,1
G11000100099051006,110010099051006,G11000100099051006,110010099051006,1,1
G11000100099051007,110010099051007,G11000100099051007,110010099051007,1,1
G11000100099051008,110010099051008,G11000100099051008,110010099051008,1,1
G11000100099051009,110010099051009,G11000100099051009,110010099051009,1,1
G11000100099051010,110010099051010,G11000100099051010,110010099051010,1,1
G11000100099051011,110010099051011,G11000100099051011,110010099051011,1,1
G11000100099051012,110010099051012,G11000100099051012,110010099051012,1,1
G11000100099052000,110010099052000,G11000100099052000,110010099052000,0.9850742112,1
G11000100099052000,110010099052000,G11000100099052001,110010099052001,0.0149257888,0
G11000100099052001,110010099052001,G11000100099052002,110010099052002,0.1658225061,0.1461187215
G11000100099052001,110010099052001,G11000100099052003,110010099052003,0.8341774939,0.8538812785
G11000100099052002,110010099052002,G11000100099052004,110010099052004,1,1
G11000100099052003,110010099052003,G11000100099052005,110010099052005,1,1
G11000100099052004,110010099052004,G11000100099052006,110010099052006,1,1
G11000100099052005,110010099052005,G11000100099052007,110010099052007,1,1
G11000100099052006,110010099052006,G11000100099052008,110010099052008,1,1
G11000100099053000,110010099053000,G11000100099053000,110010099053000,1,1
G11000100099053001,110010099053001,G11000100099053001,110010099053001,1,1
G11000100099053002,110010099053002,G11000100099053002,110010099053002,1,1
G11000100099053003,110010099053003,G11000100099053003,110010099053003,1,1
G11000100099053004,110010099053004,G11000100099053004,110010099053004,1,1
G11000100099053005,110010099053005,G11000100099053005,110010099053005,1,1
G11000100099053006,110010099053006,G11000100099053006,110010099053006,1,1
G11000100099061000,110010099061000,G11000100099061000,110010099061000,0.3063173359,0
G11000100099061000,110010099061000,G11000100099061001,110010099061001,0.2880754163,0.4258342717
G11000100099061000,110010099061000,G11000100099061002,110010099061002,0.4056072478,0.5741657283
G11000100099061001,110010099061001,G11000100099061003,110010099061003,1,1
G11000100099061002,110010099061002,G11000100099061003,110010099061003,1,1
G11000100099061003,110010099061003,G11000100099061002,110010099061002,1,1
G11000100099061004,110010099061004,G11000100099061001,110010099061001,1,1
G11000100099061005,110010099061005,G11000100099061000,110010099061000,1,1
G11000100099061006,110010099061006,G11000100099061005,110010099061005,1,1
G11000100099061007,110010099061007,G11000100099061006,110010099061006,1,1
G11000100099061008,110010099061008,G11000100099061007,110010099061007,1,1
G11000100099061009,110010099061009,G11000100099061003,110010099061003,0.0071523683,0.0078626435
G11000100099061009,110010099061009,G11000100099061004,110010099061004,0.9928476317,0.9921373565
G11000100099061010,110010099061010,G11000100099061008,110010099061008,1,1
G11000100099071000,110010099071000,G11000100099071000,110010099071000,1,1
G11000100099071001,110010099071001,G11000100099071001,110010099071001,1,1
G11000100099071002,110010099071002,G11000100099071002,110010099071002,1,1
G11000100099071003,110010099071003,G11000100099071003,110010099071003,1,1
G11000100099071004,110010099071004,G11000100099071004,110010099071004,1,1
G11000100099072000,110010099072000,G11000100099072000,110010099072000,1,1
G11000100099072001,110010099072001,G11000100099072004,110010099072004,1,1
G11000100099072002,110010099072002,G11000100099072003,110010099072003,1,1
G11000100099072003,110010099072003,G11000100099072002,110010099072002,1,1
G11000100099072004,110010099072004,G11000100099072001,110010099072001,1,1
G11000100099072005,110010099072005,G11000100099072006,110010099072006,1,1
G11000100099072006,110010099072006,G11000100099072005,110010099072005,1,1
G11000100101001000,110010101001000,G11000100101002000,110010101002000,1,1
G11000100101001001,110010101001001,G11000100101002001,110010101002001,1,1
G11000100101001002,110010101001002,G11000100101002002,110010101002002,1,1
G11000100101001003,110010101001003,G11000100101002003,110010101002003,1,1
G11000100101001004,110010101001004,G11000100101002004,110010101002004,1,1
G11000100101001005,110010101001005,G11000100101002005,110010101002005,1,1
G11000100101001006,110010101001006,G11000100101002006,110010101002006,1,1
G11000100101001007,110010101001007,G11000100101002007,110010101002007,1,1
G11000100101002000,110010101002000,G11000100101001000,110010101001000,1,1
G11000100101002001,110010101002001,G11000100101001001,110010101001001,0.9598953793,1
G11000100101002001,110010101002001,G11000100101001002,110010101001002,0.0401046207,0
G11000100101002002,110010101002002,G11000100101001003,110010101001003,1,1
G11000100101002003,110010101002003,G11000100101001004,110010101001004,1,1
G11000100101002004,110010101002004,G11000100101001010,110010101001010,1,1
G11000100101002005,110010101002005,G11000100101001011,110010101001011,1,1
G11000100101002006,110010101002006,G11000100101001012,110010101001012,1,1
G11000100101002007,110010101002007,G11000100101001013,110010101001013,1,1
G11000100101002008,110010101002008,G11000100101001020,110010101001020,1,1
G11000100101002009,110010101002009,G11000100101001021,110010101001021,1,1
G11000100101002010,110010101002010,G11000100101001023,110010101001023,0.0714912631,0.0714912631
G11000100101002010,110010101002010,G11000100101001024,110010101001024,0.9285087369,0.9285087369
G11000100101002011,110010101002011,G11000100101001025,110010101001025,1,1
G11000100101003000,110010101003000,G11000100101001005,110010101001005,1,1
G11000100101003001,110010101003001,G11000100101001006,110010101001006,1,1
G11000100101003002,110010101003002,G11000100101001007,110010101001007,1,1
G11000100101003003,110010101003003,G11000100101001008,110010101001008,1,1
G11000100101003004,110010101003004,G11000100101001009,110010101001009,1,1
G11000100101003005,110010101003005,G11000100101001014,110010101001014,1,1
G11000100101003006,110010101003006,G11000100101001015,110010101001015,1,1
G11000100101003007,110010101003007,G11000100101001016,110010101001016,1,1
G11000100101003008,110010101003008,G11000100101001017,110010101001017,1,1
G11000100101003009,110010101003009,G11000100101001018,110010101001018,1,1
G11000100101003010,110010101003010,G11000100101001019,110010101001019,1,1
G11000100101003011,110010101003011,G11000100101001029,110010101001029,1,1
G11000100101003012,110010101003012,G11000100101001027,110010101001027,1,1
G11000100101003013,110010101003013,G11000100101001028,110010101001028,1,1
G11000100101003014,110010101003014,G11000100101001026,110010101001026,1,1
G11000100102011000,110010102011000,G11000100102002042,110010102002042,1,1
G11000100102011001,110010102011001,G11000100102002041,110010102002041,1,1
G11000100102011002,110010102011002,G11000100102002042,110010102002042,1,1
G11000100102012000,110010102012000,G11000100102002044,110010102002044,1,1
G11000100102012001,110010102012001,G11000100102002043,110010102002043,1,1
G11000100102013000,110010102013000,G11000100102002038,110010102002038,1,1
G11000100102021000,110010102021000,G11000100102001000,110010102001000,0.5002895194,0.5002895194
G11000100102021000,110010102021000,G11000100102001001,110010102001001,0.4997104806,0.4997104806
G11000100102021001,110010102021001,G11000100102001002,110010102001002,1,1
G11000100102021002,110010102021002,G11000100102001003,110010102001003,0.426205612,0.426205612
G11000100102021002,110010102021002,G11000100102001007,110010102001007,0.573794388,0.573794388
G11000100102021003,110010102021003,G11000100102001004,110010102001004,1,1
G11000100102021004,110010102021004,G11000100102001005,110010102001005,0.9734586674,0.9734586674
G11000100102021004,110010102021004,G11000100102001006,110010102001006,0.0265413326,0.0265413326
G11000100102021005,110010102021005,G11000100102001008,110010102001008,1,1
G11000100102022000,110010102022000,G11000100102001016,110010102001016,1,1
G11000100102022001,110010102022001,G11000100102001019,110010102001019,1,1
G11000100102022002,110010102022002,G11000100102001020,110010102001020,0.4973209177,0.1493362832
G11000100102022002,110010102022002,G11000100102001021,110010102001021,0.5026790823,0.8506637168
G11000100102022003,110010102022003,G11000100102001018,110010102001018,1,1
G11000100102023000,110010102023000,G11000100102002000,110010102002000,1,1
G11000100102023001,110010102023001,G11000100102002001,110010102002001,0.5576963079,0.5576963079
G11000100102023001,110010102023001,G11000100102002002,110010102002002,0.4397945918,0.4397945918
G11000100102023001,110010102023001,G11000100102002003,110010102002003,0.0025091004,0.0025091004
G11000100102023002,110010102023002,G11000100102002008,110010102002008,1,1
G11000100102023003,110010102023003,G11000100102002009,110010102002009,0.7092244686,0.7092244686
G11000100102023003,110010102023003,G11000100102002010,110010102002010,0.2907755314,0.2907755314
G11000100102023004,110010102023004,G11000100102002003,110010102002003,0.8825220785,0.8825220785
G11000100102023004,110010102023004,G11000100102002013,110010102002013,0.1174779215,0.1174779215
G11000100102023005,110010102023005,G11000100102002013,110010102002013,1,1
G11000100102024000,110010102024000,G11000100102001011,110010102001011,1,1
G11000100102024001,110010102024001,G11000100102001010,110010102001010,1,1
G11000100102024002,110010102024002,G11000100102001009,110010102001009,1,1
G11000100102024003,110010102024003,G11000100102001009,110010102001009,1,1
G11000100102024004,110010102024004,G11000100102001012,110010102001012,0.7281288119,0.7281288119
G11000100102024004,110010102024004,G11000100102001015,110010102001015,0.2718711881,0.2718711881
G11000100102024005,110010102024005,G11000100102001013,110010102001013,1,1
G11000100102024006,110010102024006,G11000100102001014,110010102001014,0.986767252,0.986767252
G11000100102024006,110010102024006,G11000100102001017,110010102001017,0.013232748,0.013232748
G11000100102025000,110010102025000,G11000100102002004,110010102002004,1,1
G11000100102025001,110010102025001,G11000100102002004,110010102002004,0.639246779,0.639246779
G11000100102025001,110010102025001,G11000100102002015,110010102002015,0.360753221,0.360753221
G11000100102025002,110010102025002,G11000100102002012,110010102002012,0.0812943962,0.0812943962
G11000100102025002,110010102025002,G11000100102002017,110010102002017,0.9187056038,0.9187056038
G11000100102025003,110010102025003,G11000100102002014,110010102002014,0.9309470286,0.9309470286
G11000100102025003,110010102025003,G11000100102002017,110010102002017,0.0690529714,0.0690529714
G11000100102025004,110010102025004,G11000100102002016,110010102002016,1,1
G11000100102025005,110010102025005,G11000100102002015,110010102002015,1,1
G11000100102025006,110010102025006,G11000100102002012,110010102002012,1,1
G11000100102025007,110010102025007,G11000100102002012,110010102002012,0.0131937473,0.0131937473
G11000100102025007,110010102025007,G11000100102002014,110010102002014,0.9443568048,0.9443568048
G11000100102025007,110010102025007,G11000100102002017,110010102002017,0.0424494479,0.0424494479
G11000100102025008,110010102025008,G11000100062021189,110010062021189,0.226287379,0.226287379
G11000100102025008,110010102025008,G11000100102002030,110010102002030,0.773712621,0.773712621
G11000100102025009,110010102025009,G11000100062021190,110010062021190,0.9425182482,0.9425182482
G11000100102025009,110010102025009,G11000100102002030,110010102002030,0.0574817518,0.0574817518
G11000100102025010,110010102025010,G11000100102002027,110010102002027,1,1
G11000100102025011,110010102025011,G11000100062021191,110010062021191,0.0410865585,0.0410865585
G11000100102025011,110010102025011,G11000100102002031,110010102002031,0.9589134415,0.9589134415
G11000100102025012,110010102025012,G11000100102002029,110010102002029,1,1
G11000100102025012,110010102025012,G11000100102002032,110010102002032,0,0
G11000100102025013,110010102025013,G11000100102002025,110010102002025,1,1
G11000100102025014,110010102025014,G11000100102002025,110010102002025,0.029643163,0
G11000100102025014,110010102025014,G11000100102002034,110010102002034,0.7104082215,1
G11000100102025014,110010102025014,G11000100102002035,110010102002035,0.1437282329,0
G11000100102025014,110010102025014,G11000100102002036,110010102002036,0.0533713959,0
G11000100102025014,110010102025014,G11000100102002037,110010102002037,0.0556208964,0
G11000100102025014,110010102025014,G11000100102002039,110010102002039,0.0072280902,0
G11000100102025015,110010102025015,G11000100102002039,110010102002039,1,1
G11000100102025016,110010102025016,G11000100102002033,110010102002033,1,1
G11000100102025017,110010102025017,G11000100102002025,110010102002025,0.8427941766,0.8427941766
G11000100102025017,110010102025017,G11000100102002026,110010102002026,0.1572058234,0.1572058234
G11000100102025018,110010102025018,G11000100102002024,110010102002024,0.9275476144,0.9275476144
G11000100102025018,110010102025018,G11000100102002046,110010102002046,0.0724523856,0.0724523856
G11000100102025019,110010102025019,G11000100102002023,110010102002023,1,1
G11000100102025020,110010102025020,G11000100102002023,110010102002023,0.4895038168,0.3453174631
G11000100102025020,110010102025020,G11000100102002040,110010102002040,0.5104961832,0.6546825369
G11000100102025021,110010102025021,G11000100102002040,110010102002040,1,1
G11000100102026000,110010102026000,G11000100102002018,110010102002018,0.1847542755,0.1847542755
G11000100102026000,110010102026000,G11000100102002019,110010102002019,0.8152457245,0.8152457245
G11000100102026001,110010102026001,G11000100102002006,110010102002006,0.4971816329,0.4971816329
G11000100102026001,110010102026001,G11000100102002007,110010102002007,0.3086111954,0.3086111954
G11000100102026001,110010102026001,G11000100102002020,110010102002020,0.1705979274,0.1705979274
G11000100102026001,110010102026001,G11000100102002045,110010102002045,0.0236092442,0.0236092442
G11000100102026002,110010102026002,G11000100102002005,110010102002005,0.373699765,0.373699765
G11000100102026002,110010102026002,G11000100102002011,110010102002011,0.0884741582,0.0884741582
G11000100102026002,110010102026002,G11000100102002012,110010102002012,0.5378260768,0.5378260768
G11000100102026003,110010102026003,G11000100102002027,110010102002027,0.4799915754,0.4799915754
G11000100102026003,110010102026003,G11000100102002028,110010102002028,0.5200084246,0.5200084246
G11000100102026004,110010102026004,G11000100102002021,110010102002021,1,1
G11000100102026005,110010102026005,G11000100102002022,110010102002022,1,1
G11000100103001000,110010103001000,G11000100103001000,110010103001000,1,1
G11000100103001001,110010103001001,G11000100103001001,110010103001001,0.1040836719,0.1040836719
G11000100103001001,110010103001001,G11000100103001002,110010103001002,0.1420679394,0.1420679394
G11000100103001001,110010103001001,G11000100103001005,110010103001005,0.7538483887,0.7538483887
G11000100103001002,110010103001002,G11000100103001006,110010103001006,0.3975780752,0.3975780752
G11000100103001002,110010103001002,G11000100103001007,110010103001007,0.6024219248,0.6024219248
G11000100103001003,110010103001003,G11000100103001003,110010103001003,1,1
G11000100103001004,110010103001004,G11000100103001004,110010103001004,1,1
G11000100103001005,110010103001005,G11000100103001008,110010103001008,0.3862474494,0
G11000100103001005,110010103001005,G11000100103001009,110010103001009,0.3967278818,0.9887955182
G11000100103001005,110010103001005,G11000100103001010,110010103001010,0.0659104373,0
G11000100103001005,110010103001005,G11000100103001011,110010103001011,0.1511142316,0.0112044818
G11000100103001006,110010103001006,G11000100103001012,110010103001012,1,1
G11000100103001007,110010103001007,G11000100103001013,110010103001013,1,1
G11000100103001008,110010103001008,G11000100103001014,110010103001014,1,1
G11000100103001009,110010103001009,G11000100103001015,110010103001015,1,1
G11000100103001010,110010103001010,G11000100103001016,110010103001016,0.5474298733,0.6832061069
G11000100103001010,110010103001010,G11000100103001017,110010103001017,0.4525701267,0.3167938931
G11000100103002000,110010103002000,G11000100103002000,110010103002000,1,1
G11000100103002001,110010103002001,G11000100103002001,110010103002001,1,1
G11000100103002002,110010103002002,G11000100103002002,110010103002002,1,1
G11000100103002003,110010103002003,G11000100103002003,110010103002003,1,1
G11000100103002004,110010103002004,G11000100103002004,110010103002004,1,1
G11000100103002005,110010103002005,G11000100103002005,110010103002005,1,1
G11000100103002006,110010103002006,G11000100103002006,110010103002006,1,1
G11000100103002007,110010103002007,G11000100103002007,110010103002007,1,1
G11000100103002008,110010103002008,G11000100103002008,110010103002008,1,1
G11000100103002009,110010103002009,G11000100103002009,110010103002009,0.8330469475,1
G11000100103002009,110010103002009,G11000100103002011,110010103002011,0.1669530525,0
G11000100103002010,110010103002010,G11000100103002010,110010103002010,1,1
G11000100103002011,110010103002011,G11000100103002012,110010103002012,1,1
G11000100103002012,110010103002012,G11000100103002013,110010103002013,1,1
G11000100103003000,110010103003000,G11000100103003000,110010103003000,1,1
G11000100103003001,110010103003001,G11000100103003001,110010103003001,1,1
G11000100103003002,110010103003002,G11000100103003002,110010103003002,1,1
G11000100103003003,110010103003003,G11000100103003003,110010103003003,1,1
G11000100103003004,110010103003004,G11000100103003004,110010103003004,1,1
G11000100103003005,110010103003005,G11000100103003005,110010103003005,1,1
G11000100103003006,110010103003006,G11000100103003006,110010103003006,1,1
G11000100103003007,110010103003007,G11000100103003007,110010103003007,1,1
G11000100103003008,110010103003008,G11000100103003008,110010103003008,1,1
G11000100103003009,110010103003009,G11000100103003009,110010103003009,1,1
G11000100103003010,110010103003010,G11000100103003010,110010103003010,1,1
G11000100103003011,110010103003011,G11000100103003011,110010103003011,1,1
G11000100103003012,110010103003012,G11000100103003012,110010103003012,1,1
G11000100104001000,110010104001000,G11000100104001000,110010104001000,0.4011225444,0.4011225444
G11000100104001000,110010104001000,G11000100104001001,110010104001001,0.5988774556,0.5988774556
G11000100104001001,110010104001001,G11000100104001002,110010104001002,0.8634644145,1
G11000100104001001,110010104001001,G11000100104001003,110010104001003,0.1365355855,0
G11000100104001002,110010104001002,G11000100104001004,110010104001004,1,1
G11000100104001003,110010104001003,G11000100104001005,110010104001005,1,1
G11000100104001004,110010104001004,G11000100104001009,110010104001009,1,1
G11000100104001005,110010104001005,G11000100104001008,110010104001008,1,1
G11000100104001006,110010104001006,G11000100104001007,110010104001007,1,1
G11000100104001007,110010104001007,G11000100104001012,110010104001012,1,1
G11000100104001008,110010104001008,G11000100104001006,110010104001006,0.1025667293,0.2240463918
G11000100104001008,110010104001008,G11000100104001016,110010104001016,0.8974332707,0.7759536082
G11000100104001009,110010104001009,G11000100104001025,110010104001025,1,1
G11000100104001010,110010104001010,G11000100104001017,110010104001017,1,1
G11000100104001011,110010104001011,G11000100104001016,110010104001016,1,1
G11000100104001012,110010104001012,G11000100104001018,110010104001018,1,1
G11000100104001013,110010104001013,G11000100104001019,110010104001019,1,1
G11000100104001014,110010104001014,G11000100104001019,110010104001019,1,1
G11000100104001015,110010104001015,G11000100104001020,110010104001020,1,1
G11000100104001016,110010104001016,G11000100104001021,110010104001021,0.9442954244,1
G11000100104001016,110010104001016,G11000100104001026,110010104001026,0.0557045756,0
G11000100104001017,110010104001017,G11000100104001022,110010104001022,1,1
G11000100104001018,110010104001018,G11000100104001023,110010104001023,1,1
G11000100104001019,110010104001019,G11000100104001024,110010104001024,1,1
G11000100104001020,110010104001020,G11000100104001011,110010104001011,1,1
G11000100104001021,110010104001021,G11000100104001010,110010104001010,1,1
G11000100104001022,110010104001022,G11000100104001021,110010104001021,0.0822607722,1
G11000100104001022,110010104001022,G11000100104001026,110010104001026,0.9177392278,0
G11000100104001023,110010104001023,G11000100104001014,110010104001014,0.0635083834,0
G11000100104001023,110010104001023,G11000100104001015,110010104001015,0.9364916166,1
G11000100104001024,110010104001024,G11000100104001013,110010104001013,1,1
G11000100104002000,110010104002000,G11000100104002015,110010104002015,1,1
G11000100104002001,110010104002001,G11000100104002018,110010104002018,1,1
G11000100104002002,110010104002002,G11000100104002014,110010104002014,1,1
G11000100104002003,110010104002003,G11000100104002042,110010104002042,1,1
G11000100104002004,110010104002004,G11000100104002043,110010104002043,1,1
G11000100104002005,110010104002005,G11000100104002017,110010104002017,1,1
G11000100104002006,110010104002006,G11000100104002041,110010104002041,1,1
G11000100104003000,110010104003000,G11000100104002007,110010104002007,1,1
G11000100104003001,110010104003001,G11000100104002000,110010104002000,0.55811063,0
G11000100104003001,110010104003001,G11000100104002001,110010104002001,0.0024173734,1
G11000100104003001,110010104003001,G11000100104002005,110010104002005,0.0623437354,0
G11000100104003001,110010104003001,G11000100104002006,110010104002006,0.1121466708,0
G11000100104003001,110010104003001,G11000100104002025,110010104002025,0.2379329476,0
G11000100104003001,110010104003001,G11000100104002038,110010104002038,0.0270486429,0
G11000100104003002,110010104003002,G11000100104002000,110010104002000,0.2314434753,0
G11000100104003002,110010104003002,G11000100104002001,110010104002001,0.6939761538,1
G11000100104003002,110010104003002,G11000100104002006,110010104002006,0.0745803709,0
G11000100104003003,110010104003003,G11000100104002003,110010104002003,1,1
G11000100104003004,110010104003004,G11000100104002004,110010104002004,1,1
G11000100104003005,110010104003005,G11000100104002000,110010104002000,0.008970238,0
G11000100104003005,110010104003005,G11000100104002001,110010104002001,0.6747139012,1
G11000100104003005,110010104003005,G11000100104002024,110010104002024,0.237379703,0
G11000100104003005,110010104003005,G11000100104002026,110010104002026,0.0789361579,0
G11000100104003006,110010104003006,G11000100104002021,110010104002021,0.2382467236,0.2382467236
G11000100104003006,110010104003006,G11000100104002036,110010104002036,0.5342311795,0.5342311795
G11000100104003006,110010104003006,G11000100104002037,110010104002037,0.2275220969,0.2275220969
G11000100104003007,110010104003007,G11000100104002022,110010104002022,0.0126227232,0
G11000100104003007,110010104003007,G11000100104002027,110010104002027,0.7759338231,0.5510204082
G11000100104003007,110010104003007,G11000100104002028,110010104002028,0.0472884091,0
G11000100104003007,110010104003007,G11000100104002029,110010104002029,0.0007190264,0
G11000100104003007,110010104003007,G11000100104002031,110010104002031,0.0218209591,0
G11000100104003007,110010104003007,G11000100104002032,110010104002032,0.0335424143,0
G11000100104003007,110010104003007,G11000100104002033,110010104002033,0.0723499571,0.4489795918
G11000100104003007,110010104003007,G11000100104002034,110010104002034,0.0281546868,0
G11000100104003007,110010104003007,G11000100104002044,110010104002044,0.007568001,0
G11000100104003008,110010104003008,G11000100104002030,110010104002030,1,1
G11000100104003009,110010104003009,G11000100104002002,110010104002002,0.5760955209,0.5760955209
G11000100104003009,110010104003009,G11000100104002023,110010104002023,0.4239044791,0.4239044791
G11000100104003010,110010104003010,G11000100104002012,110010104002012,1,1
G11000100104003011,110010104003011,G11000100104002013,110010104002013,0.7972162733,0.0652173913
G11000100104003011,110010104003011,G11000100104002020,110010104002020,0.2027837267,0.9347826087
G11000100104003012,110010104003012,G11000100104002019,110010104002019,1,1
G11000100104003013,110010104003013,G11000100104002016,110010104002016,1,1
G11000100104003014,110010104003014,G11000100104002039,110010104002039,1,1
G11000100104003015,110010104003015,G11000100104002011,110010104002011,1,1
G11000100104003016,110010104003016,G11000100104002011,110010104002011,1,1
G11000100104003017,110010104003017,G11000100104002040,110010104002040,1,1
G11000100105001000,110010105001000,G11000100105002000,110010105002000,0.9736842105,1
G11000100105001000,110010105001000,G11000100105002012,110010105002012,0.0263157895,0
G11000100105001001,110010105001001,G11000100105002001,110010105002001,0.9821859612,0.9821859612
G11000100105001001,110010105001001,G11000100105002011,110010105002011,0.0178140388,0.0178140388
G11000100105001002,110010105001002,G11000100105002002,110010105002002,0.9666618434,0.9666618434
G11000100105001002,110010105001002,G11000100105002003,110010105002003,0.0333381566,0.0333381566
G11000100105001003,110010105001003,G11000100105002006,110010105002006,1,1
G11000100105001004,110010105001004,G11000100105002005,110010105002005,1,1
G11000100105001005,110010105001005,G11000100105002004,110010105002004,1,1
G11000100105001006,110010105001006,G11000100105002012,110010105002012,1,1
G11000100105002000,110010105002000,G11000100105002027,110010105002027,1,1
G11000100105002001,110010105002001,G11000100105002028,110010105002028,1,1
G11000100105003000,110010105003000,G11000100105001001,110010105001001,1,1
G11000100105003001,110010105003001,G11000100105001003,110010105001003,1,1
G11000100105003002,110010105003002,G11000100105001004,110010105001004,1,1
G11000100105003003,110010105003003,G11000100105001010,110010105001010,1,1
G11000100105003004,110010105003004,G11000100105001009,110010105001009,1,1
G11000100105004000,110010105004000,G11000100105002014,110010105002014,0.3709437964,0.3709437964
G11000100105004000,110010105004000,G11000100105002019,110010105002019,0.6290562036,0.6290562036
G11000100105004001,110010105004001,G11000100105002014,110010105002014,1,1
G11000100105004002,110010105004002,G11000100105002017,110010105002017,0.0233059146,0.0233059146
G11000100105004002,110010105004002,G11000100105002018,110010105002018,0.9766940854,0.9766940854
G11000100105004003,110010105004003,G11000100105002013,110010105002013,0.5485580898,0.5485580898
G11000100105004003,110010105004003,G11000100105002016,110010105002016,0.4514419102,0.4514419102
G11000100105004004,110010105004004,G11000100105002009,110010105002009,0.9843288765,0.9843288765
G11000100105004004,110010105004004,G11000100105002010,110010105002010,0.0156711235,0.0156711235
G11000100105004005,110010105004005,G11000100105002017,110010105002017,1,1
G11000100105004006,110010105004006,G11000100105002024,110010105002024,1,1
G11000100105004007,110010105004007,G11000100105002023,110010105002023,1,1
G11000100105004008,110010105004008,G11000100105002015,110010105002015,0.4138681822,0.4138681822
G11000100105004008,110010105004008,G11000100105002022,110010105002022,0.5861318178,0.5861318178
G11000100105004009,110010105004009,G11000100105002008,110010105002008,0.6781012563,0.6781012563
G11000100105004009,110010105004009,G11000100105002020,110010105002020,0.3218987437,0.3218987437
G11000100105004010,110010105004010,G11000100105002007,110010105002007,1,1
G11000100105004011,110010105004011,G11000100105002021,110010105002021,1,1
G11000100105004012,110010105004012,G11000100105002026,110010105002026,1,1
G11000100105004013,110010105004013,G11000100105002025,110010105002025,1,1
G11000100105005000,110010105005000,G11000100105001000,110010105001000,0.0447325643,0
G11000100105005000,110010105005000,G11000100105001001,110010105001001,0.9060988268,1
G11000100105005000,110010105005000,G11000100105001002,110010105001002,0.0491686089,0
G11000100105005001,110010105005001,G11000100105001005,110010105001005,1,1
G11000100105005002,110010105005002,G11000100105001006,110010105001006,1,1
G11000100105005003,110010105005003,G11000100105001007,110010105001007,0.4489617563,0.4489617563
G11000100105005003,110010105005003,G11000100105001008,110010105001008,0.5510382437,0.5510382437
G11000100106011000,110010106011000,G11000100106002009,110010106002009,0.6189400284,0.6189400284
G11000100106011000,110010106011000,G11000100106002025,110010106002025,0.3810599716,0.3810599716
G11000100106011001,110010106011001,G11000100106002010,110010106002010,1,1
G11000100106011002,110010106011002,G11000100106002024,110010106002024,1,1
G11000100106011003,110010106011003,G11000100106002023,110010106002023,1,1
G11000100106012000,110010106012000,G11000100106002007,110010106002007,1,1
G11000100106012001,110010106012001,G11000100106002005,110010106002005,0.0882531954,0.0882531954
G11000100106012001,110010106012001,G11000100106002006,110010106002006,0.2276323798,0.2276323798
G11000100106012001,110010106012001,G11000100106002008,110010106002008,0.6841144248,0.6841144248
G11000100106012002,110010106012002,G11000100106002005,110010106002005,0.0271926465,0.0271926465
G11000100106012002,110010106012002,G11000100106002006,110010106002006,0.6560704711,0.6560704711
G11000100106012002,110010106012002,G11000100106002008,110010106002008,0.3167368824,0.3167368824
G11000100106012003,110010106012003,G11000100106002005,110010106002005,1,1
G11000100106012004,110010106012004,G11000100106002004,110010106002004,1,1
G11000100106021000,110010106021000,G11000100106001000,110010106001000,1,1
G11000100106021001,110010106021001,G11000100106001001,110010106001001,1,1
G11000100106021002,110010106021002,G11000100106001002,110010106001002,1,1
G11000100106021003,110010106021003,G11000100106001003,110010106001003,1,1
G11000100106021004,110010106021004,G11000100106001004,110010106001004,1,1
G11000100106021005,110010106021005,G11000100106001005,110010106001005,1,1
G11000100106021006,110010106021006,G11000100106001006,110010106001006,1,1
G11000100106021007,110010106021007,G11000100106001007,110010106001007,1,1
G11000100106022000,110010106022000,G11000100106003000,110010106003000,0.9564169797,0.9795918367
G11000100106022000,110010106022000,G11000100106003001,110010106003001,0.0435830203,0.0204081633
G11000100106022001,110010106022001,G11000100106003002,110010106003002,1,1
G11000100106022002,110010106022002,G11000100106003003,110010106003003,1,1
G11000100106022003,110010106022003,G11000100106003004,110010106003004,1,1
G11000100106022004,110010106022004,G11000100106003005,110010106003005,1,1
G11000100106022005,110010106022005,G11000100106003006,110010106003006,1,1
G11000100106023000,110010106023000,G11000100106002047,110010106002047,1,1
G11000100106023001,110010106023001,G11000100106002044,110010106002044,1,1
G11000100106023002,110010106023002,G11000100106002043,110010106002043,1,1
G11000100106023003,110010106023003,G11000100106002036,110010106002036,1,1
G11000100106023004,110010106023004,G11000100106002042,110010106002042,1,1
G11000100106023005,110010106023005,G11000100106002051,110010106002051,1,1
G11000100106023006,110010106023006,G11000100106002050,110010106002050,1,1
G11000100106023007,110010106023007,G11000100106002049,110010106002049,1,1
G11000100106023008,110010106023008,G11000100106002048,110010106002048,1,1
G11000100106024000,110010106024000,G11000100106002000,110010106002000,1,1
G11000100106024001,110010106024001,G11000100106002001,110010106002001,1,1
G11000100106024002,110010106024002,G11000100106002003,110010106002003,1,1
G11000100106024003,110010106024003,G11000100106002002,110010106002002,1,1
G11000100106024004,110010106024004,G11000100106002020,110010106002020,1,1
G11000100106024005,110010106024005,G11000100106002011,110010106002011,1,1
G11000100106024006,110010106024006,G11000100106002012,110010106002012,1,1
G11000100106024007,110010106024007,G11000100106002013,110010106002013,1,1
G11000100106024008,110010106024008,G11000100106002014,110010106002014,1,1
G11000100106024009,110010106024009,G11000100106002015,110010106002015,1,1
G11000100106024010,110010106024010,G11000100106002016,110010106002016,1,1
G11000100106024011,110010106024011,G11000100106002019,110010106002019,1,1
G11000100106024012,110010106024012,G11000100106002018,110010106002018,0.7087838591,0
G11000100106024012,110010106024012,G11000100106002037,110010106002037,0.2912161409,1
G11000100106024013,110010106024013,G11000100106002017,110010106002017,1,1
G11000100106024014,110010106024014,G11000100106002045,110010106002045,1,1
G11000100106024015,110010106024015,G11000100106002046,110010106002046,1,1
G11000100106031000,110010106031000,G11000100106002035,110010106002035,1,1
G11000100106031001,110010106031001,G11000100106002060,110010106002060,1,1
G11000100106031002,110010106031002,G11000100106002029,110010106002029,0.6285534963,0.6285534963
G11000100106031002,110010106031002,G11000100106002030,110010106002030,0.3714465037,0.3714465037
G11000100106031003,110010106031003,G11000100106002031,110010106002031,1,1
G11000100106031004,110010106031004,G11000100106002032,110010106002032,1,1
G11000100106031005,110010106031005,G11000100106002033,110010106002033,1,1
G11000100106031006,110010106031006,G11000100106002034,110010106002034,0.8943951594,1
G11000100106031006,110010106031006,G11000100106002038,110010106002038,0.062997337,0
G11000100106031006,110010106031006,G11000100106002039,110010106002039,0.0119124529,0
G11000100106031006,110010106031006,G11000100106002052,110010106002052,0.0133069663,0
G11000100106031006,110010106031006,G11000100106002053,110010106002053,0.0173880844,0
G11000100106031007,110010106031007,G11000100106002041,110010106002041,1,1
G11000100106031008,110010106031008,G11000100106002040,110010106002040,1,1
G11000100106031009,110010106031009,G11000100106002054,110010106002054,0.0675310643,0.0675310643
G11000100106031009,110010106031009,G11000100106002055,110010106002055,0.2048892491,0.2048892491
G11000100106031009,110010106031009,G11000100106002056,110010106002056,0.2876823339,0.2876823339
G11000100106031009,110010106031009,G11000100106002057,110010106002057,0.1173689897,0.1173689897
G11000100106031009,110010106031009,G11000100106002058,110010106002058,0.1356023771,0.1356023771
G11000100106031009,110010106031009,G11000100106002059,110010106002059,0.186925986,0.186925986
G11000100106032000,110010106032000,G11000100106002022,110010106002022,1,1
G11000100106033000,110010106033000,G11000100106002021,110010106002021,1,1
G11000100106033001,110010106033001,G11000100106002026,110010106002026,1,1
G11000100106033002,110010106033002,G11000100106002027,110010106002027,1,1
G11000100106033003,110010106033003,G11000100106002028,110010106002028,1,1
G11000100107001000,110010107001000,G11000100107001000,110010107001000,1,1
G11000100107001001,110010107001001,G11000100107001001,110010107001001,1,1
G11000100107001002,110010107001002,G11000100107001002,110010107001002,1,1
G11000100107001003,110010107001003,G11000100107001003,110010107001003,0.4279931305,0.4279931305
G11000100107001003,110010107001003,G11000100107001015,110010107001015,0.5720068695,0.5720068695
G11000100107001004,110010107001004,G11000100107001004,110010107001004,1,1
G11000100107001005,110010107001005,G11000100107001005,110010107001005,1,1
G11000100107001006,110010107001006,G11000100107001006,110010107001006,1,1
G11000100107001007,110010107001007,G11000100107001007,110010107001007,1,1
G11000100107001008,110010107001008,G11000100107001008,110010107001008,1,1
G11000100107001009,110010107001009,G11000100107001007,110010107001007,0.7507282563,0.7511119005
G11000100107001009,110010107001009,G11000100107001008,110010107001008,0.2492717437,0.2488880995
G11000100107001010,110010107001010,G11000100107001021,110010107001021,1,1
G11000100107001011,110010107001011,G11000100107001020,110010107001020,1,1
G11000100107001012,110010107001012,G11000100107001022,110010107001022,1,1
G11000100107001013,110010107001013,G11000100107001023,110010107001023,1,1
G11000100107001014,110010107001014,G11000100107001024,110010107001024,1,1
G11000100107001015,110010107001015,G11000100107001018,110010107001018,1,1
G11000100107001016,110010107001016,G11000100107001019,110010107001019,1,1
G11000100107001017,110010107001017,G11000100107001014,110010107001014,1,1
G11000100107001018,110010107001018,G11000100107001013,110010107001013,1,1
G11000100107001019,110010107001019,G11000100107001012,110010107001012,1,1
G11000100107001020,110010107001020,G11000100107001011,110010107001011,1,1
G11000100107001021,110010107001021,G11000100107001016,110010107001016,1,1
G11000100107001022,110010107001022,G11000100107001017,110010107001017,1,1
G11000100107001023,110010107001023,G11000100107001027,110010107001027,1,1
G11000100107001024,110010107001024,G11000100107001030,110010107001030,1,1
G11000100107001025,110010107001025,G11000100107001025,110010107001025,1,1
G11000100107001026,110010107001026,G11000100107001026,110010107001026,1,1
G11000100107001027,110010107001027,G11000100107001029,110010107001029,1,1
G11000100107001028,110010107001028,G11000100107001028,110010107001028,1,1
G11000100107001029,110010107001029,G11000100107001032,110010107001032,1,1
G11000100107001030,110010107001030,G11000100107001031,110010107001031,1,1
G11000100107001031,110010107001031,G11000100107001033,110010107001033,1,1
G11000100107001032,110010107001032,G11000100107001010,110010107001010,1,1
G11000100107001033,110010107001033,G11000100107001009,110010107001009,1,1
G11000100107002000,110010107002000,G11000100107002000,110010107002000,1,1
G11000100107002001,110010107002001,G11000100107002001,110010107002001,1,1
G11000100107002002,110010107002002,G11000100107002002,110010107002002,1,1
G11000100107002003,110010107002003,G11000100107002003,110010107002003,1,1
G11000100107002004,110010107002004,G11000100107002004,110010107002004,1,1
G11000100107002005,110010107002005,G11000100107002005,110010107002005,1,1
G11000100107002006,110010107002006,G11000100107002006,110010107002006,1,1
G11000100107002007,110010107002007,G11000100107002007,110010107002007,1,1
G11000100107002008,110010107002008,G11000100107002008,110010107002008,1,1
G11000100107002009,110010107002009,G11000100107002009,110010107002009,1,1
G11000100107002010,110010107002010,G11000100107002010,110010107002010,0.9095209935,0.9095209935
G11000100107002010,110010107002010,G11000100107002011,110010107002011,0.0904790065,0.0904790065
G11000100107002011,110010107002011,G11000100107002012,110010107002012,1,1
G11000100107002012,110010107002012,G11000100107002013,110010107002013,1,1
G11000100107002013,110010107002013,G11000100107002014,110010107002014,1,1
G11000100107002014,110010107002014,G11000100107002015,110010107002015,1,1
G11000100107002015,110010107002015,G11000100107002016,110010107002016,1,1
G11000100107002016,110010107002016,G11000100107002017,110010107002017,1,1
G11000100107002017,110010107002017,G11000100107002018,110010107002018,1,1
G11000100107002018,110010107002018,G11000100107002020,110010107002020,1,1
G11000100107002019,110010107002019,G11000100107002021,110010107002021,1,1
G11000100107002020,110010107002020,G11000100107002019,110010107002019,1,1
G11000100108001000,110010108001000,G11000100108001000,110010108001000,1,1
G11000100108001001,110010108001001,G11000100108001001,110010108001001,1,1
G11000100108001002,110010108001002,G11000100108001002,110010108001002,1,1
G11000100108001003,110010108001003,G11000100108001003,110010108001003,1,1
G11000100108001004,110010108001004,G11000100108001004,110010108001004,1,1
G11000100108001005,110010108001005,G11000100108001005,110010108001005,1,1
G11000100108001006,110010108001006,G11000100108001006,110010108001006,0.6984499765,0.293768546
G11000100108001006,110010108001006,G11000100108001007,110010108001007,0.3015500235,0.706231454
G11000100108002000,110010108002000,G11000100108002000,110010108002000,1,1
G11000100108002001,110010108002001,G11000100108002001,110010108002001,0.8064999251,0
G11000100108002001,110010108002001,G11000100108002002,110010108002002,0.1935000749,1
G11000100108002002,110010108002002,G11000100108002004,110010108002004,1,1
G11000100108002003,110010108002003,G11000100108002003,110010108002003,1,1
G11000100108003000,110010108003000,G11000100108003000,110010108003000,1,1
G11000100108003001,110010108003001,G11000100108003001,110010108003001,1,1
G11000100108003002,110010108003002,G11000100108003002,110010108003002,1,1
G11000100108003003,110010108003003,G11000100108003003,110010108003003,1,1
G11000100108003004,110010108003004,G11000100108003003,110010108003003,1,1
G11000100108003005,110010108003005,G11000100108003003,110010108003003,1,1
G11000100108003006,110010108003006,G11000100108003004,110010108003004,1,1
G11000100108003007,110010108003007,G11000100108003004,110010108003004,1,1
G11000100108003008,110010108003008,G11000100108003005,110010108003005,1,1
G11000100108003009,110010108003009,G11000100108003006,110010108003006,1,1
G11000100108003010,110010108003010,G11000100108003006,110010108003006,1,1
G11000100108003011,110010108003011,G11000100108003007,110010108003007,0.8033559023,0.8033559023
G11000100108003011,110010108003011,G11000100108003008,110010108003008,0.1966440977,0.1966440977
G11000100108003012,110010108003012,G11000100108003009,110010108003009,1,1
G11000100108004000,110010108004000,G11000100108002012,110010108002012,1,1
G11000100108004001,110010108004001,G11000100108002011,110010108002011,1,1
G11000100108004002,110010108004002,G11000100108002011,110010108002011,1,1
G11000100108004003,110010108004003,G11000100108002013,110010108002013,1,1
G11000100108004004,110010108004004,G11000100108002014,110010108002014,1,1
G11000100108004005,110010108004005,G11000100108002015,110010108002015,1,1
G11000100108004006,110010108004006,G11000100108002023,110010108002023,1,1
G11000100108004007,110010108004007,G11000100108002022,110010108002022,1,1
G11000100108004008,110010108004008,G11000100108002021,110010108002021,1,1
G11000100108005000,110010108005000,G11000100108002016,110010108002016,1,1
G11000100108005001,110010108005001,G11000100108002018,110010108002018,0.2091131849,0.2091131849
G11000100108005001,110010108005001,G11000100108002019,110010108002019,0.1919607945,0.1919607945
G11000100108005001,110010108005001,G11000100108002020,110010108002020,0.5989260205,0.5989260205
G11000100108006000,110010108006000,G11000100108002006,110010108002006,1,1
G11000100108006001,110010108006001,G11000100108002007,110010108002007,1,1
G11000100108006002,110010108006002,G11000100108002008,110010108002008,1,1
G11000100108006003,110010108006003,G11000100108002005,110010108002005,1,1
G11000100108006004,110010108006004,G11000100108002010,110010108002010,1,1
G11000100108006005,110010108006005,G11000100108002009,110010108002009,1,1
G11000100108006006,110010108006006,G11000100108002017,110010108002017,1,1
G11000100109001000,110010109001000,G11000100109001000,110010109001000,0.2935664712,0.7586633663
G11000100109001000,110010109001000,G11000100109001001,110010109001001,0.7064335288,0.2413366337
G11000100109001001,110010109001001,G11000100109001002,110010109001002,1,1
G11000100109002000,110010109002000,G11000100109002000,110010109002000,1,1
G11000100109002001,110010109002001,G11000100109002001,110010109002001,0.0117845118,0
G11000100109002001,110010109002001,G11000100109002004,110010109002004,0.9882154882,1
G11000100109002002,110010109002002,G11000100109002002,110010109002002,0.2729627382,0.125
G11000100109002002,110010109002002,G11000100109002008,110010109002008,0.5533874376,0.875
G11000100109002002,110010109002002,G11000100109002010,110010109002010,0.0693834999,0
G11000100109002002,110010109002002,G11000100109002012,110010109002012,0.0197164276,0
G11000100109002002,110010109002002,G11000100109002013,110010109002013,0.0844806182,0
G11000100109002002,110010109002002,G11000100109002023,110010109002023,0.0000692785,0
G11000100109002003,110010109002003,G11000100109002011,110010109002011,1,1
G11000100109002004,110010109002004,G11000100109002003,110010109002003,1,1
G11000100109002005,110010109002005,G11000100109002009,110010109002009,0.2064425219,0.2064425219
G11000100109002005,110010109002005,G11000100109002011,110010109002011,0.7935574781,0.7935574781
G11000100109002006,110010109002006,G11000100109002014,110010109002014,0.9390489089,0.9390489089
G11000100109002006,110010109002006,G11000100109002015,110010109002015,0.0173671282,0.0173671282
G11000100109002006,110010109002006,G11000100109002022,110010109002022,0.0435839629,0.0435839629
G11000100109002007,110010109002007,G11000100109002016,110010109002016,1,1
G11000100109002008,110010109002008,G11000100109002017,110010109002017,1,1
G11000100109002009,110010109002009,G11000100109002018,110010109002018,0.0235009905,0.0235009905
G11000100109002009,110010109002009,G11000100109002020,110010109002020,0.0239938155,0.0239938155
G11000100109002009,110010109002009,G11000100109002021,110010109002021,0.0522877712,0.0522877712
G11000100109002009,110010109002009,G11000100109002026,110010109002026,0.0058510895,0.0058510895
G11000100109002009,110010109002009,G11000100109002028,110010109002028,0.0071073102,0.0071073102
G11000100109002009,110010109002009,G11000100109002030,110010109002030,0.887259023,0.887259023
G11000100109002010,110010109002010,G11000100109002031,110010109002031,0.9969170655,0.9969170655
G11000100109002010,110010109002010,G11000100109002045,110010109002045,0.0030829345,0.0030829345
G11000100109002011,110010109002011,G11000100109002027,110010109002027,1,1
G11000100109002012,110010109002012,G11000100109002028,110010109002028,1,1
G11000100109002013,110010109002013,G11000100109002032,110010109002032,0.4471323729,0.4471323729
G11000100109002013,110010109002013,G11000100109002033,110010109002033,0.5528676271,0.5528676271
G11000100109002014,110010109002014,G11000100109002035,110010109002035,1,1
G11000100109002015,110010109002015,G11000100109002034,110010109002034,0.941127054,0.941127054
G11000100109002015,110010109002015,G11000100109002044,110010109002044,0.058872946,0.058872946
G11000100109002016,110010109002016,G11000100109002019,110010109002019,0.5730280945,0.5730280945
G11000100109002016,110010109002016,G11000100109002029,110010109002029,0.4269719055,0.4269719055
G11000100109002017,110010109002017,G11000100109002038,110010109002038,1,1
G11000100109002018,110010109002018,G11000100109002039,110010109002039,0,0
G11000100109002018,110010109002018,G11000100109002040,110010109002040,1,1
G11000100109002019,110010109002019,G11000100109002043,110010109002043,1,1
G11000100109002020,110010109002020,G11000100109002037,110010109002037,1,1
G11000100109002021,110010109002021,G11000100109002036,110010109002036,1,1
G11000100109002022,110010109002022,G11000100109002025,110010109002025,1,1
G11000100109002023,110010109002023,G11000100109002005,110010109002005,0,0
G11000100109002023,110010109002023,G11000100109002006,110010109002006,1,1
G11000100109002023,110010109002023,G11000100109002007,110010109002007,0,0
G11000100109002023,110010109002023,G11000100109002024,110010109002024,0,0
G11000100109002024,110010109002024,G11000100109002039,110010109002039,1,1
G11000100109002025,110010109002025,G11000100109002041,110010109002041,1,1
G11000100109002026,110010109002026,G11000100109002042,110010109002042,1,1
G11000100109002027,110010109002027,G11000100109002042,110010109002042,1,1
G11000100110011000,110010110011000,G11000100110001000,110010110001000,0.9151485426,1
G11000100110011000,110010110011000,G11000100110001001,110010110001001,0.0848514574,0
G11000100110011001,110010110011001,G11000100110001002,110010110001002,1,1
G11000100110012000,110010110012000,G11000100110004000,110010110004000,0.5854526266,0.4304635762
G11000100110012000,110010110012000,G11000100110004001,110010110004001,0.4145473734,0.5695364238
G11000100110013000,110010110013000,G11000100110004002,110010110004002,1,1
G11000100110021000,110010110021000,G11000100110002000,110010110002000,1,1
G11000100110021001,110010110021001,G11000100110002001,110010110002001,0.3263914645,0.3263914645
G11000100110021001,110010110021001,G11000100110002004,110010110002004,0.6736085355,0.6736085355
G11000100110021002,110010110021002,G11000100110002002,110010110002002,0.0694772646,0
G11000100110021002,110010110021002,G11000100110002003,110010110002003,0.2043591121,0
G11000100110021002,110010110021002,G11000100110002005,110010110002005,0.6596312209,1
G11000100110021002,110010110021002,G11000100110002006,110010110002006,0.0665324024,0
G11000100110021003,110010110021003,G11000100110002008,110010110002008,1,1
G11000100110021004,110010110021004,G11000100110002009,110010110002009,1,1
G11000100110021005,110010110021005,G11000100110002011,110010110002011,1,1
G11000100110021006,110010110021006,G11000100110002012,110010110002012,1,1
G11000100110021007,110010110021007,G11000100110002013,110010110002013,1,1
G11000100110021008,110010110021008,G11000100110002010,110010110002010,1,1
G11000100110021009,110010110021009,G11000100110002007,110010110002007,1,1
G11000100110021010,110010110021010,G11000100110002014,110010110002014,1,1
G11000100110021011,110010110021011,G11000100110002015,110010110002015,1,1
G11000100110022000,110010110022000,G11000100110003000,110010110003000,0.3033610039,0.4965652601
G11000100110022000,110010110022000,G11000100110003001,110010110003001,0.5934821442,0.5034347399
G11000100110022000,110010110022000,G11000100110003002,110010110003002,0.0052539142,0
G11000100110022000,110010110022000,G11000100110003003,110010110003003,0.0979029377,0
G11000100110022001,110010110022001,G11000100110003004,110010110003004,0.4274004684,0.4274004684
G11000100110022001,110010110022001,G11000100110003005,110010110003005,0.5725995316,0.5725995316
G11000100111001000,110010111001000,G11000100111001000,110010111001000,1,1
G11000100111001001,110010111001001,G11000100111001001,110010111001001,1,1
G11000100111001002,110010111001002,G11000100111001003,110010111001003,1,1
G11000100111001003,110010111001003,G11000100111001002,110010111001002,1,1
G11000100111001004,110010111001004,G11000100111001004,110010111001004,0.0757114945,0.1935483871
G11000100111001004,110010111001004,G11000100111001005,110010111001005,0.6663993954,0.5161290323
G11000100111001004,110010111001004,G11000100111001006,110010111001006,0.2578891101,0.2903225806
G11000100111001005,110010111001005,G11000100111001007,110010111001007,1,1
G11000100111001006,110010111001006,G11000100111001008,110010111001008,1,1
G11000100111001007,110010111001007,G11000100111001009,110010111001009,1,1
G11000100111001008,110010111001008,G11000100111001035,110010111001035,1,1
G11000100111001009,110010111001009,G11000100111001036,110010111001036,1,1
G11000100111001010,110010111001010,G11000100111001037,110010111001037,1,1
G11000100111001011,110010111001011,G11000100111001017,110010111001017,1,1
G11000100111001012,110010111001012,G11000100111001017,110010111001017,0.0455445545,1
G11000100111001012,110010111001012,G11000100111001018,110010111001018,0.9544554455,0
G11000100111001013,110010111001013,G11000100111001016,110010111001016,1,1
G11000100111001014,110010111001014,G11000100111001014,110010111001014,1,1
G11000100111001015,110010111001015,G11000100111001013,110010111001013,0.9419777631,1
G11000100111001015,110010111001015,G11000100111001015,110010111001015,0.0580222369,0
G11000100111001016,110010111001016,G11000100111001011,110010111001011,1,1
G11000100111001017,110010111001017,G11000100111001010,110010111001010,0.1540371373,0.9763779528
G11000100111001017,110010111001017,G11000100111001012,110010111001012,0.2719669227,0.0236220472
G11000100111001017,110010111001017,G11000100111001032,110010111001032,0.1278808263,0
G11000100111001017,110010111001017,G11000100111001033,110010111001033,0.2175496557,0
G11000100111001017,110010111001017,G11000100111001034,110010111001034,0.2285654579,0
G11000100111001018,110010111001018,G11000100111001025,110010111001025,0.6601769912,0.4693538565
G11000100111001018,110010111001018,G11000100111001026,110010111001026,0.3398230088,0.5306461435
G11000100111001019,110010111001019,G11000100111001027,110010111001027,1,1
G11000100111001020,110010111001020,G11000100111001025,110010111001025,0.7532182104,1
G11000100111001020,110010111001020,G11000100111001031,110010111001031,0.2467817896,0
G11000100111001021,110010111001021,G11000100111001031,110010111001031,1,1
G11000100111001022,110010111001022,G11000100111001031,110010111001031,1,1
G11000100111001023,110010111001023,G11000100111001025,110010111001025,1,1
G11000100111001024,110010111001024,G11000100111001024,110010111001024,1,1
G11000100111001025,110010111001025,G11000100111001026,110010111001026,1,1
G11000100111001026,110010111001026,G11000100111001026,110010111001026,1,1
G11000100111001027,110010111001027,G11000100111001014,110010111001014,1,1
G11000100111001028,110010111001028,G11000100111001038,110010111001038,1,1
G11000100111001029,110010111001029,G11000100111001031,110010111001031,0.2399708242,0.2399708242
G11000100111001029,110010111001029,G11000100111001038,110010111001038,0.7600291758,0.7600291758
G11000100111001030,110010111001030,G11000100111001028,110010111001028,0.8973978887,0
G11000100111001030,110010111001030,G11000100111001029,110010111001029,0.1026021113,1
G11000100111001031,110010111001031,G11000100111001020,110010111001020,0.3839721254,0.0949653503
G11000100111001031,110010111001031,G11000100111001021,110010111001021,0.3850174216,0.8744431328
G11000100111001031,110010111001031,G11000100111001023,110010111001023,0.231010453,0.0305915169
G11000100111001032,110010111001032,G11000100111001022,110010111001022,1,1
G11000100111001033,110010111001033,G11000100111001016,110010111001016,1,1
G11000100111001034,110010111001034,G11000100111001016,110010111001016,1,1
G11000100111001035,110010111001035,G11000100111001022,110010111001022,1,1
G11000100111001036,110010111001036,G11000100111001020,110010111001020,1,1
G11000100111001037,110010111001037,G11000100111001019,110010111001019,1,1
G11000100111001038,110010111001038,G11000100111001023,110010111001023,1,1
G11000100111001039,110010111001039,G11000100111001030,110010111001030,1,1
G11000100111002000,110010111002000,G11000100111002000,110010111002000,1,1
G11000100111002001,110010111002001,G11000100111002000,110010111002000,1,1
G11000100111002002,110010111002002,G11000100111002001,110010111002001,1,1
G11000100111002003,110010111002003,G11000100111002001,110010111002001,1,1
G11000100111002004,110010111002004,G11000100111002004,110010111002004,1,1
G11000100111002005,110010111002005,G11000100111002004,110010111002004,1,1
G11000100111002006,110010111002006,G11000100111002003,110010111002003,1,1
G11000100111002007,110010111002007,G11000100111002006,110010111002006,1,1
G11000100111002008,110010111002008,G11000100111002005,110010111002005,0.8913113177,0.8965169894
G11000100111002008,110010111002008,G11000100111002006,110010111002006,0.1086886823,0.1034830106
G11000100111002009,110010111002009,G11000100111002005,110010111002005,1,1
G11000100111002010,110010111002010,G11000100111002002,110010111002002,1,1
G11000100111002011,110010111002011,G11000100111002007,110010111002007,1,1
G11000100111002012,110010111002012,G11000100111002007,110010111002007,0.2857142857,0.4617388896
G11000100111002012,110010111002012,G11000100111002008,110010111002008,0.7142857143,0.5382611104
G11000100111002013,110010111002013,G11000100111002012,110010111002012,1,1
G11000100111002014,110010111002014,G11000100111002013,110010111002013,1,1
G11000100111002015,110010111002015,G11000100111002014,110010111002014,1,1
G11000100111002016,110010111002016,G11000100111002008,110010111002008,1,1
G11000100111002017,110010111002017,G11000100111002009,110010111002009,1,1
G11000100111002018,110010111002018,G11000100111002010,110010111002010,1,1
G11000100111002019,110010111002019,G11000100111002011,110010111002011,1,1
G11000100111002020,110010111002020,G11000100111002023,110010111002023,0.986135182,1
G11000100111002020,110010111002020,G11000100111002024,110010111002024,0.013864818,0
G11000100111002021,110010111002021,G11000100111002022,110010111002022,1,1
G11000100111002022,110010111002022,G11000100111002025,110010111002025,1,1
G11000100111002023,110010111002023,G11000100111002026,110010111002026,1,1
G11000100111002024,110010111002024,G11000100111002014,110010111002014,1,1
G11000100111002025,110010111002025,G11000100111002015,110010111002015,1,1
G11000100111002026,110010111002026,G11000100111002030,110010111002030,0.3270812293,0.6896551724
G11000100111002026,110010111002026,G11000100111002031,110010111002031,0.6729187707,0.3103448276
G11000100111002027,110010111002027,G11000100111002029,110010111002029,1,1
G11000100111002028,110010111002028,G11000100111002020,110010111002020,1,1
G11000100111002029,110010111002029,G11000100111002015,110010111002015,1,1
G11000100111002030,110010111002030,G11000100111002016,110010111002016,1,1
G11000100111002031,110010111002031,G11000100111002017,110010111002017,1,1
G11000100111002032,110010111002032,G11000100111002017,110010111002017,1,1
G11000100111002033,110010111002033,G11000100111002017,110010111002017,0.3861454047,0.5924030857
G11000100111002033,110010111002033,G11000100111002018,110010111002018,0.3182441701,0
G11000100111002033,110010111002033,G11000100111002019,110010111002019,0.2956104252,0.4075969143
G11000100111002034,110010111002034,G11000100111002018,110010111002018,0.0065062373,0
G11000100111002034,110010111002034,G11000100111002019,110010111002019,0.9934937627,1
G11000100111002035,110010111002035,G11000100111002027,110010111002027,1,1
G11000100111002036,110010111002036,G11000100111002028,110010111002028,1,1
G11000100111002037,110010111002037,G11000100111002021,110010111002021,1,1
G11000100111003000,110010111003000,G11000100111003000,110010111003000,1,1
G11000100111003001,110010111003001,G11000100111003001,110010111003001,1,1
G11000100111003002,110010111003002,G11000100111003002,110010111003002,1,1
G11000100111003003,110010111003003,G11000100111003006,110010111003006,1,1
G11000100111003004,110010111003004,G11000100111003007,110010111003007,1,1
G11000100111003005,110010111003005,G11000100111003009,110010111003009,1,1
G11000100111003006,110010111003006,G11000100111003008,110010111003008,1,1
G11000100111003007,110010111003007,G11000100111003005,110010111003005,1,1
G11000100111003008,110010111003008,G11000100111003003,110010111003003,1,1
G11000100111003009,110010111003009,G11000100111003014,110010111003014,1,1
G11000100111003010,110010111003010,G11000100111003013,110010111003013,1,1
G11000100111003011,110010111003011,G11000100111003012,110010111003012,0.4120364815,0.4120364815
G11000100111003011,110010111003011,G11000100111003016,110010111003016,0.5879635185,0.5879635185
G11000100111003012,110010111003012,G11000100111003011,110010111003011,1,1
G11000100111003013,110010111003013,G11000100111003010,110010111003010,1,1
G11000100111003014,110010111003014,G11000100111003004,110010111003004,1,1
G11000100111003015,110010111003015,G11000100111003017,110010111003017,1,1
G11000100111003016,110010111003016,G11000100111003018,110010111003018,1,1
G11000100111003017,110010111003017,G11000100111003018,110010111003018,0.2625863771,1
G11000100111003017,110010111003017,G11000100111003022,110010111003022,0.7374136229,0
G11000100111003018,110010111003018,G11000100111003019,110010111003019,0.5235463719,0
G11000100111003018,110010111003018,G11000100111003020,110010111003020,0.3879144642,0
G11000100111003018,110010111003018,G11000100111003021,110010111003021,0.0535800096,0
G11000100111003018,110010111003018,G11000100111003023,110010111003023,0.0349591543,1
G11000100111003019,110010111003019,G11000100111003023,110010111003023,1,1
G11000100111003020,110010111003020,G11000100111003029,110010111003029,1,1
G11000100111003021,110010111003021,G11000100111003029,110010111003029,1,1
G11000100111003022,110010111003022,G11000100111003028,110010111003028,0.1821490516,0
G11000100111003022,110010111003022,G11000100111003029,110010111003029,0.8178509484,1
G11000100111003023,110010111003023,G11000100111003030,110010111003030,1,1
G11000100111003024,110010111003024,G11000100111003029,110010111003029,1,1
G11000100111003025,110010111003025,G11000100111003031,110010111003031,1,1
G11000100111003026,110010111003026,G11000100111003023,110010111003023,1,1
G11000100111003027,110010111003027,G11000100111003023,110010111003023,1,1
G11000100111003028,110010111003028,G11000100111003023,110010111003023,1,1
G11000100111003029,110010111003029,G11000100111003019,110010111003019,0.6261448013,0.6261448013
G11000100111003029,110010111003029,G11000100111003020,110010111003020,0.3738551987,0.3738551987
G11000100111003030,110010111003030,G11000100111003020,110010111003020,0.4304985337,0.4304985337
G11000100111003030,110010111003030,G11000100111003021,110010111003021,0.5695014663,0.5695014663
G11000100111003031,110010111003031,G11000100111003023,110010111003023,1,1
G11000100111003032,110010111003032,G11000100111003032,110010111003032,1,1
G11000100111003033,110010111003033,G11000100111003032,110010111003032,1,1
G11000100111003034,110010111003034,G11000100111003023,110010111003023,1,1
G11000100111003035,110010111003035,G11000100111003024,110010111003024,0.8538704836,0.8538704836
G11000100111003035,110010111003035,G11000100111003025,110010111003025,0.1461295164,0.1461295164
G11000100111003035,110010111003035,G11000100111003033,110010111003033,0,0
G11000100111003036,110010111003036,G11000100111003026,110010111003026,0.468486675,0.468486675
G11000100111003036,110010111003036,G11000100111003027,110010111003027,0.531513325,0.531513325
G11000100111003037,110010111003037,G11000100111003041,110010111003041,1,1
G11000100111003038,110010111003038,G11000100111003040,110010111003040,1,1
G11000100111003039,110010111003039,G11000100111003040,110010111003040,1,1
G11000100111003040,110010111003040,G11000100111003039,110010111003039,1,1
G11000100111003041,110010111003041,G11000100111003039,110010111003039,1,1
G11000100111003042,110010111003042,G11000100111003038,110010111003038,1,1
G11000100111003043,110010111003043,G11000100111003037,110010111003037,1,1
G11000100111003044,110010111003044,G11000100111003034,110010111003034,0,0
G11000100111003044,110010111003044,G11000100111003045,110010111003045,0.4807544539,0.4807544539
G11000100111003044,110010111003044,G11000100111003046,110010111003046,0.1913242074,0.1913242074
G11000100111003044,110010111003044,G11000100111003047,110010111003047,0.3279213387,0.3279213387
G11000100111003044,110010111003044,G11000100111003048,110010111003048,0,0
G11000100111003045,110010111003045,G11000100111003035,110010111003035,0.1738652427,0.1738652427
G11000100111003045,110010111003045,G11000100111003036,110010111003036,0.8261347573,0.8261347573
G11000100111003046,110010111003046,G11000100111003042,110010111003042,0.6872290099,1
G11000100111003046,110010111003046,G11000100111003044,110010111003044,0.3127709901,0
G11000100111003047,110010111003047,G11000100111003043,110010111003043,1,1
G11000100111003048,110010111003048,G11000100111003042,110010111003042,1,1
G11000100111003049,110010111003049,G11000100111003015,110010111003015,1,1
G11000100111003050,110010111003050,G11000100111003050,110010111003050,1,1
G11000100111003051,110010111003051,G11000100111003049,110010111003049,0.8149256801,0.8149256801
G11000100111003051,110010111003051,G11000100111003055,110010111003055,0.1850743199,0.1850743199
G11000100111003052,110010111003052,G11000100111003054,110010111003054,1,1
G11000100111003053,110010111003053,G11000100111003052,110010111003052,0.989375016,0.989375016
G11000100111003053,110010111003053,G11000100111003053,110010111003053,0,0
G11000100111003053,110010111003053,G11000100111003057,110010111003057,0.010624984,0.010624984
G11000100111003054,110010111003054,G11000100111003050,110010111003050,0.9407945883,0.9407945883
G11000100111003054,110010111003054,G11000100111003051,110010111003051,0.0592054117,0.0592054117
G11000100111003055,110010111003055,G11000100111003055,110010111003055,1,1
G11000100111003056,110010111003056,G11000100111003056,110010111003056,1,1
G11000109800001000,110019800001000,G11000100062021000,110010062021000,0.7112494475,0.7112494475
G11000109800001000,110019800001000,G11000100062021001,110010062021001,0.2887505525,0.2887505525
G11000109800001001,110019800001001,G11000100062021000,110010062021000,1,1
G11000109800001002,110019800001002,G11000100062021002,110010062021002,1,1
G11000109800001003,110019800001003,G11000100062021005,110010062021005,0.524765158,0.524765158
G11000109800001003,110019800001003,G11000100062021006,110010062021006,0.475234842,0.475234842
G11000109800001004,110019800001004,G11000100062021007,110010062021007,1,1
G11000109800001005,110019800001005,G11000100062021008,110010062021008,1,1
G11000109800001006,110019800001006,G11000100062021007,110010062021007,1,1
G11000109800001007,110019800001007,G11000100062021006,110010062021006,0.9669471763,0.9669471763
G11000109800001007,110019800001007,G11000100062021012,110010062021012,0.0330528237,0.0330528237
G11000109800001008,110019800001008,G11000100062021005,110010062021005,1,1
G11000109800001009,110019800001009,G11000100062021004,110010062021004,1,1
G11000109800001010,110019800001010,G11000100062021003,110010062021003,1,1
G11000109800001011,110019800001011,G11000100062021118,110010062021118,1,1
G11000109800001012,110019800001012,G11000100062021009,110010062021009,1,1
G11000109800001013,110019800001013,G11000100062021011,110010062021011,1,1
G11000109800001014,110019800001014,G11000100062021115,110010062021115,1,1
G11000109800001015,110019800001015,G11000100062021134,110010062021134,1,1
G11000109800001016,110019800001016,G11000100062021009,110010062021009,0.9525767434,0.9525767434
G11000109800001016,110019800001016,G11000100062021010,110010062021010,0.0474232566,0.0474232566
G11000109800001017,110019800001017,G11000100062021013,110010062021013,1,1
G11000109800001018,110019800001018,G11000100062021014,110010062021014,1,1
G11000109800001019,110019800001019,G11000100062021015,110010062021015,1,1
G11000109800001020,110019800001020,G11000100062021016,110010062021016,1,1
G11000109800001021,110019800001021,G11000100062021017,110010062021017,1,1
G11000109800001022,110019800001022,G11000100062021018,110010062021018,0.0738100626,0.0738100626
G11000109800001022,110019800001022,G11000100062021019,110010062021019,0.9261899374,0.9261899374
G11000109800001023,110019800001023,G11000100062021020,110010062021020,1,1
G11000109800001024,110019800001024,G11000100062021021,110010062021021,1,1
G11000109800001025,110019800001025,G11000100062021022,110010062021022,1,1
G11000109800001026,110019800001026,G11000100062021023,110010062021023,1,1
G11000109800001027,110019800001027,G11000100062021024,110010062021024,1,1
G11000109800001028,110019800001028,G11000100062021025,110010062021025,1,1
G11000109800001029,110019800001029,G11000100062021026,110010062021026,1,1
G11000109800001030,110019800001030,G11000100062021027,110010062021027,1,1
G11000109800001031,110019800001031,G11000100062021028,110010062021028,1,1
G11000109800001032,110019800001032,G11000100062021029,110010062021029,1,1
G11000109800001033,110019800001033,G11000100062021030,110010062021030,1,1
G11000109800001034,110019800001034,G11000100062021031,110010062021031,0.6313323027,1
G11000109800001034,110019800001034,G11000100062021034,110010062021034,0.0390635784,0
G11000109800001034,110019800001034,G11000100062021035,110010062021035,0.098935759,0
G11000109800001034,110019800001034,G11000100062021036,110010062021036,0.2306683599,0
G11000109800001035,110019800001035,G11000100062021032,110010062021032,1,1
G11000109800001036,110019800001036,G11000100062021033,110010062021033,0.1748216859,0.1748216859
G11000109800001036,110019800001036,G11000100062021040,110010062021040,0.5321334861,0.5321334861
G11000109800001036,110019800001036,G11000100062021041,110010062021041,0.293044828,0.293044828
G11000109800001037,110019800001037,G11000100062021039,110010062021039,1,1
G11000109800001038,110019800001038,G11000100062021037,110010062021037,0.6497249149,0.6497249149
G11000109800001038,110019800001038,G11000100062021038,110010062021038,0.0562895318,0.0562895318
G11000109800001038,110019800001038,G11000100062021042,110010062021042,0.2939855534,0.2939855534
G11000109800001039,110019800001039,G11000100062021043,110010062021043,0.9785941097,0.9785941097
G11000109800001039,110019800001039,G11000100062021096,110010062021096,0.0214058903,0.0214058903
G11000109800001040,110019800001040,G11000100062021100,110010062021100,1,1
G11000109800001041,110019800001041,G11000100062021101,110010062021101,0.9679643869,0.9679643869
G11000109800001041,110019800001041,G11000100062021102,110010062021102,0.0320356131,0.0320356131
G11000109800001042,110019800001042,G11000100062021103,110010062021103,1,1
G11000109800001043,110019800001043,G11000100062021103,110010062021103,1,1
G11000109800001044,110019800001044,G11000100062021104,110010062021104,1,1
G11000109800001045,110019800001045,G11000100062021105,110010062021105,1,1
G11000109800001046,110019800001046,G11000100062021106,110010062021106,1,1
G11000109800001047,110019800001047,G11000100062021107,110010062021107,1,1
G11000109800001048,110019800001048,G11000100062021016,110010062021016,0.0242117527,0.0242117527
G11000109800001048,110019800001048,G11000100062021108,110010062021108,0.9757882473,0.9757882473
G11000109800001049,110019800001049,G11000100062021015,110010062021015,0.0769789397,0.0769789397
G11000109800001049,110019800001049,G11000100062021109,110010062021109,0.9230210603,0.9230210603
G11000109800001049,110019800001049,G11000100062021110,110010062021110,0,0
G11000109800001050,110019800001050,G11000100062021014,110010062021014,1,1
G11000109800001051,110019800001051,G11000100062021111,110010062021111,1,1
G11000109800001051,110019800001051,G11000100062021112,110010062021112,0,0
G11000109800001052,110019800001052,G11000100062021113,110010062021113,1,1
G11000109800001053,110019800001053,G11000100062021114,110010062021114,1,1
G11000109800001054,110019800001054,G11000100062021135,110010062021135,1,1
G11000109800001055,110019800001055,G11000100062021132,110010062021132,0.9113733022,1
G11000109800001055,110019800001055,G11000100062021133,110010062021133,0.0886266978,0
G11000109800001056,110019800001056,G11000100062021131,110010062021131,1,1
G11000109800001057,110019800001057,G11000100062021130,110010062021130,1,1
G11000109800001058,110019800001058,G11000100062021129,110010062021129,1,1
G11000109800001059,110019800001059,G11000100062021119,110010062021119,1,1
G11000109800001060,110019800001060,G11000100062021116,110010062021116,1,1
G11000109800001061,110019800001061,G11000100062021117,110010062021117,1,1
G11000109800001062,110019800001062,G11000100062021120,110010062021120,0.0434614791,0.0434614791
G11000109800001062,110019800001062,G11000100062021121,110010062021121,0.9565385209,0.9565385209
G11000109800001063,110019800001063,G11000100062021122,110010062021122,1,1
G11000109800001064,110019800001064,G11000100062021123,110010062021123,1,1
G11000109800001065,110019800001065,G11000100062021124,110010062021124,1,1
G11000109800001066,110019800001066,G11000100062021125,110010062021125,1,1
G11000109800001067,110019800001067,G11000100062021126,110010062021126,1,1
G11000109800001068,110019800001068,G11000100062021127,110010062021127,1,1
G11000109800001069,110019800001069,G11000100062021128,110010062021128,1,1
G11000109800001070,110019800001070,G11000100062021138,110010062021138,1,1
G11000109800001071,110019800001071,G11000100062021139,110010062021139,1,1
G11000109800001072,110019800001072,G11000100062021143,110010062021143,1,1
G11000109800001073,110019800001073,G11000100062021142,110010062021142,1,1
G11000109800001074,110019800001074,G11000100062021137,110010062021137,1,1
G11000109800001075,110019800001075,G11000100062021136,110010062021136,1,1
G11000109800001076,110019800001076,G11000100062021155,110010062021155,0.9878899083,1
G11000109800001076,110019800001076,G11000100062021156,110010062021156,0.0121100917,0
G11000109800001077,110019800001077,G11000100062021156,110010062021156,1,1
G11000109800001078,110019800001078,G11000100062021157,110010062021157,1,1
G11000109800001079,110019800001079,G11000100062021145,110010062021145,1,1
G11000109800001080,110019800001080,G11000100062021144,110010062021144,1,1
G11000109800001081,110019800001081,G11000100062021146,110010062021146,1,1
G11000109800001082,110019800001082,G11000100062021147,110010062021147,1,1
G11000109800001083,110019800001083,G11000100062021148,110010062021148,1,1
G11000109800001084,110019800001084,G11000100062021149,110010062021149,1,1
G11000109800001085,110019800001085,G11000100062021150,110010062021150,1,1
G11000109800001086,110019800001086,G11000100062021151,110010062021151,1,1
G11000109800001087,110019800001087,G11000100062021097,110010062021097,0.9797501183,0.9797501183
G11000109800001087,110019800001087,G11000100062021098,110010062021098,0.0109527149,0.0109527149
G11000109800001087,110019800001087,G11000100062021099,110010062021099,0.0092971668,0.0092971668
G11000109800001088,110019800001088,G11000100062021092,110010062021092,0.7986698638,0.7986698638
G11000109800001088,110019800001088,G11000100062021093,110010062021093,0,0
G11000109800001088,110019800001088,G11000100062021161,110010062021161,0.2013301362,0.2013301362
G11000109800001089,110019800001089,G11000100062021044,110010062021044,0.6893162025,0.6893162025
G11000109800001089,110019800001089,G11000100062021094,110010062021094,0.3106837975,0.3106837975
G11000109800001089,110019800001089,G11000100062021095,110010062021095,0,0
G11000109800001090,110019800001090,G11000100062021044,110010062021044,0.7876849622,0.7876849622
G11000109800001090,110019800001090,G11000100062021076,110010062021076,0.0297481378,0.0297481378
G11000109800001090,110019800001090,G11000100062021094,110010062021094,0.1825669001,0.1825669001
G11000109800001091,110019800001091,G11000100062021078,110010062021078,1,1
G11000109800001092,110019800001092,G11000100062021047,110010062021047,1,1
G11000109800001093,110019800001093,G11000100062021048,110010062021048,1,1
G11000109800001094,110019800001094,G11000100062021048,110010062021048,1,1
G11000109800001095,110019800001095,G11000100062021049,110010062021049,1,1
G11000109800001096,110019800001096,G11000100062021045,110010062021045,1,1
G11000109800001097,110019800001097,G11000100062021053,110010062021053,1,1
G11000109800001098,110019800001098,G11000100062021077,110010062021077,1,1
G11000109800001099,110019800001099,G11000100062021079,110010062021079,1,1
G11000109800001100,110019800001100,G11000100062021050,110010062021050,0.0070453114,0
G11000109800001100,110019800001100,G11000100062021051,110010062021051,0.0590872576,0
G11000109800001100,110019800001100,G11000100062021055,110010062021055,0.8748670184,1
G11000109800001100,110019800001100,G11000100062021056,110010062021056,0.0590004125,0
G11000109800001101,110019800001101,G11000100062021054,110010062021054,1,1
G11000109800001102,110019800001102,G11000100056002024,110010056002024,0.0089244851,0.0089244851
G11000109800001102,110019800001102,G11000100062021052,110010062021052,0.9910755149,0.9910755149
G11000109800001103,110019800001103,G11000100062021064,110010062021064,0.7554340929,0.7554340929
G11000109800001103,110019800001103,G11000100062021073,110010062021073,0.1289769946,0.1289769946
G11000109800001103,110019800001103,G11000100062021074,110010062021074,0.1155889125,0.1155889125
G11000109800001104,110019800001104,G11000100062021061,110010062021061,1,1
G11000109800001105,110019800001105,G11000100062021052,110010062021052,0.4116253356,0.4116253356
G11000109800001105,110019800001105,G11000100062021057,110010062021057,0.5883746644,0.5883746644
G11000109800001106,110019800001106,G11000100062021052,110010062021052,0.0999176955,0.0999176955
G11000109800001106,110019800001106,G11000100062021057,110010062021057,0.9000823045,0.9000823045
G11000109800001107,110019800001107,G11000100056002024,110010056002024,0.0144640312,0.0144640312
G11000109800001107,110019800001107,G11000100062021058,110010062021058,0.6663885122,0.6663885122
G11000109800001107,110019800001107,G11000100062021059,110010062021059,0.1898983577,0.1898983577
G11000109800001107,110019800001107,G11000100062021062,110010062021062,0.1292490989,0.1292490989
G11000109800001108,110019800001108,G11000100062021058,110010062021058,0.8708367181,0.8708367181
G11000109800001108,110019800001108,G11000100062021062,110010062021062,0.1291632819,0.1291632819
G11000109800001109,110019800001109,G11000100056002009,110010056002009,1,1
G11000109800001110,110019800001110,G11000100062021065,110010062021065,0.9622331691,0.9622331691
G11000109800001110,110019800001110,G11000100062021066,110010062021066,0.0377668309,0.0377668309
G11000109800001111,110019800001111,G11000100062021067,110010062021067,1,1
G11000109800001112,110019800001112,G11000100062021080,110010062021080,1,1
G11000109800001113,110019800001113,G11000100062021081,110010062021081,0.9977361154,0.9977361154
G11000109800001113,110019800001113,G11000100062021083,110010062021083,0.0022638846,0.0022638846
G11000109800001114,110019800001114,G11000100062021081,110010062021081,0,0
G11000109800001114,110019800001114,G11000100062021083,110010062021083,1,1
G11000109800001115,110019800001115,G11000100062021082,110010062021082,1,1
G11000109800001116,110019800001116,G11000100062021084,110010062021084,0.0512724551,0.0512724551
G11000109800001116,110019800001116,G11000100062021085,110010062021085,0.751497006,0.751497006
G11000109800001116,110019800001116,G11000100062021086,110010062021086,0.1972305389,0.1972305389
G11000109800001117,110019800001117,G11000100062021084,110010062021084,0,0
G11000109800001117,110019800001117,G11000100062021089,110010062021089,1,1
G11000109800001118,110019800001118,G11000100062021090,110010062021090,1,1
G11000109800001119,110019800001119,G11000100062021081,110010062021081,1,1
G11000109800001120,110019800001120,G11000100062021166,110010062021166,1,1
G11000109800001121,110019800001121,G11000100062021068,110010062021068,0.2939399789,0.2939399789
G11000109800001121,110019800001121,G11000100062021070,110010062021070,0.5369369472,0.5369369472
G11000109800001121,110019800001121,G11000100062021230,110010062021230,0.169123074,0.169123074
G11000109800001122,110019800001122,G11000100062021230,110010062021230,1,1
G11000109800001123,110019800001123,G11000100062021072,110010062021072,0.5751933676,0.5751933676
G11000109800001123,110019800001123,G11000100062021163,110010062021163,0.4248066324,0.4248066324
G11000109800001124,110019800001124,G11000100062021091,110010062021091,0.1103753531,0.1103753531
G11000109800001124,110019800001124,G11000100062021092,110010062021092,0.500305757,0.500305757
G11000109800001124,110019800001124,G11000100062021161,110010062021161,0.38931889,0.38931889
G11000109800001125,110019800001125,G11000100062021161,110010062021161,1,1
G11000109800001126,110019800001126,G11000100062021162,110010062021162,1,1
G11000109800001127,110019800001127,G11000100062021075,110010062021075,1,1
G11000109800001128,110019800001128,G11000100062021166,110010062021166,0.9370289855,0.9370289855
G11000109800001128,110019800001128,G11000100062021226,110010062021226,0.0629710145,0.0629710145
G11000109800001129,110019800001129,G11000100062021215,110010062021215,0.0308017515,0.0308017515
G11000109800001129,110019800001129,G11000100062021219,110010062021219,0.0329155972,0.0329155972
G11000109800001129,110019800001129,G11000100062021220,110010062021220,0.8583723388,0.8583723388
G11000109800001129,110019800001129,G11000100062021224,110010062021224,0.0779103125,0.0779103125
G11000109800001130,110019800001130,G11000100062021179,110010062021179,0.0126977194,0.0126977194
G11000109800001130,110019800001130,G11000100062021180,110010062021180,0.018750195,0.018750195
G11000109800001130,110019800001130,G11000100062021201,110010062021201,0.1996692977,0.1996692977
G11000109800001130,110019800001130,G11000100062021221,110010062021221,0.1391757402,0.1391757402
G11000109800001130,110019800001130,G11000100062021222,110010062021222,0.6297070477,0.6297070477
G11000109800001131,110019800001131,G11000100062021174,110010062021174,0.1493606138,0.1493606138
G11000109800001131,110019800001131,G11000100062021179,110010062021179,0.4762148338,0.4762148338
G11000109800001131,110019800001131,G11000100062021180,110010062021180,0.1340153453,0.1340153453
G11000109800001131,110019800001131,G11000100062021181,110010062021181,0.0746803069,0.0746803069
G11000109800001131,110019800001131,G11000100062021187,110010062021187,0.1657289003,0.1657289003
G11000109800001132,110019800001132,G11000100062021174,110010062021174,1,1
G11000109800001133,110019800001133,G11000100062021160,110010062021160,1,1
G11000109800001134,110019800001134,G11000100062021068,110010062021068,0.016,0.016
G11000109800001134,110019800001134,G11000100062021070,110010062021070,0.3728,0.3728
G11000109800001134,110019800001134,G11000100062021160,110010062021160,0.0242947368,0.0242947368
G11000109800001134,110019800001134,G11000100062021171,110010062021171,0.5505263158,0.5505263158
G11000109800001134,110019800001134,G11000100062021230,110010062021230,0.0363789474,0.0363789474
G11000109800001135,110019800001135,G11000100062021158,110010062021158,0.4931929104,0.4931929104
G11000109800001135,110019800001135,G11000100062021159,110010062021159,0.5068070896,0.5068070896
G11000109800001136,110019800001136,G11000100062021174,110010062021174,0.0029161222,0.0029161222
G11000109800001136,110019800001136,G11000100062021179,110010062021179,0.9970838778,0.9970838778
G11000109800001137,110019800001137,G11000100062021173,110010062021173,1,1
G11000109800001138,110019800001138,G11000100062021172,110010062021172,1,1
G11000109800001139,110019800001139,G11000100062021181,110010062021181,0.6463353414,0.6463353414
G11000109800001139,110019800001139,G11000100062021183,110010062021183,0.2153614458,0.2153614458
G11000109800001139,110019800001139,G11000100062021187,110010062021187,0.1383032129,0.1383032129
G11000109800001140,110019800001140,G11000100062021183,110010062021183,1,1
G11000109800001141,110019800001141,G11000100062021175,110010062021175,0.6145833333,0.6145833333
G11000109800001141,110019800001141,G11000100062021184,110010062021184,0.3854166667,0.3854166667
G11000109800001142,110019800001142,G11000100062021176,110010062021176,1,1
G11000109800001143,110019800001143,G11000100062021177,110010062021177,1,1
G11000109800001144,110019800001144,G11000100062021177,110010062021177,0.0053439565,0.0053439565
G11000109800001144,110019800001144,G11000100062021178,110010062021178,0.9946560435,0.9946560435
G11000109800001145,110019800001145,G11000100062021186,110010062021186,1,1
G11000109800001146,110019800001146,G11000100062021152,110010062021152,1,1
G11000109800001147,110019800001147,G11000100062021153,110010062021153,0.9711569731,0.9711569731
G11000109800001147,110019800001147,G11000100062021154,110010062021154,0.0288430269,0.0288430269
G11000109800001148,110019800001148,G11000100062021174,110010062021174,0.5211081794,0.5211081794
G11000109800001148,110019800001148,G11000100062021183,110010062021183,0.4788918206,0.4788918206
G11000109800001149,110019800001149,G11000100062021185,110010062021185,1,1
G11000109800001150,110019800001150,G11000100062021185,110010062021185,0.0372928177,0.0372928177
G11000109800001150,110019800001150,G11000100062021186,110010062021186,0.9627071823,0.9627071823
G11000109800001151,110019800001151,G11000100102002004,110010102002004,0.6604238541,0.6604238541
G11000109800001151,110019800001151,G11000100102002015,110010102002015,0.3395761459,0.3395761459
G11000109800001152,110019800001152,G11000100062021190,110010062021190,0.3267045455,0.3267045455
G11000109800001152,110019800001152,G11000100102002012,110010102002012,0.0700757576,0.0700757576
G11000109800001152,110019800001152,G11000100102002017,110010102002017,0.5899621212,0.5899621212
G11000109800001152,110019800001152,G11000100102002030,110010102002030,0.0132575758,0.0132575758
G11000109800001153,110019800001153,G11000100062021182,110010062021182,0.1501390176,0.1501390176
G11000109800001153,110019800001153,G11000100062021188,110010062021188,0.4179796108,0.4179796108
G11000109800001153,110019800001153,G11000100062021190,110010062021190,0.4050046339,0.4050046339
G11000109800001153,110019800001153,G11000100062021200,110010062021200,0.0268767377,0.0268767377
G11000109800001154,110019800001154,G11000100062021189,110010062021189,1,1
G11000109800001155,110019800001155,G11000100062021191,110010062021191,1,1
G11000109800001156,110019800001156,G11000100062021192,110010062021192,1,1
G11000109800001157,110019800001157,G11000100062021195,110010062021195,0.0832717418,0.0832717418
G11000109800001157,110019800001157,G11000100062021196,110010062021196,0.9167282582,0.9167282582
G11000109800001158,110019800001158,G11000100062021197,110010062021197,1,1
G11000109800001159,110019800001159,G11000100062021189,110010062021189,1,1
G11000109800001160,110019800001160,G11000100062021198,110010062021198,0.8053760721,0.8053760721
G11000109800001160,110019800001160,G11000100062021199,110010062021199,0.1946239279,0.1946239279
G11000109800001161,110019800001161,G11000100062021200,110010062021200,1,1
G11000109800001162,110019800001162,G11000100062021216,110010062021216,1,1
G11000109800001163,110019800001163,G11000100062021202,110010062021202,0.004647936,0.004647936
G11000109800001163,110019800001163,G11000100062021203,110010062021203,0.0606012839,0.0606012839
G11000109800001163,110019800001163,G11000100062021204,110010062021204,0.8153667764,0.8153667764
G11000109800001163,110019800001163,G11000100062021206,110010062021206,0.014507545,0.014507545
G11000109800001163,110019800001163,G11000100062021207,110010062021207,0.0128938144,0.0128938144
G11000109800001163,110019800001163,G11000100062021208,110010062021208,0.0097750039,0.0097750039
G11000109800001163,110019800001163,G11000100062021209,110010062021209,0.0075841776,0.0075841776
G11000109800001163,110019800001163,G11000100062021229,110010062021229,0.0746234629,0.0746234629
G11000109800001164,110019800001164,G11000100062021194,110010062021194,0.0366318223,0.0366318223
G11000109800001164,110019800001164,G11000100062021205,110010062021205,0.9016581819,0.9016581819
G11000109800001164,110019800001164,G11000100062021210,110010062021210,0.0617099958,0.0617099958
G11000109800001165,110019800001165,G11000100062021194,110010062021194,0.225489005,0.225489005
G11000109800001165,110019800001165,G11000100062021204,110010062021204,0.1108613777,0.1108613777
G11000109800001165,110019800001165,G11000100062021205,110010062021205,0.6636496173,0.6636496173
G11000109800001166,110019800001166,G11000100062021211,110010062021211,1,1
G11000109800001167,110019800001167,G11000100062021228,110010062021228,1,1
G11000109800001168,110019800001168,G11000100062021214,110010062021214,0.3268538517,0.3268538517
G11000109800001168,110019800001168,G11000100062021217,110010062021217,0.0182385409,0.0182385409
G11000109800001168,110019800001168,G11000100062021218,110010062021218,0.2548596112,0.2548596112
G11000109800001168,110019800001168,G11000100062021225,110010062021225,0.4000479962,0.4000479962
G11000109800001169,110019800001169,G11000100062021213,110010062021213,1,1
G11000109800001170,110019800001170,G11000100062021212,110010062021212,1,1
G11000109800001171,110019800001171,G11000100062021193,110010062021193,0.3881480662,0.3881480662
G11000109800001171,110019800001171,G11000100062021248,110010062021248,0.6118519338,0.6118519338
G11000109800001172,110019800001172,G11000100062021247,110010062021247,1,1
G11000109800001173,110019800001173,G11000100062021246,110010062021246,1,1
G11000109800001174,110019800001174,G11000100062021227,110010062021227,1,1
G11000109800001175,110019800001175,G11000100062021217,110010062021217,0.0219184829,0.0219184829
G11000109800001175,110019800001175,G11000100062021218,110010062021218,0.0299224233,0.0299224233
G11000109800001175,110019800001175,G11000100062021225,110010062021225,0.0311537988,0.0311537988
G11000109800001175,110019800001175,G11000100062021226,110010062021226,0.9170052949,0.9170052949
G11000109800001176,110019800001176,G11000100062021069,110010062021069,0.0545347928,0.0545347928
G11000109800001176,110019800001176,G11000100062021071,110010062021071,0.8600591282,0.8600591282
G11000109800001176,110019800001176,G11000100062021230,110010062021230,0.085406079,0.085406079
G11000109800001177,110019800001177,G11000100062021169,110010062021169,1,1
G11000109800001178,110019800001178,G11000100062021170,110010062021170,0.1135341995,0.1135341995
G11000109800001178,110019800001178,G11000100062021231,110010062021231,0.0342352951,0.0342352951
G11000109800001178,110019800001178,G11000100062021232,110010062021232,0.1194297035,0.1194297035
G11000109800001178,110019800001178,G11000100062021235,110010062021235,0.0731647161,0.0731647161
G11000109800001178,110019800001178,G11000100062021236,110010062021236,0.1548504642,0.1548504642
G11000109800001178,110019800001178,G11000100062021237,110010062021237,0.2697053839,0.2697053839
G11000109800001178,110019800001178,G11000100062021238,110010062021238,0.2350802377,0.2350802377
G11000109800001179,110019800001179,G11000100062021233,110010062021233,0.1656211686,0.1656211686
G11000109800001179,110019800001179,G11000100062021234,110010062021234,0.0427116075,0.0427116075
G11000109800001179,110019800001179,G11000100062021239,110010062021239,0.2239416839,0.2239416839
G11000109800001179,110019800001179,G11000100062021240,110010062021240,0.0877282151,0.0877282151
G11000109800001179,110019800001179,G11000100062021241,110010062021241,0.0308343922,0.0308343922
G11000109800001179,110019800001179,G11000100062021242,110010062021242,0.154796139,0.154796139
G11000109800001179,110019800001179,G11000100062021243,110010062021243,0.0344457077,0.0344457077
G11000109800001179,110019800001179,G11000100062021244,110010062021244,0.2358367329,0.2358367329
G11000109800001179,110019800001179,G11000100062021245,110010062021245,0.0240843532,0.0240843532
G11000109800001180,110019800001180,G11000100062021242,110010062021242,1,1
G11000109800001181,110019800001181,G11000100062021223,110010062021223,1,1
G11000109800001182,110019800001182,G11000100062021063,110010062021063,1,1
G11000109800001183,110019800001183,G11000100062021060,110010062021060,1,1
G11000109800001184,110019800001184,G11000100062021063,110010062021063,1,1
G11000109800001185,110019800001185,G11000100062021249,110010062021249,1,1
G11000109800001186,110019800001186,G11000100062021046,110010062021046,1,1
G11000109800001187,110019800001187,G11000100062021045,110010062021045,1,1
G11000109800001188,110019800001188,G11000100062021252,110010062021252,1,1
G11000109800001189,110019800001189,G11000100062021251,110010062021251,1,1
G11000109800001190,110019800001190,G11000100062021242,110010062021242,1,1
G11000109800001191,110019800001191,G11000100062021167,110010062021167,0.0021977102,0.0021977102
G11000109800001191,110019800001191,G11000100062021250,110010062021250,0.9978022898,0.9978022898
G11000109800001192,110019800001192,G11000100062021164,110010062021164,1,1
G11000109800001193,110019800001193,G11000100062021020,110010062021020,1,1
G11000109800001194,110019800001194,G11000100062021168,110010062021168,1,1
G11000109800001195,110019800001195,G11000100062021140,110010062021140,0.3166696637,0.3166696637
G11000109800001195,110019800001195,G11000100062021141,110010062021141,0.6833303363,0.6833303363
G11000109800001196,110019800001196,G11000100062021165,110010062021165,1,1
G11000109800001197,110019800001197,G11000100062021165,110010062021165,1,1
